-4.00   -4.00   -20.00 
-3.92   -4.00   -24.71 
-3.84   -4.00   -28.93 
-3.76   -4.00   -32.67 
-3.68   -4.00   -35.96 
-3.60   -4.00   -38.83 
-3.52   -4.00   -41.30 
-3.43   -4.00   -43.39 
-3.35   -4.00   -45.11 
-3.27   -4.00   -46.51 
-3.19   -4.00   -47.59 
-3.11   -4.00   -48.37 
-3.03   -4.00   -48.88 
-2.95   -4.00   -49.13 
-2.87   -4.00   -49.15 
-2.79   -4.00   -48.94 
-2.71   -4.00   -48.54 
-2.63   -4.00   -47.96 
-2.55   -4.00   -47.21 
-2.46   -4.00   -46.31 
-2.38   -4.00   -45.27 
-2.30   -4.00   -44.12 
-2.22   -4.00   -42.87 
-2.14   -4.00   -41.52 
-2.06   -4.00   -40.11 
-1.98   -4.00   -38.62 
-1.90   -4.00   -37.09 
-1.82   -4.00   -35.53 
-1.74   -4.00   -33.94 
-1.66   -4.00   -32.33 
-1.58   -4.00   -30.72 
-1.49   -4.00   -29.12 
-1.41   -4.00   -27.53 
-1.33   -4.00   -25.98 
-1.25   -4.00   -24.45 
-1.17   -4.00   -22.97 
-1.09   -4.00   -21.54 
-1.01   -4.00   -20.17 
-0.93   -4.00   -18.86 
-0.85   -4.00   -17.62 
-0.77   -4.00   -16.46 
-0.69   -4.00   -15.38 
-0.61   -4.00   -14.39 
-0.53   -4.00   -13.48 
-0.44   -4.00   -12.67 
-0.36   -4.00   -11.96 
-0.28   -4.00   -11.34 
-0.20   -4.00   -10.83 
-0.12   -4.00   -10.42 
-0.04   -4.00   -10.11 
0.04    -4.00   -9.91  
0.12    -4.00   -9.81  
0.20    -4.00   -9.82  
0.28    -4.00   -9.93  
0.36    -4.00   -10.14 
0.44    -4.00   -10.45 
0.53    -4.00   -10.86 
0.61    -4.00   -11.36 
0.69    -4.00   -11.95 
0.77    -4.00   -12.62 
0.85    -4.00   -13.38 
0.93    -4.00   -14.21 
1.01    -4.00   -15.12 
1.09    -4.00   -16.09 
1.17    -4.00   -17.11 
1.25    -4.00   -18.19 
1.33    -4.00   -19.31 
1.41    -4.00   -20.46 
1.49    -4.00   -21.64 
1.58    -4.00   -22.84 
1.66    -4.00   -24.05 
1.74    -4.00   -25.25 
1.82    -4.00   -26.44 
1.90    -4.00   -27.60 
1.98    -4.00   -28.73 
2.06    -4.00   -29.80 
2.14    -4.00   -30.82 
2.22    -4.00   -31.76 
2.30    -4.00   -32.61 
2.38    -4.00   -33.36 
2.46    -4.00   -33.98 
2.55    -4.00   -34.48 
2.63    -4.00   -34.83 
2.71    -4.00   -35.01 
2.79    -4.00   -35.00 
2.87    -4.00   -34.80 
2.95    -4.00   -34.38 
3.03    -4.00   -33.72 
3.11    -4.00   -32.81 
3.19    -4.00   -31.63 
3.27    -4.00   -30.14 
3.35    -4.00   -28.35 
3.43    -4.00   -26.21 
3.52    -4.00   -23.72 
3.60    -4.00   -20.85 
3.68    -4.00   -17.58 
3.76    -4.00   -13.88 
3.84    -4.00   -9.74  
3.92    -4.00   -5.12  
4.00    -4.00   0.00   
-4.00   -3.92   -24.71 
-3.92   -3.92   -29.43 
-3.84   -3.92   -33.64 
-3.76   -3.92   -37.38 
-3.68   -3.92   -40.68 
-3.60   -3.92   -43.55 
-3.52   -3.92   -46.01 
-3.43   -3.92   -48.10 
-3.35   -3.92   -49.83 
-3.27   -3.92   -51.22 
-3.19   -3.92   -52.30 
-3.11   -3.92   -53.08 
-3.03   -3.92   -53.59 
-2.95   -3.92   -53.84 
-2.87   -3.92   -53.86 
-2.79   -3.92   -53.66 
-2.71   -3.92   -53.25 
-2.63   -3.92   -52.67 
-2.55   -3.92   -51.92 
-2.46   -3.92   -51.02 
-2.38   -3.92   -49.99 
-2.30   -3.92   -48.84 
-2.22   -3.92   -47.58 
-2.14   -3.92   -46.24 
-2.06   -3.92   -44.82 
-1.98   -3.92   -43.34 
-1.90   -3.92   -41.81 
-1.82   -3.92   -40.24 
-1.74   -3.92   -38.65 
-1.66   -3.92   -37.04 
-1.58   -3.92   -35.43 
-1.49   -3.92   -33.83 
-1.41   -3.92   -32.25 
-1.33   -3.92   -30.69 
-1.25   -3.92   -29.16 
-1.17   -3.92   -27.68 
-1.09   -3.92   -26.25 
-1.01   -3.92   -24.88 
-0.93   -3.92   -23.57 
-0.85   -3.92   -22.33 
-0.77   -3.92   -21.17 
-0.69   -3.92   -20.09 
-0.61   -3.92   -19.10 
-0.53   -3.92   -18.19 
-0.44   -3.92   -17.38 
-0.36   -3.92   -16.67 
-0.28   -3.92   -16.06 
-0.20   -3.92   -15.54 
-0.12   -3.92   -15.13 
-0.04   -3.92   -14.83 
0.04    -3.92   -14.62 
0.12    -3.92   -14.53 
0.20    -3.92   -14.53 
0.28    -3.92   -14.64 
0.36    -3.92   -14.85 
0.44    -3.92   -15.16 
0.53    -3.92   -15.57 
0.61    -3.92   -16.07 
0.69    -3.92   -16.66 
0.77    -3.92   -17.33 
0.85    -3.92   -18.09 
0.93    -3.92   -18.93 
1.01    -3.92   -19.83 
1.09    -3.92   -20.80 
1.17    -3.92   -21.82 
1.25    -3.92   -22.90 
1.33    -3.92   -24.02 
1.41    -3.92   -25.18 
1.49    -3.92   -26.36 
1.58    -3.92   -27.55 
1.66    -3.92   -28.76 
1.74    -3.92   -29.96 
1.82    -3.92   -31.15 
1.90    -3.92   -32.31 
1.98    -3.92   -33.44 
2.06    -3.92   -34.52 
2.14    -3.92   -35.53 
2.22    -3.92   -36.47 
2.30    -3.92   -37.32 
2.38    -3.92   -38.07 
2.46    -3.92   -38.70 
2.55    -3.92   -39.19 
2.63    -3.92   -39.54 
2.71    -3.92   -39.72 
2.79    -3.92   -39.72 
2.87    -3.92   -39.51 
2.95    -3.92   -39.09 
3.03    -3.92   -38.44 
3.11    -3.92   -37.53 
3.19    -3.92   -36.34 
3.27    -3.92   -34.86 
3.35    -3.92   -33.06 
3.43    -3.92   -30.93 
3.52    -3.92   -28.44 
3.60    -3.92   -25.57 
3.68    -3.92   -22.29 
3.76    -3.92   -18.60 
3.84    -3.92   -14.45 
3.92    -3.92   -9.83  
4.00    -3.92   -4.71  
-4.00   -3.84   -28.93 
-3.92   -3.84   -33.64 
-3.84   -3.84   -37.86 
-3.76   -3.84   -41.60 
-3.68   -3.84   -44.89 
-3.60   -3.84   -47.76 
-3.52   -3.84   -50.23 
-3.43   -3.84   -52.31 
-3.35   -3.84   -54.04 
-3.27   -3.84   -55.44 
-3.19   -3.84   -56.51 
-3.11   -3.84   -57.30 
-3.03   -3.84   -57.80 
-2.95   -3.84   -58.06 
-2.87   -3.84   -58.07 
-2.79   -3.84   -57.87 
-2.71   -3.84   -57.47 
-2.63   -3.84   -56.89 
-2.55   -3.84   -56.14 
-2.46   -3.84   -55.24 
-2.38   -3.84   -54.20 
-2.30   -3.84   -53.05 
-2.22   -3.84   -51.80 
-2.14   -3.84   -50.45 
-2.06   -3.84   -49.03 
-1.98   -3.84   -47.55 
-1.90   -3.84   -46.02 
-1.82   -3.84   -44.46 
-1.74   -3.84   -42.86 
-1.66   -3.84   -41.26 
-1.58   -3.84   -39.65 
-1.49   -3.84   -38.05 
-1.41   -3.84   -36.46 
-1.33   -3.84   -34.90 
-1.25   -3.84   -33.38 
-1.17   -3.84   -31.90 
-1.09   -3.84   -30.47 
-1.01   -3.84   -29.10 
-0.93   -3.84   -27.79 
-0.85   -3.84   -26.55 
-0.77   -3.84   -25.39 
-0.69   -3.84   -24.31 
-0.61   -3.84   -23.31 
-0.53   -3.84   -22.41 
-0.44   -3.84   -21.60 
-0.36   -3.84   -20.89 
-0.28   -3.84   -20.27 
-0.20   -3.84   -19.76 
-0.12   -3.84   -19.35 
-0.04   -3.84   -19.04 
0.04    -3.84   -18.84 
0.12    -3.84   -18.74 
0.20    -3.84   -18.75 
0.28    -3.84   -18.86 
0.36    -3.84   -19.07 
0.44    -3.84   -19.38 
0.53    -3.84   -19.78 
0.61    -3.84   -20.28 
0.69    -3.84   -20.87 
0.77    -3.84   -21.55 
0.85    -3.84   -22.31 
0.93    -3.84   -23.14 
1.01    -3.84   -24.04 
1.09    -3.84   -25.01 
1.17    -3.84   -26.04 
1.25    -3.84   -27.12 
1.33    -3.84   -28.24 
1.41    -3.84   -29.39 
1.49    -3.84   -30.57 
1.58    -3.84   -31.77 
1.66    -3.84   -32.97 
1.74    -3.84   -34.18 
1.82    -3.84   -35.36 
1.90    -3.84   -36.53 
1.98    -3.84   -37.65 
2.06    -3.84   -38.73 
2.14    -3.84   -39.75 
2.22    -3.84   -40.69 
2.30    -3.84   -41.54 
2.38    -3.84   -42.28 
2.46    -3.84   -42.91 
2.55    -3.84   -43.41 
2.63    -3.84   -43.75 
2.71    -3.84   -43.93 
2.79    -3.84   -43.93 
2.87    -3.84   -43.73 
2.95    -3.84   -43.31 
3.03    -3.84   -42.65 
3.11    -3.84   -41.74 
3.19    -3.84   -40.55 
3.27    -3.84   -39.07 
3.35    -3.84   -37.28 
3.43    -3.84   -35.14 
3.52    -3.84   -32.65 
3.60    -3.84   -29.78 
3.68    -3.84   -26.51 
3.76    -3.84   -22.81 
3.84    -3.84   -18.66 
3.92    -3.84   -14.04 
4.00    -3.84   -8.93  
-4.00   -3.76   -32.67 
-3.92   -3.76   -37.38 
-3.84   -3.76   -41.60 
-3.76   -3.76   -45.34 
-3.68   -3.76   -48.63 
-3.60   -3.76   -51.50 
-3.52   -3.76   -53.97 
-3.43   -3.76   -56.06 
-3.35   -3.76   -57.79 
-3.27   -3.76   -59.18 
-3.19   -3.76   -60.26 
-3.11   -3.76   -61.04 
-3.03   -3.76   -61.55 
-2.95   -3.76   -61.80 
-2.87   -3.76   -61.82 
-2.79   -3.76   -61.61 
-2.71   -3.76   -61.21 
-2.63   -3.76   -60.63 
-2.55   -3.76   -59.88 
-2.46   -3.76   -58.98 
-2.38   -3.76   -57.95 
-2.30   -3.76   -56.79 
-2.22   -3.76   -55.54 
-2.14   -3.76   -54.20 
-2.06   -3.76   -52.78 
-1.98   -3.76   -51.30 
-1.90   -3.76   -49.77 
-1.82   -3.76   -48.20 
-1.74   -3.76   -46.61 
-1.66   -3.76   -45.00 
-1.58   -3.76   -43.39 
-1.49   -3.76   -41.79 
-1.41   -3.76   -40.20 
-1.33   -3.76   -38.65 
-1.25   -3.76   -37.12 
-1.17   -3.76   -35.64 
-1.09   -3.76   -34.21 
-1.01   -3.76   -32.84 
-0.93   -3.76   -31.53 
-0.85   -3.76   -30.29 
-0.77   -3.76   -29.13 
-0.69   -3.76   -28.05 
-0.61   -3.76   -27.06 
-0.53   -3.76   -26.15 
-0.44   -3.76   -25.34 
-0.36   -3.76   -24.63 
-0.28   -3.76   -24.01 
-0.20   -3.76   -23.50 
-0.12   -3.76   -23.09 
-0.04   -3.76   -22.78 
0.04    -3.76   -22.58 
0.12    -3.76   -22.48 
0.20    -3.76   -22.49 
0.28    -3.76   -22.60 
0.36    -3.76   -22.81 
0.44    -3.76   -23.12 
0.53    -3.76   -23.53 
0.61    -3.76   -24.03 
0.69    -3.76   -24.62 
0.77    -3.76   -25.29 
0.85    -3.76   -26.05 
0.93    -3.76   -26.88 
1.01    -3.76   -27.79 
1.09    -3.76   -28.76 
1.17    -3.76   -29.78 
1.25    -3.76   -30.86 
1.33    -3.76   -31.98 
1.41    -3.76   -33.13 
1.49    -3.76   -34.31 
1.58    -3.76   -35.51 
1.66    -3.76   -36.72 
1.74    -3.76   -37.92 
1.82    -3.76   -39.11 
1.90    -3.76   -40.27 
1.98    -3.76   -41.40 
2.06    -3.76   -42.47 
2.14    -3.76   -43.49 
2.22    -3.76   -44.43 
2.30    -3.76   -45.28 
2.38    -3.76   -46.03 
2.46    -3.76   -46.66 
2.55    -3.76   -47.15 
2.63    -3.76   -47.50 
2.71    -3.76   -47.68 
2.79    -3.76   -47.67 
2.87    -3.76   -47.47 
2.95    -3.76   -47.05 
3.03    -3.76   -46.40 
3.11    -3.76   -45.48 
3.19    -3.76   -44.30 
3.27    -3.76   -42.81 
3.35    -3.76   -41.02 
3.43    -3.76   -38.88 
3.52    -3.76   -36.39 
3.60    -3.76   -33.52 
3.68    -3.76   -30.25 
3.76    -3.76   -26.55 
3.84    -3.76   -22.41 
3.92    -3.76   -17.79 
4.00    -3.76   -12.67 
-4.00   -3.68   -35.96 
-3.92   -3.68   -40.68 
-3.84   -3.68   -44.89 
-3.76   -3.68   -48.63 
-3.68   -3.68   -51.93 
-3.60   -3.68   -54.80 
-3.52   -3.68   -57.26 
-3.43   -3.68   -59.35 
-3.35   -3.68   -61.08 
-3.27   -3.68   -62.47 
-3.19   -3.68   -63.55 
-3.11   -3.68   -64.33 
-3.03   -3.68   -64.84 
-2.95   -3.68   -65.09 
-2.87   -3.68   -65.11 
-2.79   -3.68   -64.91 
-2.71   -3.68   -64.51 
-2.63   -3.68   -63.92 
-2.55   -3.68   -63.17 
-2.46   -3.68   -62.27 
-2.38   -3.68   -61.24 
-2.30   -3.68   -60.09 
-2.22   -3.68   -58.83 
-2.14   -3.68   -57.49 
-2.06   -3.68   -56.07 
-1.98   -3.68   -54.59 
-1.90   -3.68   -53.06 
-1.82   -3.68   -51.49 
-1.74   -3.68   -49.90 
-1.66   -3.68   -48.29 
-1.58   -3.68   -46.69 
-1.49   -3.68   -45.08 
-1.41   -3.68   -43.50 
-1.33   -3.68   -41.94 
-1.25   -3.68   -40.42 
-1.17   -3.68   -38.93 
-1.09   -3.68   -37.50 
-1.01   -3.68   -36.13 
-0.93   -3.68   -34.82 
-0.85   -3.68   -33.59 
-0.77   -3.68   -32.42 
-0.69   -3.68   -31.34 
-0.61   -3.68   -30.35 
-0.53   -3.68   -29.45 
-0.44   -3.68   -28.64 
-0.36   -3.68   -27.92 
-0.28   -3.68   -27.31 
-0.20   -3.68   -26.80 
-0.12   -3.68   -26.38 
-0.04   -3.68   -26.08 
0.04    -3.68   -25.88 
0.12    -3.68   -25.78 
0.20    -3.68   -25.78 
0.28    -3.68   -25.89 
0.36    -3.68   -26.10 
0.44    -3.68   -26.41 
0.53    -3.68   -26.82 
0.61    -3.68   -27.32 
0.69    -3.68   -27.91 
0.77    -3.68   -28.59 
0.85    -3.68   -29.34 
0.93    -3.68   -30.18 
1.01    -3.68   -31.08 
1.09    -3.68   -32.05 
1.17    -3.68   -33.08 
1.25    -3.68   -34.15 
1.33    -3.68   -35.27 
1.41    -3.68   -36.43 
1.49    -3.68   -37.61 
1.58    -3.68   -38.81 
1.66    -3.68   -40.01 
1.74    -3.68   -41.21 
1.82    -3.68   -42.40 
1.90    -3.68   -43.56 
1.98    -3.68   -44.69 
2.06    -3.68   -45.77 
2.14    -3.68   -46.78 
2.22    -3.68   -47.72 
2.30    -3.68   -48.57 
2.38    -3.68   -49.32 
2.46    -3.68   -49.95 
2.55    -3.68   -50.44 
2.63    -3.68   -50.79 
2.71    -3.68   -50.97 
2.79    -3.68   -50.97 
2.87    -3.68   -50.77 
2.95    -3.68   -50.35 
3.03    -3.68   -49.69 
3.11    -3.68   -48.78 
3.19    -3.68   -47.59 
3.27    -3.68   -46.11 
3.35    -3.68   -44.31 
3.43    -3.68   -42.18 
3.52    -3.68   -39.69 
3.60    -3.68   -36.82 
3.68    -3.68   -33.54 
3.76    -3.68   -29.85 
3.84    -3.68   -25.70 
3.92    -3.68   -21.08 
4.00    -3.68   -15.96 
-4.00   -3.60   -38.83 
-3.92   -3.60   -43.55 
-3.84   -3.60   -47.76 
-3.76   -3.60   -51.50 
-3.68   -3.60   -54.80 
-3.60   -3.60   -57.67 
-3.52   -3.60   -60.13 
-3.43   -3.60   -62.22 
-3.35   -3.60   -63.95 
-3.27   -3.60   -65.34 
-3.19   -3.60   -66.42 
-3.11   -3.60   -67.20 
-3.03   -3.60   -67.71 
-2.95   -3.60   -67.96 
-2.87   -3.60   -67.98 
-2.79   -3.60   -67.78 
-2.71   -3.60   -67.37 
-2.63   -3.60   -66.79 
-2.55   -3.60   -66.04 
-2.46   -3.60   -65.14 
-2.38   -3.60   -64.11 
-2.30   -3.60   -62.96 
-2.22   -3.60   -61.70 
-2.14   -3.60   -60.36 
-2.06   -3.60   -58.94 
-1.98   -3.60   -57.46 
-1.90   -3.60   -55.93 
-1.82   -3.60   -54.36 
-1.74   -3.60   -52.77 
-1.66   -3.60   -51.16 
-1.58   -3.60   -49.55 
-1.49   -3.60   -47.95 
-1.41   -3.60   -46.37 
-1.33   -3.60   -44.81 
-1.25   -3.60   -43.28 
-1.17   -3.60   -41.80 
-1.09   -3.60   -40.37 
-1.01   -3.60   -39.00 
-0.93   -3.60   -37.69 
-0.85   -3.60   -36.45 
-0.77   -3.60   -35.29 
-0.69   -3.60   -34.21 
-0.61   -3.60   -33.22 
-0.53   -3.60   -32.32 
-0.44   -3.60   -31.50 
-0.36   -3.60   -30.79 
-0.28   -3.60   -30.18 
-0.20   -3.60   -29.66 
-0.12   -3.60   -29.25 
-0.04   -3.60   -28.95 
0.04    -3.60   -28.74 
0.12    -3.60   -28.65 
0.20    -3.60   -28.65 
0.28    -3.60   -28.76 
0.36    -3.60   -28.97 
0.44    -3.60   -29.28 
0.53    -3.60   -29.69 
0.61    -3.60   -30.19 
0.69    -3.60   -30.78 
0.77    -3.60   -31.45 
0.85    -3.60   -32.21 
0.93    -3.60   -33.05 
1.01    -3.60   -33.95 
1.09    -3.60   -34.92 
1.17    -3.60   -35.94 
1.25    -3.60   -37.02 
1.33    -3.60   -38.14 
1.41    -3.60   -39.30 
1.49    -3.60   -40.48 
1.58    -3.60   -41.67 
1.66    -3.60   -42.88 
1.74    -3.60   -44.08 
1.82    -3.60   -45.27 
1.90    -3.60   -46.43 
1.98    -3.60   -47.56 
2.06    -3.60   -48.64 
2.14    -3.60   -49.65 
2.22    -3.60   -50.59 
2.30    -3.60   -51.44 
2.38    -3.60   -52.19 
2.46    -3.60   -52.82 
2.55    -3.60   -53.31 
2.63    -3.60   -53.66 
2.71    -3.60   -53.84 
2.79    -3.60   -53.84 
2.87    -3.60   -53.63 
2.95    -3.60   -53.21 
3.03    -3.60   -52.56 
3.11    -3.60   -51.65 
3.19    -3.60   -50.46 
3.27    -3.60   -48.98 
3.35    -3.60   -47.18 
3.43    -3.60   -45.05 
3.52    -3.60   -42.56 
3.60    -3.60   -39.69 
3.68    -3.60   -36.41 
3.76    -3.60   -32.72 
3.84    -3.60   -28.57 
3.92    -3.60   -23.95 
4.00    -3.60   -18.83 
-4.00   -3.52   -41.30 
-3.92   -3.52   -46.01 
-3.84   -3.52   -50.23 
-3.76   -3.52   -53.97 
-3.68   -3.52   -57.26 
-3.60   -3.52   -60.13 
-3.52   -3.52   -62.60 
-3.43   -3.52   -64.69 
-3.35   -3.52   -66.41 
-3.27   -3.52   -67.81 
-3.19   -3.52   -68.88 
-3.11   -3.52   -69.67 
-3.03   -3.52   -70.18 
-2.95   -3.52   -70.43 
-2.87   -3.52   -70.44 
-2.79   -3.52   -70.24 
-2.71   -3.52   -69.84 
-2.63   -3.52   -69.26 
-2.55   -3.52   -68.51 
-2.46   -3.52   -67.61 
-2.38   -3.52   -66.57 
-2.30   -3.52   -65.42 
-2.22   -3.52   -64.17 
-2.14   -3.52   -62.82 
-2.06   -3.52   -61.40 
-1.98   -3.52   -59.92 
-1.90   -3.52   -58.39 
-1.82   -3.52   -56.83 
-1.74   -3.52   -55.23 
-1.66   -3.52   -53.63 
-1.58   -3.52   -52.02 
-1.49   -3.52   -50.42 
-1.41   -3.52   -48.83 
-1.33   -3.52   -47.27 
-1.25   -3.52   -45.75 
-1.17   -3.52   -44.27 
-1.09   -3.52   -42.84 
-1.01   -3.52   -41.47 
-0.93   -3.52   -40.16 
-0.85   -3.52   -38.92 
-0.77   -3.52   -37.76 
-0.69   -3.52   -36.68 
-0.61   -3.52   -35.69 
-0.53   -3.52   -34.78 
-0.44   -3.52   -33.97 
-0.36   -3.52   -33.26 
-0.28   -3.52   -32.64 
-0.20   -3.52   -32.13 
-0.12   -3.52   -31.72 
-0.04   -3.52   -31.41 
0.04    -3.52   -31.21 
0.12    -3.52   -31.11 
0.20    -3.52   -31.12 
0.28    -3.52   -31.23 
0.36    -3.52   -31.44 
0.44    -3.52   -31.75 
0.53    -3.52   -32.16 
0.61    -3.52   -32.66 
0.69    -3.52   -33.25 
0.77    -3.52   -33.92 
0.85    -3.52   -34.68 
0.93    -3.52   -35.51 
1.01    -3.52   -36.42 
1.09    -3.52   -37.38 
1.17    -3.52   -38.41 
1.25    -3.52   -39.49 
1.33    -3.52   -40.61 
1.41    -3.52   -41.76 
1.49    -3.52   -42.94 
1.58    -3.52   -44.14 
1.66    -3.52   -45.35 
1.74    -3.52   -46.55 
1.82    -3.52   -47.74 
1.90    -3.52   -48.90 
1.98    -3.52   -50.02 
2.06    -3.52   -51.10 
2.14    -3.52   -52.12 
2.22    -3.52   -53.06 
2.30    -3.52   -53.91 
2.38    -3.52   -54.65 
2.46    -3.52   -55.28 
2.55    -3.52   -55.78 
2.63    -3.52   -56.13 
2.71    -3.52   -56.31 
2.79    -3.52   -56.30 
2.87    -3.52   -56.10 
2.95    -3.52   -55.68 
3.03    -3.52   -55.02 
3.11    -3.52   -54.11 
3.19    -3.52   -52.93 
3.27    -3.52   -51.44 
3.35    -3.52   -49.65 
3.43    -3.52   -47.51 
3.52    -3.52   -45.02 
3.60    -3.52   -42.15 
3.68    -3.52   -38.88 
3.76    -3.52   -35.18 
3.84    -3.52   -31.04 
3.92    -3.52   -26.42 
4.00    -3.52   -21.30 
-4.00   -3.43   -43.39 
-3.92   -3.43   -48.10 
-3.84   -3.43   -52.31 
-3.76   -3.43   -56.06 
-3.68   -3.43   -59.35 
-3.60   -3.43   -62.22 
-3.52   -3.43   -64.69 
-3.43   -3.43   -66.77 
-3.35   -3.43   -68.50 
-3.27   -3.43   -69.89 
-3.19   -3.43   -70.97 
-3.11   -3.43   -71.75 
-3.03   -3.43   -72.26 
-2.95   -3.43   -72.51 
-2.87   -3.43   -72.53 
-2.79   -3.43   -72.33 
-2.71   -3.43   -71.93 
-2.63   -3.43   -71.34 
-2.55   -3.43   -70.59 
-2.46   -3.43   -69.69 
-2.38   -3.43   -68.66 
-2.30   -3.43   -67.51 
-2.22   -3.43   -66.25 
-2.14   -3.43   -64.91 
-2.06   -3.43   -63.49 
-1.98   -3.43   -62.01 
-1.90   -3.43   -60.48 
-1.82   -3.43   -58.91 
-1.74   -3.43   -57.32 
-1.66   -3.43   -55.72 
-1.58   -3.43   -54.11 
-1.49   -3.43   -52.50 
-1.41   -3.43   -50.92 
-1.33   -3.43   -49.36 
-1.25   -3.43   -47.84 
-1.17   -3.43   -46.36 
-1.09   -3.43   -44.93 
-1.01   -3.43   -43.55 
-0.93   -3.43   -42.24 
-0.85   -3.43   -41.01 
-0.77   -3.43   -39.85 
-0.69   -3.43   -38.77 
-0.61   -3.43   -37.77 
-0.53   -3.43   -36.87 
-0.44   -3.43   -36.06 
-0.36   -3.43   -35.34 
-0.28   -3.43   -34.73 
-0.20   -3.43   -34.22 
-0.12   -3.43   -33.81 
-0.04   -3.43   -33.50 
0.04    -3.43   -33.30 
0.12    -3.43   -33.20 
0.20    -3.43   -33.21 
0.28    -3.43   -33.32 
0.36    -3.43   -33.53 
0.44    -3.43   -33.84 
0.53    -3.43   -34.24 
0.61    -3.43   -34.74 
0.69    -3.43   -35.33 
0.77    -3.43   -36.01 
0.85    -3.43   -36.76 
0.93    -3.43   -37.60 
1.01    -3.43   -38.50 
1.09    -3.43   -39.47 
1.17    -3.43   -40.50 
1.25    -3.43   -41.57 
1.33    -3.43   -42.69 
1.41    -3.43   -43.85 
1.49    -3.43   -45.03 
1.58    -3.43   -46.23 
1.66    -3.43   -47.43 
1.74    -3.43   -48.63 
1.82    -3.43   -49.82 
1.90    -3.43   -50.99 
1.98    -3.43   -52.11 
2.06    -3.43   -53.19 
2.14    -3.43   -54.20 
2.22    -3.43   -55.14 
2.30    -3.43   -55.99 
2.38    -3.43   -56.74 
2.46    -3.43   -57.37 
2.55    -3.43   -57.87 
2.63    -3.43   -58.21 
2.71    -3.43   -58.39 
2.79    -3.43   -58.39 
2.87    -3.43   -58.19 
2.95    -3.43   -57.77 
3.03    -3.43   -57.11 
3.11    -3.43   -56.20 
3.19    -3.43   -55.01 
3.27    -3.43   -53.53 
3.35    -3.43   -51.73 
3.43    -3.43   -49.60 
3.52    -3.43   -47.11 
3.60    -3.43   -44.24 
3.68    -3.43   -40.97 
3.76    -3.43   -37.27 
3.84    -3.43   -33.12 
3.92    -3.43   -28.50 
4.00    -3.43   -23.39 
-4.00   -3.35   -45.11 
-3.92   -3.35   -49.83 
-3.84   -3.35   -54.04 
-3.76   -3.35   -57.79 
-3.68   -3.35   -61.08 
-3.60   -3.35   -63.95 
-3.52   -3.35   -66.41 
-3.43   -3.35   -68.50 
-3.35   -3.35   -70.23 
-3.27   -3.35   -71.62 
-3.19   -3.35   -72.70 
-3.11   -3.35   -73.48 
-3.03   -3.35   -73.99 
-2.95   -3.35   -74.24 
-2.87   -3.35   -74.26 
-2.79   -3.35   -74.06 
-2.71   -3.35   -73.66 
-2.63   -3.35   -73.07 
-2.55   -3.35   -72.32 
-2.46   -3.35   -71.42 
-2.38   -3.35   -70.39 
-2.30   -3.35   -69.24 
-2.22   -3.35   -67.98 
-2.14   -3.35   -66.64 
-2.06   -3.35   -65.22 
-1.98   -3.35   -63.74 
-1.90   -3.35   -62.21 
-1.82   -3.35   -60.64 
-1.74   -3.35   -59.05 
-1.66   -3.35   -57.44 
-1.58   -3.35   -55.84 
-1.49   -3.35   -54.23 
-1.41   -3.35   -52.65 
-1.33   -3.35   -51.09 
-1.25   -3.35   -49.57 
-1.17   -3.35   -48.09 
-1.09   -3.35   -46.65 
-1.01   -3.35   -45.28 
-0.93   -3.35   -43.97 
-0.85   -3.35   -42.74 
-0.77   -3.35   -41.58 
-0.69   -3.35   -40.50 
-0.61   -3.35   -39.50 
-0.53   -3.35   -38.60 
-0.44   -3.35   -37.79 
-0.36   -3.35   -37.07 
-0.28   -3.35   -36.46 
-0.20   -3.35   -35.95 
-0.12   -3.35   -35.54 
-0.04   -3.35   -35.23 
0.04    -3.35   -35.03 
0.12    -3.35   -34.93 
0.20    -3.35   -34.94 
0.28    -3.35   -35.04 
0.36    -3.35   -35.25 
0.44    -3.35   -35.56 
0.53    -3.35   -35.97 
0.61    -3.35   -36.47 
0.69    -3.35   -37.06 
0.77    -3.35   -37.74 
0.85    -3.35   -38.49 
0.93    -3.35   -39.33 
1.01    -3.35   -40.23 
1.09    -3.35   -41.20 
1.17    -3.35   -42.23 
1.25    -3.35   -43.30 
1.33    -3.35   -44.42 
1.41    -3.35   -45.58 
1.49    -3.35   -46.76 
1.58    -3.35   -47.96 
1.66    -3.35   -49.16 
1.74    -3.35   -50.36 
1.82    -3.35   -51.55 
1.90    -3.35   -52.71 
1.98    -3.35   -53.84 
2.06    -3.35   -54.92 
2.14    -3.35   -55.93 
2.22    -3.35   -56.87 
2.30    -3.35   -57.72 
2.38    -3.35   -58.47 
2.46    -3.35   -59.10 
2.55    -3.35   -59.60 
2.63    -3.35   -59.94 
2.71    -3.35   -60.12 
2.79    -3.35   -60.12 
2.87    -3.35   -59.92 
2.95    -3.35   -59.50 
3.03    -3.35   -58.84 
3.11    -3.35   -57.93 
3.19    -3.35   -56.74 
3.27    -3.35   -55.26 
3.35    -3.35   -53.46 
3.43    -3.35   -51.33 
3.52    -3.35   -48.84 
3.60    -3.35   -45.97 
3.68    -3.35   -42.70 
3.76    -3.35   -39.00 
3.84    -3.35   -34.85 
3.92    -3.35   -30.23 
4.00    -3.35   -25.11 
-4.00   -3.27   -46.51 
-3.92   -3.27   -51.22 
-3.84   -3.27   -55.44 
-3.76   -3.27   -59.18 
-3.68   -3.27   -62.47 
-3.60   -3.27   -65.34 
-3.52   -3.27   -67.81 
-3.43   -3.27   -69.89 
-3.35   -3.27   -71.62 
-3.27   -3.27   -73.02 
-3.19   -3.27   -74.09 
-3.11   -3.27   -74.88 
-3.03   -3.27   -75.38 
-2.95   -3.27   -75.64 
-2.87   -3.27   -75.65 
-2.79   -3.27   -75.45 
-2.71   -3.27   -75.05 
-2.63   -3.27   -74.47 
-2.55   -3.27   -73.72 
-2.46   -3.27   -72.82 
-2.38   -3.27   -71.78 
-2.30   -3.27   -70.63 
-2.22   -3.27   -69.38 
-2.14   -3.27   -68.03 
-2.06   -3.27   -66.61 
-1.98   -3.27   -65.13 
-1.90   -3.27   -63.60 
-1.82   -3.27   -62.04 
-1.74   -3.27   -60.44 
-1.66   -3.27   -58.84 
-1.58   -3.27   -57.23 
-1.49   -3.27   -55.63 
-1.41   -3.27   -54.04 
-1.33   -3.27   -52.48 
-1.25   -3.27   -50.96 
-1.17   -3.27   -49.48 
-1.09   -3.27   -48.05 
-1.01   -3.27   -46.67 
-0.93   -3.27   -45.37 
-0.85   -3.27   -44.13 
-0.77   -3.27   -42.97 
-0.69   -3.27   -41.89 
-0.61   -3.27   -40.89 
-0.53   -3.27   -39.99 
-0.44   -3.27   -39.18 
-0.36   -3.27   -38.47 
-0.28   -3.27   -37.85 
-0.20   -3.27   -37.34 
-0.12   -3.27   -36.93 
-0.04   -3.27   -36.62 
0.04    -3.27   -36.42 
0.12    -3.27   -36.32 
0.20    -3.27   -36.33 
0.28    -3.27   -36.44 
0.36    -3.27   -36.65 
0.44    -3.27   -36.96 
0.53    -3.27   -37.36 
0.61    -3.27   -37.86 
0.69    -3.27   -38.45 
0.77    -3.27   -39.13 
0.85    -3.27   -39.89 
0.93    -3.27   -40.72 
1.01    -3.27   -41.62 
1.09    -3.27   -42.59 
1.17    -3.27   -43.62 
1.25    -3.27   -44.70 
1.33    -3.27   -45.82 
1.41    -3.27   -46.97 
1.49    -3.27   -48.15 
1.58    -3.27   -49.35 
1.66    -3.27   -50.55 
1.74    -3.27   -51.76 
1.82    -3.27   -52.94 
1.90    -3.27   -54.11 
1.98    -3.27   -55.23 
2.06    -3.27   -56.31 
2.14    -3.27   -57.33 
2.22    -3.27   -58.27 
2.30    -3.27   -59.12 
2.38    -3.27   -59.86 
2.46    -3.27   -60.49 
2.55    -3.27   -60.99 
2.63    -3.27   -61.33 
2.71    -3.27   -61.51 
2.79    -3.27   -61.51 
2.87    -3.27   -61.31 
2.95    -3.27   -60.89 
3.03    -3.27   -60.23 
3.11    -3.27   -59.32 
3.19    -3.27   -58.13 
3.27    -3.27   -56.65 
3.35    -3.27   -54.86 
3.43    -3.27   -52.72 
3.52    -3.27   -50.23 
3.60    -3.27   -47.36 
3.68    -3.27   -44.09 
3.76    -3.27   -40.39 
3.84    -3.27   -36.24 
3.92    -3.27   -31.62 
4.00    -3.27   -26.51 
-4.00   -3.19   -47.59 
-3.92   -3.19   -52.30 
-3.84   -3.19   -56.51 
-3.76   -3.19   -60.26 
-3.68   -3.19   -63.55 
-3.60   -3.19   -66.42 
-3.52   -3.19   -68.88 
-3.43   -3.19   -70.97 
-3.35   -3.19   -72.70 
-3.27   -3.19   -74.09 
-3.19   -3.19   -75.17 
-3.11   -3.19   -75.95 
-3.03   -3.19   -76.46 
-2.95   -3.19   -76.71 
-2.87   -3.19   -76.73 
-2.79   -3.19   -76.53 
-2.71   -3.19   -76.13 
-2.63   -3.19   -75.54 
-2.55   -3.19   -74.79 
-2.46   -3.19   -73.89 
-2.38   -3.19   -72.86 
-2.30   -3.19   -71.71 
-2.22   -3.19   -70.45 
-2.14   -3.19   -69.11 
-2.06   -3.19   -67.69 
-1.98   -3.19   -66.21 
-1.90   -3.19   -64.68 
-1.82   -3.19   -63.11 
-1.74   -3.19   -61.52 
-1.66   -3.19   -59.92 
-1.58   -3.19   -58.31 
-1.49   -3.19   -56.70 
-1.41   -3.19   -55.12 
-1.33   -3.19   -53.56 
-1.25   -3.19   -52.04 
-1.17   -3.19   -50.56 
-1.09   -3.19   -49.13 
-1.01   -3.19   -47.75 
-0.93   -3.19   -46.44 
-0.85   -3.19   -45.21 
-0.77   -3.19   -44.05 
-0.69   -3.19   -42.97 
-0.61   -3.19   -41.97 
-0.53   -3.19   -41.07 
-0.44   -3.19   -40.26 
-0.36   -3.19   -39.54 
-0.28   -3.19   -38.93 
-0.20   -3.19   -38.42 
-0.12   -3.19   -38.01 
-0.04   -3.19   -37.70 
0.04    -3.19   -37.50 
0.12    -3.19   -37.40 
0.20    -3.19   -37.41 
0.28    -3.19   -37.52 
0.36    -3.19   -37.73 
0.44    -3.19   -38.03 
0.53    -3.19   -38.44 
0.61    -3.19   -38.94 
0.69    -3.19   -39.53 
0.77    -3.19   -40.21 
0.85    -3.19   -40.96 
0.93    -3.19   -41.80 
1.01    -3.19   -42.70 
1.09    -3.19   -43.67 
1.17    -3.19   -44.70 
1.25    -3.19   -45.77 
1.33    -3.19   -46.89 
1.41    -3.19   -48.05 
1.49    -3.19   -49.23 
1.58    -3.19   -50.43 
1.66    -3.19   -51.63 
1.74    -3.19   -52.83 
1.82    -3.19   -54.02 
1.90    -3.19   -55.18 
1.98    -3.19   -56.31 
2.06    -3.19   -57.39 
2.14    -3.19   -58.40 
2.22    -3.19   -59.34 
2.30    -3.19   -60.19 
2.38    -3.19   -60.94 
2.46    -3.19   -61.57 
2.55    -3.19   -62.07 
2.63    -3.19   -62.41 
2.71    -3.19   -62.59 
2.79    -3.19   -62.59 
2.87    -3.19   -62.39 
2.95    -3.19   -61.97 
3.03    -3.19   -61.31 
3.11    -3.19   -60.40 
3.19    -3.19   -59.21 
3.27    -3.19   -57.73 
3.35    -3.19   -55.93 
3.43    -3.19   -53.80 
3.52    -3.19   -51.31 
3.60    -3.19   -48.44 
3.68    -3.19   -45.17 
3.76    -3.19   -41.47 
3.84    -3.19   -37.32 
3.92    -3.19   -32.70 
4.00    -3.19   -27.59 
-4.00   -3.11   -48.37 
-3.92   -3.11   -53.08 
-3.84   -3.11   -57.30 
-3.76   -3.11   -61.04 
-3.68   -3.11   -64.33 
-3.60   -3.11   -67.20 
-3.52   -3.11   -69.67 
-3.43   -3.11   -71.75 
-3.35   -3.11   -73.48 
-3.27   -3.11   -74.88 
-3.19   -3.11   -75.95 
-3.11   -3.11   -76.74 
-3.03   -3.11   -77.24 
-2.95   -3.11   -77.50 
-2.87   -3.11   -77.51 
-2.79   -3.11   -77.31 
-2.71   -3.11   -76.91 
-2.63   -3.11   -76.33 
-2.55   -3.11   -75.58 
-2.46   -3.11   -74.68 
-2.38   -3.11   -73.64 
-2.30   -3.11   -72.49 
-2.22   -3.11   -71.24 
-2.14   -3.11   -69.89 
-2.06   -3.11   -68.47 
-1.98   -3.11   -66.99 
-1.90   -3.11   -65.46 
-1.82   -3.11   -63.90 
-1.74   -3.11   -62.30 
-1.66   -3.11   -60.70 
-1.58   -3.11   -59.09 
-1.49   -3.11   -57.49 
-1.41   -3.11   -55.90 
-1.33   -3.11   -54.34 
-1.25   -3.11   -52.82 
-1.17   -3.11   -51.34 
-1.09   -3.11   -49.91 
-1.01   -3.11   -48.54 
-0.93   -3.11   -47.23 
-0.85   -3.11   -45.99 
-0.77   -3.11   -44.83 
-0.69   -3.11   -43.75 
-0.61   -3.11   -42.75 
-0.53   -3.11   -41.85 
-0.44   -3.11   -41.04 
-0.36   -3.11   -40.33 
-0.28   -3.11   -39.71 
-0.20   -3.11   -39.20 
-0.12   -3.11   -38.79 
-0.04   -3.11   -38.48 
0.04    -3.11   -38.28 
0.12    -3.11   -38.18 
0.20    -3.11   -38.19 
0.28    -3.11   -38.30 
0.36    -3.11   -38.51 
0.44    -3.11   -38.82 
0.53    -3.11   -39.22 
0.61    -3.11   -39.72 
0.69    -3.11   -40.31 
0.77    -3.11   -40.99 
0.85    -3.11   -41.75 
0.93    -3.11   -42.58 
1.01    -3.11   -43.48 
1.09    -3.11   -44.45 
1.17    -3.11   -45.48 
1.25    -3.11   -46.56 
1.33    -3.11   -47.68 
1.41    -3.11   -48.83 
1.49    -3.11   -50.01 
1.58    -3.11   -51.21 
1.66    -3.11   -52.42 
1.74    -3.11   -53.62 
1.82    -3.11   -54.80 
1.90    -3.11   -55.97 
1.98    -3.11   -57.09 
2.06    -3.11   -58.17 
2.14    -3.11   -59.19 
2.22    -3.11   -60.13 
2.30    -3.11   -60.98 
2.38    -3.11   -61.72 
2.46    -3.11   -62.35 
2.55    -3.11   -62.85 
2.63    -3.11   -63.19 
2.71    -3.11   -63.37 
2.79    -3.11   -63.37 
2.87    -3.11   -63.17 
2.95    -3.11   -62.75 
3.03    -3.11   -62.09 
3.11    -3.11   -61.18 
3.19    -3.11   -59.99 
3.27    -3.11   -58.51 
3.35    -3.11   -56.72 
3.43    -3.11   -54.58 
3.52    -3.11   -52.09 
3.60    -3.11   -49.22 
3.68    -3.11   -45.95 
3.76    -3.11   -42.25 
3.84    -3.11   -38.10 
3.92    -3.11   -33.48 
4.00    -3.11   -28.37 
-4.00   -3.03   -48.88 
-3.92   -3.03   -53.59 
-3.84   -3.03   -57.80 
-3.76   -3.03   -61.55 
-3.68   -3.03   -64.84 
-3.60   -3.03   -67.71 
-3.52   -3.03   -70.18 
-3.43   -3.03   -72.26 
-3.35   -3.03   -73.99 
-3.27   -3.03   -75.38 
-3.19   -3.03   -76.46 
-3.11   -3.03   -77.24 
-3.03   -3.03   -77.75 
-2.95   -3.03   -78.01 
-2.87   -3.03   -78.02 
-2.79   -3.03   -77.82 
-2.71   -3.03   -77.42 
-2.63   -3.03   -76.83 
-2.55   -3.03   -76.08 
-2.46   -3.03   -75.18 
-2.38   -3.03   -74.15 
-2.30   -3.03   -73.00 
-2.22   -3.03   -71.74 
-2.14   -3.03   -70.40 
-2.06   -3.03   -68.98 
-1.98   -3.03   -67.50 
-1.90   -3.03   -65.97 
-1.82   -3.03   -64.40 
-1.74   -3.03   -62.81 
-1.66   -3.03   -61.21 
-1.58   -3.03   -59.60 
-1.49   -3.03   -58.00 
-1.41   -3.03   -56.41 
-1.33   -3.03   -54.85 
-1.25   -3.03   -53.33 
-1.17   -3.03   -51.85 
-1.09   -3.03   -50.42 
-1.01   -3.03   -49.04 
-0.93   -3.03   -47.74 
-0.85   -3.03   -46.50 
-0.77   -3.03   -45.34 
-0.69   -3.03   -44.26 
-0.61   -3.03   -43.26 
-0.53   -3.03   -42.36 
-0.44   -3.03   -41.55 
-0.36   -3.03   -40.83 
-0.28   -3.03   -40.22 
-0.20   -3.03   -39.71 
-0.12   -3.03   -39.30 
-0.04   -3.03   -38.99 
0.04    -3.03   -38.79 
0.12    -3.03   -38.69 
0.20    -3.03   -38.70 
0.28    -3.03   -38.81 
0.36    -3.03   -39.02 
0.44    -3.03   -39.33 
0.53    -3.03   -39.73 
0.61    -3.03   -40.23 
0.69    -3.03   -40.82 
0.77    -3.03   -41.50 
0.85    -3.03   -42.26 
0.93    -3.03   -43.09 
1.01    -3.03   -43.99 
1.09    -3.03   -44.96 
1.17    -3.03   -45.99 
1.25    -3.03   -47.06 
1.33    -3.03   -48.18 
1.41    -3.03   -49.34 
1.49    -3.03   -50.52 
1.58    -3.03   -51.72 
1.66    -3.03   -52.92 
1.74    -3.03   -54.13 
1.82    -3.03   -55.31 
1.90    -3.03   -56.48 
1.98    -3.03   -57.60 
2.06    -3.03   -58.68 
2.14    -3.03   -59.69 
2.22    -3.03   -60.63 
2.30    -3.03   -61.48 
2.38    -3.03   -62.23 
2.46    -3.03   -62.86 
2.55    -3.03   -63.36 
2.63    -3.03   -63.70 
2.71    -3.03   -63.88 
2.79    -3.03   -63.88 
2.87    -3.03   -63.68 
2.95    -3.03   -63.26 
3.03    -3.03   -62.60 
3.11    -3.03   -61.69 
3.19    -3.03   -60.50 
3.27    -3.03   -59.02 
3.35    -3.03   -57.22 
3.43    -3.03   -55.09 
3.52    -3.03   -52.60 
3.60    -3.03   -49.73 
3.68    -3.03   -46.46 
3.76    -3.03   -42.76 
3.84    -3.03   -38.61 
3.92    -3.03   -33.99 
4.00    -3.03   -28.88 
-4.00   -2.95   -49.13 
-3.92   -2.95   -53.84 
-3.84   -2.95   -58.06 
-3.76   -2.95   -61.80 
-3.68   -2.95   -65.09 
-3.60   -2.95   -67.96 
-3.52   -2.95   -70.43 
-3.43   -2.95   -72.51 
-3.35   -2.95   -74.24 
-3.27   -2.95   -75.64 
-3.19   -2.95   -76.71 
-3.11   -2.95   -77.50 
-3.03   -2.95   -78.01 
-2.95   -2.95   -78.26 
-2.87   -2.95   -78.27 
-2.79   -2.95   -78.07 
-2.71   -2.95   -77.67 
-2.63   -2.95   -77.09 
-2.55   -2.95   -76.34 
-2.46   -2.95   -75.44 
-2.38   -2.95   -74.40 
-2.30   -2.95   -73.25 
-2.22   -2.95   -72.00 
-2.14   -2.95   -70.65 
-2.06   -2.95   -69.23 
-1.98   -2.95   -67.75 
-1.90   -2.95   -66.22 
-1.82   -2.95   -64.66 
-1.74   -2.95   -63.06 
-1.66   -2.95   -61.46 
-1.58   -2.95   -59.85 
-1.49   -2.95   -58.25 
-1.41   -2.95   -56.66 
-1.33   -2.95   -55.10 
-1.25   -2.95   -53.58 
-1.17   -2.95   -52.10 
-1.09   -2.95   -50.67 
-1.01   -2.95   -49.30 
-0.93   -2.95   -47.99 
-0.85   -2.95   -46.75 
-0.77   -2.95   -45.59 
-0.69   -2.95   -44.51 
-0.61   -2.95   -43.52 
-0.53   -2.95   -42.61 
-0.44   -2.95   -41.80 
-0.36   -2.95   -41.09 
-0.28   -2.95   -40.47 
-0.20   -2.95   -39.96 
-0.12   -2.95   -39.55 
-0.04   -2.95   -39.24 
0.04    -2.95   -39.04 
0.12    -2.95   -38.94 
0.20    -2.95   -38.95 
0.28    -2.95   -39.06 
0.36    -2.95   -39.27 
0.44    -2.95   -39.58 
0.53    -2.95   -39.99 
0.61    -2.95   -40.48 
0.69    -2.95   -41.07 
0.77    -2.95   -41.75 
0.85    -2.95   -42.51 
0.93    -2.95   -43.34 
1.01    -2.95   -44.25 
1.09    -2.95   -45.21 
1.17    -2.95   -46.24 
1.25    -2.95   -47.32 
1.33    -2.95   -48.44 
1.41    -2.95   -49.59 
1.49    -2.95   -50.77 
1.58    -2.95   -51.97 
1.66    -2.95   -53.18 
1.74    -2.95   -54.38 
1.82    -2.95   -55.57 
1.90    -2.95   -56.73 
1.98    -2.95   -57.85 
2.06    -2.95   -58.93 
2.14    -2.95   -59.95 
2.22    -2.95   -60.89 
2.30    -2.95   -61.74 
2.38    -2.95   -62.48 
2.46    -2.95   -63.11 
2.55    -2.95   -63.61 
2.63    -2.95   -63.96 
2.71    -2.95   -64.14 
2.79    -2.95   -64.13 
2.87    -2.95   -63.93 
2.95    -2.95   -63.51 
3.03    -2.95   -62.85 
3.11    -2.95   -61.94 
3.19    -2.95   -60.75 
3.27    -2.95   -59.27 
3.35    -2.95   -57.48 
3.43    -2.95   -55.34 
3.52    -2.95   -52.85 
3.60    -2.95   -49.98 
3.68    -2.95   -46.71 
3.76    -2.95   -43.01 
3.84    -2.95   -38.87 
3.92    -2.95   -34.25 
4.00    -2.95   -29.13 
-4.00   -2.87   -49.15 
-3.92   -2.87   -53.86 
-3.84   -2.87   -58.07 
-3.76   -2.87   -61.82 
-3.68   -2.87   -65.11 
-3.60   -2.87   -67.98 
-3.52   -2.87   -70.44 
-3.43   -2.87   -72.53 
-3.35   -2.87   -74.26 
-3.27   -2.87   -75.65 
-3.19   -2.87   -76.73 
-3.11   -2.87   -77.51 
-3.03   -2.87   -78.02 
-2.95   -2.87   -78.27 
-2.87   -2.87   -78.29 
-2.79   -2.87   -78.09 
-2.71   -2.87   -77.69 
-2.63   -2.87   -77.10 
-2.55   -2.87   -76.35 
-2.46   -2.87   -75.45 
-2.38   -2.87   -74.42 
-2.30   -2.87   -73.27 
-2.22   -2.87   -72.01 
-2.14   -2.87   -70.67 
-2.06   -2.87   -69.25 
-1.98   -2.87   -67.77 
-1.90   -2.87   -66.24 
-1.82   -2.87   -64.67 
-1.74   -2.87   -63.08 
-1.66   -2.87   -61.48 
-1.58   -2.87   -59.87 
-1.49   -2.87   -58.26 
-1.41   -2.87   -56.68 
-1.33   -2.87   -55.12 
-1.25   -2.87   -53.60 
-1.17   -2.87   -52.12 
-1.09   -2.87   -50.69 
-1.01   -2.87   -49.31 
-0.93   -2.87   -48.00 
-0.85   -2.87   -46.77 
-0.77   -2.87   -45.61 
-0.69   -2.87   -44.53 
-0.61   -2.87   -43.53 
-0.53   -2.87   -42.63 
-0.44   -2.87   -41.82 
-0.36   -2.87   -41.10 
-0.28   -2.87   -40.49 
-0.20   -2.87   -39.98 
-0.12   -2.87   -39.57 
-0.04   -2.87   -39.26 
0.04    -2.87   -39.06 
0.12    -2.87   -38.96 
0.20    -2.87   -38.97 
0.28    -2.87   -39.08 
0.36    -2.87   -39.29 
0.44    -2.87   -39.60 
0.53    -2.87   -40.00 
0.61    -2.87   -40.50 
0.69    -2.87   -41.09 
0.77    -2.87   -41.77 
0.85    -2.87   -42.52 
0.93    -2.87   -43.36 
1.01    -2.87   -44.26 
1.09    -2.87   -45.23 
1.17    -2.87   -46.26 
1.25    -2.87   -47.33 
1.33    -2.87   -48.45 
1.41    -2.87   -49.61 
1.49    -2.87   -50.79 
1.58    -2.87   -51.99 
1.66    -2.87   -53.19 
1.74    -2.87   -54.39 
1.82    -2.87   -55.58 
1.90    -2.87   -56.75 
1.98    -2.87   -57.87 
2.06    -2.87   -58.95 
2.14    -2.87   -59.96 
2.22    -2.87   -60.90 
2.30    -2.87   -61.75 
2.38    -2.87   -62.50 
2.46    -2.87   -63.13 
2.55    -2.87   -63.63 
2.63    -2.87   -63.97 
2.71    -2.87   -64.15 
2.79    -2.87   -64.15 
2.87    -2.87   -63.95 
2.95    -2.87   -63.53 
3.03    -2.87   -62.87 
3.11    -2.87   -61.96 
3.19    -2.87   -60.77 
3.27    -2.87   -59.29 
3.35    -2.87   -57.49 
3.43    -2.87   -55.36 
3.52    -2.87   -52.87 
3.60    -2.87   -50.00 
3.68    -2.87   -46.73 
3.76    -2.87   -43.03 
3.84    -2.87   -38.88 
3.92    -2.87   -34.26 
4.00    -2.87   -29.15 
-4.00   -2.79   -48.94 
-3.92   -2.79   -53.66 
-3.84   -2.79   -57.87 
-3.76   -2.79   -61.61 
-3.68   -2.79   -64.91 
-3.60   -2.79   -67.78 
-3.52   -2.79   -70.24 
-3.43   -2.79   -72.33 
-3.35   -2.79   -74.06 
-3.27   -2.79   -75.45 
-3.19   -2.79   -76.53 
-3.11   -2.79   -77.31 
-3.03   -2.79   -77.82 
-2.95   -2.79   -78.07 
-2.87   -2.79   -78.09 
-2.79   -2.79   -77.89 
-2.71   -2.79   -77.49 
-2.63   -2.79   -76.90 
-2.55   -2.79   -76.15 
-2.46   -2.79   -75.25 
-2.38   -2.79   -74.22 
-2.30   -2.79   -73.07 
-2.22   -2.79   -71.81 
-2.14   -2.79   -70.47 
-2.06   -2.79   -69.05 
-1.98   -2.79   -67.57 
-1.90   -2.79   -66.04 
-1.82   -2.79   -64.47 
-1.74   -2.79   -62.88 
-1.66   -2.79   -61.27 
-1.58   -2.79   -59.66 
-1.49   -2.79   -58.06 
-1.41   -2.79   -56.48 
-1.33   -2.79   -54.92 
-1.25   -2.79   -53.40 
-1.17   -2.79   -51.91 
-1.09   -2.79   -50.48 
-1.01   -2.79   -49.11 
-0.93   -2.79   -47.80 
-0.85   -2.79   -46.57 
-0.77   -2.79   -45.40 
-0.69   -2.79   -44.32 
-0.61   -2.79   -43.33 
-0.53   -2.79   -42.43 
-0.44   -2.79   -41.62 
-0.36   -2.79   -40.90 
-0.28   -2.79   -40.29 
-0.20   -2.79   -39.77 
-0.12   -2.79   -39.36 
-0.04   -2.79   -39.06 
0.04    -2.79   -38.86 
0.12    -2.79   -38.76 
0.20    -2.79   -38.76 
0.28    -2.79   -38.87 
0.36    -2.79   -39.08 
0.44    -2.79   -39.39 
0.53    -2.79   -39.80 
0.61    -2.79   -40.30 
0.69    -2.79   -40.89 
0.77    -2.79   -41.57 
0.85    -2.79   -42.32 
0.93    -2.79   -43.16 
1.01    -2.79   -44.06 
1.09    -2.79   -45.03 
1.17    -2.79   -46.06 
1.25    -2.79   -47.13 
1.33    -2.79   -48.25 
1.41    -2.79   -49.41 
1.49    -2.79   -50.59 
1.58    -2.79   -51.79 
1.66    -2.79   -52.99 
1.74    -2.79   -54.19 
1.82    -2.79   -55.38 
1.90    -2.79   -56.54 
1.98    -2.79   -57.67 
2.06    -2.79   -58.75 
2.14    -2.79   -59.76 
2.22    -2.79   -60.70 
2.30    -2.79   -61.55 
2.38    -2.79   -62.30 
2.46    -2.79   -62.93 
2.55    -2.79   -63.42 
2.63    -2.79   -63.77 
2.71    -2.79   -63.95 
2.79    -2.79   -63.95 
2.87    -2.79   -63.75 
2.95    -2.79   -63.33 
3.03    -2.79   -62.67 
3.11    -2.79   -61.76 
3.19    -2.79   -60.57 
3.27    -2.79   -59.09 
3.35    -2.79   -57.29 
3.43    -2.79   -55.16 
3.52    -2.79   -52.67 
3.60    -2.79   -49.80 
3.68    -2.79   -46.52 
3.76    -2.79   -42.83 
3.84    -2.79   -38.68 
3.92    -2.79   -34.06 
4.00    -2.79   -28.94 
-4.00   -2.71   -48.54 
-3.92   -2.71   -53.25 
-3.84   -2.71   -57.47 
-3.76   -2.71   -61.21 
-3.68   -2.71   -64.51 
-3.60   -2.71   -67.37 
-3.52   -2.71   -69.84 
-3.43   -2.71   -71.93 
-3.35   -2.71   -73.66 
-3.27   -2.71   -75.05 
-3.19   -2.71   -76.13 
-3.11   -2.71   -76.91 
-3.03   -2.71   -77.42 
-2.95   -2.71   -77.67 
-2.87   -2.71   -77.69 
-2.79   -2.71   -77.49 
-2.71   -2.71   -77.08 
-2.63   -2.71   -76.50 
-2.55   -2.71   -75.75 
-2.46   -2.71   -74.85 
-2.38   -2.71   -73.82 
-2.30   -2.71   -72.67 
-2.22   -2.71   -71.41 
-2.14   -2.71   -70.07 
-2.06   -2.71   -68.65 
-1.98   -2.71   -67.17 
-1.90   -2.71   -65.64 
-1.82   -2.71   -64.07 
-1.74   -2.71   -62.48 
-1.66   -2.71   -60.87 
-1.58   -2.71   -59.26 
-1.49   -2.71   -57.66 
-1.41   -2.71   -56.08 
-1.33   -2.71   -54.52 
-1.25   -2.71   -52.99 
-1.17   -2.71   -51.51 
-1.09   -2.71   -50.08 
-1.01   -2.71   -48.71 
-0.93   -2.71   -47.40 
-0.85   -2.71   -46.16 
-0.77   -2.71   -45.00 
-0.69   -2.71   -43.92 
-0.61   -2.71   -42.93 
-0.53   -2.71   -42.02 
-0.44   -2.71   -41.21 
-0.36   -2.71   -40.50 
-0.28   -2.71   -39.89 
-0.20   -2.71   -39.37 
-0.12   -2.71   -38.96 
-0.04   -2.71   -38.66 
0.04    -2.71   -38.45 
0.12    -2.71   -38.36 
0.20    -2.71   -38.36 
0.28    -2.71   -38.47 
0.36    -2.71   -38.68 
0.44    -2.71   -38.99 
0.53    -2.71   -39.40 
0.61    -2.71   -39.90 
0.69    -2.71   -40.49 
0.77    -2.71   -41.16 
0.85    -2.71   -41.92 
0.93    -2.71   -42.75 
1.01    -2.71   -43.66 
1.09    -2.71   -44.63 
1.17    -2.71   -45.65 
1.25    -2.71   -46.73 
1.33    -2.71   -47.85 
1.41    -2.71   -49.01 
1.49    -2.71   -50.19 
1.58    -2.71   -51.38 
1.66    -2.71   -52.59 
1.74    -2.71   -53.79 
1.82    -2.71   -54.98 
1.90    -2.71   -56.14 
1.98    -2.71   -57.27 
2.06    -2.71   -58.34 
2.14    -2.71   -59.36 
2.22    -2.71   -60.30 
2.30    -2.71   -61.15 
2.38    -2.71   -61.90 
2.46    -2.71   -62.53 
2.55    -2.71   -63.02 
2.63    -2.71   -63.37 
2.71    -2.71   -63.55 
2.79    -2.71   -63.55 
2.87    -2.71   -63.34 
2.95    -2.71   -62.92 
3.03    -2.71   -62.27 
3.11    -2.71   -61.35 
3.19    -2.71   -60.17 
3.27    -2.71   -58.69 
3.35    -2.71   -56.89 
3.43    -2.71   -54.76 
3.52    -2.71   -52.27 
3.60    -2.71   -49.40 
3.68    -2.71   -46.12 
3.76    -2.71   -42.42 
3.84    -2.71   -38.28 
3.92    -2.71   -33.66 
4.00    -2.71   -28.54 
-4.00   -2.63   -47.96 
-3.92   -2.63   -52.67 
-3.84   -2.63   -56.89 
-3.76   -2.63   -60.63 
-3.68   -2.63   -63.92 
-3.60   -2.63   -66.79 
-3.52   -2.63   -69.26 
-3.43   -2.63   -71.34 
-3.35   -2.63   -73.07 
-3.27   -2.63   -74.47 
-3.19   -2.63   -75.54 
-3.11   -2.63   -76.33 
-3.03   -2.63   -76.83 
-2.95   -2.63   -77.09 
-2.87   -2.63   -77.10 
-2.79   -2.63   -76.90 
-2.71   -2.63   -76.50 
-2.63   -2.63   -75.92 
-2.55   -2.63   -75.17 
-2.46   -2.63   -74.27 
-2.38   -2.63   -73.23 
-2.30   -2.63   -72.08 
-2.22   -2.63   -70.83 
-2.14   -2.63   -69.48 
-2.06   -2.63   -68.06 
-1.98   -2.63   -66.58 
-1.90   -2.63   -65.05 
-1.82   -2.63   -63.49 
-1.74   -2.63   -61.89 
-1.66   -2.63   -60.29 
-1.58   -2.63   -58.68 
-1.49   -2.63   -57.08 
-1.41   -2.63   -55.49 
-1.33   -2.63   -53.93 
-1.25   -2.63   -52.41 
-1.17   -2.63   -50.93 
-1.09   -2.63   -49.50 
-1.01   -2.63   -48.12 
-0.93   -2.63   -46.82 
-0.85   -2.63   -45.58 
-0.77   -2.63   -44.42 
-0.69   -2.63   -43.34 
-0.61   -2.63   -42.34 
-0.53   -2.63   -41.44 
-0.44   -2.63   -40.63 
-0.36   -2.63   -39.92 
-0.28   -2.63   -39.30 
-0.20   -2.63   -38.79 
-0.12   -2.63   -38.38 
-0.04   -2.63   -38.07 
0.04    -2.63   -37.87 
0.12    -2.63   -37.77 
0.20    -2.63   -37.78 
0.28    -2.63   -37.89 
0.36    -2.63   -38.10 
0.44    -2.63   -38.41 
0.53    -2.63   -38.81 
0.61    -2.63   -39.31 
0.69    -2.63   -39.90 
0.77    -2.63   -40.58 
0.85    -2.63   -41.34 
0.93    -2.63   -42.17 
1.01    -2.63   -43.07 
1.09    -2.63   -44.04 
1.17    -2.63   -45.07 
1.25    -2.63   -46.15 
1.33    -2.63   -47.27 
1.41    -2.63   -48.42 
1.49    -2.63   -49.60 
1.58    -2.63   -50.80 
1.66    -2.63   -52.00 
1.74    -2.63   -53.21 
1.82    -2.63   -54.39 
1.90    -2.63   -55.56 
1.98    -2.63   -56.68 
2.06    -2.63   -57.76 
2.14    -2.63   -58.78 
2.22    -2.63   -59.71 
2.30    -2.63   -60.57 
2.38    -2.63   -61.31 
2.46    -2.63   -61.94 
2.55    -2.63   -62.44 
2.63    -2.63   -62.78 
2.71    -2.63   -62.96 
2.79    -2.63   -62.96 
2.87    -2.63   -62.76 
2.95    -2.63   -62.34 
3.03    -2.63   -61.68 
3.11    -2.63   -60.77 
3.19    -2.63   -59.58 
3.27    -2.63   -58.10 
3.35    -2.63   -56.30 
3.43    -2.63   -54.17 
3.52    -2.63   -51.68 
3.60    -2.63   -48.81 
3.68    -2.63   -45.54 
3.76    -2.63   -41.84 
3.84    -2.63   -37.69 
3.92    -2.63   -33.07 
4.00    -2.63   -27.96 
-4.00   -2.55   -47.21 
-3.92   -2.55   -51.92 
-3.84   -2.55   -56.14 
-3.76   -2.55   -59.88 
-3.68   -2.55   -63.17 
-3.60   -2.55   -66.04 
-3.52   -2.55   -68.51 
-3.43   -2.55   -70.59 
-3.35   -2.55   -72.32 
-3.27   -2.55   -73.72 
-3.19   -2.55   -74.79 
-3.11   -2.55   -75.58 
-3.03   -2.55   -76.08 
-2.95   -2.55   -76.34 
-2.87   -2.55   -76.35 
-2.79   -2.55   -76.15 
-2.71   -2.55   -75.75 
-2.63   -2.55   -75.17 
-2.55   -2.55   -74.41 
-2.46   -2.55   -73.52 
-2.38   -2.55   -72.48 
-2.30   -2.55   -71.33 
-2.22   -2.55   -70.08 
-2.14   -2.55   -68.73 
-2.06   -2.55   -67.31 
-1.98   -2.55   -65.83 
-1.90   -2.55   -64.30 
-1.82   -2.55   -62.74 
-1.74   -2.55   -61.14 
-1.66   -2.55   -59.54 
-1.58   -2.55   -57.93 
-1.49   -2.55   -56.33 
-1.41   -2.55   -54.74 
-1.33   -2.55   -53.18 
-1.25   -2.55   -51.66 
-1.17   -2.55   -50.18 
-1.09   -2.55   -48.75 
-1.01   -2.55   -47.37 
-0.93   -2.55   -46.07 
-0.85   -2.55   -44.83 
-0.77   -2.55   -43.67 
-0.69   -2.55   -42.59 
-0.61   -2.55   -41.59 
-0.53   -2.55   -40.69 
-0.44   -2.55   -39.88 
-0.36   -2.55   -39.17 
-0.28   -2.55   -38.55 
-0.20   -2.55   -38.04 
-0.12   -2.55   -37.63 
-0.04   -2.55   -37.32 
0.04    -2.55   -37.12 
0.12    -2.55   -37.02 
0.20    -2.55   -37.03 
0.28    -2.55   -37.14 
0.36    -2.55   -37.35 
0.44    -2.55   -37.66 
0.53    -2.55   -38.06 
0.61    -2.55   -38.56 
0.69    -2.55   -39.15 
0.77    -2.55   -39.83 
0.85    -2.55   -40.59 
0.93    -2.55   -41.42 
1.01    -2.55   -42.32 
1.09    -2.55   -43.29 
1.17    -2.55   -44.32 
1.25    -2.55   -45.40 
1.33    -2.55   -46.52 
1.41    -2.55   -47.67 
1.49    -2.55   -48.85 
1.58    -2.55   -50.05 
1.66    -2.55   -51.25 
1.74    -2.55   -52.46 
1.82    -2.55   -53.64 
1.90    -2.55   -54.81 
1.98    -2.55   -55.93 
2.06    -2.55   -57.01 
2.14    -2.55   -58.03 
2.22    -2.55   -58.96 
2.30    -2.55   -59.82 
2.38    -2.55   -60.56 
2.46    -2.55   -61.19 
2.55    -2.55   -61.69 
2.63    -2.55   -62.03 
2.71    -2.55   -62.21 
2.79    -2.55   -62.21 
2.87    -2.55   -62.01 
2.95    -2.55   -61.59 
3.03    -2.55   -60.93 
3.11    -2.55   -60.02 
3.19    -2.55   -58.83 
3.27    -2.55   -57.35 
3.35    -2.55   -55.55 
3.43    -2.55   -53.42 
3.52    -2.55   -50.93 
3.60    -2.55   -48.06 
3.68    -2.55   -44.79 
3.76    -2.55   -41.09 
3.84    -2.55   -36.94 
3.92    -2.55   -32.32 
4.00    -2.55   -27.21 
-4.00   -2.46   -46.31 
-3.92   -2.46   -51.02 
-3.84   -2.46   -55.24 
-3.76   -2.46   -58.98 
-3.68   -2.46   -62.27 
-3.60   -2.46   -65.14 
-3.52   -2.46   -67.61 
-3.43   -2.46   -69.69 
-3.35   -2.46   -71.42 
-3.27   -2.46   -72.82 
-3.19   -2.46   -73.89 
-3.11   -2.46   -74.68 
-3.03   -2.46   -75.18 
-2.95   -2.46   -75.44 
-2.87   -2.46   -75.45 
-2.79   -2.46   -75.25 
-2.71   -2.46   -74.85 
-2.63   -2.46   -74.27 
-2.55   -2.46   -73.52 
-2.46   -2.46   -72.62 
-2.38   -2.46   -71.58 
-2.30   -2.46   -70.43 
-2.22   -2.46   -69.18 
-2.14   -2.46   -67.83 
-2.06   -2.46   -66.41 
-1.98   -2.46   -64.93 
-1.90   -2.46   -63.40 
-1.82   -2.46   -61.84 
-1.74   -2.46   -60.24 
-1.66   -2.46   -58.64 
-1.58   -2.46   -57.03 
-1.49   -2.46   -55.43 
-1.41   -2.46   -53.84 
-1.33   -2.46   -52.28 
-1.25   -2.46   -50.76 
-1.17   -2.46   -49.28 
-1.09   -2.46   -47.85 
-1.01   -2.46   -46.47 
-0.93   -2.46   -45.17 
-0.85   -2.46   -43.93 
-0.77   -2.46   -42.77 
-0.69   -2.46   -41.69 
-0.61   -2.46   -40.69 
-0.53   -2.46   -39.79 
-0.44   -2.46   -38.98 
-0.36   -2.46   -38.27 
-0.28   -2.46   -37.65 
-0.20   -2.46   -37.14 
-0.12   -2.46   -36.73 
-0.04   -2.46   -36.42 
0.04    -2.46   -36.22 
0.12    -2.46   -36.12 
0.20    -2.46   -36.13 
0.28    -2.46   -36.24 
0.36    -2.46   -36.45 
0.44    -2.46   -36.76 
0.53    -2.46   -37.16 
0.61    -2.46   -37.66 
0.69    -2.46   -38.25 
0.77    -2.46   -38.93 
0.85    -2.46   -39.69 
0.93    -2.46   -40.52 
1.01    -2.46   -41.42 
1.09    -2.46   -42.39 
1.17    -2.46   -43.42 
1.25    -2.46   -44.50 
1.33    -2.46   -45.62 
1.41    -2.46   -46.77 
1.49    -2.46   -47.95 
1.58    -2.46   -49.15 
1.66    -2.46   -50.35 
1.74    -2.46   -51.56 
1.82    -2.46   -52.74 
1.90    -2.46   -53.91 
1.98    -2.46   -55.03 
2.06    -2.46   -56.11 
2.14    -2.46   -57.13 
2.22    -2.46   -58.07 
2.30    -2.46   -58.92 
2.38    -2.46   -59.66 
2.46    -2.46   -60.29 
2.55    -2.46   -60.79 
2.63    -2.46   -61.13 
2.71    -2.46   -61.31 
2.79    -2.46   -61.31 
2.87    -2.46   -61.11 
2.95    -2.46   -60.69 
3.03    -2.46   -60.03 
3.11    -2.46   -59.12 
3.19    -2.46   -57.93 
3.27    -2.46   -56.45 
3.35    -2.46   -54.66 
3.43    -2.46   -52.52 
3.52    -2.46   -50.03 
3.60    -2.46   -47.16 
3.68    -2.46   -43.89 
3.76    -2.46   -40.19 
3.84    -2.46   -36.04 
3.92    -2.46   -31.42 
4.00    -2.46   -26.31 
-4.00   -2.38   -45.27 
-3.92   -2.38   -49.99 
-3.84   -2.38   -54.20 
-3.76   -2.38   -57.95 
-3.68   -2.38   -61.24 
-3.60   -2.38   -64.11 
-3.52   -2.38   -66.57 
-3.43   -2.38   -68.66 
-3.35   -2.38   -70.39 
-3.27   -2.38   -71.78 
-3.19   -2.38   -72.86 
-3.11   -2.38   -73.64 
-3.03   -2.38   -74.15 
-2.95   -2.38   -74.40 
-2.87   -2.38   -74.42 
-2.79   -2.38   -74.22 
-2.71   -2.38   -73.82 
-2.63   -2.38   -73.23 
-2.55   -2.38   -72.48 
-2.46   -2.38   -71.58 
-2.38   -2.38   -70.55 
-2.30   -2.38   -69.40 
-2.22   -2.38   -68.14 
-2.14   -2.38   -66.80 
-2.06   -2.38   -65.38 
-1.98   -2.38   -63.90 
-1.90   -2.38   -62.37 
-1.82   -2.38   -60.80 
-1.74   -2.38   -59.21 
-1.66   -2.38   -57.60 
-1.58   -2.38   -56.00 
-1.49   -2.38   -54.39 
-1.41   -2.38   -52.81 
-1.33   -2.38   -51.25 
-1.25   -2.38   -49.73 
-1.17   -2.38   -48.24 
-1.09   -2.38   -46.81 
-1.01   -2.38   -45.44 
-0.93   -2.38   -44.13 
-0.85   -2.38   -42.90 
-0.77   -2.38   -41.73 
-0.69   -2.38   -40.65 
-0.61   -2.38   -39.66 
-0.53   -2.38   -38.76 
-0.44   -2.38   -37.95 
-0.36   -2.38   -37.23 
-0.28   -2.38   -36.62 
-0.20   -2.38   -36.11 
-0.12   -2.38   -35.70 
-0.04   -2.38   -35.39 
0.04    -2.38   -35.19 
0.12    -2.38   -35.09 
0.20    -2.38   -35.10 
0.28    -2.38   -35.20 
0.36    -2.38   -35.41 
0.44    -2.38   -35.72 
0.53    -2.38   -36.13 
0.61    -2.38   -36.63 
0.69    -2.38   -37.22 
0.77    -2.38   -37.90 
0.85    -2.38   -38.65 
0.93    -2.38   -39.49 
1.01    -2.38   -40.39 
1.09    -2.38   -41.36 
1.17    -2.38   -42.39 
1.25    -2.38   -43.46 
1.33    -2.38   -44.58 
1.41    -2.38   -45.74 
1.49    -2.38   -46.92 
1.58    -2.38   -48.12 
1.66    -2.38   -49.32 
1.74    -2.38   -50.52 
1.82    -2.38   -51.71 
1.90    -2.38   -52.87 
1.98    -2.38   -54.00 
2.06    -2.38   -55.08 
2.14    -2.38   -56.09 
2.22    -2.38   -57.03 
2.30    -2.38   -57.88 
2.38    -2.38   -58.63 
2.46    -2.38   -59.26 
2.55    -2.38   -59.75 
2.63    -2.38   -60.10 
2.71    -2.38   -60.28 
2.79    -2.38   -60.28 
2.87    -2.38   -60.08 
2.95    -2.38   -59.66 
3.03    -2.38   -59.00 
3.11    -2.38   -58.09 
3.19    -2.38   -56.90 
3.27    -2.38   -55.42 
3.35    -2.38   -53.62 
3.43    -2.38   -51.49 
3.52    -2.38   -49.00 
3.60    -2.38   -46.13 
3.68    -2.38   -42.86 
3.76    -2.38   -39.16 
3.84    -2.38   -35.01 
3.92    -2.38   -30.39 
4.00    -2.38   -25.27 
-4.00   -2.30   -44.12 
-3.92   -2.30   -48.84 
-3.84   -2.30   -53.05 
-3.76   -2.30   -56.79 
-3.68   -2.30   -60.09 
-3.60   -2.30   -62.96 
-3.52   -2.30   -65.42 
-3.43   -2.30   -67.51 
-3.35   -2.30   -69.24 
-3.27   -2.30   -70.63 
-3.19   -2.30   -71.71 
-3.11   -2.30   -72.49 
-3.03   -2.30   -73.00 
-2.95   -2.30   -73.25 
-2.87   -2.30   -73.27 
-2.79   -2.30   -73.07 
-2.71   -2.30   -72.67 
-2.63   -2.30   -72.08 
-2.55   -2.30   -71.33 
-2.46   -2.30   -70.43 
-2.38   -2.30   -69.40 
-2.30   -2.30   -68.25 
-2.22   -2.30   -66.99 
-2.14   -2.30   -65.65 
-2.06   -2.30   -64.23 
-1.98   -2.30   -62.75 
-1.90   -2.30   -61.22 
-1.82   -2.30   -59.65 
-1.74   -2.30   -58.06 
-1.66   -2.30   -56.45 
-1.58   -2.30   -54.84 
-1.49   -2.30   -53.24 
-1.41   -2.30   -51.66 
-1.33   -2.30   -50.10 
-1.25   -2.30   -48.57 
-1.17   -2.30   -47.09 
-1.09   -2.30   -45.66 
-1.01   -2.30   -44.29 
-0.93   -2.30   -42.98 
-0.85   -2.30   -41.74 
-0.77   -2.30   -40.58 
-0.69   -2.30   -39.50 
-0.61   -2.30   -38.51 
-0.53   -2.30   -37.61 
-0.44   -2.30   -36.80 
-0.36   -2.30   -36.08 
-0.28   -2.30   -35.47 
-0.20   -2.30   -34.95 
-0.12   -2.30   -34.54 
-0.04   -2.30   -34.24 
0.04    -2.30   -34.04 
0.12    -2.30   -33.94 
0.20    -2.30   -33.94 
0.28    -2.30   -34.05 
0.36    -2.30   -34.26 
0.44    -2.30   -34.57 
0.53    -2.30   -34.98 
0.61    -2.30   -35.48 
0.69    -2.30   -36.07 
0.77    -2.30   -36.75 
0.85    -2.30   -37.50 
0.93    -2.30   -38.34 
1.01    -2.30   -39.24 
1.09    -2.30   -40.21 
1.17    -2.30   -41.23 
1.25    -2.30   -42.31 
1.33    -2.30   -43.43 
1.41    -2.30   -44.59 
1.49    -2.30   -45.77 
1.58    -2.30   -46.97 
1.66    -2.30   -48.17 
1.74    -2.30   -49.37 
1.82    -2.30   -50.56 
1.90    -2.30   -51.72 
1.98    -2.30   -52.85 
2.06    -2.30   -53.93 
2.14    -2.30   -54.94 
2.22    -2.30   -55.88 
2.30    -2.30   -56.73 
2.38    -2.30   -57.48 
2.46    -2.30   -58.11 
2.55    -2.30   -58.60 
2.63    -2.30   -58.95 
2.71    -2.30   -59.13 
2.79    -2.30   -59.13 
2.87    -2.30   -58.93 
2.95    -2.30   -58.50 
3.03    -2.30   -57.85 
3.11    -2.30   -56.94 
3.19    -2.30   -55.75 
3.27    -2.30   -54.27 
3.35    -2.30   -52.47 
3.43    -2.30   -50.34 
3.52    -2.30   -47.85 
3.60    -2.30   -44.98 
3.68    -2.30   -41.70 
3.76    -2.30   -38.01 
3.84    -2.30   -33.86 
3.92    -2.30   -29.24 
4.00    -2.30   -24.12 
-4.00   -2.22   -42.87 
-3.92   -2.22   -47.58 
-3.84   -2.22   -51.80 
-3.76   -2.22   -55.54 
-3.68   -2.22   -58.83 
-3.60   -2.22   -61.70 
-3.52   -2.22   -64.17 
-3.43   -2.22   -66.25 
-3.35   -2.22   -67.98 
-3.27   -2.22   -69.38 
-3.19   -2.22   -70.45 
-3.11   -2.22   -71.24 
-3.03   -2.22   -71.74 
-2.95   -2.22   -72.00 
-2.87   -2.22   -72.01 
-2.79   -2.22   -71.81 
-2.71   -2.22   -71.41 
-2.63   -2.22   -70.83 
-2.55   -2.22   -70.08 
-2.46   -2.22   -69.18 
-2.38   -2.22   -68.14 
-2.30   -2.22   -66.99 
-2.22   -2.22   -65.74 
-2.14   -2.22   -64.39 
-2.06   -2.22   -62.97 
-1.98   -2.22   -61.49 
-1.90   -2.22   -59.96 
-1.82   -2.22   -58.40 
-1.74   -2.22   -56.80 
-1.66   -2.22   -55.20 
-1.58   -2.22   -53.59 
-1.49   -2.22   -51.99 
-1.41   -2.22   -50.40 
-1.33   -2.22   -48.84 
-1.25   -2.22   -47.32 
-1.17   -2.22   -45.84 
-1.09   -2.22   -44.41 
-1.01   -2.22   -43.04 
-0.93   -2.22   -41.73 
-0.85   -2.22   -40.49 
-0.77   -2.22   -39.33 
-0.69   -2.22   -38.25 
-0.61   -2.22   -37.25 
-0.53   -2.22   -36.35 
-0.44   -2.22   -35.54 
-0.36   -2.22   -34.83 
-0.28   -2.22   -34.21 
-0.20   -2.22   -33.70 
-0.12   -2.22   -33.29 
-0.04   -2.22   -32.98 
0.04    -2.22   -32.78 
0.12    -2.22   -32.68 
0.20    -2.22   -32.69 
0.28    -2.22   -32.80 
0.36    -2.22   -33.01 
0.44    -2.22   -33.32 
0.53    -2.22   -33.72 
0.61    -2.22   -34.22 
0.69    -2.22   -34.81 
0.77    -2.22   -35.49 
0.85    -2.22   -36.25 
0.93    -2.22   -37.08 
1.01    -2.22   -37.99 
1.09    -2.22   -38.95 
1.17    -2.22   -39.98 
1.25    -2.22   -41.06 
1.33    -2.22   -42.18 
1.41    -2.22   -43.33 
1.49    -2.22   -44.51 
1.58    -2.22   -45.71 
1.66    -2.22   -46.92 
1.74    -2.22   -48.12 
1.82    -2.22   -49.31 
1.90    -2.22   -50.47 
1.98    -2.22   -51.59 
2.06    -2.22   -52.67 
2.14    -2.22   -53.69 
2.22    -2.22   -54.63 
2.30    -2.22   -55.48 
2.38    -2.22   -56.22 
2.46    -2.22   -56.85 
2.55    -2.22   -57.35 
2.63    -2.22   -57.69 
2.71    -2.22   -57.88 
2.79    -2.22   -57.87 
2.87    -2.22   -57.67 
2.95    -2.22   -57.25 
3.03    -2.22   -56.59 
3.11    -2.22   -55.68 
3.19    -2.22   -54.49 
3.27    -2.22   -53.01 
3.35    -2.22   -51.22 
3.43    -2.22   -49.08 
3.52    -2.22   -46.59 
3.60    -2.22   -43.72 
3.68    -2.22   -40.45 
3.76    -2.22   -36.75 
3.84    -2.22   -32.60 
3.92    -2.22   -27.99 
4.00    -2.22   -22.87 
-4.00   -2.14   -41.52 
-3.92   -2.14   -46.24 
-3.84   -2.14   -50.45 
-3.76   -2.14   -54.20 
-3.68   -2.14   -57.49 
-3.60   -2.14   -60.36 
-3.52   -2.14   -62.82 
-3.43   -2.14   -64.91 
-3.35   -2.14   -66.64 
-3.27   -2.14   -68.03 
-3.19   -2.14   -69.11 
-3.11   -2.14   -69.89 
-3.03   -2.14   -70.40 
-2.95   -2.14   -70.65 
-2.87   -2.14   -70.67 
-2.79   -2.14   -70.47 
-2.71   -2.14   -70.07 
-2.63   -2.14   -69.48 
-2.55   -2.14   -68.73 
-2.46   -2.14   -67.83 
-2.38   -2.14   -66.80 
-2.30   -2.14   -65.65 
-2.22   -2.14   -64.39 
-2.14   -2.14   -63.05 
-2.06   -2.14   -61.63 
-1.98   -2.14   -60.15 
-1.90   -2.14   -58.62 
-1.82   -2.14   -57.05 
-1.74   -2.14   -55.46 
-1.66   -2.14   -53.85 
-1.58   -2.14   -52.25 
-1.49   -2.14   -50.64 
-1.41   -2.14   -49.06 
-1.33   -2.14   -47.50 
-1.25   -2.14   -45.98 
-1.17   -2.14   -44.49 
-1.09   -2.14   -43.06 
-1.01   -2.14   -41.69 
-0.93   -2.14   -40.38 
-0.85   -2.14   -39.15 
-0.77   -2.14   -37.98 
-0.69   -2.14   -36.90 
-0.61   -2.14   -35.91 
-0.53   -2.14   -35.01 
-0.44   -2.14   -34.20 
-0.36   -2.14   -33.48 
-0.28   -2.14   -32.87 
-0.20   -2.14   -32.36 
-0.12   -2.14   -31.95 
-0.04   -2.14   -31.64 
0.04    -2.14   -31.44 
0.12    -2.14   -31.34 
0.20    -2.14   -31.35 
0.28    -2.14   -31.45 
0.36    -2.14   -31.66 
0.44    -2.14   -31.97 
0.53    -2.14   -32.38 
0.61    -2.14   -32.88 
0.69    -2.14   -33.47 
0.77    -2.14   -34.15 
0.85    -2.14   -34.90 
0.93    -2.14   -35.74 
1.01    -2.14   -36.64 
1.09    -2.14   -37.61 
1.17    -2.14   -38.64 
1.25    -2.14   -39.71 
1.33    -2.14   -40.83 
1.41    -2.14   -41.99 
1.49    -2.14   -43.17 
1.58    -2.14   -44.37 
1.66    -2.14   -45.57 
1.74    -2.14   -46.77 
1.82    -2.14   -47.96 
1.90    -2.14   -49.12 
1.98    -2.14   -50.25 
2.06    -2.14   -51.33 
2.14    -2.14   -52.34 
2.22    -2.14   -53.28 
2.30    -2.14   -54.13 
2.38    -2.14   -54.88 
2.46    -2.14   -55.51 
2.55    -2.14   -56.00 
2.63    -2.14   -56.35 
2.71    -2.14   -56.53 
2.79    -2.14   -56.53 
2.87    -2.14   -56.33 
2.95    -2.14   -55.91 
3.03    -2.14   -55.25 
3.11    -2.14   -54.34 
3.19    -2.14   -53.15 
3.27    -2.14   -51.67 
3.35    -2.14   -49.87 
3.43    -2.14   -47.74 
3.52    -2.14   -45.25 
3.60    -2.14   -42.38 
3.68    -2.14   -39.11 
3.76    -2.14   -35.41 
3.84    -2.14   -31.26 
3.92    -2.14   -26.64 
4.00    -2.14   -21.52 
-4.00   -2.06   -40.11 
-3.92   -2.06   -44.82 
-3.84   -2.06   -49.03 
-3.76   -2.06   -52.78 
-3.68   -2.06   -56.07 
-3.60   -2.06   -58.94 
-3.52   -2.06   -61.40 
-3.43   -2.06   -63.49 
-3.35   -2.06   -65.22 
-3.27   -2.06   -66.61 
-3.19   -2.06   -67.69 
-3.11   -2.06   -68.47 
-3.03   -2.06   -68.98 
-2.95   -2.06   -69.23 
-2.87   -2.06   -69.25 
-2.79   -2.06   -69.05 
-2.71   -2.06   -68.65 
-2.63   -2.06   -68.06 
-2.55   -2.06   -67.31 
-2.46   -2.06   -66.41 
-2.38   -2.06   -65.38 
-2.30   -2.06   -64.23 
-2.22   -2.06   -62.97 
-2.14   -2.06   -61.63 
-2.06   -2.06   -60.21 
-1.98   -2.06   -58.73 
-1.90   -2.06   -57.20 
-1.82   -2.06   -55.63 
-1.74   -2.06   -54.04 
-1.66   -2.06   -52.44 
-1.58   -2.06   -50.83 
-1.49   -2.06   -49.22 
-1.41   -2.06   -47.64 
-1.33   -2.06   -46.08 
-1.25   -2.06   -44.56 
-1.17   -2.06   -43.08 
-1.09   -2.06   -41.65 
-1.01   -2.06   -40.27 
-0.93   -2.06   -38.96 
-0.85   -2.06   -37.73 
-0.77   -2.06   -36.57 
-0.69   -2.06   -35.49 
-0.61   -2.06   -34.49 
-0.53   -2.06   -33.59 
-0.44   -2.06   -32.78 
-0.36   -2.06   -32.06 
-0.28   -2.06   -31.45 
-0.20   -2.06   -30.94 
-0.12   -2.06   -30.53 
-0.04   -2.06   -30.22 
0.04    -2.06   -30.02 
0.12    -2.06   -29.92 
0.20    -2.06   -29.93 
0.28    -2.06   -30.04 
0.36    -2.06   -30.25 
0.44    -2.06   -30.56 
0.53    -2.06   -30.96 
0.61    -2.06   -31.46 
0.69    -2.06   -32.05 
0.77    -2.06   -32.73 
0.85    -2.06   -33.48 
0.93    -2.06   -34.32 
1.01    -2.06   -35.22 
1.09    -2.06   -36.19 
1.17    -2.06   -37.22 
1.25    -2.06   -38.29 
1.33    -2.06   -39.41 
1.41    -2.06   -40.57 
1.49    -2.06   -41.75 
1.58    -2.06   -42.95 
1.66    -2.06   -44.15 
1.74    -2.06   -45.35 
1.82    -2.06   -46.54 
1.90    -2.06   -47.71 
1.98    -2.06   -48.83 
2.06    -2.06   -49.91 
2.14    -2.06   -50.92 
2.22    -2.06   -51.86 
2.30    -2.06   -52.71 
2.38    -2.06   -53.46 
2.46    -2.06   -54.09 
2.55    -2.06   -54.59 
2.63    -2.06   -54.93 
2.71    -2.06   -55.11 
2.79    -2.06   -55.11 
2.87    -2.06   -54.91 
2.95    -2.06   -54.49 
3.03    -2.06   -53.83 
3.11    -2.06   -52.92 
3.19    -2.06   -51.73 
3.27    -2.06   -50.25 
3.35    -2.06   -48.45 
3.43    -2.06   -46.32 
3.52    -2.06   -43.83 
3.60    -2.06   -40.96 
3.68    -2.06   -37.69 
3.76    -2.06   -33.99 
3.84    -2.06   -29.84 
3.92    -2.06   -25.22 
4.00    -2.06   -20.11 
-4.00   -1.98   -38.62 
-3.92   -1.98   -43.34 
-3.84   -1.98   -47.55 
-3.76   -1.98   -51.30 
-3.68   -1.98   -54.59 
-3.60   -1.98   -57.46 
-3.52   -1.98   -59.92 
-3.43   -1.98   -62.01 
-3.35   -1.98   -63.74 
-3.27   -1.98   -65.13 
-3.19   -1.98   -66.21 
-3.11   -1.98   -66.99 
-3.03   -1.98   -67.50 
-2.95   -1.98   -67.75 
-2.87   -1.98   -67.77 
-2.79   -1.98   -67.57 
-2.71   -1.98   -67.17 
-2.63   -1.98   -66.58 
-2.55   -1.98   -65.83 
-2.46   -1.98   -64.93 
-2.38   -1.98   -63.90 
-2.30   -1.98   -62.75 
-2.22   -1.98   -61.49 
-2.14   -1.98   -60.15 
-2.06   -1.98   -58.73 
-1.98   -1.98   -57.25 
-1.90   -1.98   -55.72 
-1.82   -1.98   -54.15 
-1.74   -1.98   -52.56 
-1.66   -1.98   -50.95 
-1.58   -1.98   -49.35 
-1.49   -1.98   -47.74 
-1.41   -1.98   -46.16 
-1.33   -1.98   -44.60 
-1.25   -1.98   -43.08 
-1.17   -1.98   -41.59 
-1.09   -1.98   -40.16 
-1.01   -1.98   -38.79 
-0.93   -1.98   -37.48 
-0.85   -1.98   -36.25 
-0.77   -1.98   -35.08 
-0.69   -1.98   -34.00 
-0.61   -1.98   -33.01 
-0.53   -1.98   -32.11 
-0.44   -1.98   -31.30 
-0.36   -1.98   -30.58 
-0.28   -1.98   -29.97 
-0.20   -1.98   -29.46 
-0.12   -1.98   -29.05 
-0.04   -1.98   -28.74 
0.04    -1.98   -28.54 
0.12    -1.98   -28.44 
0.20    -1.98   -28.45 
0.28    -1.98   -28.55 
0.36    -1.98   -28.76 
0.44    -1.98   -29.07 
0.53    -1.98   -29.48 
0.61    -1.98   -29.98 
0.69    -1.98   -30.57 
0.77    -1.98   -31.25 
0.85    -1.98   -32.00 
0.93    -1.98   -32.84 
1.01    -1.98   -33.74 
1.09    -1.98   -34.71 
1.17    -1.98   -35.74 
1.25    -1.98   -36.81 
1.33    -1.98   -37.93 
1.41    -1.98   -39.09 
1.49    -1.98   -40.27 
1.58    -1.98   -41.47 
1.66    -1.98   -42.67 
1.74    -1.98   -43.87 
1.82    -1.98   -45.06 
1.90    -1.98   -46.22 
1.98    -1.98   -47.35 
2.06    -1.98   -48.43 
2.14    -1.98   -49.44 
2.22    -1.98   -50.38 
2.30    -1.98   -51.23 
2.38    -1.98   -51.98 
2.46    -1.98   -52.61 
2.55    -1.98   -53.10 
2.63    -1.98   -53.45 
2.71    -1.98   -53.63 
2.79    -1.98   -53.63 
2.87    -1.98   -53.43 
2.95    -1.98   -53.01 
3.03    -1.98   -52.35 
3.11    -1.98   -51.44 
3.19    -1.98   -50.25 
3.27    -1.98   -48.77 
3.35    -1.98   -46.97 
3.43    -1.98   -44.84 
3.52    -1.98   -42.35 
3.60    -1.98   -39.48 
3.68    -1.98   -36.21 
3.76    -1.98   -32.51 
3.84    -1.98   -28.36 
3.92    -1.98   -23.74 
4.00    -1.98   -18.62 
-4.00   -1.90   -37.09 
-3.92   -1.90   -41.81 
-3.84   -1.90   -46.02 
-3.76   -1.90   -49.77 
-3.68   -1.90   -53.06 
-3.60   -1.90   -55.93 
-3.52   -1.90   -58.39 
-3.43   -1.90   -60.48 
-3.35   -1.90   -62.21 
-3.27   -1.90   -63.60 
-3.19   -1.90   -64.68 
-3.11   -1.90   -65.46 
-3.03   -1.90   -65.97 
-2.95   -1.90   -66.22 
-2.87   -1.90   -66.24 
-2.79   -1.90   -66.04 
-2.71   -1.90   -65.64 
-2.63   -1.90   -65.05 
-2.55   -1.90   -64.30 
-2.46   -1.90   -63.40 
-2.38   -1.90   -62.37 
-2.30   -1.90   -61.22 
-2.22   -1.90   -59.96 
-2.14   -1.90   -58.62 
-2.06   -1.90   -57.20 
-1.98   -1.90   -55.72 
-1.90   -1.90   -54.19 
-1.82   -1.90   -52.62 
-1.74   -1.90   -51.03 
-1.66   -1.90   -49.42 
-1.58   -1.90   -47.82 
-1.49   -1.90   -46.21 
-1.41   -1.90   -44.63 
-1.33   -1.90   -43.07 
-1.25   -1.90   -41.55 
-1.17   -1.90   -40.06 
-1.09   -1.90   -38.63 
-1.01   -1.90   -37.26 
-0.93   -1.90   -35.95 
-0.85   -1.90   -34.72 
-0.77   -1.90   -33.55 
-0.69   -1.90   -32.47 
-0.61   -1.90   -31.48 
-0.53   -1.90   -30.58 
-0.44   -1.90   -29.77 
-0.36   -1.90   -29.05 
-0.28   -1.90   -28.44 
-0.20   -1.90   -27.93 
-0.12   -1.90   -27.52 
-0.04   -1.90   -27.21 
0.04    -1.90   -27.01 
0.12    -1.90   -26.91 
0.20    -1.90   -26.92 
0.28    -1.90   -27.02 
0.36    -1.90   -27.23 
0.44    -1.90   -27.54 
0.53    -1.90   -27.95 
0.61    -1.90   -28.45 
0.69    -1.90   -29.04 
0.77    -1.90   -29.72 
0.85    -1.90   -30.47 
0.93    -1.90   -31.31 
1.01    -1.90   -32.21 
1.09    -1.90   -33.18 
1.17    -1.90   -34.21 
1.25    -1.90   -35.28 
1.33    -1.90   -36.40 
1.41    -1.90   -37.56 
1.49    -1.90   -38.74 
1.58    -1.90   -39.94 
1.66    -1.90   -41.14 
1.74    -1.90   -42.34 
1.82    -1.90   -43.53 
1.90    -1.90   -44.69 
1.98    -1.90   -45.82 
2.06    -1.90   -46.90 
2.14    -1.90   -47.91 
2.22    -1.90   -48.85 
2.30    -1.90   -49.70 
2.38    -1.90   -50.45 
2.46    -1.90   -51.08 
2.55    -1.90   -51.57 
2.63    -1.90   -51.92 
2.71    -1.90   -52.10 
2.79    -1.90   -52.10 
2.87    -1.90   -51.90 
2.95    -1.90   -51.48 
3.03    -1.90   -50.82 
3.11    -1.90   -49.91 
3.19    -1.90   -48.72 
3.27    -1.90   -47.24 
3.35    -1.90   -45.44 
3.43    -1.90   -43.31 
3.52    -1.90   -40.82 
3.60    -1.90   -37.95 
3.68    -1.90   -34.68 
3.76    -1.90   -30.98 
3.84    -1.90   -26.83 
3.92    -1.90   -22.21 
4.00    -1.90   -17.09 
-4.00   -1.82   -35.53 
-3.92   -1.82   -40.24 
-3.84   -1.82   -44.46 
-3.76   -1.82   -48.20 
-3.68   -1.82   -51.49 
-3.60   -1.82   -54.36 
-3.52   -1.82   -56.83 
-3.43   -1.82   -58.91 
-3.35   -1.82   -60.64 
-3.27   -1.82   -62.04 
-3.19   -1.82   -63.11 
-3.11   -1.82   -63.90 
-3.03   -1.82   -64.40 
-2.95   -1.82   -64.66 
-2.87   -1.82   -64.67 
-2.79   -1.82   -64.47 
-2.71   -1.82   -64.07 
-2.63   -1.82   -63.49 
-2.55   -1.82   -62.74 
-2.46   -1.82   -61.84 
-2.38   -1.82   -60.80 
-2.30   -1.82   -59.65 
-2.22   -1.82   -58.40 
-2.14   -1.82   -57.05 
-2.06   -1.82   -55.63 
-1.98   -1.82   -54.15 
-1.90   -1.82   -52.62 
-1.82   -1.82   -51.06 
-1.74   -1.82   -49.46 
-1.66   -1.82   -47.86 
-1.58   -1.82   -46.25 
-1.49   -1.82   -44.65 
-1.41   -1.82   -43.06 
-1.33   -1.82   -41.50 
-1.25   -1.82   -39.98 
-1.17   -1.82   -38.50 
-1.09   -1.82   -37.07 
-1.01   -1.82   -35.69 
-0.93   -1.82   -34.39 
-0.85   -1.82   -33.15 
-0.77   -1.82   -31.99 
-0.69   -1.82   -30.91 
-0.61   -1.82   -29.91 
-0.53   -1.82   -29.01 
-0.44   -1.82   -28.20 
-0.36   -1.82   -27.49 
-0.28   -1.82   -26.87 
-0.20   -1.82   -26.36 
-0.12   -1.82   -25.95 
-0.04   -1.82   -25.64 
0.04    -1.82   -25.44 
0.12    -1.82   -25.34 
0.20    -1.82   -25.35 
0.28    -1.82   -25.46 
0.36    -1.82   -25.67 
0.44    -1.82   -25.98 
0.53    -1.82   -26.38 
0.61    -1.82   -26.88 
0.69    -1.82   -27.47 
0.77    -1.82   -28.15 
0.85    -1.82   -28.91 
0.93    -1.82   -29.74 
1.01    -1.82   -30.64 
1.09    -1.82   -31.61 
1.17    -1.82   -32.64 
1.25    -1.82   -33.72 
1.33    -1.82   -34.84 
1.41    -1.82   -35.99 
1.49    -1.82   -37.17 
1.58    -1.82   -38.37 
1.66    -1.82   -39.57 
1.74    -1.82   -40.78 
1.82    -1.82   -41.96 
1.90    -1.82   -43.13 
1.98    -1.82   -44.25 
2.06    -1.82   -45.33 
2.14    -1.82   -46.35 
2.22    -1.82   -47.28 
2.30    -1.82   -48.14 
2.38    -1.82   -48.88 
2.46    -1.82   -49.51 
2.55    -1.82   -50.01 
2.63    -1.82   -50.35 
2.71    -1.82   -50.53 
2.79    -1.82   -50.53 
2.87    -1.82   -50.33 
2.95    -1.82   -49.91 
3.03    -1.82   -49.25 
3.11    -1.82   -48.34 
3.19    -1.82   -47.15 
3.27    -1.82   -45.67 
3.35    -1.82   -43.87 
3.43    -1.82   -41.74 
3.52    -1.82   -39.25 
3.60    -1.82   -36.38 
3.68    -1.82   -33.11 
3.76    -1.82   -29.41 
3.84    -1.82   -25.26 
3.92    -1.82   -20.64 
4.00    -1.82   -15.53 
-4.00   -1.74   -33.94 
-3.92   -1.74   -38.65 
-3.84   -1.74   -42.86 
-3.76   -1.74   -46.61 
-3.68   -1.74   -49.90 
-3.60   -1.74   -52.77 
-3.52   -1.74   -55.23 
-3.43   -1.74   -57.32 
-3.35   -1.74   -59.05 
-3.27   -1.74   -60.44 
-3.19   -1.74   -61.52 
-3.11   -1.74   -62.30 
-3.03   -1.74   -62.81 
-2.95   -1.74   -63.06 
-2.87   -1.74   -63.08 
-2.79   -1.74   -62.88 
-2.71   -1.74   -62.48 
-2.63   -1.74   -61.89 
-2.55   -1.74   -61.14 
-2.46   -1.74   -60.24 
-2.38   -1.74   -59.21 
-2.30   -1.74   -58.06 
-2.22   -1.74   -56.80 
-2.14   -1.74   -55.46 
-2.06   -1.74   -54.04 
-1.98   -1.74   -52.56 
-1.90   -1.74   -51.03 
-1.82   -1.74   -49.46 
-1.74   -1.74   -47.87 
-1.66   -1.74   -46.27 
-1.58   -1.74   -44.66 
-1.49   -1.74   -43.05 
-1.41   -1.74   -41.47 
-1.33   -1.74   -39.91 
-1.25   -1.74   -38.39 
-1.17   -1.74   -36.91 
-1.09   -1.74   -35.48 
-1.01   -1.74   -34.10 
-0.93   -1.74   -32.79 
-0.85   -1.74   -31.56 
-0.77   -1.74   -30.40 
-0.69   -1.74   -29.32 
-0.61   -1.74   -28.32 
-0.53   -1.74   -27.42 
-0.44   -1.74   -26.61 
-0.36   -1.74   -25.89 
-0.28   -1.74   -25.28 
-0.20   -1.74   -24.77 
-0.12   -1.74   -24.36 
-0.04   -1.74   -24.05 
0.04    -1.74   -23.85 
0.12    -1.74   -23.75 
0.20    -1.74   -23.76 
0.28    -1.74   -23.87 
0.36    -1.74   -24.08 
0.44    -1.74   -24.39 
0.53    -1.74   -24.79 
0.61    -1.74   -25.29 
0.69    -1.74   -25.88 
0.77    -1.74   -26.56 
0.85    -1.74   -27.31 
0.93    -1.74   -28.15 
1.01    -1.74   -29.05 
1.09    -1.74   -30.02 
1.17    -1.74   -31.05 
1.25    -1.74   -32.12 
1.33    -1.74   -33.24 
1.41    -1.74   -34.40 
1.49    -1.74   -35.58 
1.58    -1.74   -36.78 
1.66    -1.74   -37.98 
1.74    -1.74   -39.18 
1.82    -1.74   -40.37 
1.90    -1.74   -41.54 
1.98    -1.74   -42.66 
2.06    -1.74   -43.74 
2.14    -1.74   -44.75 
2.22    -1.74   -45.69 
2.30    -1.74   -46.54 
2.38    -1.74   -47.29 
2.46    -1.74   -47.92 
2.55    -1.74   -48.42 
2.63    -1.74   -48.76 
2.71    -1.74   -48.94 
2.79    -1.74   -48.94 
2.87    -1.74   -48.74 
2.95    -1.74   -48.32 
3.03    -1.74   -47.66 
3.11    -1.74   -46.75 
3.19    -1.74   -45.56 
3.27    -1.74   -44.08 
3.35    -1.74   -42.28 
3.43    -1.74   -40.15 
3.52    -1.74   -37.66 
3.60    -1.74   -34.79 
3.68    -1.74   -31.52 
3.76    -1.74   -27.82 
3.84    -1.74   -23.67 
3.92    -1.74   -19.05 
4.00    -1.74   -13.94 
-4.00   -1.66   -32.33 
-3.92   -1.66   -37.04 
-3.84   -1.66   -41.26 
-3.76   -1.66   -45.00 
-3.68   -1.66   -48.29 
-3.60   -1.66   -51.16 
-3.52   -1.66   -53.63 
-3.43   -1.66   -55.72 
-3.35   -1.66   -57.44 
-3.27   -1.66   -58.84 
-3.19   -1.66   -59.92 
-3.11   -1.66   -60.70 
-3.03   -1.66   -61.21 
-2.95   -1.66   -61.46 
-2.87   -1.66   -61.48 
-2.79   -1.66   -61.27 
-2.71   -1.66   -60.87 
-2.63   -1.66   -60.29 
-2.55   -1.66   -59.54 
-2.46   -1.66   -58.64 
-2.38   -1.66   -57.60 
-2.30   -1.66   -56.45 
-2.22   -1.66   -55.20 
-2.14   -1.66   -53.85 
-2.06   -1.66   -52.44 
-1.98   -1.66   -50.95 
-1.90   -1.66   -49.42 
-1.82   -1.66   -47.86 
-1.74   -1.66   -46.27 
-1.66   -1.66   -44.66 
-1.58   -1.66   -43.05 
-1.49   -1.66   -41.45 
-1.41   -1.66   -39.86 
-1.33   -1.66   -38.31 
-1.25   -1.66   -36.78 
-1.17   -1.66   -35.30 
-1.09   -1.66   -33.87 
-1.01   -1.66   -32.50 
-0.93   -1.66   -31.19 
-0.85   -1.66   -29.95 
-0.77   -1.66   -28.79 
-0.69   -1.66   -27.71 
-0.61   -1.66   -26.72 
-0.53   -1.66   -25.81 
-0.44   -1.66   -25.00 
-0.36   -1.66   -24.29 
-0.28   -1.66   -23.67 
-0.20   -1.66   -23.16 
-0.12   -1.66   -22.75 
-0.04   -1.66   -22.44 
0.04    -1.66   -22.24 
0.12    -1.66   -22.14 
0.20    -1.66   -22.15 
0.28    -1.66   -22.26 
0.36    -1.66   -22.47 
0.44    -1.66   -22.78 
0.53    -1.66   -23.19 
0.61    -1.66   -23.69 
0.69    -1.66   -24.28 
0.77    -1.66   -24.95 
0.85    -1.66   -25.71 
0.93    -1.66   -26.54 
1.01    -1.66   -27.45 
1.09    -1.66   -28.41 
1.17    -1.66   -29.44 
1.25    -1.66   -30.52 
1.33    -1.66   -31.64 
1.41    -1.66   -32.79 
1.49    -1.66   -33.97 
1.58    -1.66   -35.17 
1.66    -1.66   -36.38 
1.74    -1.66   -37.58 
1.82    -1.66   -38.77 
1.90    -1.66   -39.93 
1.98    -1.66   -41.06 
2.06    -1.66   -42.13 
2.14    -1.66   -43.15 
2.22    -1.66   -44.09 
2.30    -1.66   -44.94 
2.38    -1.66   -45.69 
2.46    -1.66   -46.31 
2.55    -1.66   -46.81 
2.63    -1.66   -47.16 
2.71    -1.66   -47.34 
2.79    -1.66   -47.33 
2.87    -1.66   -47.13 
2.95    -1.66   -46.71 
3.03    -1.66   -46.05 
3.11    -1.66   -45.14 
3.19    -1.66   -43.96 
3.27    -1.66   -42.47 
3.35    -1.66   -40.68 
3.43    -1.66   -38.54 
3.52    -1.66   -36.05 
3.60    -1.66   -33.18 
3.68    -1.66   -29.91 
3.76    -1.66   -26.21 
3.84    -1.66   -22.07 
3.92    -1.66   -17.45 
4.00    -1.66   -12.33 
-4.00   -1.58   -30.72 
-3.92   -1.58   -35.43 
-3.84   -1.58   -39.65 
-3.76   -1.58   -43.39 
-3.68   -1.58   -46.69 
-3.60   -1.58   -49.55 
-3.52   -1.58   -52.02 
-3.43   -1.58   -54.11 
-3.35   -1.58   -55.84 
-3.27   -1.58   -57.23 
-3.19   -1.58   -58.31 
-3.11   -1.58   -59.09 
-3.03   -1.58   -59.60 
-2.95   -1.58   -59.85 
-2.87   -1.58   -59.87 
-2.79   -1.58   -59.66 
-2.71   -1.58   -59.26 
-2.63   -1.58   -58.68 
-2.55   -1.58   -57.93 
-2.46   -1.58   -57.03 
-2.38   -1.58   -56.00 
-2.30   -1.58   -54.84 
-2.22   -1.58   -53.59 
-2.14   -1.58   -52.25 
-2.06   -1.58   -50.83 
-1.98   -1.58   -49.35 
-1.90   -1.58   -47.82 
-1.82   -1.58   -46.25 
-1.74   -1.58   -44.66 
-1.66   -1.58   -43.05 
-1.58   -1.58   -41.44 
-1.49   -1.58   -39.84 
-1.41   -1.58   -38.25 
-1.33   -1.58   -36.70 
-1.25   -1.58   -35.17 
-1.17   -1.58   -33.69 
-1.09   -1.58   -32.26 
-1.01   -1.58   -30.89 
-0.93   -1.58   -29.58 
-0.85   -1.58   -28.34 
-0.77   -1.58   -27.18 
-0.69   -1.58   -26.10 
-0.61   -1.58   -25.11 
-0.53   -1.58   -24.20 
-0.44   -1.58   -23.39 
-0.36   -1.58   -22.68 
-0.28   -1.58   -22.06 
-0.20   -1.58   -21.55 
-0.12   -1.58   -21.14 
-0.04   -1.58   -20.83 
0.04    -1.58   -20.63 
0.12    -1.58   -20.54 
0.20    -1.58   -20.54 
0.28    -1.58   -20.65 
0.36    -1.58   -20.86 
0.44    -1.58   -21.17 
0.53    -1.58   -21.58 
0.61    -1.58   -22.08 
0.69    -1.58   -22.67 
0.77    -1.58   -23.34 
0.85    -1.58   -24.10 
0.93    -1.58   -24.93 
1.01    -1.58   -25.84 
1.09    -1.58   -26.81 
1.17    -1.58   -27.83 
1.25    -1.58   -28.91 
1.33    -1.58   -30.03 
1.41    -1.58   -31.18 
1.49    -1.58   -32.37 
1.58    -1.58   -33.56 
1.66    -1.58   -34.77 
1.74    -1.58   -35.97 
1.82    -1.58   -37.16 
1.90    -1.58   -38.32 
1.98    -1.58   -39.45 
2.06    -1.58   -40.52 
2.14    -1.58   -41.54 
2.22    -1.58   -42.48 
2.30    -1.58   -43.33 
2.38    -1.58   -44.08 
2.46    -1.58   -44.71 
2.55    -1.58   -45.20 
2.63    -1.58   -45.55 
2.71    -1.58   -45.73 
2.79    -1.58   -45.73 
2.87    -1.58   -45.52 
2.95    -1.58   -45.10 
3.03    -1.58   -44.45 
3.11    -1.58   -43.53 
3.19    -1.58   -42.35 
3.27    -1.58   -40.86 
3.35    -1.58   -39.07 
3.43    -1.58   -36.94 
3.52    -1.58   -34.44 
3.60    -1.58   -31.57 
3.68    -1.58   -28.30 
3.76    -1.58   -24.60 
3.84    -1.58   -20.46 
3.92    -1.58   -15.84 
4.00    -1.58   -10.72 
-4.00   -1.49   -29.12 
-3.92   -1.49   -33.83 
-3.84   -1.49   -38.05 
-3.76   -1.49   -41.79 
-3.68   -1.49   -45.08 
-3.60   -1.49   -47.95 
-3.52   -1.49   -50.42 
-3.43   -1.49   -52.50 
-3.35   -1.49   -54.23 
-3.27   -1.49   -55.63 
-3.19   -1.49   -56.70 
-3.11   -1.49   -57.49 
-3.03   -1.49   -58.00 
-2.95   -1.49   -58.25 
-2.87   -1.49   -58.26 
-2.79   -1.49   -58.06 
-2.71   -1.49   -57.66 
-2.63   -1.49   -57.08 
-2.55   -1.49   -56.33 
-2.46   -1.49   -55.43 
-2.38   -1.49   -54.39 
-2.30   -1.49   -53.24 
-2.22   -1.49   -51.99 
-2.14   -1.49   -50.64 
-2.06   -1.49   -49.22 
-1.98   -1.49   -47.74 
-1.90   -1.49   -46.21 
-1.82   -1.49   -44.65 
-1.74   -1.49   -43.05 
-1.66   -1.49   -41.45 
-1.58   -1.49   -39.84 
-1.49   -1.49   -38.24 
-1.41   -1.49   -36.65 
-1.33   -1.49   -35.09 
-1.25   -1.49   -33.57 
-1.17   -1.49   -32.09 
-1.09   -1.49   -30.66 
-1.01   -1.49   -29.29 
-0.93   -1.49   -27.98 
-0.85   -1.49   -26.74 
-0.77   -1.49   -25.58 
-0.69   -1.49   -24.50 
-0.61   -1.49   -23.51 
-0.53   -1.49   -22.60 
-0.44   -1.49   -21.79 
-0.36   -1.49   -21.08 
-0.28   -1.49   -20.46 
-0.20   -1.49   -19.95 
-0.12   -1.49   -19.54 
-0.04   -1.49   -19.23 
0.04    -1.49   -19.03 
0.12    -1.49   -18.93 
0.20    -1.49   -18.94 
0.28    -1.49   -19.05 
0.36    -1.49   -19.26 
0.44    -1.49   -19.57 
0.53    -1.49   -19.97 
0.61    -1.49   -20.47 
0.69    -1.49   -21.06 
0.77    -1.49   -21.74 
0.85    -1.49   -22.50 
0.93    -1.49   -23.33 
1.01    -1.49   -24.24 
1.09    -1.49   -25.20 
1.17    -1.49   -26.23 
1.25    -1.49   -27.31 
1.33    -1.49   -28.43 
1.41    -1.49   -29.58 
1.49    -1.49   -30.76 
1.58    -1.49   -31.96 
1.66    -1.49   -33.17 
1.74    -1.49   -34.37 
1.82    -1.49   -35.56 
1.90    -1.49   -36.72 
1.98    -1.49   -37.84 
2.06    -1.49   -38.92 
2.14    -1.49   -39.94 
2.22    -1.49   -40.88 
2.30    -1.49   -41.73 
2.38    -1.49   -42.47 
2.46    -1.49   -43.10 
2.55    -1.49   -43.60 
2.63    -1.49   -43.95 
2.71    -1.49   -44.13 
2.79    -1.49   -44.12 
2.87    -1.49   -43.92 
2.95    -1.49   -43.50 
3.03    -1.49   -42.84 
3.11    -1.49   -41.93 
3.19    -1.49   -40.74 
3.27    -1.49   -39.26 
3.35    -1.49   -37.47 
3.43    -1.49   -35.33 
3.52    -1.49   -32.84 
3.60    -1.49   -29.97 
3.68    -1.49   -26.70 
3.76    -1.49   -23.00 
3.84    -1.49   -18.86 
3.92    -1.49   -14.24 
4.00    -1.49   -9.12  
-4.00   -1.41   -27.53 
-3.92   -1.41   -32.25 
-3.84   -1.41   -36.46 
-3.76   -1.41   -40.20 
-3.68   -1.41   -43.50 
-3.60   -1.41   -46.37 
-3.52   -1.41   -48.83 
-3.43   -1.41   -50.92 
-3.35   -1.41   -52.65 
-3.27   -1.41   -54.04 
-3.19   -1.41   -55.12 
-3.11   -1.41   -55.90 
-3.03   -1.41   -56.41 
-2.95   -1.41   -56.66 
-2.87   -1.41   -56.68 
-2.79   -1.41   -56.48 
-2.71   -1.41   -56.08 
-2.63   -1.41   -55.49 
-2.55   -1.41   -54.74 
-2.46   -1.41   -53.84 
-2.38   -1.41   -52.81 
-2.30   -1.41   -51.66 
-2.22   -1.41   -50.40 
-2.14   -1.41   -49.06 
-2.06   -1.41   -47.64 
-1.98   -1.41   -46.16 
-1.90   -1.41   -44.63 
-1.82   -1.41   -43.06 
-1.74   -1.41   -41.47 
-1.66   -1.41   -39.86 
-1.58   -1.41   -38.25 
-1.49   -1.41   -36.65 
-1.41   -1.41   -35.07 
-1.33   -1.41   -33.51 
-1.25   -1.41   -31.99 
-1.17   -1.41   -30.50 
-1.09   -1.41   -29.07 
-1.01   -1.41   -27.70 
-0.93   -1.41   -26.39 
-0.85   -1.41   -25.16 
-0.77   -1.41   -23.99 
-0.69   -1.41   -22.91 
-0.61   -1.41   -21.92 
-0.53   -1.41   -21.02 
-0.44   -1.41   -20.21 
-0.36   -1.41   -19.49 
-0.28   -1.41   -18.88 
-0.20   -1.41   -18.36 
-0.12   -1.41   -17.95 
-0.04   -1.41   -17.65 
0.04    -1.41   -17.45 
0.12    -1.41   -17.35 
0.20    -1.41   -17.35 
0.28    -1.41   -17.46 
0.36    -1.41   -17.67 
0.44    -1.41   -17.98 
0.53    -1.41   -18.39 
0.61    -1.41   -18.89 
0.69    -1.41   -19.48 
0.77    -1.41   -20.16 
0.85    -1.41   -20.91 
0.93    -1.41   -21.75 
1.01    -1.41   -22.65 
1.09    -1.41   -23.62 
1.17    -1.41   -24.65 
1.25    -1.41   -25.72 
1.33    -1.41   -26.84 
1.41    -1.41   -28.00 
1.49    -1.41   -29.18 
1.58    -1.41   -30.38 
1.66    -1.41   -31.58 
1.74    -1.41   -32.78 
1.82    -1.41   -33.97 
1.90    -1.41   -35.13 
1.98    -1.41   -36.26 
2.06    -1.41   -37.34 
2.14    -1.41   -38.35 
2.22    -1.41   -39.29 
2.30    -1.41   -40.14 
2.38    -1.41   -40.89 
2.46    -1.41   -41.52 
2.55    -1.41   -42.01 
2.63    -1.41   -42.36 
2.71    -1.41   -42.54 
2.79    -1.41   -42.54 
2.87    -1.41   -42.34 
2.95    -1.41   -41.92 
3.03    -1.41   -41.26 
3.11    -1.41   -40.35 
3.19    -1.41   -39.16 
3.27    -1.41   -37.68 
3.35    -1.41   -35.88 
3.43    -1.41   -33.75 
3.52    -1.41   -31.26 
3.60    -1.41   -28.39 
3.68    -1.41   -25.11 
3.76    -1.41   -21.42 
3.84    -1.41   -17.27 
3.92    -1.41   -12.65 
4.00    -1.41   -7.53  
-4.00   -1.33   -25.98 
-3.92   -1.33   -30.69 
-3.84   -1.33   -34.90 
-3.76   -1.33   -38.65 
-3.68   -1.33   -41.94 
-3.60   -1.33   -44.81 
-3.52   -1.33   -47.27 
-3.43   -1.33   -49.36 
-3.35   -1.33   -51.09 
-3.27   -1.33   -52.48 
-3.19   -1.33   -53.56 
-3.11   -1.33   -54.34 
-3.03   -1.33   -54.85 
-2.95   -1.33   -55.10 
-2.87   -1.33   -55.12 
-2.79   -1.33   -54.92 
-2.71   -1.33   -54.52 
-2.63   -1.33   -53.93 
-2.55   -1.33   -53.18 
-2.46   -1.33   -52.28 
-2.38   -1.33   -51.25 
-2.30   -1.33   -50.10 
-2.22   -1.33   -48.84 
-2.14   -1.33   -47.50 
-2.06   -1.33   -46.08 
-1.98   -1.33   -44.60 
-1.90   -1.33   -43.07 
-1.82   -1.33   -41.50 
-1.74   -1.33   -39.91 
-1.66   -1.33   -38.31 
-1.58   -1.33   -36.70 
-1.49   -1.33   -35.09 
-1.41   -1.33   -33.51 
-1.33   -1.33   -31.95 
-1.25   -1.33   -30.43 
-1.17   -1.33   -28.95 
-1.09   -1.33   -27.52 
-1.01   -1.33   -26.14 
-0.93   -1.33   -24.83 
-0.85   -1.33   -23.60 
-0.77   -1.33   -22.44 
-0.69   -1.33   -21.36 
-0.61   -1.33   -20.36 
-0.53   -1.33   -19.46 
-0.44   -1.33   -18.65 
-0.36   -1.33   -17.93 
-0.28   -1.33   -17.32 
-0.20   -1.33   -16.81 
-0.12   -1.33   -16.40 
-0.04   -1.33   -16.09 
0.04    -1.33   -15.89 
0.12    -1.33   -15.79 
0.20    -1.33   -15.80 
0.28    -1.33   -15.90 
0.36    -1.33   -16.12 
0.44    -1.33   -16.42 
0.53    -1.33   -16.83 
0.61    -1.33   -17.33 
0.69    -1.33   -17.92 
0.77    -1.33   -18.60 
0.85    -1.33   -19.35 
0.93    -1.33   -20.19 
1.01    -1.33   -21.09 
1.09    -1.33   -22.06 
1.17    -1.33   -23.09 
1.25    -1.33   -24.16 
1.33    -1.33   -25.28 
1.41    -1.33   -26.44 
1.49    -1.33   -27.62 
1.58    -1.33   -28.82 
1.66    -1.33   -30.02 
1.74    -1.33   -31.22 
1.82    -1.33   -32.41 
1.90    -1.33   -33.57 
1.98    -1.33   -34.70 
2.06    -1.33   -35.78 
2.14    -1.33   -36.79 
2.22    -1.33   -37.73 
2.30    -1.33   -38.58 
2.38    -1.33   -39.33 
2.46    -1.33   -39.96 
2.55    -1.33   -40.46 
2.63    -1.33   -40.80 
2.71    -1.33   -40.98 
2.79    -1.33   -40.98 
2.87    -1.33   -40.78 
2.95    -1.33   -40.36 
3.03    -1.33   -39.70 
3.11    -1.33   -38.79 
3.19    -1.33   -37.60 
3.27    -1.33   -36.12 
3.35    -1.33   -34.32 
3.43    -1.33   -32.19 
3.52    -1.33   -29.70 
3.60    -1.33   -26.83 
3.68    -1.33   -23.56 
3.76    -1.33   -19.86 
3.84    -1.33   -15.71 
3.92    -1.33   -11.09 
4.00    -1.33   -5.98  
-4.00   -1.25   -24.45 
-3.92   -1.25   -29.16 
-3.84   -1.25   -33.38 
-3.76   -1.25   -37.12 
-3.68   -1.25   -40.42 
-3.60   -1.25   -43.28 
-3.52   -1.25   -45.75 
-3.43   -1.25   -47.84 
-3.35   -1.25   -49.57 
-3.27   -1.25   -50.96 
-3.19   -1.25   -52.04 
-3.11   -1.25   -52.82 
-3.03   -1.25   -53.33 
-2.95   -1.25   -53.58 
-2.87   -1.25   -53.60 
-2.79   -1.25   -53.40 
-2.71   -1.25   -52.99 
-2.63   -1.25   -52.41 
-2.55   -1.25   -51.66 
-2.46   -1.25   -50.76 
-2.38   -1.25   -49.73 
-2.30   -1.25   -48.57 
-2.22   -1.25   -47.32 
-2.14   -1.25   -45.98 
-2.06   -1.25   -44.56 
-1.98   -1.25   -43.08 
-1.90   -1.25   -41.55 
-1.82   -1.25   -39.98 
-1.74   -1.25   -38.39 
-1.66   -1.25   -36.78 
-1.58   -1.25   -35.17 
-1.49   -1.25   -33.57 
-1.41   -1.25   -31.99 
-1.33   -1.25   -30.43 
-1.25   -1.25   -28.90 
-1.17   -1.25   -27.42 
-1.09   -1.25   -25.99 
-1.01   -1.25   -24.62 
-0.93   -1.25   -23.31 
-0.85   -1.25   -22.07 
-0.77   -1.25   -20.91 
-0.69   -1.25   -19.83 
-0.61   -1.25   -18.84 
-0.53   -1.25   -17.93 
-0.44   -1.25   -17.12 
-0.36   -1.25   -16.41 
-0.28   -1.25   -15.80 
-0.20   -1.25   -15.28 
-0.12   -1.25   -14.87 
-0.04   -1.25   -14.57 
0.04    -1.25   -14.36 
0.12    -1.25   -14.27 
0.20    -1.25   -14.27 
0.28    -1.25   -14.38 
0.36    -1.25   -14.59 
0.44    -1.25   -14.90 
0.53    -1.25   -15.31 
0.61    -1.25   -15.81 
0.69    -1.25   -16.40 
0.77    -1.25   -17.07 
0.85    -1.25   -17.83 
0.93    -1.25   -18.66 
1.01    -1.25   -19.57 
1.09    -1.25   -20.54 
1.17    -1.25   -21.56 
1.25    -1.25   -22.64 
1.33    -1.25   -23.76 
1.41    -1.25   -24.91 
1.49    -1.25   -26.10 
1.58    -1.25   -27.29 
1.66    -1.25   -28.50 
1.74    -1.25   -29.70 
1.82    -1.25   -30.89 
1.90    -1.25   -32.05 
1.98    -1.25   -33.18 
2.06    -1.25   -34.25 
2.14    -1.25   -35.27 
2.22    -1.25   -36.21 
2.30    -1.25   -37.06 
2.38    -1.25   -37.81 
2.46    -1.25   -38.44 
2.55    -1.25   -38.93 
2.63    -1.25   -39.28 
2.71    -1.25   -39.46 
2.79    -1.25   -39.46 
2.87    -1.25   -39.25 
2.95    -1.25   -38.83 
3.03    -1.25   -38.18 
3.11    -1.25   -37.26 
3.19    -1.25   -36.08 
3.27    -1.25   -34.60 
3.35    -1.25   -32.80 
3.43    -1.25   -30.67 
3.52    -1.25   -28.17 
3.60    -1.25   -25.30 
3.68    -1.25   -22.03 
3.76    -1.25   -18.33 
3.84    -1.25   -14.19 
3.92    -1.25   -9.57  
4.00    -1.25   -4.45  
-4.00   -1.17   -22.97 
-3.92   -1.17   -27.68 
-3.84   -1.17   -31.90 
-3.76   -1.17   -35.64 
-3.68   -1.17   -38.93 
-3.60   -1.17   -41.80 
-3.52   -1.17   -44.27 
-3.43   -1.17   -46.36 
-3.35   -1.17   -48.09 
-3.27   -1.17   -49.48 
-3.19   -1.17   -50.56 
-3.11   -1.17   -51.34 
-3.03   -1.17   -51.85 
-2.95   -1.17   -52.10 
-2.87   -1.17   -52.12 
-2.79   -1.17   -51.91 
-2.71   -1.17   -51.51 
-2.63   -1.17   -50.93 
-2.55   -1.17   -50.18 
-2.46   -1.17   -49.28 
-2.38   -1.17   -48.24 
-2.30   -1.17   -47.09 
-2.22   -1.17   -45.84 
-2.14   -1.17   -44.49 
-2.06   -1.17   -43.08 
-1.98   -1.17   -41.59 
-1.90   -1.17   -40.06 
-1.82   -1.17   -38.50 
-1.74   -1.17   -36.91 
-1.66   -1.17   -35.30 
-1.58   -1.17   -33.69 
-1.49   -1.17   -32.09 
-1.41   -1.17   -30.50 
-1.33   -1.17   -28.95 
-1.25   -1.17   -27.42 
-1.17   -1.17   -25.94 
-1.09   -1.17   -24.51 
-1.01   -1.17   -23.14 
-0.93   -1.17   -21.83 
-0.85   -1.17   -20.59 
-0.77   -1.17   -19.43 
-0.69   -1.17   -18.35 
-0.61   -1.17   -17.36 
-0.53   -1.17   -16.45 
-0.44   -1.17   -15.64 
-0.36   -1.17   -14.93 
-0.28   -1.17   -14.31 
-0.20   -1.17   -13.80 
-0.12   -1.17   -13.39 
-0.04   -1.17   -13.08 
0.04    -1.17   -12.88 
0.12    -1.17   -12.78 
0.20    -1.17   -12.79 
0.28    -1.17   -12.90 
0.36    -1.17   -13.11 
0.44    -1.17   -13.42 
0.53    -1.17   -13.83 
0.61    -1.17   -14.33 
0.69    -1.17   -14.92 
0.77    -1.17   -15.59 
0.85    -1.17   -16.35 
0.93    -1.17   -17.18 
1.01    -1.17   -18.09 
1.09    -1.17   -19.06 
1.17    -1.17   -20.08 
1.25    -1.17   -21.16 
1.33    -1.17   -22.28 
1.41    -1.17   -23.43 
1.49    -1.17   -24.61 
1.58    -1.17   -25.81 
1.66    -1.17   -27.02 
1.74    -1.17   -28.22 
1.82    -1.17   -29.41 
1.90    -1.17   -30.57 
1.98    -1.17   -31.70 
2.06    -1.17   -32.77 
2.14    -1.17   -33.79 
2.22    -1.17   -34.73 
2.30    -1.17   -35.58 
2.38    -1.17   -36.33 
2.46    -1.17   -36.95 
2.55    -1.17   -37.45 
2.63    -1.17   -37.80 
2.71    -1.17   -37.98 
2.79    -1.17   -37.97 
2.87    -1.17   -37.77 
2.95    -1.17   -37.35 
3.03    -1.17   -36.70 
3.11    -1.17   -35.78 
3.19    -1.17   -34.60 
3.27    -1.17   -33.11 
3.35    -1.17   -31.32 
3.43    -1.17   -29.18 
3.52    -1.17   -26.69 
3.60    -1.17   -23.82 
3.68    -1.17   -20.55 
3.76    -1.17   -16.85 
3.84    -1.17   -12.71 
3.92    -1.17   -8.09  
4.00    -1.17   -2.97  
-4.00   -1.09   -21.54 
-3.92   -1.09   -26.25 
-3.84   -1.09   -30.47 
-3.76   -1.09   -34.21 
-3.68   -1.09   -37.50 
-3.60   -1.09   -40.37 
-3.52   -1.09   -42.84 
-3.43   -1.09   -44.93 
-3.35   -1.09   -46.65 
-3.27   -1.09   -48.05 
-3.19   -1.09   -49.13 
-3.11   -1.09   -49.91 
-3.03   -1.09   -50.42 
-2.95   -1.09   -50.67 
-2.87   -1.09   -50.69 
-2.79   -1.09   -50.48 
-2.71   -1.09   -50.08 
-2.63   -1.09   -49.50 
-2.55   -1.09   -48.75 
-2.46   -1.09   -47.85 
-2.38   -1.09   -46.81 
-2.30   -1.09   -45.66 
-2.22   -1.09   -44.41 
-2.14   -1.09   -43.06 
-2.06   -1.09   -41.65 
-1.98   -1.09   -40.16 
-1.90   -1.09   -38.63 
-1.82   -1.09   -37.07 
-1.74   -1.09   -35.48 
-1.66   -1.09   -33.87 
-1.58   -1.09   -32.26 
-1.49   -1.09   -30.66 
-1.41   -1.09   -29.07 
-1.33   -1.09   -27.52 
-1.25   -1.09   -25.99 
-1.17   -1.09   -24.51 
-1.09   -1.09   -23.08 
-1.01   -1.09   -21.71 
-0.93   -1.09   -20.40 
-0.85   -1.09   -19.16 
-0.77   -1.09   -18.00 
-0.69   -1.09   -16.92 
-0.61   -1.09   -15.93 
-0.53   -1.09   -15.02 
-0.44   -1.09   -14.21 
-0.36   -1.09   -13.50 
-0.28   -1.09   -12.88 
-0.20   -1.09   -12.37 
-0.12   -1.09   -11.96 
-0.04   -1.09   -11.65 
0.04    -1.09   -11.45 
0.12    -1.09   -11.35 
0.20    -1.09   -11.36 
0.28    -1.09   -11.47 
0.36    -1.09   -11.68 
0.44    -1.09   -11.99 
0.53    -1.09   -12.40 
0.61    -1.09   -12.90 
0.69    -1.09   -13.49 
0.77    -1.09   -14.16 
0.85    -1.09   -14.92 
0.93    -1.09   -15.75 
1.01    -1.09   -16.66 
1.09    -1.09   -17.63 
1.17    -1.09   -18.65 
1.25    -1.09   -19.73 
1.33    -1.09   -20.85 
1.41    -1.09   -22.00 
1.49    -1.09   -23.18 
1.58    -1.09   -24.38 
1.66    -1.09   -25.59 
1.74    -1.09   -26.79 
1.82    -1.09   -27.98 
1.90    -1.09   -29.14 
1.98    -1.09   -30.27 
2.06    -1.09   -31.34 
2.14    -1.09   -32.36 
2.22    -1.09   -33.30 
2.30    -1.09   -34.15 
2.38    -1.09   -34.90 
2.46    -1.09   -35.52 
2.55    -1.09   -36.02 
2.63    -1.09   -36.37 
2.71    -1.09   -36.55 
2.79    -1.09   -36.54 
2.87    -1.09   -36.34 
2.95    -1.09   -35.92 
3.03    -1.09   -35.26 
3.11    -1.09   -34.35 
3.19    -1.09   -33.17 
3.27    -1.09   -31.68 
3.35    -1.09   -29.89 
3.43    -1.09   -27.75 
3.52    -1.09   -25.26 
3.60    -1.09   -22.39 
3.68    -1.09   -19.12 
3.76    -1.09   -15.42 
3.84    -1.09   -11.28 
3.92    -1.09   -6.66  
4.00    -1.09   -1.54  
-4.00   -1.01   -20.17 
-3.92   -1.01   -24.88 
-3.84   -1.01   -29.10 
-3.76   -1.01   -32.84 
-3.68   -1.01   -36.13 
-3.60   -1.01   -39.00 
-3.52   -1.01   -41.47 
-3.43   -1.01   -43.55 
-3.35   -1.01   -45.28 
-3.27   -1.01   -46.67 
-3.19   -1.01   -47.75 
-3.11   -1.01   -48.54 
-3.03   -1.01   -49.04 
-2.95   -1.01   -49.30 
-2.87   -1.01   -49.31 
-2.79   -1.01   -49.11 
-2.71   -1.01   -48.71 
-2.63   -1.01   -48.12 
-2.55   -1.01   -47.37 
-2.46   -1.01   -46.47 
-2.38   -1.01   -45.44 
-2.30   -1.01   -44.29 
-2.22   -1.01   -43.04 
-2.14   -1.01   -41.69 
-2.06   -1.01   -40.27 
-1.98   -1.01   -38.79 
-1.90   -1.01   -37.26 
-1.82   -1.01   -35.69 
-1.74   -1.01   -34.10 
-1.66   -1.01   -32.50 
-1.58   -1.01   -30.89 
-1.49   -1.01   -29.29 
-1.41   -1.01   -27.70 
-1.33   -1.01   -26.14 
-1.25   -1.01   -24.62 
-1.17   -1.01   -23.14 
-1.09   -1.01   -21.71 
-1.01   -1.01   -20.33 
-0.93   -1.01   -19.03 
-0.85   -1.01   -17.79 
-0.77   -1.01   -16.63 
-0.69   -1.01   -15.55 
-0.61   -1.01   -14.55 
-0.53   -1.01   -13.65 
-0.44   -1.01   -12.84 
-0.36   -1.01   -12.13 
-0.28   -1.01   -11.51 
-0.20   -1.01   -11.00 
-0.12   -1.01   -10.59 
-0.04   -1.01   -10.28 
0.04    -1.01   -10.08 
0.12    -1.01   -9.98  
0.20    -1.01   -9.99  
0.28    -1.01   -10.10 
0.36    -1.01   -10.31 
0.44    -1.01   -10.62 
0.53    -1.01   -11.02 
0.61    -1.01   -11.52 
0.69    -1.01   -12.11 
0.77    -1.01   -12.79 
0.85    -1.01   -13.55 
0.93    -1.01   -14.38 
1.01    -1.01   -15.28 
1.09    -1.01   -16.25 
1.17    -1.01   -17.28 
1.25    -1.01   -18.36 
1.33    -1.01   -19.48 
1.41    -1.01   -20.63 
1.49    -1.01   -21.81 
1.58    -1.01   -23.01 
1.66    -1.01   -24.21 
1.74    -1.01   -25.42 
1.82    -1.01   -26.60 
1.90    -1.01   -27.77 
1.98    -1.01   -28.89 
2.06    -1.01   -29.97 
2.14    -1.01   -30.98 
2.22    -1.01   -31.92 
2.30    -1.01   -32.78 
2.38    -1.01   -33.52 
2.46    -1.01   -34.15 
2.55    -1.01   -34.65 
2.63    -1.01   -34.99 
2.71    -1.01   -35.17 
2.79    -1.01   -35.17 
2.87    -1.01   -34.97 
2.95    -1.01   -34.55 
3.03    -1.01   -33.89 
3.11    -1.01   -32.98 
3.19    -1.01   -31.79 
3.27    -1.01   -30.31 
3.35    -1.01   -28.51 
3.43    -1.01   -26.38 
3.52    -1.01   -23.89 
3.60    -1.01   -21.02 
3.68    -1.01   -17.75 
3.76    -1.01   -14.05 
3.84    -1.01   -9.90  
3.92    -1.01   -5.28  
4.00    -1.01   -0.17  
-4.00   -0.93   -18.86 
-3.92   -0.93   -23.57 
-3.84   -0.93   -27.79 
-3.76   -0.93   -31.53 
-3.68   -0.93   -34.82 
-3.60   -0.93   -37.69 
-3.52   -0.93   -40.16 
-3.43   -0.93   -42.24 
-3.35   -0.93   -43.97 
-3.27   -0.93   -45.37 
-3.19   -0.93   -46.44 
-3.11   -0.93   -47.23 
-3.03   -0.93   -47.74 
-2.95   -0.93   -47.99 
-2.87   -0.93   -48.00 
-2.79   -0.93   -47.80 
-2.71   -0.93   -47.40 
-2.63   -0.93   -46.82 
-2.55   -0.93   -46.07 
-2.46   -0.93   -45.17 
-2.38   -0.93   -44.13 
-2.30   -0.93   -42.98 
-2.22   -0.93   -41.73 
-2.14   -0.93   -40.38 
-2.06   -0.93   -38.96 
-1.98   -0.93   -37.48 
-1.90   -0.93   -35.95 
-1.82   -0.93   -34.39 
-1.74   -0.93   -32.79 
-1.66   -0.93   -31.19 
-1.58   -0.93   -29.58 
-1.49   -0.93   -27.98 
-1.41   -0.93   -26.39 
-1.33   -0.93   -24.83 
-1.25   -0.93   -23.31 
-1.17   -0.93   -21.83 
-1.09   -0.93   -20.40 
-1.01   -0.93   -19.03 
-0.93   -0.93   -17.72 
-0.85   -0.93   -16.48 
-0.77   -0.93   -15.32 
-0.69   -0.93   -14.24 
-0.61   -0.93   -13.25 
-0.53   -0.93   -12.34 
-0.44   -0.93   -11.53 
-0.36   -0.93   -10.82 
-0.28   -0.93   -10.20 
-0.20   -0.93   -9.69  
-0.12   -0.93   -9.28  
-0.04   -0.93   -8.97  
0.04    -0.93   -8.77  
0.12    -0.93   -8.67  
0.20    -0.93   -8.68  
0.28    -0.93   -8.79  
0.36    -0.93   -9.00  
0.44    -0.93   -9.31  
0.53    -0.93   -9.71  
0.61    -0.93   -10.21 
0.69    -0.93   -10.80 
0.77    -0.93   -11.48 
0.85    -0.93   -12.24 
0.93    -0.93   -13.07 
1.01    -0.93   -13.98 
1.09    -0.93   -14.94 
1.17    -0.93   -15.97 
1.25    -0.93   -17.05 
1.33    -0.93   -18.17 
1.41    -0.93   -19.32 
1.49    -0.93   -20.50 
1.58    -0.93   -21.70 
1.66    -0.93   -22.91 
1.74    -0.93   -24.11 
1.82    -0.93   -25.30 
1.90    -0.93   -26.46 
1.98    -0.93   -27.58 
2.06    -0.93   -28.66 
2.14    -0.93   -29.68 
2.22    -0.93   -30.62 
2.30    -0.93   -31.47 
2.38    -0.93   -32.21 
2.46    -0.93   -32.84 
2.55    -0.93   -33.34 
2.63    -0.93   -33.69 
2.71    -0.93   -33.87 
2.79    -0.93   -33.86 
2.87    -0.93   -33.66 
2.95    -0.93   -33.24 
3.03    -0.93   -32.58 
3.11    -0.93   -31.67 
3.19    -0.93   -30.48 
3.27    -0.93   -29.00 
3.35    -0.93   -27.21 
3.43    -0.93   -25.07 
3.52    -0.93   -22.58 
3.60    -0.93   -19.71 
3.68    -0.93   -16.44 
3.76    -0.93   -12.74 
3.84    -0.93   -8.60  
3.92    -0.93   -3.98  
4.00    -0.93   1.14   
-4.00   -0.85   -17.62 
-3.92   -0.85   -22.33 
-3.84   -0.85   -26.55 
-3.76   -0.85   -30.29 
-3.68   -0.85   -33.59 
-3.60   -0.85   -36.45 
-3.52   -0.85   -38.92 
-3.43   -0.85   -41.01 
-3.35   -0.85   -42.74 
-3.27   -0.85   -44.13 
-3.19   -0.85   -45.21 
-3.11   -0.85   -45.99 
-3.03   -0.85   -46.50 
-2.95   -0.85   -46.75 
-2.87   -0.85   -46.77 
-2.79   -0.85   -46.57 
-2.71   -0.85   -46.16 
-2.63   -0.85   -45.58 
-2.55   -0.85   -44.83 
-2.46   -0.85   -43.93 
-2.38   -0.85   -42.90 
-2.30   -0.85   -41.74 
-2.22   -0.85   -40.49 
-2.14   -0.85   -39.15 
-2.06   -0.85   -37.73 
-1.98   -0.85   -36.25 
-1.90   -0.85   -34.72 
-1.82   -0.85   -33.15 
-1.74   -0.85   -31.56 
-1.66   -0.85   -29.95 
-1.58   -0.85   -28.34 
-1.49   -0.85   -26.74 
-1.41   -0.85   -25.16 
-1.33   -0.85   -23.60 
-1.25   -0.85   -22.07 
-1.17   -0.85   -20.59 
-1.09   -0.85   -19.16 
-1.01   -0.85   -17.79 
-0.93   -0.85   -16.48 
-0.85   -0.85   -15.24 
-0.77   -0.85   -14.08 
-0.69   -0.85   -13.00 
-0.61   -0.85   -12.01 
-0.53   -0.85   -11.10 
-0.44   -0.85   -10.29 
-0.36   -0.85   -9.58  
-0.28   -0.85   -8.97  
-0.20   -0.85   -8.45  
-0.12   -0.85   -8.04  
-0.04   -0.85   -7.74  
0.04    -0.85   -7.53  
0.12    -0.85   -7.44  
0.20    -0.85   -7.44  
0.28    -0.85   -7.55  
0.36    -0.85   -7.76  
0.44    -0.85   -8.07  
0.53    -0.85   -8.48  
0.61    -0.85   -8.98  
0.69    -0.85   -9.57  
0.77    -0.85   -10.24 
0.85    -0.85   -11.00 
0.93    -0.85   -11.83 
1.01    -0.85   -12.74 
1.09    -0.85   -13.71 
1.17    -0.85   -14.73 
1.25    -0.85   -15.81 
1.33    -0.85   -16.93 
1.41    -0.85   -18.08 
1.49    -0.85   -19.27 
1.58    -0.85   -20.46 
1.66    -0.85   -21.67 
1.74    -0.85   -22.87 
1.82    -0.85   -24.06 
1.90    -0.85   -25.22 
1.98    -0.85   -26.35 
2.06    -0.85   -27.42 
2.14    -0.85   -28.44 
2.22    -0.85   -29.38 
2.30    -0.85   -30.23 
2.38    -0.85   -30.98 
2.46    -0.85   -31.61 
2.55    -0.85   -32.10 
2.63    -0.85   -32.45 
2.71    -0.85   -32.63 
2.79    -0.85   -32.63 
2.87    -0.85   -32.42 
2.95    -0.85   -32.00 
3.03    -0.85   -31.35 
3.11    -0.85   -30.43 
3.19    -0.85   -29.25 
3.27    -0.85   -27.77 
3.35    -0.85   -25.97 
3.43    -0.85   -23.84 
3.52    -0.85   -21.34 
3.60    -0.85   -18.47 
3.68    -0.85   -15.20 
3.76    -0.85   -11.50 
3.84    -0.85   -7.36  
3.92    -0.85   -2.74  
4.00    -0.85   2.38   
-4.00   -0.77   -16.46 
-3.92   -0.77   -21.17 
-3.84   -0.77   -25.39 
-3.76   -0.77   -29.13 
-3.68   -0.77   -32.42 
-3.60   -0.77   -35.29 
-3.52   -0.77   -37.76 
-3.43   -0.77   -39.85 
-3.35   -0.77   -41.58 
-3.27   -0.77   -42.97 
-3.19   -0.77   -44.05 
-3.11   -0.77   -44.83 
-3.03   -0.77   -45.34 
-2.95   -0.77   -45.59 
-2.87   -0.77   -45.61 
-2.79   -0.77   -45.40 
-2.71   -0.77   -45.00 
-2.63   -0.77   -44.42 
-2.55   -0.77   -43.67 
-2.46   -0.77   -42.77 
-2.38   -0.77   -41.73 
-2.30   -0.77   -40.58 
-2.22   -0.77   -39.33 
-2.14   -0.77   -37.98 
-2.06   -0.77   -36.57 
-1.98   -0.77   -35.08 
-1.90   -0.77   -33.55 
-1.82   -0.77   -31.99 
-1.74   -0.77   -30.40 
-1.66   -0.77   -28.79 
-1.58   -0.77   -27.18 
-1.49   -0.77   -25.58 
-1.41   -0.77   -23.99 
-1.33   -0.77   -22.44 
-1.25   -0.77   -20.91 
-1.17   -0.77   -19.43 
-1.09   -0.77   -18.00 
-1.01   -0.77   -16.63 
-0.93   -0.77   -15.32 
-0.85   -0.77   -14.08 
-0.77   -0.77   -12.92 
-0.69   -0.77   -11.84 
-0.61   -0.77   -10.85 
-0.53   -0.77   -9.94  
-0.44   -0.77   -9.13  
-0.36   -0.77   -8.42  
-0.28   -0.77   -7.80  
-0.20   -0.77   -7.29  
-0.12   -0.77   -6.88  
-0.04   -0.77   -6.57  
0.04    -0.77   -6.37  
0.12    -0.77   -6.27  
0.20    -0.77   -6.28  
0.28    -0.77   -6.39  
0.36    -0.77   -6.60  
0.44    -0.77   -6.91  
0.53    -0.77   -7.32  
0.61    -0.77   -7.82  
0.69    -0.77   -8.41  
0.77    -0.77   -9.08  
0.85    -0.77   -9.84  
0.93    -0.77   -10.67 
1.01    -0.77   -11.58 
1.09    -0.77   -12.55 
1.17    -0.77   -13.57 
1.25    -0.77   -14.65 
1.33    -0.77   -15.77 
1.41    -0.77   -16.92 
1.49    -0.77   -18.10 
1.58    -0.77   -19.30 
1.66    -0.77   -20.51 
1.74    -0.77   -21.71 
1.82    -0.77   -22.90 
1.90    -0.77   -24.06 
1.98    -0.77   -25.19 
2.06    -0.77   -26.26 
2.14    -0.77   -27.28 
2.22    -0.77   -28.22 
2.30    -0.77   -29.07 
2.38    -0.77   -29.82 
2.46    -0.77   -30.44 
2.55    -0.77   -30.94 
2.63    -0.77   -31.29 
2.71    -0.77   -31.47 
2.79    -0.77   -31.46 
2.87    -0.77   -31.26 
2.95    -0.77   -30.84 
3.03    -0.77   -30.18 
3.11    -0.77   -29.27 
3.19    -0.77   -28.09 
3.27    -0.77   -26.60 
3.35    -0.77   -24.81 
3.43    -0.77   -22.67 
3.52    -0.77   -20.18 
3.60    -0.77   -17.31 
3.68    -0.77   -14.04 
3.76    -0.77   -10.34 
3.84    -0.77   -6.20  
3.92    -0.77   -1.58  
4.00    -0.77   3.54   
-4.00   -0.69   -15.38 
-3.92   -0.69   -20.09 
-3.84   -0.69   -24.31 
-3.76   -0.69   -28.05 
-3.68   -0.69   -31.34 
-3.60   -0.69   -34.21 
-3.52   -0.69   -36.68 
-3.43   -0.69   -38.77 
-3.35   -0.69   -40.50 
-3.27   -0.69   -41.89 
-3.19   -0.69   -42.97 
-3.11   -0.69   -43.75 
-3.03   -0.69   -44.26 
-2.95   -0.69   -44.51 
-2.87   -0.69   -44.53 
-2.79   -0.69   -44.32 
-2.71   -0.69   -43.92 
-2.63   -0.69   -43.34 
-2.55   -0.69   -42.59 
-2.46   -0.69   -41.69 
-2.38   -0.69   -40.65 
-2.30   -0.69   -39.50 
-2.22   -0.69   -38.25 
-2.14   -0.69   -36.90 
-2.06   -0.69   -35.49 
-1.98   -0.69   -34.00 
-1.90   -0.69   -32.47 
-1.82   -0.69   -30.91 
-1.74   -0.69   -29.32 
-1.66   -0.69   -27.71 
-1.58   -0.69   -26.10 
-1.49   -0.69   -24.50 
-1.41   -0.69   -22.91 
-1.33   -0.69   -21.36 
-1.25   -0.69   -19.83 
-1.17   -0.69   -18.35 
-1.09   -0.69   -16.92 
-1.01   -0.69   -15.55 
-0.93   -0.69   -14.24 
-0.85   -0.69   -13.00 
-0.77   -0.69   -11.84 
-0.69   -0.69   -10.76 
-0.61   -0.69   -9.77  
-0.53   -0.69   -8.86  
-0.44   -0.69   -8.05  
-0.36   -0.69   -7.34  
-0.28   -0.69   -6.72  
-0.20   -0.69   -6.21  
-0.12   -0.69   -5.80  
-0.04   -0.69   -5.49  
0.04    -0.69   -5.29  
0.12    -0.69   -5.19  
0.20    -0.69   -5.20  
0.28    -0.69   -5.31  
0.36    -0.69   -5.52  
0.44    -0.69   -5.83  
0.53    -0.69   -6.24  
0.61    -0.69   -6.74  
0.69    -0.69   -7.33  
0.77    -0.69   -8.00  
0.85    -0.69   -8.76  
0.93    -0.69   -9.59  
1.01    -0.69   -10.50 
1.09    -0.69   -11.47 
1.17    -0.69   -12.49 
1.25    -0.69   -13.57 
1.33    -0.69   -14.69 
1.41    -0.69   -15.84 
1.49    -0.69   -17.02 
1.58    -0.69   -18.22 
1.66    -0.69   -19.43 
1.74    -0.69   -20.63 
1.82    -0.69   -21.82 
1.90    -0.69   -22.98 
1.98    -0.69   -24.11 
2.06    -0.69   -25.18 
2.14    -0.69   -26.20 
2.22    -0.69   -27.14 
2.30    -0.69   -27.99 
2.38    -0.69   -28.74 
2.46    -0.69   -29.36 
2.55    -0.69   -29.86 
2.63    -0.69   -30.21 
2.71    -0.69   -30.39 
2.79    -0.69   -30.38 
2.87    -0.69   -30.18 
2.95    -0.69   -29.76 
3.03    -0.69   -29.10 
3.11    -0.69   -28.19 
3.19    -0.69   -27.01 
3.27    -0.69   -25.52 
3.35    -0.69   -23.73 
3.43    -0.69   -21.59 
3.52    -0.69   -19.10 
3.60    -0.69   -16.23 
3.68    -0.69   -12.96 
3.76    -0.69   -9.26  
3.84    -0.69   -5.12  
3.92    -0.69   -0.50  
4.00    -0.69   4.62   
-4.00   -0.61   -14.39 
-3.92   -0.61   -19.10 
-3.84   -0.61   -23.31 
-3.76   -0.61   -27.06 
-3.68   -0.61   -30.35 
-3.60   -0.61   -33.22 
-3.52   -0.61   -35.69 
-3.43   -0.61   -37.77 
-3.35   -0.61   -39.50 
-3.27   -0.61   -40.89 
-3.19   -0.61   -41.97 
-3.11   -0.61   -42.75 
-3.03   -0.61   -43.26 
-2.95   -0.61   -43.52 
-2.87   -0.61   -43.53 
-2.79   -0.61   -43.33 
-2.71   -0.61   -42.93 
-2.63   -0.61   -42.34 
-2.55   -0.61   -41.59 
-2.46   -0.61   -40.69 
-2.38   -0.61   -39.66 
-2.30   -0.61   -38.51 
-2.22   -0.61   -37.25 
-2.14   -0.61   -35.91 
-2.06   -0.61   -34.49 
-1.98   -0.61   -33.01 
-1.90   -0.61   -31.48 
-1.82   -0.61   -29.91 
-1.74   -0.61   -28.32 
-1.66   -0.61   -26.72 
-1.58   -0.61   -25.11 
-1.49   -0.61   -23.51 
-1.41   -0.61   -21.92 
-1.33   -0.61   -20.36 
-1.25   -0.61   -18.84 
-1.17   -0.61   -17.36 
-1.09   -0.61   -15.93 
-1.01   -0.61   -14.55 
-0.93   -0.61   -13.25 
-0.85   -0.61   -12.01 
-0.77   -0.61   -10.85 
-0.69   -0.61   -9.77  
-0.61   -0.61   -8.77  
-0.53   -0.61   -7.87  
-0.44   -0.61   -7.06  
-0.36   -0.61   -6.34  
-0.28   -0.61   -5.73  
-0.20   -0.61   -5.22  
-0.12   -0.61   -4.81  
-0.04   -0.61   -4.50  
0.04    -0.61   -4.30  
0.12    -0.61   -4.20  
0.20    -0.61   -4.21  
0.28    -0.61   -4.32  
0.36    -0.61   -4.53  
0.44    -0.61   -4.84  
0.53    -0.61   -5.24  
0.61    -0.61   -5.74  
0.69    -0.61   -6.33  
0.77    -0.61   -7.01  
0.85    -0.61   -7.77  
0.93    -0.61   -8.60  
1.01    -0.61   -9.50  
1.09    -0.61   -10.47 
1.17    -0.61   -11.50 
1.25    -0.61   -12.57 
1.33    -0.61   -13.69 
1.41    -0.61   -14.85 
1.49    -0.61   -16.03 
1.58    -0.61   -17.23 
1.66    -0.61   -18.43 
1.74    -0.61   -19.63 
1.82    -0.61   -20.82 
1.90    -0.61   -21.99 
1.98    -0.61   -23.11 
2.06    -0.61   -24.19 
2.14    -0.61   -25.20 
2.22    -0.61   -26.14 
2.30    -0.61   -26.99 
2.38    -0.61   -27.74 
2.46    -0.61   -28.37 
2.55    -0.61   -28.87 
2.63    -0.61   -29.21 
2.71    -0.61   -29.39 
2.79    -0.61   -29.39 
2.87    -0.61   -29.19 
2.95    -0.61   -28.77 
3.03    -0.61   -28.11 
3.11    -0.61   -27.20 
3.19    -0.61   -26.01 
3.27    -0.61   -24.53 
3.35    -0.61   -22.73 
3.43    -0.61   -20.60 
3.52    -0.61   -18.11 
3.60    -0.61   -15.24 
3.68    -0.61   -11.97 
3.76    -0.61   -8.27  
3.84    -0.61   -4.12  
3.92    -0.61   0.50   
4.00    -0.61   5.61   
-4.00   -0.53   -13.48 
-3.92   -0.53   -18.19 
-3.84   -0.53   -22.41 
-3.76   -0.53   -26.15 
-3.68   -0.53   -29.45 
-3.60   -0.53   -32.32 
-3.52   -0.53   -34.78 
-3.43   -0.53   -36.87 
-3.35   -0.53   -38.60 
-3.27   -0.53   -39.99 
-3.19   -0.53   -41.07 
-3.11   -0.53   -41.85 
-3.03   -0.53   -42.36 
-2.95   -0.53   -42.61 
-2.87   -0.53   -42.63 
-2.79   -0.53   -42.43 
-2.71   -0.53   -42.02 
-2.63   -0.53   -41.44 
-2.55   -0.53   -40.69 
-2.46   -0.53   -39.79 
-2.38   -0.53   -38.76 
-2.30   -0.53   -37.61 
-2.22   -0.53   -36.35 
-2.14   -0.53   -35.01 
-2.06   -0.53   -33.59 
-1.98   -0.53   -32.11 
-1.90   -0.53   -30.58 
-1.82   -0.53   -29.01 
-1.74   -0.53   -27.42 
-1.66   -0.53   -25.81 
-1.58   -0.53   -24.20 
-1.49   -0.53   -22.60 
-1.41   -0.53   -21.02 
-1.33   -0.53   -19.46 
-1.25   -0.53   -17.93 
-1.17   -0.53   -16.45 
-1.09   -0.53   -15.02 
-1.01   -0.53   -13.65 
-0.93   -0.53   -12.34 
-0.85   -0.53   -11.10 
-0.77   -0.53   -9.94  
-0.69   -0.53   -8.86  
-0.61   -0.53   -7.87  
-0.53   -0.53   -6.96  
-0.44   -0.53   -6.15  
-0.36   -0.53   -5.44  
-0.28   -0.53   -4.83  
-0.20   -0.53   -4.31  
-0.12   -0.53   -3.90  
-0.04   -0.53   -3.60  
0.04    -0.53   -3.39  
0.12    -0.53   -3.30  
0.20    -0.53   -3.30  
0.28    -0.53   -3.41  
0.36    -0.53   -3.62  
0.44    -0.53   -3.93  
0.53    -0.53   -4.34  
0.61    -0.53   -4.84  
0.69    -0.53   -5.43  
0.77    -0.53   -6.10  
0.85    -0.53   -6.86  
0.93    -0.53   -7.69  
1.01    -0.53   -8.60  
1.09    -0.53   -9.57  
1.17    -0.53   -10.59 
1.25    -0.53   -11.67 
1.33    -0.53   -12.79 
1.41    -0.53   -13.95 
1.49    -0.53   -15.13 
1.58    -0.53   -16.32 
1.66    -0.53   -17.53 
1.74    -0.53   -18.73 
1.82    -0.53   -19.92 
1.90    -0.53   -21.08 
1.98    -0.53   -22.21 
2.06    -0.53   -23.28 
2.14    -0.53   -24.30 
2.22    -0.53   -25.24 
2.30    -0.53   -26.09 
2.38    -0.53   -26.84 
2.46    -0.53   -27.47 
2.55    -0.53   -27.96 
2.63    -0.53   -28.31 
2.71    -0.53   -28.49 
2.79    -0.53   -28.49 
2.87    -0.53   -28.28 
2.95    -0.53   -27.86 
3.03    -0.53   -27.21 
3.11    -0.53   -26.29 
3.19    -0.53   -25.11 
3.27    -0.53   -23.63 
3.35    -0.53   -21.83 
3.43    -0.53   -19.70 
3.52    -0.53   -17.21 
3.60    -0.53   -14.34 
3.68    -0.53   -11.06 
3.76    -0.53   -7.36  
3.84    -0.53   -3.22  
3.92    -0.53   1.40   
4.00    -0.53   6.52   
-4.00   -0.44   -12.67 
-3.92   -0.44   -17.38 
-3.84   -0.44   -21.60 
-3.76   -0.44   -25.34 
-3.68   -0.44   -28.64 
-3.60   -0.44   -31.50 
-3.52   -0.44   -33.97 
-3.43   -0.44   -36.06 
-3.35   -0.44   -37.79 
-3.27   -0.44   -39.18 
-3.19   -0.44   -40.26 
-3.11   -0.44   -41.04 
-3.03   -0.44   -41.55 
-2.95   -0.44   -41.80 
-2.87   -0.44   -41.82 
-2.79   -0.44   -41.62 
-2.71   -0.44   -41.21 
-2.63   -0.44   -40.63 
-2.55   -0.44   -39.88 
-2.46   -0.44   -38.98 
-2.38   -0.44   -37.95 
-2.30   -0.44   -36.80 
-2.22   -0.44   -35.54 
-2.14   -0.44   -34.20 
-2.06   -0.44   -32.78 
-1.98   -0.44   -31.30 
-1.90   -0.44   -29.77 
-1.82   -0.44   -28.20 
-1.74   -0.44   -26.61 
-1.66   -0.44   -25.00 
-1.58   -0.44   -23.39 
-1.49   -0.44   -21.79 
-1.41   -0.44   -20.21 
-1.33   -0.44   -18.65 
-1.25   -0.44   -17.12 
-1.17   -0.44   -15.64 
-1.09   -0.44   -14.21 
-1.01   -0.44   -12.84 
-0.93   -0.44   -11.53 
-0.85   -0.44   -10.29 
-0.77   -0.44   -9.13  
-0.69   -0.44   -8.05  
-0.61   -0.44   -7.06  
-0.53   -0.44   -6.15  
-0.44   -0.44   -5.34  
-0.36   -0.44   -4.63  
-0.28   -0.44   -4.02  
-0.20   -0.44   -3.50  
-0.12   -0.44   -3.09  
-0.04   -0.44   -2.79  
0.04    -0.44   -2.58  
0.12    -0.44   -2.49  
0.20    -0.44   -2.49  
0.28    -0.44   -2.60  
0.36    -0.44   -2.81  
0.44    -0.44   -3.12  
0.53    -0.44   -3.53  
0.61    -0.44   -4.03  
0.69    -0.44   -4.62  
0.77    -0.44   -5.29  
0.85    -0.44   -6.05  
0.93    -0.44   -6.88  
1.01    -0.44   -7.79  
1.09    -0.44   -8.76  
1.17    -0.44   -9.78  
1.25    -0.44   -10.86 
1.33    -0.44   -11.98 
1.41    -0.44   -13.14 
1.49    -0.44   -14.32 
1.58    -0.44   -15.51 
1.66    -0.44   -16.72 
1.74    -0.44   -17.92 
1.82    -0.44   -19.11 
1.90    -0.44   -20.27 
1.98    -0.44   -21.40 
2.06    -0.44   -22.47 
2.14    -0.44   -23.49 
2.22    -0.44   -24.43 
2.30    -0.44   -25.28 
2.38    -0.44   -26.03 
2.46    -0.44   -26.66 
2.55    -0.44   -27.15 
2.63    -0.44   -27.50 
2.71    -0.44   -27.68 
2.79    -0.44   -27.68 
2.87    -0.44   -27.47 
2.95    -0.44   -27.05 
3.03    -0.44   -26.40 
3.11    -0.44   -25.48 
3.19    -0.44   -24.30 
3.27    -0.44   -22.82 
3.35    -0.44   -21.02 
3.43    -0.44   -18.89 
3.52    -0.44   -16.40 
3.60    -0.44   -13.52 
3.68    -0.44   -10.25 
3.76    -0.44   -6.55  
3.84    -0.44   -2.41  
3.92    -0.44   2.21   
4.00    -0.44   7.33   
-4.00   -0.36   -11.96 
-3.92   -0.36   -16.67 
-3.84   -0.36   -20.89 
-3.76   -0.36   -24.63 
-3.68   -0.36   -27.92 
-3.60   -0.36   -30.79 
-3.52   -0.36   -33.26 
-3.43   -0.36   -35.34 
-3.35   -0.36   -37.07 
-3.27   -0.36   -38.47 
-3.19   -0.36   -39.54 
-3.11   -0.36   -40.33 
-3.03   -0.36   -40.83 
-2.95   -0.36   -41.09 
-2.87   -0.36   -41.10 
-2.79   -0.36   -40.90 
-2.71   -0.36   -40.50 
-2.63   -0.36   -39.92 
-2.55   -0.36   -39.17 
-2.46   -0.36   -38.27 
-2.38   -0.36   -37.23 
-2.30   -0.36   -36.08 
-2.22   -0.36   -34.83 
-2.14   -0.36   -33.48 
-2.06   -0.36   -32.06 
-1.98   -0.36   -30.58 
-1.90   -0.36   -29.05 
-1.82   -0.36   -27.49 
-1.74   -0.36   -25.89 
-1.66   -0.36   -24.29 
-1.58   -0.36   -22.68 
-1.49   -0.36   -21.08 
-1.41   -0.36   -19.49 
-1.33   -0.36   -17.93 
-1.25   -0.36   -16.41 
-1.17   -0.36   -14.93 
-1.09   -0.36   -13.50 
-1.01   -0.36   -12.13 
-0.93   -0.36   -10.82 
-0.85   -0.36   -9.58  
-0.77   -0.36   -8.42  
-0.69   -0.36   -7.34  
-0.61   -0.36   -6.34  
-0.53   -0.36   -5.44  
-0.44   -0.36   -4.63  
-0.36   -0.36   -3.92  
-0.28   -0.36   -3.30  
-0.20   -0.36   -2.79  
-0.12   -0.36   -2.38  
-0.04   -0.36   -2.07  
0.04    -0.36   -1.87  
0.12    -0.36   -1.77  
0.20    -0.36   -1.78  
0.28    -0.36   -1.89  
0.36    -0.36   -2.10  
0.44    -0.36   -2.41  
0.53    -0.36   -2.81  
0.61    -0.36   -3.31  
0.69    -0.36   -3.90  
0.77    -0.36   -4.58  
0.85    -0.36   -5.34  
0.93    -0.36   -6.17  
1.01    -0.36   -7.07  
1.09    -0.36   -8.04  
1.17    -0.36   -9.07  
1.25    -0.36   -10.15 
1.33    -0.36   -11.27 
1.41    -0.36   -12.42 
1.49    -0.36   -13.60 
1.58    -0.36   -14.80 
1.66    -0.36   -16.01 
1.74    -0.36   -17.21 
1.82    -0.36   -18.39 
1.90    -0.36   -19.56 
1.98    -0.36   -20.68 
2.06    -0.36   -21.76 
2.14    -0.36   -22.78 
2.22    -0.36   -23.72 
2.30    -0.36   -24.57 
2.38    -0.36   -25.31 
2.46    -0.36   -25.94 
2.55    -0.36   -26.44 
2.63    -0.36   -26.78 
2.71    -0.36   -26.96 
2.79    -0.36   -26.96 
2.87    -0.36   -26.76 
2.95    -0.36   -26.34 
3.03    -0.36   -25.68 
3.11    -0.36   -24.77 
3.19    -0.36   -23.58 
3.27    -0.36   -22.10 
3.35    -0.36   -20.31 
3.43    -0.36   -18.17 
3.52    -0.36   -15.68 
3.60    -0.36   -12.81 
3.68    -0.36   -9.54  
3.76    -0.36   -5.84  
3.84    -0.36   -1.69  
3.92    -0.36   2.93   
4.00    -0.36   8.04   
-4.00   -0.28   -11.34 
-3.92   -0.28   -16.06 
-3.84   -0.28   -20.27 
-3.76   -0.28   -24.01 
-3.68   -0.28   -27.31 
-3.60   -0.28   -30.18 
-3.52   -0.28   -32.64 
-3.43   -0.28   -34.73 
-3.35   -0.28   -36.46 
-3.27   -0.28   -37.85 
-3.19   -0.28   -38.93 
-3.11   -0.28   -39.71 
-3.03   -0.28   -40.22 
-2.95   -0.28   -40.47 
-2.87   -0.28   -40.49 
-2.79   -0.28   -40.29 
-2.71   -0.28   -39.89 
-2.63   -0.28   -39.30 
-2.55   -0.28   -38.55 
-2.46   -0.28   -37.65 
-2.38   -0.28   -36.62 
-2.30   -0.28   -35.47 
-2.22   -0.28   -34.21 
-2.14   -0.28   -32.87 
-2.06   -0.28   -31.45 
-1.98   -0.28   -29.97 
-1.90   -0.28   -28.44 
-1.82   -0.28   -26.87 
-1.74   -0.28   -25.28 
-1.66   -0.28   -23.67 
-1.58   -0.28   -22.06 
-1.49   -0.28   -20.46 
-1.41   -0.28   -18.88 
-1.33   -0.28   -17.32 
-1.25   -0.28   -15.80 
-1.17   -0.28   -14.31 
-1.09   -0.28   -12.88 
-1.01   -0.28   -11.51 
-0.93   -0.28   -10.20 
-0.85   -0.28   -8.97  
-0.77   -0.28   -7.80  
-0.69   -0.28   -6.72  
-0.61   -0.28   -5.73  
-0.53   -0.28   -4.83  
-0.44   -0.28   -4.02  
-0.36   -0.28   -3.30  
-0.28   -0.28   -2.69  
-0.20   -0.28   -2.17  
-0.12   -0.28   -1.76  
-0.04   -0.28   -1.46  
0.04    -0.28   -1.26  
0.12    -0.28   -1.16  
0.20    -0.28   -1.16  
0.28    -0.28   -1.27  
0.36    -0.28   -1.48  
0.44    -0.28   -1.79  
0.53    -0.28   -2.20  
0.61    -0.28   -2.70  
0.69    -0.28   -3.29  
0.77    -0.28   -3.97  
0.85    -0.28   -4.72  
0.93    -0.28   -5.56  
1.01    -0.28   -6.46  
1.09    -0.28   -7.43  
1.17    -0.28   -8.46  
1.25    -0.28   -9.53  
1.33    -0.28   -10.65 
1.41    -0.28   -11.81 
1.49    -0.28   -12.99 
1.58    -0.28   -14.19 
1.66    -0.28   -15.39 
1.74    -0.28   -16.59 
1.82    -0.28   -17.78 
1.90    -0.28   -18.94 
1.98    -0.28   -20.07 
2.06    -0.28   -21.15 
2.14    -0.28   -22.16 
2.22    -0.28   -23.10 
2.30    -0.28   -23.95 
2.38    -0.28   -24.70 
2.46    -0.28   -25.33 
2.55    -0.28   -25.82 
2.63    -0.28   -26.17 
2.71    -0.28   -26.35 
2.79    -0.28   -26.35 
2.87    -0.28   -26.15 
2.95    -0.28   -25.73 
3.03    -0.28   -25.07 
3.11    -0.28   -24.16 
3.19    -0.28   -22.97 
3.27    -0.28   -21.49 
3.35    -0.28   -19.69 
3.43    -0.28   -17.56 
3.52    -0.28   -15.07 
3.60    -0.28   -12.20 
3.68    -0.28   -8.92  
3.76    -0.28   -5.23  
3.84    -0.28   -1.08  
3.92    -0.28   3.54   
4.00    -0.28   8.66   
-4.00   -0.20   -10.83 
-3.92   -0.20   -15.54 
-3.84   -0.20   -19.76 
-3.76   -0.20   -23.50 
-3.68   -0.20   -26.80 
-3.60   -0.20   -29.66 
-3.52   -0.20   -32.13 
-3.43   -0.20   -34.22 
-3.35   -0.20   -35.95 
-3.27   -0.20   -37.34 
-3.19   -0.20   -38.42 
-3.11   -0.20   -39.20 
-3.03   -0.20   -39.71 
-2.95   -0.20   -39.96 
-2.87   -0.20   -39.98 
-2.79   -0.20   -39.77 
-2.71   -0.20   -39.37 
-2.63   -0.20   -38.79 
-2.55   -0.20   -38.04 
-2.46   -0.20   -37.14 
-2.38   -0.20   -36.11 
-2.30   -0.20   -34.95 
-2.22   -0.20   -33.70 
-2.14   -0.20   -32.36 
-2.06   -0.20   -30.94 
-1.98   -0.20   -29.46 
-1.90   -0.20   -27.93 
-1.82   -0.20   -26.36 
-1.74   -0.20   -24.77 
-1.66   -0.20   -23.16 
-1.58   -0.20   -21.55 
-1.49   -0.20   -19.95 
-1.41   -0.20   -18.36 
-1.33   -0.20   -16.81 
-1.25   -0.20   -15.28 
-1.17   -0.20   -13.80 
-1.09   -0.20   -12.37 
-1.01   -0.20   -11.00 
-0.93   -0.20   -9.69  
-0.85   -0.20   -8.45  
-0.77   -0.20   -7.29  
-0.69   -0.20   -6.21  
-0.61   -0.20   -5.22  
-0.53   -0.20   -4.31  
-0.44   -0.20   -3.50  
-0.36   -0.20   -2.79  
-0.28   -0.20   -2.17  
-0.20   -0.20   -1.66  
-0.12   -0.20   -1.25  
-0.04   -0.20   -0.94  
0.04    -0.20   -0.74  
0.12    -0.20   -0.65  
0.20    -0.20   -0.65  
0.28    -0.20   -0.76  
0.36    -0.20   -0.97  
0.44    -0.20   -1.28  
0.53    -0.20   -1.69  
0.61    -0.20   -2.19  
0.69    -0.20   -2.78  
0.77    -0.20   -3.45  
0.85    -0.20   -4.21  
0.93    -0.20   -5.04  
1.01    -0.20   -5.95  
1.09    -0.20   -6.92  
1.17    -0.20   -7.94  
1.25    -0.20   -9.02  
1.33    -0.20   -10.14 
1.41    -0.20   -11.29 
1.49    -0.20   -12.48 
1.58    -0.20   -13.67 
1.66    -0.20   -14.88 
1.74    -0.20   -16.08 
1.82    -0.20   -17.27 
1.90    -0.20   -18.43 
1.98    -0.20   -19.56 
2.06    -0.20   -20.63 
2.14    -0.20   -21.65 
2.22    -0.20   -22.59 
2.30    -0.20   -23.44 
2.38    -0.20   -24.19 
2.46    -0.20   -24.82 
2.55    -0.20   -25.31 
2.63    -0.20   -25.66 
2.71    -0.20   -25.84 
2.79    -0.20   -25.84 
2.87    -0.20   -25.63 
2.95    -0.20   -25.21 
3.03    -0.20   -24.56 
3.11    -0.20   -23.64 
3.19    -0.20   -22.46 
3.27    -0.20   -20.97 
3.35    -0.20   -19.18 
3.43    -0.20   -17.04 
3.52    -0.20   -14.55 
3.60    -0.20   -11.68 
3.68    -0.20   -8.41  
3.76    -0.20   -4.71  
3.84    -0.20   -0.57  
3.92    -0.20   4.05   
4.00    -0.20   9.17   
-4.00   -0.12   -10.42 
-3.92   -0.12   -15.13 
-3.84   -0.12   -19.35 
-3.76   -0.12   -23.09 
-3.68   -0.12   -26.38 
-3.60   -0.12   -29.25 
-3.52   -0.12   -31.72 
-3.43   -0.12   -33.81 
-3.35   -0.12   -35.54 
-3.27   -0.12   -36.93 
-3.19   -0.12   -38.01 
-3.11   -0.12   -38.79 
-3.03   -0.12   -39.30 
-2.95   -0.12   -39.55 
-2.87   -0.12   -39.57 
-2.79   -0.12   -39.36 
-2.71   -0.12   -38.96 
-2.63   -0.12   -38.38 
-2.55   -0.12   -37.63 
-2.46   -0.12   -36.73 
-2.38   -0.12   -35.70 
-2.30   -0.12   -34.54 
-2.22   -0.12   -33.29 
-2.14   -0.12   -31.95 
-2.06   -0.12   -30.53 
-1.98   -0.12   -29.05 
-1.90   -0.12   -27.52 
-1.82   -0.12   -25.95 
-1.74   -0.12   -24.36 
-1.66   -0.12   -22.75 
-1.58   -0.12   -21.14 
-1.49   -0.12   -19.54 
-1.41   -0.12   -17.95 
-1.33   -0.12   -16.40 
-1.25   -0.12   -14.87 
-1.17   -0.12   -13.39 
-1.09   -0.12   -11.96 
-1.01   -0.12   -10.59 
-0.93   -0.12   -9.28  
-0.85   -0.12   -8.04  
-0.77   -0.12   -6.88  
-0.69   -0.12   -5.80  
-0.61   -0.12   -4.81  
-0.53   -0.12   -3.90  
-0.44   -0.12   -3.09  
-0.36   -0.12   -2.38  
-0.28   -0.12   -1.76  
-0.20   -0.12   -1.25  
-0.12   -0.12   -0.84  
-0.04   -0.12   -0.53  
0.04    -0.12   -0.33  
0.12    -0.12   -0.23  
0.20    -0.12   -0.24  
0.28    -0.12   -0.35  
0.36    -0.12   -0.56  
0.44    -0.12   -0.87  
0.53    -0.12   -1.28  
0.61    -0.12   -1.78  
0.69    -0.12   -2.37  
0.77    -0.12   -3.04  
0.85    -0.12   -3.80  
0.93    -0.12   -4.63  
1.01    -0.12   -5.54  
1.09    -0.12   -6.51  
1.17    -0.12   -7.53  
1.25    -0.12   -8.61  
1.33    -0.12   -9.73  
1.41    -0.12   -10.88 
1.49    -0.12   -12.06 
1.58    -0.12   -13.26 
1.66    -0.12   -14.47 
1.74    -0.12   -15.67 
1.82    -0.12   -16.86 
1.90    -0.12   -18.02 
1.98    -0.12   -19.15 
2.06    -0.12   -20.22 
2.14    -0.12   -21.24 
2.22    -0.12   -22.18 
2.30    -0.12   -23.03 
2.38    -0.12   -23.78 
2.46    -0.12   -24.41 
2.55    -0.12   -24.90 
2.63    -0.12   -25.25 
2.71    -0.12   -25.43 
2.79    -0.12   -25.42 
2.87    -0.12   -25.22 
2.95    -0.12   -24.80 
3.03    -0.12   -24.15 
3.11    -0.12   -23.23 
3.19    -0.12   -22.05 
3.27    -0.12   -20.56 
3.35    -0.12   -18.77 
3.43    -0.12   -16.63 
3.52    -0.12   -14.14 
3.60    -0.12   -11.27 
3.68    -0.12   -8.00  
3.76    -0.12   -4.30  
3.84    -0.12   -0.16  
3.92    -0.12   4.46   
4.00    -0.12   9.58   
-4.00   -0.04   -10.11 
-3.92   -0.04   -14.83 
-3.84   -0.04   -19.04 
-3.76   -0.04   -22.78 
-3.68   -0.04   -26.08 
-3.60   -0.04   -28.95 
-3.52   -0.04   -31.41 
-3.43   -0.04   -33.50 
-3.35   -0.04   -35.23 
-3.27   -0.04   -36.62 
-3.19   -0.04   -37.70 
-3.11   -0.04   -38.48 
-3.03   -0.04   -38.99 
-2.95   -0.04   -39.24 
-2.87   -0.04   -39.26 
-2.79   -0.04   -39.06 
-2.71   -0.04   -38.66 
-2.63   -0.04   -38.07 
-2.55   -0.04   -37.32 
-2.46   -0.04   -36.42 
-2.38   -0.04   -35.39 
-2.30   -0.04   -34.24 
-2.22   -0.04   -32.98 
-2.14   -0.04   -31.64 
-2.06   -0.04   -30.22 
-1.98   -0.04   -28.74 
-1.90   -0.04   -27.21 
-1.82   -0.04   -25.64 
-1.74   -0.04   -24.05 
-1.66   -0.04   -22.44 
-1.58   -0.04   -20.83 
-1.49   -0.04   -19.23 
-1.41   -0.04   -17.65 
-1.33   -0.04   -16.09 
-1.25   -0.04   -14.57 
-1.17   -0.04   -13.08 
-1.09   -0.04   -11.65 
-1.01   -0.04   -10.28 
-0.93   -0.04   -8.97  
-0.85   -0.04   -7.74  
-0.77   -0.04   -6.57  
-0.69   -0.04   -5.49  
-0.61   -0.04   -4.50  
-0.53   -0.04   -3.60  
-0.44   -0.04   -2.79  
-0.36   -0.04   -2.07  
-0.28   -0.04   -1.46  
-0.20   -0.04   -0.94  
-0.12   -0.04   -0.53  
-0.04   -0.04   -0.23  
0.04    -0.04   -0.03  
0.12    -0.04   0.07   
0.20    -0.04   0.07   
0.28    -0.04   -0.04  
0.36    -0.04   -0.25  
0.44    -0.04   -0.56  
0.53    -0.04   -0.97  
0.61    -0.04   -1.47  
0.69    -0.04   -2.06  
0.77    -0.04   -2.74  
0.85    -0.04   -3.49  
0.93    -0.04   -4.33  
1.01    -0.04   -5.23  
1.09    -0.04   -6.20  
1.17    -0.04   -7.23  
1.25    -0.04   -8.30  
1.33    -0.04   -9.42  
1.41    -0.04   -10.58 
1.49    -0.04   -11.76 
1.58    -0.04   -12.96 
1.66    -0.04   -14.16 
1.74    -0.04   -15.36 
1.82    -0.04   -16.55 
1.90    -0.04   -17.71 
1.98    -0.04   -18.84 
2.06    -0.04   -19.92 
2.14    -0.04   -20.93 
2.22    -0.04   -21.87 
2.30    -0.04   -22.72 
2.38    -0.04   -23.47 
2.46    -0.04   -24.10 
2.55    -0.04   -24.59 
2.63    -0.04   -24.94 
2.71    -0.04   -25.12 
2.79    -0.04   -25.12 
2.87    -0.04   -24.92 
2.95    -0.04   -24.50 
3.03    -0.04   -23.84 
3.11    -0.04   -22.93 
3.19    -0.04   -21.74 
3.27    -0.04   -20.26 
3.35    -0.04   -18.46 
3.43    -0.04   -16.33 
3.52    -0.04   -13.84 
3.60    -0.04   -10.97 
3.68    -0.04   -7.69  
3.76    -0.04   -4.00  
3.84    -0.04   0.15   
3.92    -0.04   4.77   
4.00    -0.04   9.89   
-4.00   0.04    -9.91  
-3.92   0.04    -14.62 
-3.84   0.04    -18.84 
-3.76   0.04    -22.58 
-3.68   0.04    -25.88 
-3.60   0.04    -28.74 
-3.52   0.04    -31.21 
-3.43   0.04    -33.30 
-3.35   0.04    -35.03 
-3.27   0.04    -36.42 
-3.19   0.04    -37.50 
-3.11   0.04    -38.28 
-3.03   0.04    -38.79 
-2.95   0.04    -39.04 
-2.87   0.04    -39.06 
-2.79   0.04    -38.86 
-2.71   0.04    -38.45 
-2.63   0.04    -37.87 
-2.55   0.04    -37.12 
-2.46   0.04    -36.22 
-2.38   0.04    -35.19 
-2.30   0.04    -34.04 
-2.22   0.04    -32.78 
-2.14   0.04    -31.44 
-2.06   0.04    -30.02 
-1.98   0.04    -28.54 
-1.90   0.04    -27.01 
-1.82   0.04    -25.44 
-1.74   0.04    -23.85 
-1.66   0.04    -22.24 
-1.58   0.04    -20.63 
-1.49   0.04    -19.03 
-1.41   0.04    -17.45 
-1.33   0.04    -15.89 
-1.25   0.04    -14.36 
-1.17   0.04    -12.88 
-1.09   0.04    -11.45 
-1.01   0.04    -10.08 
-0.93   0.04    -8.77  
-0.85   0.04    -7.53  
-0.77   0.04    -6.37  
-0.69   0.04    -5.29  
-0.61   0.04    -4.30  
-0.53   0.04    -3.39  
-0.44   0.04    -2.58  
-0.36   0.04    -1.87  
-0.28   0.04    -1.26  
-0.20   0.04    -0.74  
-0.12   0.04    -0.33  
-0.04   0.04    -0.03  
0.04    0.04    0.18   
0.12    0.04    0.27   
0.20    0.04    0.27   
0.28    0.04    0.16   
0.36    0.04    -0.05  
0.44    0.04    -0.36  
0.53    0.04    -0.77  
0.61    0.04    -1.27  
0.69    0.04    -1.86  
0.77    0.04    -2.53  
0.85    0.04    -3.29  
0.93    0.04    -4.12  
1.01    0.04    -5.03  
1.09    0.04    -6.00  
1.17    0.04    -7.02  
1.25    0.04    -8.10  
1.33    0.04    -9.22  
1.41    0.04    -10.38 
1.49    0.04    -11.56 
1.58    0.04    -12.75 
1.66    0.04    -13.96 
1.74    0.04    -15.16 
1.82    0.04    -16.35 
1.90    0.04    -17.51 
1.98    0.04    -18.64 
2.06    0.04    -19.71 
2.14    0.04    -20.73 
2.22    0.04    -21.67 
2.30    0.04    -22.52 
2.38    0.04    -23.27 
2.46    0.04    -23.90 
2.55    0.04    -24.39 
2.63    0.04    -24.74 
2.71    0.04    -24.92 
2.79    0.04    -24.92 
2.87    0.04    -24.71 
2.95    0.04    -24.29 
3.03    0.04    -23.64 
3.11    0.04    -22.72 
3.19    0.04    -21.54 
3.27    0.04    -20.06 
3.35    0.04    -18.26 
3.43    0.04    -16.13 
3.52    0.04    -13.64 
3.60    0.04    -10.77 
3.68    0.04    -7.49  
3.76    0.04    -3.79  
3.84    0.04    0.35   
3.92    0.04    4.97   
4.00    0.04    10.09  
-4.00   0.12    -9.81  
-3.92   0.12    -14.53 
-3.84   0.12    -18.74 
-3.76   0.12    -22.48 
-3.68   0.12    -25.78 
-3.60   0.12    -28.65 
-3.52   0.12    -31.11 
-3.43   0.12    -33.20 
-3.35   0.12    -34.93 
-3.27   0.12    -36.32 
-3.19   0.12    -37.40 
-3.11   0.12    -38.18 
-3.03   0.12    -38.69 
-2.95   0.12    -38.94 
-2.87   0.12    -38.96 
-2.79   0.12    -38.76 
-2.71   0.12    -38.36 
-2.63   0.12    -37.77 
-2.55   0.12    -37.02 
-2.46   0.12    -36.12 
-2.38   0.12    -35.09 
-2.30   0.12    -33.94 
-2.22   0.12    -32.68 
-2.14   0.12    -31.34 
-2.06   0.12    -29.92 
-1.98   0.12    -28.44 
-1.90   0.12    -26.91 
-1.82   0.12    -25.34 
-1.74   0.12    -23.75 
-1.66   0.12    -22.14 
-1.58   0.12    -20.54 
-1.49   0.12    -18.93 
-1.41   0.12    -17.35 
-1.33   0.12    -15.79 
-1.25   0.12    -14.27 
-1.17   0.12    -12.78 
-1.09   0.12    -11.35 
-1.01   0.12    -9.98  
-0.93   0.12    -8.67  
-0.85   0.12    -7.44  
-0.77   0.12    -6.27  
-0.69   0.12    -5.19  
-0.61   0.12    -4.20  
-0.53   0.12    -3.30  
-0.44   0.12    -2.49  
-0.36   0.12    -1.77  
-0.28   0.12    -1.16  
-0.20   0.12    -0.65  
-0.12   0.12    -0.23  
-0.04   0.12    0.07   
0.04    0.12    0.27   
0.12    0.12    0.37   
0.20    0.12    0.36   
0.28    0.12    0.26   
0.36    0.12    0.05   
0.44    0.12    -0.26  
0.53    0.12    -0.67  
0.61    0.12    -1.17  
0.69    0.12    -1.76  
0.77    0.12    -2.44  
0.85    0.12    -3.19  
0.93    0.12    -4.03  
1.01    0.12    -4.93  
1.09    0.12    -5.90  
1.17    0.12    -6.93  
1.25    0.12    -8.00  
1.33    0.12    -9.12  
1.41    0.12    -10.28 
1.49    0.12    -11.46 
1.58    0.12    -12.66 
1.66    0.12    -13.86 
1.74    0.12    -15.06 
1.82    0.12    -16.25 
1.90    0.12    -17.41 
1.98    0.12    -18.54 
2.06    0.12    -19.62 
2.14    0.12    -20.63 
2.22    0.12    -21.57 
2.30    0.12    -22.42 
2.38    0.12    -23.17 
2.46    0.12    -23.80 
2.55    0.12    -24.29 
2.63    0.12    -24.64 
2.71    0.12    -24.82 
2.79    0.12    -24.82 
2.87    0.12    -24.62 
2.95    0.12    -24.20 
3.03    0.12    -23.54 
3.11    0.12    -22.63 
3.19    0.12    -21.44 
3.27    0.12    -19.96 
3.35    0.12    -18.16 
3.43    0.12    -16.03 
3.52    0.12    -13.54 
3.60    0.12    -10.67 
3.68    0.12    -7.39  
3.76    0.12    -3.70  
3.84    0.12    0.45   
3.92    0.12    5.07   
4.00    0.12    10.19  
-4.00   0.20    -9.82  
-3.92   0.20    -14.53 
-3.84   0.20    -18.75 
-3.76   0.20    -22.49 
-3.68   0.20    -25.78 
-3.60   0.20    -28.65 
-3.52   0.20    -31.12 
-3.43   0.20    -33.21 
-3.35   0.20    -34.94 
-3.27   0.20    -36.33 
-3.19   0.20    -37.41 
-3.11   0.20    -38.19 
-3.03   0.20    -38.70 
-2.95   0.20    -38.95 
-2.87   0.20    -38.97 
-2.79   0.20    -38.76 
-2.71   0.20    -38.36 
-2.63   0.20    -37.78 
-2.55   0.20    -37.03 
-2.46   0.20    -36.13 
-2.38   0.20    -35.10 
-2.30   0.20    -33.94 
-2.22   0.20    -32.69 
-2.14   0.20    -31.35 
-2.06   0.20    -29.93 
-1.98   0.20    -28.45 
-1.90   0.20    -26.92 
-1.82   0.20    -25.35 
-1.74   0.20    -23.76 
-1.66   0.20    -22.15 
-1.58   0.20    -20.54 
-1.49   0.20    -18.94 
-1.41   0.20    -17.35 
-1.33   0.20    -15.80 
-1.25   0.20    -14.27 
-1.17   0.20    -12.79 
-1.09   0.20    -11.36 
-1.01   0.20    -9.99  
-0.93   0.20    -8.68  
-0.85   0.20    -7.44  
-0.77   0.20    -6.28  
-0.69   0.20    -5.20  
-0.61   0.20    -4.21  
-0.53   0.20    -3.30  
-0.44   0.20    -2.49  
-0.36   0.20    -1.78  
-0.28   0.20    -1.16  
-0.20   0.20    -0.65  
-0.12   0.20    -0.24  
-0.04   0.20    0.07   
0.04    0.20    0.27   
0.12    0.20    0.36   
0.20    0.20    0.36   
0.28    0.20    0.25   
0.36    0.20    0.04   
0.44    0.20    -0.27  
0.53    0.20    -0.68  
0.61    0.20    -1.18  
0.69    0.20    -1.77  
0.77    0.20    -2.44  
0.85    0.20    -3.20  
0.93    0.20    -4.03  
1.01    0.20    -4.94  
1.09    0.20    -5.91  
1.17    0.20    -6.93  
1.25    0.20    -8.01  
1.33    0.20    -9.13  
1.41    0.20    -10.28 
1.49    0.20    -11.46 
1.58    0.20    -12.66 
1.66    0.20    -13.87 
1.74    0.20    -15.07 
1.82    0.20    -16.26 
1.90    0.20    -17.42 
1.98    0.20    -18.55 
2.06    0.20    -19.62 
2.14    0.20    -20.64 
2.22    0.20    -21.58 
2.30    0.20    -22.43 
2.38    0.20    -23.18 
2.46    0.20    -23.81 
2.55    0.20    -24.30 
2.63    0.20    -24.65 
2.71    0.20    -24.83 
2.79    0.20    -24.82 
2.87    0.20    -24.62 
2.95    0.20    -24.20 
3.03    0.20    -23.55 
3.11    0.20    -22.63 
3.19    0.20    -21.45 
3.27    0.20    -19.96 
3.35    0.20    -18.17 
3.43    0.20    -16.03 
3.52    0.20    -13.54 
3.60    0.20    -10.67 
3.68    0.20    -7.40  
3.76    0.20    -3.70  
3.84    0.20    0.44   
3.92    0.20    5.06   
4.00    0.20    10.18  
-4.00   0.28    -9.93  
-3.92   0.28    -14.64 
-3.84   0.28    -18.86 
-3.76   0.28    -22.60 
-3.68   0.28    -25.89 
-3.60   0.28    -28.76 
-3.52   0.28    -31.23 
-3.43   0.28    -33.32 
-3.35   0.28    -35.04 
-3.27   0.28    -36.44 
-3.19   0.28    -37.52 
-3.11   0.28    -38.30 
-3.03   0.28    -38.81 
-2.95   0.28    -39.06 
-2.87   0.28    -39.08 
-2.79   0.28    -38.87 
-2.71   0.28    -38.47 
-2.63   0.28    -37.89 
-2.55   0.28    -37.14 
-2.46   0.28    -36.24 
-2.38   0.28    -35.20 
-2.30   0.28    -34.05 
-2.22   0.28    -32.80 
-2.14   0.28    -31.45 
-2.06   0.28    -30.04 
-1.98   0.28    -28.55 
-1.90   0.28    -27.02 
-1.82   0.28    -25.46 
-1.74   0.28    -23.87 
-1.66   0.28    -22.26 
-1.58   0.28    -20.65 
-1.49   0.28    -19.05 
-1.41   0.28    -17.46 
-1.33   0.28    -15.90 
-1.25   0.28    -14.38 
-1.17   0.28    -12.90 
-1.09   0.28    -11.47 
-1.01   0.28    -10.10 
-0.93   0.28    -8.79  
-0.85   0.28    -7.55  
-0.77   0.28    -6.39  
-0.69   0.28    -5.31  
-0.61   0.28    -4.32  
-0.53   0.28    -3.41  
-0.44   0.28    -2.60  
-0.36   0.28    -1.89  
-0.28   0.28    -1.27  
-0.20   0.28    -0.76  
-0.12   0.28    -0.35  
-0.04   0.28    -0.04  
0.04    0.28    0.16   
0.12    0.28    0.26   
0.20    0.28    0.25   
0.28    0.28    0.14   
0.36    0.28    -0.07  
0.44    0.28    -0.38  
0.53    0.28    -0.79  
0.61    0.28    -1.29  
0.69    0.28    -1.88  
0.77    0.28    -2.55  
0.85    0.28    -3.31  
0.93    0.28    -4.14  
1.01    0.28    -5.05  
1.09    0.28    -6.01  
1.17    0.28    -7.04  
1.25    0.28    -8.12  
1.33    0.28    -9.24  
1.41    0.28    -10.39 
1.49    0.28    -11.57 
1.58    0.28    -12.77 
1.66    0.28    -13.98 
1.74    0.28    -15.18 
1.82    0.28    -16.37 
1.90    0.28    -17.53 
1.98    0.28    -18.66 
2.06    0.28    -19.73 
2.14    0.28    -20.75 
2.22    0.28    -21.69 
2.30    0.28    -22.54 
2.38    0.28    -23.29 
2.46    0.28    -23.91 
2.55    0.28    -24.41 
2.63    0.28    -24.76 
2.71    0.28    -24.94 
2.79    0.28    -24.93 
2.87    0.28    -24.73 
2.95    0.28    -24.31 
3.03    0.28    -23.65 
3.11    0.28    -22.74 
3.19    0.28    -21.56 
3.27    0.28    -20.07 
3.35    0.28    -18.28 
3.43    0.28    -16.14 
3.52    0.28    -13.65 
3.60    0.28    -10.78 
3.68    0.28    -7.51  
3.76    0.28    -3.81  
3.84    0.28    0.33   
3.92    0.28    4.95   
4.00    0.28    10.07  
-4.00   0.36    -10.14 
-3.92   0.36    -14.85 
-3.84   0.36    -19.07 
-3.76   0.36    -22.81 
-3.68   0.36    -26.10 
-3.60   0.36    -28.97 
-3.52   0.36    -31.44 
-3.43   0.36    -33.53 
-3.35   0.36    -35.25 
-3.27   0.36    -36.65 
-3.19   0.36    -37.73 
-3.11   0.36    -38.51 
-3.03   0.36    -39.02 
-2.95   0.36    -39.27 
-2.87   0.36    -39.29 
-2.79   0.36    -39.08 
-2.71   0.36    -38.68 
-2.63   0.36    -38.10 
-2.55   0.36    -37.35 
-2.46   0.36    -36.45 
-2.38   0.36    -35.41 
-2.30   0.36    -34.26 
-2.22   0.36    -33.01 
-2.14   0.36    -31.66 
-2.06   0.36    -30.25 
-1.98   0.36    -28.76 
-1.90   0.36    -27.23 
-1.82   0.36    -25.67 
-1.74   0.36    -24.08 
-1.66   0.36    -22.47 
-1.58   0.36    -20.86 
-1.49   0.36    -19.26 
-1.41   0.36    -17.67 
-1.33   0.36    -16.12 
-1.25   0.36    -14.59 
-1.17   0.36    -13.11 
-1.09   0.36    -11.68 
-1.01   0.36    -10.31 
-0.93   0.36    -9.00  
-0.85   0.36    -7.76  
-0.77   0.36    -6.60  
-0.69   0.36    -5.52  
-0.61   0.36    -4.53  
-0.53   0.36    -3.62  
-0.44   0.36    -2.81  
-0.36   0.36    -2.10  
-0.28   0.36    -1.48  
-0.20   0.36    -0.97  
-0.12   0.36    -0.56  
-0.04   0.36    -0.25  
0.04    0.36    -0.05  
0.12    0.36    0.05   
0.20    0.36    0.04   
0.28    0.36    -0.07  
0.36    0.36    -0.28  
0.44    0.36    -0.59  
0.53    0.36    -1.00  
0.61    0.36    -1.50  
0.69    0.36    -2.09  
0.77    0.36    -2.76  
0.85    0.36    -3.52  
0.93    0.36    -4.35  
1.01    0.36    -5.26  
1.09    0.36    -6.23  
1.17    0.36    -7.25  
1.25    0.36    -8.33  
1.33    0.36    -9.45  
1.41    0.36    -10.60 
1.49    0.36    -11.78 
1.58    0.36    -12.98 
1.66    0.36    -14.19 
1.74    0.36    -15.39 
1.82    0.36    -16.58 
1.90    0.36    -17.74 
1.98    0.36    -18.87 
2.06    0.36    -19.94 
2.14    0.36    -20.96 
2.22    0.36    -21.90 
2.30    0.36    -22.75 
2.38    0.36    -23.50 
2.46    0.36    -24.12 
2.55    0.36    -24.62 
2.63    0.36    -24.97 
2.71    0.36    -25.15 
2.79    0.36    -25.14 
2.87    0.36    -24.94 
2.95    0.36    -24.52 
3.03    0.36    -23.86 
3.11    0.36    -22.95 
3.19    0.36    -21.77 
3.27    0.36    -20.28 
3.35    0.36    -18.49 
3.43    0.36    -16.35 
3.52    0.36    -13.86 
3.60    0.36    -10.99 
3.68    0.36    -7.72  
3.76    0.36    -4.02  
3.84    0.36    0.12   
3.92    0.36    4.74   
4.00    0.36    9.86   
-4.00   0.44    -10.45 
-3.92   0.44    -15.16 
-3.84   0.44    -19.38 
-3.76   0.44    -23.12 
-3.68   0.44    -26.41 
-3.60   0.44    -29.28 
-3.52   0.44    -31.75 
-3.43   0.44    -33.84 
-3.35   0.44    -35.56 
-3.27   0.44    -36.96 
-3.19   0.44    -38.03 
-3.11   0.44    -38.82 
-3.03   0.44    -39.33 
-2.95   0.44    -39.58 
-2.87   0.44    -39.60 
-2.79   0.44    -39.39 
-2.71   0.44    -38.99 
-2.63   0.44    -38.41 
-2.55   0.44    -37.66 
-2.46   0.44    -36.76 
-2.38   0.44    -35.72 
-2.30   0.44    -34.57 
-2.22   0.44    -33.32 
-2.14   0.44    -31.97 
-2.06   0.44    -30.56 
-1.98   0.44    -29.07 
-1.90   0.44    -27.54 
-1.82   0.44    -25.98 
-1.74   0.44    -24.39 
-1.66   0.44    -22.78 
-1.58   0.44    -21.17 
-1.49   0.44    -19.57 
-1.41   0.44    -17.98 
-1.33   0.44    -16.42 
-1.25   0.44    -14.90 
-1.17   0.44    -13.42 
-1.09   0.44    -11.99 
-1.01   0.44    -10.62 
-0.93   0.44    -9.31  
-0.85   0.44    -8.07  
-0.77   0.44    -6.91  
-0.69   0.44    -5.83  
-0.61   0.44    -4.84  
-0.53   0.44    -3.93  
-0.44   0.44    -3.12  
-0.36   0.44    -2.41  
-0.28   0.44    -1.79  
-0.20   0.44    -1.28  
-0.12   0.44    -0.87  
-0.04   0.44    -0.56  
0.04    0.44    -0.36  
0.12    0.44    -0.26  
0.20    0.44    -0.27  
0.28    0.44    -0.38  
0.36    0.44    -0.59  
0.44    0.44    -0.90  
0.53    0.44    -1.31  
0.61    0.44    -1.81  
0.69    0.44    -2.40  
0.77    0.44    -3.07  
0.85    0.44    -3.83  
0.93    0.44    -4.66  
1.01    0.44    -5.57  
1.09    0.44    -6.53  
1.17    0.44    -7.56  
1.25    0.44    -8.64  
1.33    0.44    -9.76  
1.41    0.44    -10.91 
1.49    0.44    -12.09 
1.58    0.44    -13.29 
1.66    0.44    -14.50 
1.74    0.44    -15.70 
1.82    0.44    -16.89 
1.90    0.44    -18.05 
1.98    0.44    -19.18 
2.06    0.44    -20.25 
2.14    0.44    -21.27 
2.22    0.44    -22.21 
2.30    0.44    -23.06 
2.38    0.44    -23.81 
2.46    0.44    -24.43 
2.55    0.44    -24.93 
2.63    0.44    -25.28 
2.71    0.44    -25.46 
2.79    0.44    -25.45 
2.87    0.44    -25.25 
2.95    0.44    -24.83 
3.03    0.44    -24.17 
3.11    0.44    -23.26 
3.19    0.44    -22.08 
3.27    0.44    -20.59 
3.35    0.44    -18.80 
3.43    0.44    -16.66 
3.52    0.44    -14.17 
3.60    0.44    -11.30 
3.68    0.44    -8.03  
3.76    0.44    -4.33  
3.84    0.44    -0.19  
3.92    0.44    4.43   
4.00    0.44    9.55   
-4.00   0.53    -10.86 
-3.92   0.53    -15.57 
-3.84   0.53    -19.78 
-3.76   0.53    -23.53 
-3.68   0.53    -26.82 
-3.60   0.53    -29.69 
-3.52   0.53    -32.16 
-3.43   0.53    -34.24 
-3.35   0.53    -35.97 
-3.27   0.53    -37.36 
-3.19   0.53    -38.44 
-3.11   0.53    -39.22 
-3.03   0.53    -39.73 
-2.95   0.53    -39.99 
-2.87   0.53    -40.00 
-2.79   0.53    -39.80 
-2.71   0.53    -39.40 
-2.63   0.53    -38.81 
-2.55   0.53    -38.06 
-2.46   0.53    -37.16 
-2.38   0.53    -36.13 
-2.30   0.53    -34.98 
-2.22   0.53    -33.72 
-2.14   0.53    -32.38 
-2.06   0.53    -30.96 
-1.98   0.53    -29.48 
-1.90   0.53    -27.95 
-1.82   0.53    -26.38 
-1.74   0.53    -24.79 
-1.66   0.53    -23.19 
-1.58   0.53    -21.58 
-1.49   0.53    -19.97 
-1.41   0.53    -18.39 
-1.33   0.53    -16.83 
-1.25   0.53    -15.31 
-1.17   0.53    -13.83 
-1.09   0.53    -12.40 
-1.01   0.53    -11.02 
-0.93   0.53    -9.71  
-0.85   0.53    -8.48  
-0.77   0.53    -7.32  
-0.69   0.53    -6.24  
-0.61   0.53    -5.24  
-0.53   0.53    -4.34  
-0.44   0.53    -3.53  
-0.36   0.53    -2.81  
-0.28   0.53    -2.20  
-0.20   0.53    -1.69  
-0.12   0.53    -1.28  
-0.04   0.53    -0.97  
0.04    0.53    -0.77  
0.12    0.53    -0.67  
0.20    0.53    -0.68  
0.28    0.53    -0.79  
0.36    0.53    -1.00  
0.44    0.53    -1.31  
0.53    0.53    -1.71  
0.61    0.53    -2.21  
0.69    0.53    -2.80  
0.77    0.53    -3.48  
0.85    0.53    -4.23  
0.93    0.53    -5.07  
1.01    0.53    -5.97  
1.09    0.53    -6.94  
1.17    0.53    -7.97  
1.25    0.53    -9.04  
1.33    0.53    -10.16 
1.41    0.53    -11.32 
1.49    0.53    -12.50 
1.58    0.53    -13.70 
1.66    0.53    -14.90 
1.74    0.53    -16.10 
1.82    0.53    -17.29 
1.90    0.53    -18.46 
1.98    0.53    -19.58 
2.06    0.53    -20.66 
2.14    0.53    -21.67 
2.22    0.53    -22.61 
2.30    0.53    -23.46 
2.38    0.53    -24.21 
2.46    0.53    -24.84 
2.55    0.53    -25.34 
2.63    0.53    -25.68 
2.71    0.53    -25.86 
2.79    0.53    -25.86 
2.87    0.53    -25.66 
2.95    0.53    -25.24 
3.03    0.53    -24.58 
3.11    0.53    -23.67 
3.19    0.53    -22.48 
3.27    0.53    -21.00 
3.35    0.53    -19.20 
3.43    0.53    -17.07 
3.52    0.53    -14.58 
3.60    0.53    -11.71 
3.68    0.53    -8.44  
3.76    0.53    -4.74  
3.84    0.53    -0.59  
3.92    0.53    4.03   
4.00    0.53    9.14   
-4.00   0.61    -11.36 
-3.92   0.61    -16.07 
-3.84   0.61    -20.28 
-3.76   0.61    -24.03 
-3.68   0.61    -27.32 
-3.60   0.61    -30.19 
-3.52   0.61    -32.66 
-3.43   0.61    -34.74 
-3.35   0.61    -36.47 
-3.27   0.61    -37.86 
-3.19   0.61    -38.94 
-3.11   0.61    -39.72 
-3.03   0.61    -40.23 
-2.95   0.61    -40.48 
-2.87   0.61    -40.50 
-2.79   0.61    -40.30 
-2.71   0.61    -39.90 
-2.63   0.61    -39.31 
-2.55   0.61    -38.56 
-2.46   0.61    -37.66 
-2.38   0.61    -36.63 
-2.30   0.61    -35.48 
-2.22   0.61    -34.22 
-2.14   0.61    -32.88 
-2.06   0.61    -31.46 
-1.98   0.61    -29.98 
-1.90   0.61    -28.45 
-1.82   0.61    -26.88 
-1.74   0.61    -25.29 
-1.66   0.61    -23.69 
-1.58   0.61    -22.08 
-1.49   0.61    -20.47 
-1.41   0.61    -18.89 
-1.33   0.61    -17.33 
-1.25   0.61    -15.81 
-1.17   0.61    -14.33 
-1.09   0.61    -12.90 
-1.01   0.61    -11.52 
-0.93   0.61    -10.21 
-0.85   0.61    -8.98  
-0.77   0.61    -7.82  
-0.69   0.61    -6.74  
-0.61   0.61    -5.74  
-0.53   0.61    -4.84  
-0.44   0.61    -4.03  
-0.36   0.61    -3.31  
-0.28   0.61    -2.70  
-0.20   0.61    -2.19  
-0.12   0.61    -1.78  
-0.04   0.61    -1.47  
0.04    0.61    -1.27  
0.12    0.61    -1.17  
0.20    0.61    -1.18  
0.28    0.61    -1.29  
0.36    0.61    -1.50  
0.44    0.61    -1.81  
0.53    0.61    -2.21  
0.61    0.61    -2.71  
0.69    0.61    -3.30  
0.77    0.61    -3.98  
0.85    0.61    -4.73  
0.93    0.61    -5.57  
1.01    0.61    -6.47  
1.09    0.61    -7.44  
1.17    0.61    -8.47  
1.25    0.61    -9.54  
1.33    0.61    -10.66 
1.41    0.61    -11.82 
1.49    0.61    -13.00 
1.58    0.61    -14.20 
1.66    0.61    -15.40 
1.74    0.61    -16.60 
1.82    0.61    -17.79 
1.90    0.61    -18.96 
1.98    0.61    -20.08 
2.06    0.61    -21.16 
2.14    0.61    -22.17 
2.22    0.61    -23.11 
2.30    0.61    -23.96 
2.38    0.61    -24.71 
2.46    0.61    -25.34 
2.55    0.61    -25.84 
2.63    0.61    -26.18 
2.71    0.61    -26.36 
2.79    0.61    -26.36 
2.87    0.61    -26.16 
2.95    0.61    -25.74 
3.03    0.61    -25.08 
3.11    0.61    -24.17 
3.19    0.61    -22.98 
3.27    0.61    -21.50 
3.35    0.61    -19.70 
3.43    0.61    -17.57 
3.52    0.61    -15.08 
3.60    0.61    -12.21 
3.68    0.61    -8.94  
3.76    0.61    -5.24  
3.84    0.61    -1.09  
3.92    0.61    3.53   
4.00    0.61    8.64   
-4.00   0.69    -11.95 
-3.92   0.69    -16.66 
-3.84   0.69    -20.87 
-3.76   0.69    -24.62 
-3.68   0.69    -27.91 
-3.60   0.69    -30.78 
-3.52   0.69    -33.25 
-3.43   0.69    -35.33 
-3.35   0.69    -37.06 
-3.27   0.69    -38.45 
-3.19   0.69    -39.53 
-3.11   0.69    -40.31 
-3.03   0.69    -40.82 
-2.95   0.69    -41.07 
-2.87   0.69    -41.09 
-2.79   0.69    -40.89 
-2.71   0.69    -40.49 
-2.63   0.69    -39.90 
-2.55   0.69    -39.15 
-2.46   0.69    -38.25 
-2.38   0.69    -37.22 
-2.30   0.69    -36.07 
-2.22   0.69    -34.81 
-2.14   0.69    -33.47 
-2.06   0.69    -32.05 
-1.98   0.69    -30.57 
-1.90   0.69    -29.04 
-1.82   0.69    -27.47 
-1.74   0.69    -25.88 
-1.66   0.69    -24.28 
-1.58   0.69    -22.67 
-1.49   0.69    -21.06 
-1.41   0.69    -19.48 
-1.33   0.69    -17.92 
-1.25   0.69    -16.40 
-1.17   0.69    -14.92 
-1.09   0.69    -13.49 
-1.01   0.69    -12.11 
-0.93   0.69    -10.80 
-0.85   0.69    -9.57  
-0.77   0.69    -8.41  
-0.69   0.69    -7.33  
-0.61   0.69    -6.33  
-0.53   0.69    -5.43  
-0.44   0.69    -4.62  
-0.36   0.69    -3.90  
-0.28   0.69    -3.29  
-0.20   0.69    -2.78  
-0.12   0.69    -2.37  
-0.04   0.69    -2.06  
0.04    0.69    -1.86  
0.12    0.69    -1.76  
0.20    0.69    -1.77  
0.28    0.69    -1.88  
0.36    0.69    -2.09  
0.44    0.69    -2.40  
0.53    0.69    -2.80  
0.61    0.69    -3.30  
0.69    0.69    -3.89  
0.77    0.69    -4.57  
0.85    0.69    -5.32  
0.93    0.69    -6.16  
1.01    0.69    -7.06  
1.09    0.69    -8.03  
1.17    0.69    -9.06  
1.25    0.69    -10.13 
1.33    0.69    -11.25 
1.41    0.69    -12.41 
1.49    0.69    -13.59 
1.58    0.69    -14.79 
1.66    0.69    -15.99 
1.74    0.69    -17.19 
1.82    0.69    -18.38 
1.90    0.69    -19.55 
1.98    0.69    -20.67 
2.06    0.69    -21.75 
2.14    0.69    -22.76 
2.22    0.69    -23.70 
2.30    0.69    -24.55 
2.38    0.69    -25.30 
2.46    0.69    -25.93 
2.55    0.69    -26.43 
2.63    0.69    -26.77 
2.71    0.69    -26.95 
2.79    0.69    -26.95 
2.87    0.69    -26.75 
2.95    0.69    -26.33 
3.03    0.69    -25.67 
3.11    0.69    -24.76 
3.19    0.69    -23.57 
3.27    0.69    -22.09 
3.35    0.69    -20.29 
3.43    0.69    -18.16 
3.52    0.69    -15.67 
3.60    0.69    -12.80 
3.68    0.69    -9.53  
3.76    0.69    -5.83  
3.84    0.69    -1.68  
3.92    0.69    2.94   
4.00    0.69    8.05   
-4.00   0.77    -12.62 
-3.92   0.77    -17.33 
-3.84   0.77    -21.55 
-3.76   0.77    -25.29 
-3.68   0.77    -28.59 
-3.60   0.77    -31.45 
-3.52   0.77    -33.92 
-3.43   0.77    -36.01 
-3.35   0.77    -37.74 
-3.27   0.77    -39.13 
-3.19   0.77    -40.21 
-3.11   0.77    -40.99 
-3.03   0.77    -41.50 
-2.95   0.77    -41.75 
-2.87   0.77    -41.77 
-2.79   0.77    -41.57 
-2.71   0.77    -41.16 
-2.63   0.77    -40.58 
-2.55   0.77    -39.83 
-2.46   0.77    -38.93 
-2.38   0.77    -37.90 
-2.30   0.77    -36.75 
-2.22   0.77    -35.49 
-2.14   0.77    -34.15 
-2.06   0.77    -32.73 
-1.98   0.77    -31.25 
-1.90   0.77    -29.72 
-1.82   0.77    -28.15 
-1.74   0.77    -26.56 
-1.66   0.77    -24.95 
-1.58   0.77    -23.34 
-1.49   0.77    -21.74 
-1.41   0.77    -20.16 
-1.33   0.77    -18.60 
-1.25   0.77    -17.07 
-1.17   0.77    -15.59 
-1.09   0.77    -14.16 
-1.01   0.77    -12.79 
-0.93   0.77    -11.48 
-0.85   0.77    -10.24 
-0.77   0.77    -9.08  
-0.69   0.77    -8.00  
-0.61   0.77    -7.01  
-0.53   0.77    -6.10  
-0.44   0.77    -5.29  
-0.36   0.77    -4.58  
-0.28   0.77    -3.97  
-0.20   0.77    -3.45  
-0.12   0.77    -3.04  
-0.04   0.77    -2.74  
0.04    0.77    -2.53  
0.12    0.77    -2.44  
0.20    0.77    -2.44  
0.28    0.77    -2.55  
0.36    0.77    -2.76  
0.44    0.77    -3.07  
0.53    0.77    -3.48  
0.61    0.77    -3.98  
0.69    0.77    -4.57  
0.77    0.77    -5.24  
0.85    0.77    -6.00  
0.93    0.77    -6.83  
1.01    0.77    -7.74  
1.09    0.77    -8.71  
1.17    0.77    -9.73  
1.25    0.77    -10.81 
1.33    0.77    -11.93 
1.41    0.77    -13.09 
1.49    0.77    -14.27 
1.58    0.77    -15.46 
1.66    0.77    -16.67 
1.74    0.77    -17.87 
1.82    0.77    -19.06 
1.90    0.77    -20.22 
1.98    0.77    -21.35 
2.06    0.77    -22.42 
2.14    0.77    -23.44 
2.22    0.77    -24.38 
2.30    0.77    -25.23 
2.38    0.77    -25.98 
2.46    0.77    -26.61 
2.55    0.77    -27.10 
2.63    0.77    -27.45 
2.71    0.77    -27.63 
2.79    0.77    -27.63 
2.87    0.77    -27.42 
2.95    0.77    -27.00 
3.03    0.77    -26.35 
3.11    0.77    -25.43 
3.19    0.77    -24.25 
3.27    0.77    -22.77 
3.35    0.77    -20.97 
3.43    0.77    -18.84 
3.52    0.77    -16.35 
3.60    0.77    -13.47 
3.68    0.77    -10.20 
3.76    0.77    -6.50  
3.84    0.77    -2.36  
3.92    0.77    2.26   
4.00    0.77    7.38   
-4.00   0.85    -13.38 
-3.92   0.85    -18.09 
-3.84   0.85    -22.31 
-3.76   0.85    -26.05 
-3.68   0.85    -29.34 
-3.60   0.85    -32.21 
-3.52   0.85    -34.68 
-3.43   0.85    -36.76 
-3.35   0.85    -38.49 
-3.27   0.85    -39.89 
-3.19   0.85    -40.96 
-3.11   0.85    -41.75 
-3.03   0.85    -42.26 
-2.95   0.85    -42.51 
-2.87   0.85    -42.52 
-2.79   0.85    -42.32 
-2.71   0.85    -41.92 
-2.63   0.85    -41.34 
-2.55   0.85    -40.59 
-2.46   0.85    -39.69 
-2.38   0.85    -38.65 
-2.30   0.85    -37.50 
-2.22   0.85    -36.25 
-2.14   0.85    -34.90 
-2.06   0.85    -33.48 
-1.98   0.85    -32.00 
-1.90   0.85    -30.47 
-1.82   0.85    -28.91 
-1.74   0.85    -27.31 
-1.66   0.85    -25.71 
-1.58   0.85    -24.10 
-1.49   0.85    -22.50 
-1.41   0.85    -20.91 
-1.33   0.85    -19.35 
-1.25   0.85    -17.83 
-1.17   0.85    -16.35 
-1.09   0.85    -14.92 
-1.01   0.85    -13.55 
-0.93   0.85    -12.24 
-0.85   0.85    -11.00 
-0.77   0.85    -9.84  
-0.69   0.85    -8.76  
-0.61   0.85    -7.77  
-0.53   0.85    -6.86  
-0.44   0.85    -6.05  
-0.36   0.85    -5.34  
-0.28   0.85    -4.72  
-0.20   0.85    -4.21  
-0.12   0.85    -3.80  
-0.04   0.85    -3.49  
0.04    0.85    -3.29  
0.12    0.85    -3.19  
0.20    0.85    -3.20  
0.28    0.85    -3.31  
0.36    0.85    -3.52  
0.44    0.85    -3.83  
0.53    0.85    -4.23  
0.61    0.85    -4.73  
0.69    0.85    -5.32  
0.77    0.85    -6.00  
0.85    0.85    -6.76  
0.93    0.85    -7.59  
1.01    0.85    -8.50  
1.09    0.85    -9.46  
1.17    0.85    -10.49 
1.25    0.85    -11.57 
1.33    0.85    -12.69 
1.41    0.85    -13.84 
1.49    0.85    -15.02 
1.58    0.85    -16.22 
1.66    0.85    -17.43 
1.74    0.85    -18.63 
1.82    0.85    -19.82 
1.90    0.85    -20.98 
1.98    0.85    -22.10 
2.06    0.85    -23.18 
2.14    0.85    -24.20 
2.22    0.85    -25.14 
2.30    0.85    -25.99 
2.38    0.85    -26.73 
2.46    0.85    -27.36 
2.55    0.85    -27.86 
2.63    0.85    -28.21 
2.71    0.85    -28.39 
2.79    0.85    -28.38 
2.87    0.85    -28.18 
2.95    0.85    -27.76 
3.03    0.85    -27.10 
3.11    0.85    -26.19 
3.19    0.85    -25.00 
3.27    0.85    -23.52 
3.35    0.85    -21.73 
3.43    0.85    -19.59 
3.52    0.85    -17.10 
3.60    0.85    -14.23 
3.68    0.85    -10.96 
3.76    0.85    -7.26  
3.84    0.85    -3.12  
3.92    0.85    1.50   
4.00    0.85    6.62   
-4.00   0.93    -14.21 
-3.92   0.93    -18.93 
-3.84   0.93    -23.14 
-3.76   0.93    -26.88 
-3.68   0.93    -30.18 
-3.60   0.93    -33.05 
-3.52   0.93    -35.51 
-3.43   0.93    -37.60 
-3.35   0.93    -39.33 
-3.27   0.93    -40.72 
-3.19   0.93    -41.80 
-3.11   0.93    -42.58 
-3.03   0.93    -43.09 
-2.95   0.93    -43.34 
-2.87   0.93    -43.36 
-2.79   0.93    -43.16 
-2.71   0.93    -42.75 
-2.63   0.93    -42.17 
-2.55   0.93    -41.42 
-2.46   0.93    -40.52 
-2.38   0.93    -39.49 
-2.30   0.93    -38.34 
-2.22   0.93    -37.08 
-2.14   0.93    -35.74 
-2.06   0.93    -34.32 
-1.98   0.93    -32.84 
-1.90   0.93    -31.31 
-1.82   0.93    -29.74 
-1.74   0.93    -28.15 
-1.66   0.93    -26.54 
-1.58   0.93    -24.93 
-1.49   0.93    -23.33 
-1.41   0.93    -21.75 
-1.33   0.93    -20.19 
-1.25   0.93    -18.66 
-1.17   0.93    -17.18 
-1.09   0.93    -15.75 
-1.01   0.93    -14.38 
-0.93   0.93    -13.07 
-0.85   0.93    -11.83 
-0.77   0.93    -10.67 
-0.69   0.93    -9.59  
-0.61   0.93    -8.60  
-0.53   0.93    -7.69  
-0.44   0.93    -6.88  
-0.36   0.93    -6.17  
-0.28   0.93    -5.56  
-0.20   0.93    -5.04  
-0.12   0.93    -4.63  
-0.04   0.93    -4.33  
0.04    0.93    -4.12  
0.12    0.93    -4.03  
0.20    0.93    -4.03  
0.28    0.93    -4.14  
0.36    0.93    -4.35  
0.44    0.93    -4.66  
0.53    0.93    -5.07  
0.61    0.93    -5.57  
0.69    0.93    -6.16  
0.77    0.93    -6.83  
0.85    0.93    -7.59  
0.93    0.93    -8.43  
1.01    0.93    -9.33  
1.09    0.93    -10.30 
1.17    0.93    -11.32 
1.25    0.93    -12.40 
1.33    0.93    -13.52 
1.41    0.93    -14.68 
1.49    0.93    -15.86 
1.58    0.93    -17.05 
1.66    0.93    -18.26 
1.74    0.93    -19.46 
1.82    0.93    -20.65 
1.90    0.93    -21.81 
1.98    0.93    -22.94 
2.06    0.93    -24.02 
2.14    0.93    -25.03 
2.22    0.93    -25.97 
2.30    0.93    -26.82 
2.38    0.93    -27.57 
2.46    0.93    -28.20 
2.55    0.93    -28.69 
2.63    0.93    -29.04 
2.71    0.93    -29.22 
2.79    0.93    -29.22 
2.87    0.93    -29.01 
2.95    0.93    -28.59 
3.03    0.93    -27.94 
3.11    0.93    -27.03 
3.19    0.93    -25.84 
3.27    0.93    -24.36 
3.35    0.93    -22.56 
3.43    0.93    -20.43 
3.52    0.93    -17.94 
3.60    0.93    -15.07 
3.68    0.93    -11.79 
3.76    0.93    -8.10  
3.84    0.93    -3.95  
3.92    0.93    0.67   
4.00    0.93    5.79   
-4.00   1.01    -15.12 
-3.92   1.01    -19.83 
-3.84   1.01    -24.04 
-3.76   1.01    -27.79 
-3.68   1.01    -31.08 
-3.60   1.01    -33.95 
-3.52   1.01    -36.42 
-3.43   1.01    -38.50 
-3.35   1.01    -40.23 
-3.27   1.01    -41.62 
-3.19   1.01    -42.70 
-3.11   1.01    -43.48 
-3.03   1.01    -43.99 
-2.95   1.01    -44.25 
-2.87   1.01    -44.26 
-2.79   1.01    -44.06 
-2.71   1.01    -43.66 
-2.63   1.01    -43.07 
-2.55   1.01    -42.32 
-2.46   1.01    -41.42 
-2.38   1.01    -40.39 
-2.30   1.01    -39.24 
-2.22   1.01    -37.99 
-2.14   1.01    -36.64 
-2.06   1.01    -35.22 
-1.98   1.01    -33.74 
-1.90   1.01    -32.21 
-1.82   1.01    -30.64 
-1.74   1.01    -29.05 
-1.66   1.01    -27.45 
-1.58   1.01    -25.84 
-1.49   1.01    -24.24 
-1.41   1.01    -22.65 
-1.33   1.01    -21.09 
-1.25   1.01    -19.57 
-1.17   1.01    -18.09 
-1.09   1.01    -16.66 
-1.01   1.01    -15.28 
-0.93   1.01    -13.98 
-0.85   1.01    -12.74 
-0.77   1.01    -11.58 
-0.69   1.01    -10.50 
-0.61   1.01    -9.50  
-0.53   1.01    -8.60  
-0.44   1.01    -7.79  
-0.36   1.01    -7.07  
-0.28   1.01    -6.46  
-0.20   1.01    -5.95  
-0.12   1.01    -5.54  
-0.04   1.01    -5.23  
0.04    1.01    -5.03  
0.12    1.01    -4.93  
0.20    1.01    -4.94  
0.28    1.01    -5.05  
0.36    1.01    -5.26  
0.44    1.01    -5.57  
0.53    1.01    -5.97  
0.61    1.01    -6.47  
0.69    1.01    -7.06  
0.77    1.01    -7.74  
0.85    1.01    -8.50  
0.93    1.01    -9.33  
1.01    1.01    -10.23 
1.09    1.01    -11.20 
1.17    1.01    -12.23 
1.25    1.01    -13.31 
1.33    1.01    -14.43 
1.41    1.01    -15.58 
1.49    1.01    -16.76 
1.58    1.01    -17.96 
1.66    1.01    -19.16 
1.74    1.01    -20.37 
1.82    1.01    -21.55 
1.90    1.01    -22.72 
1.98    1.01    -23.84 
2.06    1.01    -24.92 
2.14    1.01    -25.93 
2.22    1.01    -26.87 
2.30    1.01    -27.72 
2.38    1.01    -28.47 
2.46    1.01    -29.10 
2.55    1.01    -29.60 
2.63    1.01    -29.94 
2.71    1.01    -30.12 
2.79    1.01    -30.12 
2.87    1.01    -29.92 
2.95    1.01    -29.50 
3.03    1.01    -28.84 
3.11    1.01    -27.93 
3.19    1.01    -26.74 
3.27    1.01    -25.26 
3.35    1.01    -23.46 
3.43    1.01    -21.33 
3.52    1.01    -18.84 
3.60    1.01    -15.97 
3.68    1.01    -12.70 
3.76    1.01    -9.00  
3.84    1.01    -4.85  
3.92    1.01    -0.23  
4.00    1.01    4.88   
-4.00   1.09    -16.09 
-3.92   1.09    -20.80 
-3.84   1.09    -25.01 
-3.76   1.09    -28.76 
-3.68   1.09    -32.05 
-3.60   1.09    -34.92 
-3.52   1.09    -37.38 
-3.43   1.09    -39.47 
-3.35   1.09    -41.20 
-3.27   1.09    -42.59 
-3.19   1.09    -43.67 
-3.11   1.09    -44.45 
-3.03   1.09    -44.96 
-2.95   1.09    -45.21 
-2.87   1.09    -45.23 
-2.79   1.09    -45.03 
-2.71   1.09    -44.63 
-2.63   1.09    -44.04 
-2.55   1.09    -43.29 
-2.46   1.09    -42.39 
-2.38   1.09    -41.36 
-2.30   1.09    -40.21 
-2.22   1.09    -38.95 
-2.14   1.09    -37.61 
-2.06   1.09    -36.19 
-1.98   1.09    -34.71 
-1.90   1.09    -33.18 
-1.82   1.09    -31.61 
-1.74   1.09    -30.02 
-1.66   1.09    -28.41 
-1.58   1.09    -26.81 
-1.49   1.09    -25.20 
-1.41   1.09    -23.62 
-1.33   1.09    -22.06 
-1.25   1.09    -20.54 
-1.17   1.09    -19.06 
-1.09   1.09    -17.63 
-1.01   1.09    -16.25 
-0.93   1.09    -14.94 
-0.85   1.09    -13.71 
-0.77   1.09    -12.55 
-0.69   1.09    -11.47 
-0.61   1.09    -10.47 
-0.53   1.09    -9.57  
-0.44   1.09    -8.76  
-0.36   1.09    -8.04  
-0.28   1.09    -7.43  
-0.20   1.09    -6.92  
-0.12   1.09    -6.51  
-0.04   1.09    -6.20  
0.04    1.09    -6.00  
0.12    1.09    -5.90  
0.20    1.09    -5.91  
0.28    1.09    -6.01  
0.36    1.09    -6.23  
0.44    1.09    -6.53  
0.53    1.09    -6.94  
0.61    1.09    -7.44  
0.69    1.09    -8.03  
0.77    1.09    -8.71  
0.85    1.09    -9.46  
0.93    1.09    -10.30 
1.01    1.09    -11.20 
1.09    1.09    -12.17 
1.17    1.09    -13.20 
1.25    1.09    -14.27 
1.33    1.09    -15.39 
1.41    1.09    -16.55 
1.49    1.09    -17.73 
1.58    1.09    -18.93 
1.66    1.09    -20.13 
1.74    1.09    -21.33 
1.82    1.09    -22.52 
1.90    1.09    -23.68 
1.98    1.09    -24.81 
2.06    1.09    -25.89 
2.14    1.09    -26.90 
2.22    1.09    -27.84 
2.30    1.09    -28.69 
2.38    1.09    -29.44 
2.46    1.09    -30.07 
2.55    1.09    -30.57 
2.63    1.09    -30.91 
2.71    1.09    -31.09 
2.79    1.09    -31.09 
2.87    1.09    -30.89 
2.95    1.09    -30.47 
3.03    1.09    -29.81 
3.11    1.09    -28.90 
3.19    1.09    -27.71 
3.27    1.09    -26.23 
3.35    1.09    -24.43 
3.43    1.09    -22.30 
3.52    1.09    -19.81 
3.60    1.09    -16.94 
3.68    1.09    -13.67 
3.76    1.09    -9.97  
3.84    1.09    -5.82  
3.92    1.09    -1.20  
4.00    1.09    3.91   
-4.00   1.17    -17.11 
-3.92   1.17    -21.82 
-3.84   1.17    -26.04 
-3.76   1.17    -29.78 
-3.68   1.17    -33.08 
-3.60   1.17    -35.94 
-3.52   1.17    -38.41 
-3.43   1.17    -40.50 
-3.35   1.17    -42.23 
-3.27   1.17    -43.62 
-3.19   1.17    -44.70 
-3.11   1.17    -45.48 
-3.03   1.17    -45.99 
-2.95   1.17    -46.24 
-2.87   1.17    -46.26 
-2.79   1.17    -46.06 
-2.71   1.17    -45.65 
-2.63   1.17    -45.07 
-2.55   1.17    -44.32 
-2.46   1.17    -43.42 
-2.38   1.17    -42.39 
-2.30   1.17    -41.23 
-2.22   1.17    -39.98 
-2.14   1.17    -38.64 
-2.06   1.17    -37.22 
-1.98   1.17    -35.74 
-1.90   1.17    -34.21 
-1.82   1.17    -32.64 
-1.74   1.17    -31.05 
-1.66   1.17    -29.44 
-1.58   1.17    -27.83 
-1.49   1.17    -26.23 
-1.41   1.17    -24.65 
-1.33   1.17    -23.09 
-1.25   1.17    -21.56 
-1.17   1.17    -20.08 
-1.09   1.17    -18.65 
-1.01   1.17    -17.28 
-0.93   1.17    -15.97 
-0.85   1.17    -14.73 
-0.77   1.17    -13.57 
-0.69   1.17    -12.49 
-0.61   1.17    -11.50 
-0.53   1.17    -10.59 
-0.44   1.17    -9.78  
-0.36   1.17    -9.07  
-0.28   1.17    -8.46  
-0.20   1.17    -7.94  
-0.12   1.17    -7.53  
-0.04   1.17    -7.23  
0.04    1.17    -7.02  
0.12    1.17    -6.93  
0.20    1.17    -6.93  
0.28    1.17    -7.04  
0.36    1.17    -7.25  
0.44    1.17    -7.56  
0.53    1.17    -7.97  
0.61    1.17    -8.47  
0.69    1.17    -9.06  
0.77    1.17    -9.73  
0.85    1.17    -10.49 
0.93    1.17    -11.32 
1.01    1.17    -12.23 
1.09    1.17    -13.20 
1.17    1.17    -14.22 
1.25    1.17    -15.30 
1.33    1.17    -16.42 
1.41    1.17    -17.58 
1.49    1.17    -18.76 
1.58    1.17    -19.95 
1.66    1.17    -21.16 
1.74    1.17    -22.36 
1.82    1.17    -23.55 
1.90    1.17    -24.71 
1.98    1.17    -25.84 
2.06    1.17    -26.91 
2.14    1.17    -27.93 
2.22    1.17    -28.87 
2.30    1.17    -29.72 
2.38    1.17    -30.47 
2.46    1.17    -31.10 
2.55    1.17    -31.59 
2.63    1.17    -31.94 
2.71    1.17    -32.12 
2.79    1.17    -32.12 
2.87    1.17    -31.91 
2.95    1.17    -31.49 
3.03    1.17    -30.84 
3.11    1.17    -29.92 
3.19    1.17    -28.74 
3.27    1.17    -27.26 
3.35    1.17    -25.46 
3.43    1.17    -23.33 
3.52    1.17    -20.84 
3.60    1.17    -17.96 
3.68    1.17    -14.69 
3.76    1.17    -10.99 
3.84    1.17    -6.85  
3.92    1.17    -2.23  
4.00    1.17    2.89   
-4.00   1.25    -18.19 
-3.92   1.25    -22.90 
-3.84   1.25    -27.12 
-3.76   1.25    -30.86 
-3.68   1.25    -34.15 
-3.60   1.25    -37.02 
-3.52   1.25    -39.49 
-3.43   1.25    -41.57 
-3.35   1.25    -43.30 
-3.27   1.25    -44.70 
-3.19   1.25    -45.77 
-3.11   1.25    -46.56 
-3.03   1.25    -47.06 
-2.95   1.25    -47.32 
-2.87   1.25    -47.33 
-2.79   1.25    -47.13 
-2.71   1.25    -46.73 
-2.63   1.25    -46.15 
-2.55   1.25    -45.40 
-2.46   1.25    -44.50 
-2.38   1.25    -43.46 
-2.30   1.25    -42.31 
-2.22   1.25    -41.06 
-2.14   1.25    -39.71 
-2.06   1.25    -38.29 
-1.98   1.25    -36.81 
-1.90   1.25    -35.28 
-1.82   1.25    -33.72 
-1.74   1.25    -32.12 
-1.66   1.25    -30.52 
-1.58   1.25    -28.91 
-1.49   1.25    -27.31 
-1.41   1.25    -25.72 
-1.33   1.25    -24.16 
-1.25   1.25    -22.64 
-1.17   1.25    -21.16 
-1.09   1.25    -19.73 
-1.01   1.25    -18.36 
-0.93   1.25    -17.05 
-0.85   1.25    -15.81 
-0.77   1.25    -14.65 
-0.69   1.25    -13.57 
-0.61   1.25    -12.57 
-0.53   1.25    -11.67 
-0.44   1.25    -10.86 
-0.36   1.25    -10.15 
-0.28   1.25    -9.53  
-0.20   1.25    -9.02  
-0.12   1.25    -8.61  
-0.04   1.25    -8.30  
0.04    1.25    -8.10  
0.12    1.25    -8.00  
0.20    1.25    -8.01  
0.28    1.25    -8.12  
0.36    1.25    -8.33  
0.44    1.25    -8.64  
0.53    1.25    -9.04  
0.61    1.25    -9.54  
0.69    1.25    -10.13 
0.77    1.25    -10.81 
0.85    1.25    -11.57 
0.93    1.25    -12.40 
1.01    1.25    -13.31 
1.09    1.25    -14.27 
1.17    1.25    -15.30 
1.25    1.25    -16.38 
1.33    1.25    -17.50 
1.41    1.25    -18.65 
1.49    1.25    -19.83 
1.58    1.25    -21.03 
1.66    1.25    -22.24 
1.74    1.25    -23.44 
1.82    1.25    -24.63 
1.90    1.25    -25.79 
1.98    1.25    -26.91 
2.06    1.25    -27.99 
2.14    1.25    -29.01 
2.22    1.25    -29.95 
2.30    1.25    -30.80 
2.38    1.25    -31.54 
2.46    1.25    -32.17 
2.55    1.25    -32.67 
2.63    1.25    -33.01 
2.71    1.25    -33.20 
2.79    1.25    -33.19 
2.87    1.25    -32.99 
2.95    1.25    -32.57 
3.03    1.25    -31.91 
3.11    1.25    -31.00 
3.19    1.25    -29.81 
3.27    1.25    -28.33 
3.35    1.25    -26.54 
3.43    1.25    -24.40 
3.52    1.25    -21.91 
3.60    1.25    -19.04 
3.68    1.25    -15.77 
3.76    1.25    -12.07 
3.84    1.25    -7.92  
3.92    1.25    -3.31  
4.00    1.25    1.81   
-4.00   1.33    -19.31 
-3.92   1.33    -24.02 
-3.84   1.33    -28.24 
-3.76   1.33    -31.98 
-3.68   1.33    -35.27 
-3.60   1.33    -38.14 
-3.52   1.33    -40.61 
-3.43   1.33    -42.69 
-3.35   1.33    -44.42 
-3.27   1.33    -45.82 
-3.19   1.33    -46.89 
-3.11   1.33    -47.68 
-3.03   1.33    -48.18 
-2.95   1.33    -48.44 
-2.87   1.33    -48.45 
-2.79   1.33    -48.25 
-2.71   1.33    -47.85 
-2.63   1.33    -47.27 
-2.55   1.33    -46.52 
-2.46   1.33    -45.62 
-2.38   1.33    -44.58 
-2.30   1.33    -43.43 
-2.22   1.33    -42.18 
-2.14   1.33    -40.83 
-2.06   1.33    -39.41 
-1.98   1.33    -37.93 
-1.90   1.33    -36.40 
-1.82   1.33    -34.84 
-1.74   1.33    -33.24 
-1.66   1.33    -31.64 
-1.58   1.33    -30.03 
-1.49   1.33    -28.43 
-1.41   1.33    -26.84 
-1.33   1.33    -25.28 
-1.25   1.33    -23.76 
-1.17   1.33    -22.28 
-1.09   1.33    -20.85 
-1.01   1.33    -19.48 
-0.93   1.33    -18.17 
-0.85   1.33    -16.93 
-0.77   1.33    -15.77 
-0.69   1.33    -14.69 
-0.61   1.33    -13.69 
-0.53   1.33    -12.79 
-0.44   1.33    -11.98 
-0.36   1.33    -11.27 
-0.28   1.33    -10.65 
-0.20   1.33    -10.14 
-0.12   1.33    -9.73  
-0.04   1.33    -9.42  
0.04    1.33    -9.22  
0.12    1.33    -9.12  
0.20    1.33    -9.13  
0.28    1.33    -9.24  
0.36    1.33    -9.45  
0.44    1.33    -9.76  
0.53    1.33    -10.16 
0.61    1.33    -10.66 
0.69    1.33    -11.25 
0.77    1.33    -11.93 
0.85    1.33    -12.69 
0.93    1.33    -13.52 
1.01    1.33    -14.43 
1.09    1.33    -15.39 
1.17    1.33    -16.42 
1.25    1.33    -17.50 
1.33    1.33    -18.62 
1.41    1.33    -19.77 
1.49    1.33    -20.95 
1.58    1.33    -22.15 
1.66    1.33    -23.36 
1.74    1.33    -24.56 
1.82    1.33    -25.75 
1.90    1.33    -26.91 
1.98    1.33    -28.03 
2.06    1.33    -29.11 
2.14    1.33    -30.13 
2.22    1.33    -31.07 
2.30    1.33    -31.92 
2.38    1.33    -32.66 
2.46    1.33    -33.29 
2.55    1.33    -33.79 
2.63    1.33    -34.13 
2.71    1.33    -34.32 
2.79    1.33    -34.31 
2.87    1.33    -34.11 
2.95    1.33    -33.69 
3.03    1.33    -33.03 
3.11    1.33    -32.12 
3.19    1.33    -30.93 
3.27    1.33    -29.45 
3.35    1.33    -27.66 
3.43    1.33    -25.52 
3.52    1.33    -23.03 
3.60    1.33    -20.16 
3.68    1.33    -16.89 
3.76    1.33    -13.19 
3.84    1.33    -9.04  
3.92    1.33    -4.43  
4.00    1.33    0.69   
-4.00   1.41    -20.46 
-3.92   1.41    -25.18 
-3.84   1.41    -29.39 
-3.76   1.41    -33.13 
-3.68   1.41    -36.43 
-3.60   1.41    -39.30 
-3.52   1.41    -41.76 
-3.43   1.41    -43.85 
-3.35   1.41    -45.58 
-3.27   1.41    -46.97 
-3.19   1.41    -48.05 
-3.11   1.41    -48.83 
-3.03   1.41    -49.34 
-2.95   1.41    -49.59 
-2.87   1.41    -49.61 
-2.79   1.41    -49.41 
-2.71   1.41    -49.01 
-2.63   1.41    -48.42 
-2.55   1.41    -47.67 
-2.46   1.41    -46.77 
-2.38   1.41    -45.74 
-2.30   1.41    -44.59 
-2.22   1.41    -43.33 
-2.14   1.41    -41.99 
-2.06   1.41    -40.57 
-1.98   1.41    -39.09 
-1.90   1.41    -37.56 
-1.82   1.41    -35.99 
-1.74   1.41    -34.40 
-1.66   1.41    -32.79 
-1.58   1.41    -31.18 
-1.49   1.41    -29.58 
-1.41   1.41    -28.00 
-1.33   1.41    -26.44 
-1.25   1.41    -24.91 
-1.17   1.41    -23.43 
-1.09   1.41    -22.00 
-1.01   1.41    -20.63 
-0.93   1.41    -19.32 
-0.85   1.41    -18.08 
-0.77   1.41    -16.92 
-0.69   1.41    -15.84 
-0.61   1.41    -14.85 
-0.53   1.41    -13.95 
-0.44   1.41    -13.14 
-0.36   1.41    -12.42 
-0.28   1.41    -11.81 
-0.20   1.41    -11.29 
-0.12   1.41    -10.88 
-0.04   1.41    -10.58 
0.04    1.41    -10.38 
0.12    1.41    -10.28 
0.20    1.41    -10.28 
0.28    1.41    -10.39 
0.36    1.41    -10.60 
0.44    1.41    -10.91 
0.53    1.41    -11.32 
0.61    1.41    -11.82 
0.69    1.41    -12.41 
0.77    1.41    -13.09 
0.85    1.41    -13.84 
0.93    1.41    -14.68 
1.01    1.41    -15.58 
1.09    1.41    -16.55 
1.17    1.41    -17.58 
1.25    1.41    -18.65 
1.33    1.41    -19.77 
1.41    1.41    -20.93 
1.49    1.41    -22.11 
1.58    1.41    -23.31 
1.66    1.41    -24.51 
1.74    1.41    -25.71 
1.82    1.41    -26.90 
1.90    1.41    -28.06 
1.98    1.41    -29.19 
2.06    1.41    -30.27 
2.14    1.41    -31.28 
2.22    1.41    -32.22 
2.30    1.41    -33.07 
2.38    1.41    -33.82 
2.46    1.41    -34.45 
2.55    1.41    -34.94 
2.63    1.41    -35.29 
2.71    1.41    -35.47 
2.79    1.41    -35.47 
2.87    1.41    -35.27 
2.95    1.41    -34.85 
3.03    1.41    -34.19 
3.11    1.41    -33.28 
3.19    1.41    -32.09 
3.27    1.41    -30.61 
3.35    1.41    -28.81 
3.43    1.41    -26.68 
3.52    1.41    -24.19 
3.60    1.41    -21.32 
3.68    1.41    -18.04 
3.76    1.41    -14.35 
3.84    1.41    -10.20 
3.92    1.41    -5.58  
4.00    1.41    -0.46  
-4.00   1.49    -21.64 
-3.92   1.49    -26.36 
-3.84   1.49    -30.57 
-3.76   1.49    -34.31 
-3.68   1.49    -37.61 
-3.60   1.49    -40.48 
-3.52   1.49    -42.94 
-3.43   1.49    -45.03 
-3.35   1.49    -46.76 
-3.27   1.49    -48.15 
-3.19   1.49    -49.23 
-3.11   1.49    -50.01 
-3.03   1.49    -50.52 
-2.95   1.49    -50.77 
-2.87   1.49    -50.79 
-2.79   1.49    -50.59 
-2.71   1.49    -50.19 
-2.63   1.49    -49.60 
-2.55   1.49    -48.85 
-2.46   1.49    -47.95 
-2.38   1.49    -46.92 
-2.30   1.49    -45.77 
-2.22   1.49    -44.51 
-2.14   1.49    -43.17 
-2.06   1.49    -41.75 
-1.98   1.49    -40.27 
-1.90   1.49    -38.74 
-1.82   1.49    -37.17 
-1.74   1.49    -35.58 
-1.66   1.49    -33.97 
-1.58   1.49    -32.37 
-1.49   1.49    -30.76 
-1.41   1.49    -29.18 
-1.33   1.49    -27.62 
-1.25   1.49    -26.10 
-1.17   1.49    -24.61 
-1.09   1.49    -23.18 
-1.01   1.49    -21.81 
-0.93   1.49    -20.50 
-0.85   1.49    -19.27 
-0.77   1.49    -18.10 
-0.69   1.49    -17.02 
-0.61   1.49    -16.03 
-0.53   1.49    -15.13 
-0.44   1.49    -14.32 
-0.36   1.49    -13.60 
-0.28   1.49    -12.99 
-0.20   1.49    -12.48 
-0.12   1.49    -12.06 
-0.04   1.49    -11.76 
0.04    1.49    -11.56 
0.12    1.49    -11.46 
0.20    1.49    -11.46 
0.28    1.49    -11.57 
0.36    1.49    -11.78 
0.44    1.49    -12.09 
0.53    1.49    -12.50 
0.61    1.49    -13.00 
0.69    1.49    -13.59 
0.77    1.49    -14.27 
0.85    1.49    -15.02 
0.93    1.49    -15.86 
1.01    1.49    -16.76 
1.09    1.49    -17.73 
1.17    1.49    -18.76 
1.25    1.49    -19.83 
1.33    1.49    -20.95 
1.41    1.49    -22.11 
1.49    1.49    -23.29 
1.58    1.49    -24.49 
1.66    1.49    -25.69 
1.74    1.49    -26.89 
1.82    1.49    -28.08 
1.90    1.49    -29.24 
1.98    1.49    -30.37 
2.06    1.49    -31.45 
2.14    1.49    -32.46 
2.22    1.49    -33.40 
2.30    1.49    -34.25 
2.38    1.49    -35.00 
2.46    1.49    -35.63 
2.55    1.49    -36.12 
2.63    1.49    -36.47 
2.71    1.49    -36.65 
2.79    1.49    -36.65 
2.87    1.49    -36.45 
2.95    1.49    -36.03 
3.03    1.49    -35.37 
3.11    1.49    -34.46 
3.19    1.49    -33.27 
3.27    1.49    -31.79 
3.35    1.49    -29.99 
3.43    1.49    -27.86 
3.52    1.49    -25.37 
3.60    1.49    -22.50 
3.68    1.49    -19.22 
3.76    1.49    -15.53 
3.84    1.49    -11.38 
3.92    1.49    -6.76  
4.00    1.49    -1.64  
-4.00   1.58    -22.84 
-3.92   1.58    -27.55 
-3.84   1.58    -31.77 
-3.76   1.58    -35.51 
-3.68   1.58    -38.81 
-3.60   1.58    -41.67 
-3.52   1.58    -44.14 
-3.43   1.58    -46.23 
-3.35   1.58    -47.96 
-3.27   1.58    -49.35 
-3.19   1.58    -50.43 
-3.11   1.58    -51.21 
-3.03   1.58    -51.72 
-2.95   1.58    -51.97 
-2.87   1.58    -51.99 
-2.79   1.58    -51.79 
-2.71   1.58    -51.38 
-2.63   1.58    -50.80 
-2.55   1.58    -50.05 
-2.46   1.58    -49.15 
-2.38   1.58    -48.12 
-2.30   1.58    -46.97 
-2.22   1.58    -45.71 
-2.14   1.58    -44.37 
-2.06   1.58    -42.95 
-1.98   1.58    -41.47 
-1.90   1.58    -39.94 
-1.82   1.58    -38.37 
-1.74   1.58    -36.78 
-1.66   1.58    -35.17 
-1.58   1.58    -33.56 
-1.49   1.58    -31.96 
-1.41   1.58    -30.38 
-1.33   1.58    -28.82 
-1.25   1.58    -27.29 
-1.17   1.58    -25.81 
-1.09   1.58    -24.38 
-1.01   1.58    -23.01 
-0.93   1.58    -21.70 
-0.85   1.58    -20.46 
-0.77   1.58    -19.30 
-0.69   1.58    -18.22 
-0.61   1.58    -17.23 
-0.53   1.58    -16.32 
-0.44   1.58    -15.51 
-0.36   1.58    -14.80 
-0.28   1.58    -14.19 
-0.20   1.58    -13.67 
-0.12   1.58    -13.26 
-0.04   1.58    -12.96 
0.04    1.58    -12.75 
0.12    1.58    -12.66 
0.20    1.58    -12.66 
0.28    1.58    -12.77 
0.36    1.58    -12.98 
0.44    1.58    -13.29 
0.53    1.58    -13.70 
0.61    1.58    -14.20 
0.69    1.58    -14.79 
0.77    1.58    -15.46 
0.85    1.58    -16.22 
0.93    1.58    -17.05 
1.01    1.58    -17.96 
1.09    1.58    -18.93 
1.17    1.58    -19.95 
1.25    1.58    -21.03 
1.33    1.58    -22.15 
1.41    1.58    -23.31 
1.49    1.58    -24.49 
1.58    1.58    -25.68 
1.66    1.58    -26.89 
1.74    1.58    -28.09 
1.82    1.58    -29.28 
1.90    1.58    -30.44 
1.98    1.58    -31.57 
2.06    1.58    -32.64 
2.14    1.58    -33.66 
2.22    1.58    -34.60 
2.30    1.58    -35.45 
2.38    1.58    -36.20 
2.46    1.58    -36.83 
2.55    1.58    -37.32 
2.63    1.58    -37.67 
2.71    1.58    -37.85 
2.79    1.58    -37.85 
2.87    1.58    -37.64 
2.95    1.58    -37.22 
3.03    1.58    -36.57 
3.11    1.58    -35.65 
3.19    1.58    -34.47 
3.27    1.58    -32.99 
3.35    1.58    -31.19 
3.43    1.58    -29.06 
3.52    1.58    -26.57 
3.60    1.58    -23.70 
3.68    1.58    -20.42 
3.76    1.58    -16.72 
3.84    1.58    -12.58 
3.92    1.58    -7.96  
4.00    1.58    -2.84  
-4.00   1.66    -24.05 
-3.92   1.66    -28.76 
-3.84   1.66    -32.97 
-3.76   1.66    -36.72 
-3.68   1.66    -40.01 
-3.60   1.66    -42.88 
-3.52   1.66    -45.35 
-3.43   1.66    -47.43 
-3.35   1.66    -49.16 
-3.27   1.66    -50.55 
-3.19   1.66    -51.63 
-3.11   1.66    -52.42 
-3.03   1.66    -52.92 
-2.95   1.66    -53.18 
-2.87   1.66    -53.19 
-2.79   1.66    -52.99 
-2.71   1.66    -52.59 
-2.63   1.66    -52.00 
-2.55   1.66    -51.25 
-2.46   1.66    -50.35 
-2.38   1.66    -49.32 
-2.30   1.66    -48.17 
-2.22   1.66    -46.92 
-2.14   1.66    -45.57 
-2.06   1.66    -44.15 
-1.98   1.66    -42.67 
-1.90   1.66    -41.14 
-1.82   1.66    -39.57 
-1.74   1.66    -37.98 
-1.66   1.66    -36.38 
-1.58   1.66    -34.77 
-1.49   1.66    -33.17 
-1.41   1.66    -31.58 
-1.33   1.66    -30.02 
-1.25   1.66    -28.50 
-1.17   1.66    -27.02 
-1.09   1.66    -25.59 
-1.01   1.66    -24.21 
-0.93   1.66    -22.91 
-0.85   1.66    -21.67 
-0.77   1.66    -20.51 
-0.69   1.66    -19.43 
-0.61   1.66    -18.43 
-0.53   1.66    -17.53 
-0.44   1.66    -16.72 
-0.36   1.66    -16.01 
-0.28   1.66    -15.39 
-0.20   1.66    -14.88 
-0.12   1.66    -14.47 
-0.04   1.66    -14.16 
0.04    1.66    -13.96 
0.12    1.66    -13.86 
0.20    1.66    -13.87 
0.28    1.66    -13.98 
0.36    1.66    -14.19 
0.44    1.66    -14.50 
0.53    1.66    -14.90 
0.61    1.66    -15.40 
0.69    1.66    -15.99 
0.77    1.66    -16.67 
0.85    1.66    -17.43 
0.93    1.66    -18.26 
1.01    1.66    -19.16 
1.09    1.66    -20.13 
1.17    1.66    -21.16 
1.25    1.66    -22.24 
1.33    1.66    -23.36 
1.41    1.66    -24.51 
1.49    1.66    -25.69 
1.58    1.66    -26.89 
1.66    1.66    -28.09 
1.74    1.66    -29.30 
1.82    1.66    -30.48 
1.90    1.66    -31.65 
1.98    1.66    -32.77 
2.06    1.66    -33.85 
2.14    1.66    -34.86 
2.22    1.66    -35.80 
2.30    1.66    -36.65 
2.38    1.66    -37.40 
2.46    1.66    -38.03 
2.55    1.66    -38.53 
2.63    1.66    -38.87 
2.71    1.66    -39.05 
2.79    1.66    -39.05 
2.87    1.66    -38.85 
2.95    1.66    -38.43 
3.03    1.66    -37.77 
3.11    1.66    -36.86 
3.19    1.66    -35.67 
3.27    1.66    -34.19 
3.35    1.66    -32.39 
3.43    1.66    -30.26 
3.52    1.66    -27.77 
3.60    1.66    -24.90 
3.68    1.66    -21.63 
3.76    1.66    -17.93 
3.84    1.66    -13.78 
3.92    1.66    -9.16  
4.00    1.66    -4.05  
-4.00   1.74    -25.25 
-3.92   1.74    -29.96 
-3.84   1.74    -34.18 
-3.76   1.74    -37.92 
-3.68   1.74    -41.21 
-3.60   1.74    -44.08 
-3.52   1.74    -46.55 
-3.43   1.74    -48.63 
-3.35   1.74    -50.36 
-3.27   1.74    -51.76 
-3.19   1.74    -52.83 
-3.11   1.74    -53.62 
-3.03   1.74    -54.13 
-2.95   1.74    -54.38 
-2.87   1.74    -54.39 
-2.79   1.74    -54.19 
-2.71   1.74    -53.79 
-2.63   1.74    -53.21 
-2.55   1.74    -52.46 
-2.46   1.74    -51.56 
-2.38   1.74    -50.52 
-2.30   1.74    -49.37 
-2.22   1.74    -48.12 
-2.14   1.74    -46.77 
-2.06   1.74    -45.35 
-1.98   1.74    -43.87 
-1.90   1.74    -42.34 
-1.82   1.74    -40.78 
-1.74   1.74    -39.18 
-1.66   1.74    -37.58 
-1.58   1.74    -35.97 
-1.49   1.74    -34.37 
-1.41   1.74    -32.78 
-1.33   1.74    -31.22 
-1.25   1.74    -29.70 
-1.17   1.74    -28.22 
-1.09   1.74    -26.79 
-1.01   1.74    -25.42 
-0.93   1.74    -24.11 
-0.85   1.74    -22.87 
-0.77   1.74    -21.71 
-0.69   1.74    -20.63 
-0.61   1.74    -19.63 
-0.53   1.74    -18.73 
-0.44   1.74    -17.92 
-0.36   1.74    -17.21 
-0.28   1.74    -16.59 
-0.20   1.74    -16.08 
-0.12   1.74    -15.67 
-0.04   1.74    -15.36 
0.04    1.74    -15.16 
0.12    1.74    -15.06 
0.20    1.74    -15.07 
0.28    1.74    -15.18 
0.36    1.74    -15.39 
0.44    1.74    -15.70 
0.53    1.74    -16.10 
0.61    1.74    -16.60 
0.69    1.74    -17.19 
0.77    1.74    -17.87 
0.85    1.74    -18.63 
0.93    1.74    -19.46 
1.01    1.74    -20.37 
1.09    1.74    -21.33 
1.17    1.74    -22.36 
1.25    1.74    -23.44 
1.33    1.74    -24.56 
1.41    1.74    -25.71 
1.49    1.74    -26.89 
1.58    1.74    -28.09 
1.66    1.74    -29.30 
1.74    1.74    -30.50 
1.82    1.74    -31.69 
1.90    1.74    -32.85 
1.98    1.74    -33.97 
2.06    1.74    -35.05 
2.14    1.74    -36.07 
2.22    1.74    -37.01 
2.30    1.74    -37.86 
2.38    1.74    -38.60 
2.46    1.74    -39.23 
2.55    1.74    -39.73 
2.63    1.74    -40.08 
2.71    1.74    -40.26 
2.79    1.74    -40.25 
2.87    1.74    -40.05 
2.95    1.74    -39.63 
3.03    1.74    -38.97 
3.11    1.74    -38.06 
3.19    1.74    -36.87 
3.27    1.74    -35.39 
3.35    1.74    -33.60 
3.43    1.74    -31.46 
3.52    1.74    -28.97 
3.60    1.74    -26.10 
3.68    1.74    -22.83 
3.76    1.74    -19.13 
3.84    1.74    -14.98 
3.92    1.74    -10.37 
4.00    1.74    -5.25  
-4.00   1.82    -26.44 
-3.92   1.82    -31.15 
-3.84   1.82    -35.36 
-3.76   1.82    -39.11 
-3.68   1.82    -42.40 
-3.60   1.82    -45.27 
-3.52   1.82    -47.74 
-3.43   1.82    -49.82 
-3.35   1.82    -51.55 
-3.27   1.82    -52.94 
-3.19   1.82    -54.02 
-3.11   1.82    -54.80 
-3.03   1.82    -55.31 
-2.95   1.82    -55.57 
-2.87   1.82    -55.58 
-2.79   1.82    -55.38 
-2.71   1.82    -54.98 
-2.63   1.82    -54.39 
-2.55   1.82    -53.64 
-2.46   1.82    -52.74 
-2.38   1.82    -51.71 
-2.30   1.82    -50.56 
-2.22   1.82    -49.31 
-2.14   1.82    -47.96 
-2.06   1.82    -46.54 
-1.98   1.82    -45.06 
-1.90   1.82    -43.53 
-1.82   1.82    -41.96 
-1.74   1.82    -40.37 
-1.66   1.82    -38.77 
-1.58   1.82    -37.16 
-1.49   1.82    -35.56 
-1.41   1.82    -33.97 
-1.33   1.82    -32.41 
-1.25   1.82    -30.89 
-1.17   1.82    -29.41 
-1.09   1.82    -27.98 
-1.01   1.82    -26.60 
-0.93   1.82    -25.30 
-0.85   1.82    -24.06 
-0.77   1.82    -22.90 
-0.69   1.82    -21.82 
-0.61   1.82    -20.82 
-0.53   1.82    -19.92 
-0.44   1.82    -19.11 
-0.36   1.82    -18.39 
-0.28   1.82    -17.78 
-0.20   1.82    -17.27 
-0.12   1.82    -16.86 
-0.04   1.82    -16.55 
0.04    1.82    -16.35 
0.12    1.82    -16.25 
0.20    1.82    -16.26 
0.28    1.82    -16.37 
0.36    1.82    -16.58 
0.44    1.82    -16.89 
0.53    1.82    -17.29 
0.61    1.82    -17.79 
0.69    1.82    -18.38 
0.77    1.82    -19.06 
0.85    1.82    -19.82 
0.93    1.82    -20.65 
1.01    1.82    -21.55 
1.09    1.82    -22.52 
1.17    1.82    -23.55 
1.25    1.82    -24.63 
1.33    1.82    -25.75 
1.41    1.82    -26.90 
1.49    1.82    -28.08 
1.58    1.82    -29.28 
1.66    1.82    -30.48 
1.74    1.82    -31.69 
1.82    1.82    -32.87 
1.90    1.82    -34.04 
1.98    1.82    -35.16 
2.06    1.82    -36.24 
2.14    1.82    -37.25 
2.22    1.82    -38.19 
2.30    1.82    -39.04 
2.38    1.82    -39.79 
2.46    1.82    -40.42 
2.55    1.82    -40.92 
2.63    1.82    -41.26 
2.71    1.82    -41.44 
2.79    1.82    -41.44 
2.87    1.82    -41.24 
2.95    1.82    -40.82 
3.03    1.82    -40.16 
3.11    1.82    -39.25 
3.19    1.82    -38.06 
3.27    1.82    -36.58 
3.35    1.82    -34.78 
3.43    1.82    -32.65 
3.52    1.82    -30.16 
3.60    1.82    -27.29 
3.68    1.82    -24.02 
3.76    1.82    -20.32 
3.84    1.82    -16.17 
3.92    1.82    -11.55 
4.00    1.82    -6.44  
-4.00   1.90    -27.60 
-3.92   1.90    -32.31 
-3.84   1.90    -36.53 
-3.76   1.90    -40.27 
-3.68   1.90    -43.56 
-3.60   1.90    -46.43 
-3.52   1.90    -48.90 
-3.43   1.90    -50.99 
-3.35   1.90    -52.71 
-3.27   1.90    -54.11 
-3.19   1.90    -55.18 
-3.11   1.90    -55.97 
-3.03   1.90    -56.48 
-2.95   1.90    -56.73 
-2.87   1.90    -56.75 
-2.79   1.90    -56.54 
-2.71   1.90    -56.14 
-2.63   1.90    -55.56 
-2.55   1.90    -54.81 
-2.46   1.90    -53.91 
-2.38   1.90    -52.87 
-2.30   1.90    -51.72 
-2.22   1.90    -50.47 
-2.14   1.90    -49.12 
-2.06   1.90    -47.71 
-1.98   1.90    -46.22 
-1.90   1.90    -44.69 
-1.82   1.90    -43.13 
-1.74   1.90    -41.54 
-1.66   1.90    -39.93 
-1.58   1.90    -38.32 
-1.49   1.90    -36.72 
-1.41   1.90    -35.13 
-1.33   1.90    -33.57 
-1.25   1.90    -32.05 
-1.17   1.90    -30.57 
-1.09   1.90    -29.14 
-1.01   1.90    -27.77 
-0.93   1.90    -26.46 
-0.85   1.90    -25.22 
-0.77   1.90    -24.06 
-0.69   1.90    -22.98 
-0.61   1.90    -21.99 
-0.53   1.90    -21.08 
-0.44   1.90    -20.27 
-0.36   1.90    -19.56 
-0.28   1.90    -18.94 
-0.20   1.90    -18.43 
-0.12   1.90    -18.02 
-0.04   1.90    -17.71 
0.04    1.90    -17.51 
0.12    1.90    -17.41 
0.20    1.90    -17.42 
0.28    1.90    -17.53 
0.36    1.90    -17.74 
0.44    1.90    -18.05 
0.53    1.90    -18.46 
0.61    1.90    -18.96 
0.69    1.90    -19.55 
0.77    1.90    -20.22 
0.85    1.90    -20.98 
0.93    1.90    -21.81 
1.01    1.90    -22.72 
1.09    1.90    -23.68 
1.17    1.90    -24.71 
1.25    1.90    -25.79 
1.33    1.90    -26.91 
1.41    1.90    -28.06 
1.49    1.90    -29.24 
1.58    1.90    -30.44 
1.66    1.90    -31.65 
1.74    1.90    -32.85 
1.82    1.90    -34.04 
1.90    1.90    -35.20 
1.98    1.90    -36.33 
2.06    1.90    -37.40 
2.14    1.90    -38.42 
2.22    1.90    -39.36 
2.30    1.90    -40.21 
2.38    1.90    -40.96 
2.46    1.90    -41.58 
2.55    1.90    -42.08 
2.63    1.90    -42.43 
2.71    1.90    -42.61 
2.79    1.90    -42.60 
2.87    1.90    -42.40 
2.95    1.90    -41.98 
3.03    1.90    -41.32 
3.11    1.90    -40.41 
3.19    1.90    -39.23 
3.27    1.90    -37.74 
3.35    1.90    -35.95 
3.43    1.90    -33.81 
3.52    1.90    -31.32 
3.60    1.90    -28.45 
3.68    1.90    -25.18 
3.76    1.90    -21.48 
3.84    1.90    -17.34 
3.92    1.90    -12.72 
4.00    1.90    -7.60  
-4.00   1.98    -28.73 
-3.92   1.98    -33.44 
-3.84   1.98    -37.65 
-3.76   1.98    -41.40 
-3.68   1.98    -44.69 
-3.60   1.98    -47.56 
-3.52   1.98    -50.02 
-3.43   1.98    -52.11 
-3.35   1.98    -53.84 
-3.27   1.98    -55.23 
-3.19   1.98    -56.31 
-3.11   1.98    -57.09 
-3.03   1.98    -57.60 
-2.95   1.98    -57.85 
-2.87   1.98    -57.87 
-2.79   1.98    -57.67 
-2.71   1.98    -57.27 
-2.63   1.98    -56.68 
-2.55   1.98    -55.93 
-2.46   1.98    -55.03 
-2.38   1.98    -54.00 
-2.30   1.98    -52.85 
-2.22   1.98    -51.59 
-2.14   1.98    -50.25 
-2.06   1.98    -48.83 
-1.98   1.98    -47.35 
-1.90   1.98    -45.82 
-1.82   1.98    -44.25 
-1.74   1.98    -42.66 
-1.66   1.98    -41.06 
-1.58   1.98    -39.45 
-1.49   1.98    -37.84 
-1.41   1.98    -36.26 
-1.33   1.98    -34.70 
-1.25   1.98    -33.18 
-1.17   1.98    -31.70 
-1.09   1.98    -30.27 
-1.01   1.98    -28.89 
-0.93   1.98    -27.58 
-0.85   1.98    -26.35 
-0.77   1.98    -25.19 
-0.69   1.98    -24.11 
-0.61   1.98    -23.11 
-0.53   1.98    -22.21 
-0.44   1.98    -21.40 
-0.36   1.98    -20.68 
-0.28   1.98    -20.07 
-0.20   1.98    -19.56 
-0.12   1.98    -19.15 
-0.04   1.98    -18.84 
0.04    1.98    -18.64 
0.12    1.98    -18.54 
0.20    1.98    -18.55 
0.28    1.98    -18.66 
0.36    1.98    -18.87 
0.44    1.98    -19.18 
0.53    1.98    -19.58 
0.61    1.98    -20.08 
0.69    1.98    -20.67 
0.77    1.98    -21.35 
0.85    1.98    -22.10 
0.93    1.98    -22.94 
1.01    1.98    -23.84 
1.09    1.98    -24.81 
1.17    1.98    -25.84 
1.25    1.98    -26.91 
1.33    1.98    -28.03 
1.41    1.98    -29.19 
1.49    1.98    -30.37 
1.58    1.98    -31.57 
1.66    1.98    -32.77 
1.74    1.98    -33.97 
1.82    1.98    -35.16 
1.90    1.98    -36.33 
1.98    1.98    -37.45 
2.06    1.98    -38.53 
2.14    1.98    -39.54 
2.22    1.98    -40.48 
2.30    1.98    -41.33 
2.38    1.98    -42.08 
2.46    1.98    -42.71 
2.55    1.98    -43.21 
2.63    1.98    -43.55 
2.71    1.98    -43.73 
2.79    1.98    -43.73 
2.87    1.98    -43.53 
2.95    1.98    -43.11 
3.03    1.98    -42.45 
3.11    1.98    -41.54 
3.19    1.98    -40.35 
3.27    1.98    -38.87 
3.35    1.98    -37.07 
3.43    1.98    -34.94 
3.52    1.98    -32.45 
3.60    1.98    -29.58 
3.68    1.98    -26.31 
3.76    1.98    -22.61 
3.84    1.98    -18.46 
3.92    1.98    -13.84 
4.00    1.98    -8.73  
-4.00   2.06    -29.80 
-3.92   2.06    -34.52 
-3.84   2.06    -38.73 
-3.76   2.06    -42.47 
-3.68   2.06    -45.77 
-3.60   2.06    -48.64 
-3.52   2.06    -51.10 
-3.43   2.06    -53.19 
-3.35   2.06    -54.92 
-3.27   2.06    -56.31 
-3.19   2.06    -57.39 
-3.11   2.06    -58.17 
-3.03   2.06    -58.68 
-2.95   2.06    -58.93 
-2.87   2.06    -58.95 
-2.79   2.06    -58.75 
-2.71   2.06    -58.34 
-2.63   2.06    -57.76 
-2.55   2.06    -57.01 
-2.46   2.06    -56.11 
-2.38   2.06    -55.08 
-2.30   2.06    -53.93 
-2.22   2.06    -52.67 
-2.14   2.06    -51.33 
-2.06   2.06    -49.91 
-1.98   2.06    -48.43 
-1.90   2.06    -46.90 
-1.82   2.06    -45.33 
-1.74   2.06    -43.74 
-1.66   2.06    -42.13 
-1.58   2.06    -40.52 
-1.49   2.06    -38.92 
-1.41   2.06    -37.34 
-1.33   2.06    -35.78 
-1.25   2.06    -34.25 
-1.17   2.06    -32.77 
-1.09   2.06    -31.34 
-1.01   2.06    -29.97 
-0.93   2.06    -28.66 
-0.85   2.06    -27.42 
-0.77   2.06    -26.26 
-0.69   2.06    -25.18 
-0.61   2.06    -24.19 
-0.53   2.06    -23.28 
-0.44   2.06    -22.47 
-0.36   2.06    -21.76 
-0.28   2.06    -21.15 
-0.20   2.06    -20.63 
-0.12   2.06    -20.22 
-0.04   2.06    -19.92 
0.04    2.06    -19.71 
0.12    2.06    -19.62 
0.20    2.06    -19.62 
0.28    2.06    -19.73 
0.36    2.06    -19.94 
0.44    2.06    -20.25 
0.53    2.06    -20.66 
0.61    2.06    -21.16 
0.69    2.06    -21.75 
0.77    2.06    -22.42 
0.85    2.06    -23.18 
0.93    2.06    -24.02 
1.01    2.06    -24.92 
1.09    2.06    -25.89 
1.17    2.06    -26.91 
1.25    2.06    -27.99 
1.33    2.06    -29.11 
1.41    2.06    -30.27 
1.49    2.06    -31.45 
1.58    2.06    -32.64 
1.66    2.06    -33.85 
1.74    2.06    -35.05 
1.82    2.06    -36.24 
1.90    2.06    -37.40 
1.98    2.06    -38.53 
2.06    2.06    -39.61 
2.14    2.06    -40.62 
2.22    2.06    -41.56 
2.30    2.06    -42.41 
2.38    2.06    -43.16 
2.46    2.06    -43.79 
2.55    2.06    -44.28 
2.63    2.06    -44.63 
2.71    2.06    -44.81 
2.79    2.06    -44.81 
2.87    2.06    -44.60 
2.95    2.06    -44.18 
3.03    2.06    -43.53 
3.11    2.06    -42.62 
3.19    2.06    -41.43 
3.27    2.06    -39.95 
3.35    2.06    -38.15 
3.43    2.06    -36.02 
3.52    2.06    -33.53 
3.60    2.06    -30.66 
3.68    2.06    -27.38 
3.76    2.06    -23.69 
3.84    2.06    -19.54 
3.92    2.06    -14.92 
4.00    2.06    -9.80  
-4.00   2.14    -30.82 
-3.92   2.14    -35.53 
-3.84   2.14    -39.75 
-3.76   2.14    -43.49 
-3.68   2.14    -46.78 
-3.60   2.14    -49.65 
-3.52   2.14    -52.12 
-3.43   2.14    -54.20 
-3.35   2.14    -55.93 
-3.27   2.14    -57.33 
-3.19   2.14    -58.40 
-3.11   2.14    -59.19 
-3.03   2.14    -59.69 
-2.95   2.14    -59.95 
-2.87   2.14    -59.96 
-2.79   2.14    -59.76 
-2.71   2.14    -59.36 
-2.63   2.14    -58.78 
-2.55   2.14    -58.03 
-2.46   2.14    -57.13 
-2.38   2.14    -56.09 
-2.30   2.14    -54.94 
-2.22   2.14    -53.69 
-2.14   2.14    -52.34 
-2.06   2.14    -50.92 
-1.98   2.14    -49.44 
-1.90   2.14    -47.91 
-1.82   2.14    -46.35 
-1.74   2.14    -44.75 
-1.66   2.14    -43.15 
-1.58   2.14    -41.54 
-1.49   2.14    -39.94 
-1.41   2.14    -38.35 
-1.33   2.14    -36.79 
-1.25   2.14    -35.27 
-1.17   2.14    -33.79 
-1.09   2.14    -32.36 
-1.01   2.14    -30.98 
-0.93   2.14    -29.68 
-0.85   2.14    -28.44 
-0.77   2.14    -27.28 
-0.69   2.14    -26.20 
-0.61   2.14    -25.20 
-0.53   2.14    -24.30 
-0.44   2.14    -23.49 
-0.36   2.14    -22.78 
-0.28   2.14    -22.16 
-0.20   2.14    -21.65 
-0.12   2.14    -21.24 
-0.04   2.14    -20.93 
0.04    2.14    -20.73 
0.12    2.14    -20.63 
0.20    2.14    -20.64 
0.28    2.14    -20.75 
0.36    2.14    -20.96 
0.44    2.14    -21.27 
0.53    2.14    -21.67 
0.61    2.14    -22.17 
0.69    2.14    -22.76 
0.77    2.14    -23.44 
0.85    2.14    -24.20 
0.93    2.14    -25.03 
1.01    2.14    -25.93 
1.09    2.14    -26.90 
1.17    2.14    -27.93 
1.25    2.14    -29.01 
1.33    2.14    -30.13 
1.41    2.14    -31.28 
1.49    2.14    -32.46 
1.58    2.14    -33.66 
1.66    2.14    -34.86 
1.74    2.14    -36.07 
1.82    2.14    -37.25 
1.90    2.14    -38.42 
1.98    2.14    -39.54 
2.06    2.14    -40.62 
2.14    2.14    -41.64 
2.22    2.14    -42.57 
2.30    2.14    -43.43 
2.38    2.14    -44.17 
2.46    2.14    -44.80 
2.55    2.14    -45.30 
2.63    2.14    -45.64 
2.71    2.14    -45.82 
2.79    2.14    -45.82 
2.87    2.14    -45.62 
2.95    2.14    -45.20 
3.03    2.14    -44.54 
3.11    2.14    -43.63 
3.19    2.14    -42.44 
3.27    2.14    -40.96 
3.35    2.14    -39.16 
3.43    2.14    -37.03 
3.52    2.14    -34.54 
3.60    2.14    -31.67 
3.68    2.14    -28.40 
3.76    2.14    -24.70 
3.84    2.14    -20.55 
3.92    2.14    -15.93 
4.00    2.14    -10.82 
-4.00   2.22    -31.76 
-3.92   2.22    -36.47 
-3.84   2.22    -40.69 
-3.76   2.22    -44.43 
-3.68   2.22    -47.72 
-3.60   2.22    -50.59 
-3.52   2.22    -53.06 
-3.43   2.22    -55.14 
-3.35   2.22    -56.87 
-3.27   2.22    -58.27 
-3.19   2.22    -59.34 
-3.11   2.22    -60.13 
-3.03   2.22    -60.63 
-2.95   2.22    -60.89 
-2.87   2.22    -60.90 
-2.79   2.22    -60.70 
-2.71   2.22    -60.30 
-2.63   2.22    -59.71 
-2.55   2.22    -58.96 
-2.46   2.22    -58.07 
-2.38   2.22    -57.03 
-2.30   2.22    -55.88 
-2.22   2.22    -54.63 
-2.14   2.22    -53.28 
-2.06   2.22    -51.86 
-1.98   2.22    -50.38 
-1.90   2.22    -48.85 
-1.82   2.22    -47.28 
-1.74   2.22    -45.69 
-1.66   2.22    -44.09 
-1.58   2.22    -42.48 
-1.49   2.22    -40.88 
-1.41   2.22    -39.29 
-1.33   2.22    -37.73 
-1.25   2.22    -36.21 
-1.17   2.22    -34.73 
-1.09   2.22    -33.30 
-1.01   2.22    -31.92 
-0.93   2.22    -30.62 
-0.85   2.22    -29.38 
-0.77   2.22    -28.22 
-0.69   2.22    -27.14 
-0.61   2.22    -26.14 
-0.53   2.22    -25.24 
-0.44   2.22    -24.43 
-0.36   2.22    -23.72 
-0.28   2.22    -23.10 
-0.20   2.22    -22.59 
-0.12   2.22    -22.18 
-0.04   2.22    -21.87 
0.04    2.22    -21.67 
0.12    2.22    -21.57 
0.20    2.22    -21.58 
0.28    2.22    -21.69 
0.36    2.22    -21.90 
0.44    2.22    -22.21 
0.53    2.22    -22.61 
0.61    2.22    -23.11 
0.69    2.22    -23.70 
0.77    2.22    -24.38 
0.85    2.22    -25.14 
0.93    2.22    -25.97 
1.01    2.22    -26.87 
1.09    2.22    -27.84 
1.17    2.22    -28.87 
1.25    2.22    -29.95 
1.33    2.22    -31.07 
1.41    2.22    -32.22 
1.49    2.22    -33.40 
1.58    2.22    -34.60 
1.66    2.22    -35.80 
1.74    2.22    -37.01 
1.82    2.22    -38.19 
1.90    2.22    -39.36 
1.98    2.22    -40.48 
2.06    2.22    -41.56 
2.14    2.22    -42.57 
2.22    2.22    -43.51 
2.30    2.22    -44.37 
2.38    2.22    -45.11 
2.46    2.22    -45.74 
2.55    2.22    -46.24 
2.63    2.22    -46.58 
2.71    2.22    -46.76 
2.79    2.22    -46.76 
2.87    2.22    -46.56 
2.95    2.22    -46.14 
3.03    2.22    -45.48 
3.11    2.22    -44.57 
3.19    2.22    -43.38 
3.27    2.22    -41.90 
3.35    2.22    -40.10 
3.43    2.22    -37.97 
3.52    2.22    -35.48 
3.60    2.22    -32.61 
3.68    2.22    -29.34 
3.76    2.22    -25.64 
3.84    2.22    -21.49 
3.92    2.22    -16.87 
4.00    2.22    -11.76 
-4.00   2.30    -32.61 
-3.92   2.30    -37.32 
-3.84   2.30    -41.54 
-3.76   2.30    -45.28 
-3.68   2.30    -48.57 
-3.60   2.30    -51.44 
-3.52   2.30    -53.91 
-3.43   2.30    -55.99 
-3.35   2.30    -57.72 
-3.27   2.30    -59.12 
-3.19   2.30    -60.19 
-3.11   2.30    -60.98 
-3.03   2.30    -61.48 
-2.95   2.30    -61.74 
-2.87   2.30    -61.75 
-2.79   2.30    -61.55 
-2.71   2.30    -61.15 
-2.63   2.30    -60.57 
-2.55   2.30    -59.82 
-2.46   2.30    -58.92 
-2.38   2.30    -57.88 
-2.30   2.30    -56.73 
-2.22   2.30    -55.48 
-2.14   2.30    -54.13 
-2.06   2.30    -52.71 
-1.98   2.30    -51.23 
-1.90   2.30    -49.70 
-1.82   2.30    -48.14 
-1.74   2.30    -46.54 
-1.66   2.30    -44.94 
-1.58   2.30    -43.33 
-1.49   2.30    -41.73 
-1.41   2.30    -40.14 
-1.33   2.30    -38.58 
-1.25   2.30    -37.06 
-1.17   2.30    -35.58 
-1.09   2.30    -34.15 
-1.01   2.30    -32.78 
-0.93   2.30    -31.47 
-0.85   2.30    -30.23 
-0.77   2.30    -29.07 
-0.69   2.30    -27.99 
-0.61   2.30    -26.99 
-0.53   2.30    -26.09 
-0.44   2.30    -25.28 
-0.36   2.30    -24.57 
-0.28   2.30    -23.95 
-0.20   2.30    -23.44 
-0.12   2.30    -23.03 
-0.04   2.30    -22.72 
0.04    2.30    -22.52 
0.12    2.30    -22.42 
0.20    2.30    -22.43 
0.28    2.30    -22.54 
0.36    2.30    -22.75 
0.44    2.30    -23.06 
0.53    2.30    -23.46 
0.61    2.30    -23.96 
0.69    2.30    -24.55 
0.77    2.30    -25.23 
0.85    2.30    -25.99 
0.93    2.30    -26.82 
1.01    2.30    -27.72 
1.09    2.30    -28.69 
1.17    2.30    -29.72 
1.25    2.30    -30.80 
1.33    2.30    -31.92 
1.41    2.30    -33.07 
1.49    2.30    -34.25 
1.58    2.30    -35.45 
1.66    2.30    -36.65 
1.74    2.30    -37.86 
1.82    2.30    -39.04 
1.90    2.30    -40.21 
1.98    2.30    -41.33 
2.06    2.30    -42.41 
2.14    2.30    -43.43 
2.22    2.30    -44.37 
2.30    2.30    -45.22 
2.38    2.30    -45.96 
2.46    2.30    -46.59 
2.55    2.30    -47.09 
2.63    2.30    -47.43 
2.71    2.30    -47.61 
2.79    2.30    -47.61 
2.87    2.30    -47.41 
2.95    2.30    -46.99 
3.03    2.30    -46.33 
3.11    2.30    -45.42 
3.19    2.30    -44.23 
3.27    2.30    -42.75 
3.35    2.30    -40.96 
3.43    2.30    -38.82 
3.52    2.30    -36.33 
3.60    2.30    -33.46 
3.68    2.30    -30.19 
3.76    2.30    -26.49 
3.84    2.30    -22.34 
3.92    2.30    -17.72 
4.00    2.30    -12.61 
-4.00   2.38    -33.36 
-3.92   2.38    -38.07 
-3.84   2.38    -42.28 
-3.76   2.38    -46.03 
-3.68   2.38    -49.32 
-3.60   2.38    -52.19 
-3.52   2.38    -54.65 
-3.43   2.38    -56.74 
-3.35   2.38    -58.47 
-3.27   2.38    -59.86 
-3.19   2.38    -60.94 
-3.11   2.38    -61.72 
-3.03   2.38    -62.23 
-2.95   2.38    -62.48 
-2.87   2.38    -62.50 
-2.79   2.38    -62.30 
-2.71   2.38    -61.90 
-2.63   2.38    -61.31 
-2.55   2.38    -60.56 
-2.46   2.38    -59.66 
-2.38   2.38    -58.63 
-2.30   2.38    -57.48 
-2.22   2.38    -56.22 
-2.14   2.38    -54.88 
-2.06   2.38    -53.46 
-1.98   2.38    -51.98 
-1.90   2.38    -50.45 
-1.82   2.38    -48.88 
-1.74   2.38    -47.29 
-1.66   2.38    -45.69 
-1.58   2.38    -44.08 
-1.49   2.38    -42.47 
-1.41   2.38    -40.89 
-1.33   2.38    -39.33 
-1.25   2.38    -37.81 
-1.17   2.38    -36.33 
-1.09   2.38    -34.90 
-1.01   2.38    -33.52 
-0.93   2.38    -32.21 
-0.85   2.38    -30.98 
-0.77   2.38    -29.82 
-0.69   2.38    -28.74 
-0.61   2.38    -27.74 
-0.53   2.38    -26.84 
-0.44   2.38    -26.03 
-0.36   2.38    -25.31 
-0.28   2.38    -24.70 
-0.20   2.38    -24.19 
-0.12   2.38    -23.78 
-0.04   2.38    -23.47 
0.04    2.38    -23.27 
0.12    2.38    -23.17 
0.20    2.38    -23.18 
0.28    2.38    -23.29 
0.36    2.38    -23.50 
0.44    2.38    -23.81 
0.53    2.38    -24.21 
0.61    2.38    -24.71 
0.69    2.38    -25.30 
0.77    2.38    -25.98 
0.85    2.38    -26.73 
0.93    2.38    -27.57 
1.01    2.38    -28.47 
1.09    2.38    -29.44 
1.17    2.38    -30.47 
1.25    2.38    -31.54 
1.33    2.38    -32.66 
1.41    2.38    -33.82 
1.49    2.38    -35.00 
1.58    2.38    -36.20 
1.66    2.38    -37.40 
1.74    2.38    -38.60 
1.82    2.38    -39.79 
1.90    2.38    -40.96 
1.98    2.38    -42.08 
2.06    2.38    -43.16 
2.14    2.38    -44.17 
2.22    2.38    -45.11 
2.30    2.38    -45.96 
2.38    2.38    -46.71 
2.46    2.38    -47.34 
2.55    2.38    -47.84 
2.63    2.38    -48.18 
2.71    2.38    -48.36 
2.79    2.38    -48.36 
2.87    2.38    -48.16 
2.95    2.38    -47.74 
3.03    2.38    -47.08 
3.11    2.38    -46.17 
3.19    2.38    -44.98 
3.27    2.38    -43.50 
3.35    2.38    -41.70 
3.43    2.38    -39.57 
3.52    2.38    -37.08 
3.60    2.38    -34.21 
3.68    2.38    -30.94 
3.76    2.38    -27.24 
3.84    2.38    -23.09 
3.92    2.38    -18.47 
4.00    2.38    -13.36 
-4.00   2.46    -33.98 
-3.92   2.46    -38.70 
-3.84   2.46    -42.91 
-3.76   2.46    -46.66 
-3.68   2.46    -49.95 
-3.60   2.46    -52.82 
-3.52   2.46    -55.28 
-3.43   2.46    -57.37 
-3.35   2.46    -59.10 
-3.27   2.46    -60.49 
-3.19   2.46    -61.57 
-3.11   2.46    -62.35 
-3.03   2.46    -62.86 
-2.95   2.46    -63.11 
-2.87   2.46    -63.13 
-2.79   2.46    -62.93 
-2.71   2.46    -62.53 
-2.63   2.46    -61.94 
-2.55   2.46    -61.19 
-2.46   2.46    -60.29 
-2.38   2.46    -59.26 
-2.30   2.46    -58.11 
-2.22   2.46    -56.85 
-2.14   2.46    -55.51 
-2.06   2.46    -54.09 
-1.98   2.46    -52.61 
-1.90   2.46    -51.08 
-1.82   2.46    -49.51 
-1.74   2.46    -47.92 
-1.66   2.46    -46.31 
-1.58   2.46    -44.71 
-1.49   2.46    -43.10 
-1.41   2.46    -41.52 
-1.33   2.46    -39.96 
-1.25   2.46    -38.44 
-1.17   2.46    -36.95 
-1.09   2.46    -35.52 
-1.01   2.46    -34.15 
-0.93   2.46    -32.84 
-0.85   2.46    -31.61 
-0.77   2.46    -30.44 
-0.69   2.46    -29.36 
-0.61   2.46    -28.37 
-0.53   2.46    -27.47 
-0.44   2.46    -26.66 
-0.36   2.46    -25.94 
-0.28   2.46    -25.33 
-0.20   2.46    -24.82 
-0.12   2.46    -24.41 
-0.04   2.46    -24.10 
0.04    2.46    -23.90 
0.12    2.46    -23.80 
0.20    2.46    -23.81 
0.28    2.46    -23.91 
0.36    2.46    -24.12 
0.44    2.46    -24.43 
0.53    2.46    -24.84 
0.61    2.46    -25.34 
0.69    2.46    -25.93 
0.77    2.46    -26.61 
0.85    2.46    -27.36 
0.93    2.46    -28.20 
1.01    2.46    -29.10 
1.09    2.46    -30.07 
1.17    2.46    -31.10 
1.25    2.46    -32.17 
1.33    2.46    -33.29 
1.41    2.46    -34.45 
1.49    2.46    -35.63 
1.58    2.46    -36.83 
1.66    2.46    -38.03 
1.74    2.46    -39.23 
1.82    2.46    -40.42 
1.90    2.46    -41.58 
1.98    2.46    -42.71 
2.06    2.46    -43.79 
2.14    2.46    -44.80 
2.22    2.46    -45.74 
2.30    2.46    -46.59 
2.38    2.46    -47.34 
2.46    2.46    -47.97 
2.55    2.46    -48.46 
2.63    2.46    -48.81 
2.71    2.46    -48.99 
2.79    2.46    -48.99 
2.87    2.46    -48.79 
2.95    2.46    -48.37 
3.03    2.46    -47.71 
3.11    2.46    -46.80 
3.19    2.46    -45.61 
3.27    2.46    -44.13 
3.35    2.46    -42.33 
3.43    2.46    -40.20 
3.52    2.46    -37.71 
3.60    2.46    -34.84 
3.68    2.46    -31.57 
3.76    2.46    -27.87 
3.84    2.46    -23.72 
3.92    2.46    -19.10 
4.00    2.46    -13.98 
-4.00   2.55    -34.48 
-3.92   2.55    -39.19 
-3.84   2.55    -43.41 
-3.76   2.55    -47.15 
-3.68   2.55    -50.44 
-3.60   2.55    -53.31 
-3.52   2.55    -55.78 
-3.43   2.55    -57.87 
-3.35   2.55    -59.60 
-3.27   2.55    -60.99 
-3.19   2.55    -62.07 
-3.11   2.55    -62.85 
-3.03   2.55    -63.36 
-2.95   2.55    -63.61 
-2.87   2.55    -63.63 
-2.79   2.55    -63.42 
-2.71   2.55    -63.02 
-2.63   2.55    -62.44 
-2.55   2.55    -61.69 
-2.46   2.55    -60.79 
-2.38   2.55    -59.75 
-2.30   2.55    -58.60 
-2.22   2.55    -57.35 
-2.14   2.55    -56.00 
-2.06   2.55    -54.59 
-1.98   2.55    -53.10 
-1.90   2.55    -51.57 
-1.82   2.55    -50.01 
-1.74   2.55    -48.42 
-1.66   2.55    -46.81 
-1.58   2.55    -45.20 
-1.49   2.55    -43.60 
-1.41   2.55    -42.01 
-1.33   2.55    -40.46 
-1.25   2.55    -38.93 
-1.17   2.55    -37.45 
-1.09   2.55    -36.02 
-1.01   2.55    -34.65 
-0.93   2.55    -33.34 
-0.85   2.55    -32.10 
-0.77   2.55    -30.94 
-0.69   2.55    -29.86 
-0.61   2.55    -28.87 
-0.53   2.55    -27.96 
-0.44   2.55    -27.15 
-0.36   2.55    -26.44 
-0.28   2.55    -25.82 
-0.20   2.55    -25.31 
-0.12   2.55    -24.90 
-0.04   2.55    -24.59 
0.04    2.55    -24.39 
0.12    2.55    -24.29 
0.20    2.55    -24.30 
0.28    2.55    -24.41 
0.36    2.55    -24.62 
0.44    2.55    -24.93 
0.53    2.55    -25.34 
0.61    2.55    -25.84 
0.69    2.55    -26.43 
0.77    2.55    -27.10 
0.85    2.55    -27.86 
0.93    2.55    -28.69 
1.01    2.55    -29.60 
1.09    2.55    -30.57 
1.17    2.55    -31.59 
1.25    2.55    -32.67 
1.33    2.55    -33.79 
1.41    2.55    -34.94 
1.49    2.55    -36.12 
1.58    2.55    -37.32 
1.66    2.55    -38.53 
1.74    2.55    -39.73 
1.82    2.55    -40.92 
1.90    2.55    -42.08 
1.98    2.55    -43.21 
2.06    2.55    -44.28 
2.14    2.55    -45.30 
2.22    2.55    -46.24 
2.30    2.55    -47.09 
2.38    2.55    -47.84 
2.46    2.55    -48.46 
2.55    2.55    -48.96 
2.63    2.55    -49.31 
2.71    2.55    -49.49 
2.79    2.55    -49.48 
2.87    2.55    -49.28 
2.95    2.55    -48.86 
3.03    2.55    -48.20 
3.11    2.55    -47.29 
3.19    2.55    -46.11 
3.27    2.55    -44.62 
3.35    2.55    -42.83 
3.43    2.55    -40.69 
3.52    2.55    -38.20 
3.60    2.55    -35.33 
3.68    2.55    -32.06 
3.76    2.55    -28.36 
3.84    2.55    -24.22 
3.92    2.55    -19.60 
4.00    2.55    -14.48 
-4.00   2.63    -34.83 
-3.92   2.63    -39.54 
-3.84   2.63    -43.75 
-3.76   2.63    -47.50 
-3.68   2.63    -50.79 
-3.60   2.63    -53.66 
-3.52   2.63    -56.13 
-3.43   2.63    -58.21 
-3.35   2.63    -59.94 
-3.27   2.63    -61.33 
-3.19   2.63    -62.41 
-3.11   2.63    -63.19 
-3.03   2.63    -63.70 
-2.95   2.63    -63.96 
-2.87   2.63    -63.97 
-2.79   2.63    -63.77 
-2.71   2.63    -63.37 
-2.63   2.63    -62.78 
-2.55   2.63    -62.03 
-2.46   2.63    -61.13 
-2.38   2.63    -60.10 
-2.30   2.63    -58.95 
-2.22   2.63    -57.69 
-2.14   2.63    -56.35 
-2.06   2.63    -54.93 
-1.98   2.63    -53.45 
-1.90   2.63    -51.92 
-1.82   2.63    -50.35 
-1.74   2.63    -48.76 
-1.66   2.63    -47.16 
-1.58   2.63    -45.55 
-1.49   2.63    -43.95 
-1.41   2.63    -42.36 
-1.33   2.63    -40.80 
-1.25   2.63    -39.28 
-1.17   2.63    -37.80 
-1.09   2.63    -36.37 
-1.01   2.63    -34.99 
-0.93   2.63    -33.69 
-0.85   2.63    -32.45 
-0.77   2.63    -31.29 
-0.69   2.63    -30.21 
-0.61   2.63    -29.21 
-0.53   2.63    -28.31 
-0.44   2.63    -27.50 
-0.36   2.63    -26.78 
-0.28   2.63    -26.17 
-0.20   2.63    -25.66 
-0.12   2.63    -25.25 
-0.04   2.63    -24.94 
0.04    2.63    -24.74 
0.12    2.63    -24.64 
0.20    2.63    -24.65 
0.28    2.63    -24.76 
0.36    2.63    -24.97 
0.44    2.63    -25.28 
0.53    2.63    -25.68 
0.61    2.63    -26.18 
0.69    2.63    -26.77 
0.77    2.63    -27.45 
0.85    2.63    -28.21 
0.93    2.63    -29.04 
1.01    2.63    -29.94 
1.09    2.63    -30.91 
1.17    2.63    -31.94 
1.25    2.63    -33.01 
1.33    2.63    -34.13 
1.41    2.63    -35.29 
1.49    2.63    -36.47 
1.58    2.63    -37.67 
1.66    2.63    -38.87 
1.74    2.63    -40.08 
1.82    2.63    -41.26 
1.90    2.63    -42.43 
1.98    2.63    -43.55 
2.06    2.63    -44.63 
2.14    2.63    -45.64 
2.22    2.63    -46.58 
2.30    2.63    -47.43 
2.38    2.63    -48.18 
2.46    2.63    -48.81 
2.55    2.63    -49.31 
2.63    2.63    -49.65 
2.71    2.63    -49.83 
2.79    2.63    -49.83 
2.87    2.63    -49.63 
2.95    2.63    -49.21 
3.03    2.63    -48.55 
3.11    2.63    -47.64 
3.19    2.63    -46.45 
3.27    2.63    -44.97 
3.35    2.63    -43.17 
3.43    2.63    -41.04 
3.52    2.63    -38.55 
3.60    2.63    -35.68 
3.68    2.63    -32.41 
3.76    2.63    -28.71 
3.84    2.63    -24.56 
3.92    2.63    -19.94 
4.00    2.63    -14.83 
-4.00   2.71    -35.01 
-3.92   2.71    -39.72 
-3.84   2.71    -43.93 
-3.76   2.71    -47.68 
-3.68   2.71    -50.97 
-3.60   2.71    -53.84 
-3.52   2.71    -56.31 
-3.43   2.71    -58.39 
-3.35   2.71    -60.12 
-3.27   2.71    -61.51 
-3.19   2.71    -62.59 
-3.11   2.71    -63.37 
-3.03   2.71    -63.88 
-2.95   2.71    -64.14 
-2.87   2.71    -64.15 
-2.79   2.71    -63.95 
-2.71   2.71    -63.55 
-2.63   2.71    -62.96 
-2.55   2.71    -62.21 
-2.46   2.71    -61.31 
-2.38   2.71    -60.28 
-2.30   2.71    -59.13 
-2.22   2.71    -57.88 
-2.14   2.71    -56.53 
-2.06   2.71    -55.11 
-1.98   2.71    -53.63 
-1.90   2.71    -52.10 
-1.82   2.71    -50.53 
-1.74   2.71    -48.94 
-1.66   2.71    -47.34 
-1.58   2.71    -45.73 
-1.49   2.71    -44.13 
-1.41   2.71    -42.54 
-1.33   2.71    -40.98 
-1.25   2.71    -39.46 
-1.17   2.71    -37.98 
-1.09   2.71    -36.55 
-1.01   2.71    -35.17 
-0.93   2.71    -33.87 
-0.85   2.71    -32.63 
-0.77   2.71    -31.47 
-0.69   2.71    -30.39 
-0.61   2.71    -29.39 
-0.53   2.71    -28.49 
-0.44   2.71    -27.68 
-0.36   2.71    -26.96 
-0.28   2.71    -26.35 
-0.20   2.71    -25.84 
-0.12   2.71    -25.43 
-0.04   2.71    -25.12 
0.04    2.71    -24.92 
0.12    2.71    -24.82 
0.20    2.71    -24.83 
0.28    2.71    -24.94 
0.36    2.71    -25.15 
0.44    2.71    -25.46 
0.53    2.71    -25.86 
0.61    2.71    -26.36 
0.69    2.71    -26.95 
0.77    2.71    -27.63 
0.85    2.71    -28.39 
0.93    2.71    -29.22 
1.01    2.71    -30.12 
1.09    2.71    -31.09 
1.17    2.71    -32.12 
1.25    2.71    -33.20 
1.33    2.71    -34.32 
1.41    2.71    -35.47 
1.49    2.71    -36.65 
1.58    2.71    -37.85 
1.66    2.71    -39.05 
1.74    2.71    -40.26 
1.82    2.71    -41.44 
1.90    2.71    -42.61 
1.98    2.71    -43.73 
2.06    2.71    -44.81 
2.14    2.71    -45.82 
2.22    2.71    -46.76 
2.30    2.71    -47.61 
2.38    2.71    -48.36 
2.46    2.71    -48.99 
2.55    2.71    -49.49 
2.63    2.71    -49.83 
2.71    2.71    -50.01 
2.79    2.71    -50.01 
2.87    2.71    -49.81 
2.95    2.71    -49.39 
3.03    2.71    -48.73 
3.11    2.71    -47.82 
3.19    2.71    -46.63 
3.27    2.71    -45.15 
3.35    2.71    -43.35 
3.43    2.71    -41.22 
3.52    2.71    -38.73 
3.60    2.71    -35.86 
3.68    2.71    -32.59 
3.76    2.71    -28.89 
3.84    2.71    -24.74 
3.92    2.71    -20.12 
4.00    2.71    -15.01 
-4.00   2.79    -35.00 
-3.92   2.79    -39.72 
-3.84   2.79    -43.93 
-3.76   2.79    -47.67 
-3.68   2.79    -50.97 
-3.60   2.79    -53.84 
-3.52   2.79    -56.30 
-3.43   2.79    -58.39 
-3.35   2.79    -60.12 
-3.27   2.79    -61.51 
-3.19   2.79    -62.59 
-3.11   2.79    -63.37 
-3.03   2.79    -63.88 
-2.95   2.79    -64.13 
-2.87   2.79    -64.15 
-2.79   2.79    -63.95 
-2.71   2.79    -63.55 
-2.63   2.79    -62.96 
-2.55   2.79    -62.21 
-2.46   2.79    -61.31 
-2.38   2.79    -60.28 
-2.30   2.79    -59.13 
-2.22   2.79    -57.87 
-2.14   2.79    -56.53 
-2.06   2.79    -55.11 
-1.98   2.79    -53.63 
-1.90   2.79    -52.10 
-1.82   2.79    -50.53 
-1.74   2.79    -48.94 
-1.66   2.79    -47.33 
-1.58   2.79    -45.73 
-1.49   2.79    -44.12 
-1.41   2.79    -42.54 
-1.33   2.79    -40.98 
-1.25   2.79    -39.46 
-1.17   2.79    -37.97 
-1.09   2.79    -36.54 
-1.01   2.79    -35.17 
-0.93   2.79    -33.86 
-0.85   2.79    -32.63 
-0.77   2.79    -31.46 
-0.69   2.79    -30.38 
-0.61   2.79    -29.39 
-0.53   2.79    -28.49 
-0.44   2.79    -27.68 
-0.36   2.79    -26.96 
-0.28   2.79    -26.35 
-0.20   2.79    -25.84 
-0.12   2.79    -25.42 
-0.04   2.79    -25.12 
0.04    2.79    -24.92 
0.12    2.79    -24.82 
0.20    2.79    -24.82 
0.28    2.79    -24.93 
0.36    2.79    -25.14 
0.44    2.79    -25.45 
0.53    2.79    -25.86 
0.61    2.79    -26.36 
0.69    2.79    -26.95 
0.77    2.79    -27.63 
0.85    2.79    -28.38 
0.93    2.79    -29.22 
1.01    2.79    -30.12 
1.09    2.79    -31.09 
1.17    2.79    -32.12 
1.25    2.79    -33.19 
1.33    2.79    -34.31 
1.41    2.79    -35.47 
1.49    2.79    -36.65 
1.58    2.79    -37.85 
1.66    2.79    -39.05 
1.74    2.79    -40.25 
1.82    2.79    -41.44 
1.90    2.79    -42.60 
1.98    2.79    -43.73 
2.06    2.79    -44.81 
2.14    2.79    -45.82 
2.22    2.79    -46.76 
2.30    2.79    -47.61 
2.38    2.79    -48.36 
2.46    2.79    -48.99 
2.55    2.79    -49.48 
2.63    2.79    -49.83 
2.71    2.79    -50.01 
2.79    2.79    -50.01 
2.87    2.79    -49.81 
2.95    2.79    -49.39 
3.03    2.79    -48.73 
3.11    2.79    -47.82 
3.19    2.79    -46.63 
3.27    2.79    -45.15 
3.35    2.79    -43.35 
3.43    2.79    -41.22 
3.52    2.79    -38.73 
3.60    2.79    -35.86 
3.68    2.79    -32.58 
3.76    2.79    -28.89 
3.84    2.79    -24.74 
3.92    2.79    -20.12 
4.00    2.79    -15.00 
-4.00   2.87    -34.80 
-3.92   2.87    -39.51 
-3.84   2.87    -43.73 
-3.76   2.87    -47.47 
-3.68   2.87    -50.77 
-3.60   2.87    -53.63 
-3.52   2.87    -56.10 
-3.43   2.87    -58.19 
-3.35   2.87    -59.92 
-3.27   2.87    -61.31 
-3.19   2.87    -62.39 
-3.11   2.87    -63.17 
-3.03   2.87    -63.68 
-2.95   2.87    -63.93 
-2.87   2.87    -63.95 
-2.79   2.87    -63.75 
-2.71   2.87    -63.34 
-2.63   2.87    -62.76 
-2.55   2.87    -62.01 
-2.46   2.87    -61.11 
-2.38   2.87    -60.08 
-2.30   2.87    -58.93 
-2.22   2.87    -57.67 
-2.14   2.87    -56.33 
-2.06   2.87    -54.91 
-1.98   2.87    -53.43 
-1.90   2.87    -51.90 
-1.82   2.87    -50.33 
-1.74   2.87    -48.74 
-1.66   2.87    -47.13 
-1.58   2.87    -45.52 
-1.49   2.87    -43.92 
-1.41   2.87    -42.34 
-1.33   2.87    -40.78 
-1.25   2.87    -39.25 
-1.17   2.87    -37.77 
-1.09   2.87    -36.34 
-1.01   2.87    -34.97 
-0.93   2.87    -33.66 
-0.85   2.87    -32.42 
-0.77   2.87    -31.26 
-0.69   2.87    -30.18 
-0.61   2.87    -29.19 
-0.53   2.87    -28.28 
-0.44   2.87    -27.47 
-0.36   2.87    -26.76 
-0.28   2.87    -26.15 
-0.20   2.87    -25.63 
-0.12   2.87    -25.22 
-0.04   2.87    -24.92 
0.04    2.87    -24.71 
0.12    2.87    -24.62 
0.20    2.87    -24.62 
0.28    2.87    -24.73 
0.36    2.87    -24.94 
0.44    2.87    -25.25 
0.53    2.87    -25.66 
0.61    2.87    -26.16 
0.69    2.87    -26.75 
0.77    2.87    -27.42 
0.85    2.87    -28.18 
0.93    2.87    -29.01 
1.01    2.87    -29.92 
1.09    2.87    -30.89 
1.17    2.87    -31.91 
1.25    2.87    -32.99 
1.33    2.87    -34.11 
1.41    2.87    -35.27 
1.49    2.87    -36.45 
1.58    2.87    -37.64 
1.66    2.87    -38.85 
1.74    2.87    -40.05 
1.82    2.87    -41.24 
1.90    2.87    -42.40 
1.98    2.87    -43.53 
2.06    2.87    -44.60 
2.14    2.87    -45.62 
2.22    2.87    -46.56 
2.30    2.87    -47.41 
2.38    2.87    -48.16 
2.46    2.87    -48.79 
2.55    2.87    -49.28 
2.63    2.87    -49.63 
2.71    2.87    -49.81 
2.79    2.87    -49.81 
2.87    2.87    -49.60 
2.95    2.87    -49.18 
3.03    2.87    -48.53 
3.11    2.87    -47.61 
3.19    2.87    -46.43 
3.27    2.87    -44.95 
3.35    2.87    -43.15 
3.43    2.87    -41.02 
3.52    2.87    -38.53 
3.60    2.87    -35.66 
3.68    2.87    -32.38 
3.76    2.87    -28.68 
3.84    2.87    -24.54 
3.92    2.87    -19.92 
4.00    2.87    -14.80 
-4.00   2.95    -34.38 
-3.92   2.95    -39.09 
-3.84   2.95    -43.31 
-3.76   2.95    -47.05 
-3.68   2.95    -50.35 
-3.60   2.95    -53.21 
-3.52   2.95    -55.68 
-3.43   2.95    -57.77 
-3.35   2.95    -59.50 
-3.27   2.95    -60.89 
-3.19   2.95    -61.97 
-3.11   2.95    -62.75 
-3.03   2.95    -63.26 
-2.95   2.95    -63.51 
-2.87   2.95    -63.53 
-2.79   2.95    -63.33 
-2.71   2.95    -62.92 
-2.63   2.95    -62.34 
-2.55   2.95    -61.59 
-2.46   2.95    -60.69 
-2.38   2.95    -59.66 
-2.30   2.95    -58.50 
-2.22   2.95    -57.25 
-2.14   2.95    -55.91 
-2.06   2.95    -54.49 
-1.98   2.95    -53.01 
-1.90   2.95    -51.48 
-1.82   2.95    -49.91 
-1.74   2.95    -48.32 
-1.66   2.95    -46.71 
-1.58   2.95    -45.10 
-1.49   2.95    -43.50 
-1.41   2.95    -41.92 
-1.33   2.95    -40.36 
-1.25   2.95    -38.83 
-1.17   2.95    -37.35 
-1.09   2.95    -35.92 
-1.01   2.95    -34.55 
-0.93   2.95    -33.24 
-0.85   2.95    -32.00 
-0.77   2.95    -30.84 
-0.69   2.95    -29.76 
-0.61   2.95    -28.77 
-0.53   2.95    -27.86 
-0.44   2.95    -27.05 
-0.36   2.95    -26.34 
-0.28   2.95    -25.73 
-0.20   2.95    -25.21 
-0.12   2.95    -24.80 
-0.04   2.95    -24.50 
0.04    2.95    -24.29 
0.12    2.95    -24.20 
0.20    2.95    -24.20 
0.28    2.95    -24.31 
0.36    2.95    -24.52 
0.44    2.95    -24.83 
0.53    2.95    -25.24 
0.61    2.95    -25.74 
0.69    2.95    -26.33 
0.77    2.95    -27.00 
0.85    2.95    -27.76 
0.93    2.95    -28.59 
1.01    2.95    -29.50 
1.09    2.95    -30.47 
1.17    2.95    -31.49 
1.25    2.95    -32.57 
1.33    2.95    -33.69 
1.41    2.95    -34.85 
1.49    2.95    -36.03 
1.58    2.95    -37.22 
1.66    2.95    -38.43 
1.74    2.95    -39.63 
1.82    2.95    -40.82 
1.90    2.95    -41.98 
1.98    2.95    -43.11 
2.06    2.95    -44.18 
2.14    2.95    -45.20 
2.22    2.95    -46.14 
2.30    2.95    -46.99 
2.38    2.95    -47.74 
2.46    2.95    -48.37 
2.55    2.95    -48.86 
2.63    2.95    -49.21 
2.71    2.95    -49.39 
2.79    2.95    -49.39 
2.87    2.95    -49.18 
2.95    2.95    -48.76 
3.03    2.95    -48.11 
3.11    2.95    -47.19 
3.19    2.95    -46.01 
3.27    2.95    -44.53 
3.35    2.95    -42.73 
3.43    2.95    -40.60 
3.52    2.95    -38.11 
3.60    2.95    -35.23 
3.68    2.95    -31.96 
3.76    2.95    -28.26 
3.84    2.95    -24.12 
3.92    2.95    -19.50 
4.00    2.95    -14.38 
-4.00   3.03    -33.72 
-3.92   3.03    -38.44 
-3.84   3.03    -42.65 
-3.76   3.03    -46.40 
-3.68   3.03    -49.69 
-3.60   3.03    -52.56 
-3.52   3.03    -55.02 
-3.43   3.03    -57.11 
-3.35   3.03    -58.84 
-3.27   3.03    -60.23 
-3.19   3.03    -61.31 
-3.11   3.03    -62.09 
-3.03   3.03    -62.60 
-2.95   3.03    -62.85 
-2.87   3.03    -62.87 
-2.79   3.03    -62.67 
-2.71   3.03    -62.27 
-2.63   3.03    -61.68 
-2.55   3.03    -60.93 
-2.46   3.03    -60.03 
-2.38   3.03    -59.00 
-2.30   3.03    -57.85 
-2.22   3.03    -56.59 
-2.14   3.03    -55.25 
-2.06   3.03    -53.83 
-1.98   3.03    -52.35 
-1.90   3.03    -50.82 
-1.82   3.03    -49.25 
-1.74   3.03    -47.66 
-1.66   3.03    -46.05 
-1.58   3.03    -44.45 
-1.49   3.03    -42.84 
-1.41   3.03    -41.26 
-1.33   3.03    -39.70 
-1.25   3.03    -38.18 
-1.17   3.03    -36.70 
-1.09   3.03    -35.26 
-1.01   3.03    -33.89 
-0.93   3.03    -32.58 
-0.85   3.03    -31.35 
-0.77   3.03    -30.18 
-0.69   3.03    -29.10 
-0.61   3.03    -28.11 
-0.53   3.03    -27.21 
-0.44   3.03    -26.40 
-0.36   3.03    -25.68 
-0.28   3.03    -25.07 
-0.20   3.03    -24.56 
-0.12   3.03    -24.15 
-0.04   3.03    -23.84 
0.04    3.03    -23.64 
0.12    3.03    -23.54 
0.20    3.03    -23.55 
0.28    3.03    -23.65 
0.36    3.03    -23.86 
0.44    3.03    -24.17 
0.53    3.03    -24.58 
0.61    3.03    -25.08 
0.69    3.03    -25.67 
0.77    3.03    -26.35 
0.85    3.03    -27.10 
0.93    3.03    -27.94 
1.01    3.03    -28.84 
1.09    3.03    -29.81 
1.17    3.03    -30.84 
1.25    3.03    -31.91 
1.33    3.03    -33.03 
1.41    3.03    -34.19 
1.49    3.03    -35.37 
1.58    3.03    -36.57 
1.66    3.03    -37.77 
1.74    3.03    -38.97 
1.82    3.03    -40.16 
1.90    3.03    -41.32 
1.98    3.03    -42.45 
2.06    3.03    -43.53 
2.14    3.03    -44.54 
2.22    3.03    -45.48 
2.30    3.03    -46.33 
2.38    3.03    -47.08 
2.46    3.03    -47.71 
2.55    3.03    -48.20 
2.63    3.03    -48.55 
2.71    3.03    -48.73 
2.79    3.03    -48.73 
2.87    3.03    -48.53 
2.95    3.03    -48.11 
3.03    3.03    -47.45 
3.11    3.03    -46.54 
3.19    3.03    -45.35 
3.27    3.03    -43.87 
3.35    3.03    -42.07 
3.43    3.03    -39.94 
3.52    3.03    -37.45 
3.60    3.03    -34.58 
3.68    3.03    -31.31 
3.76    3.03    -27.61 
3.84    3.03    -23.46 
3.92    3.03    -18.84 
4.00    3.03    -13.72 
-4.00   3.11    -32.81 
-3.92   3.11    -37.53 
-3.84   3.11    -41.74 
-3.76   3.11    -45.48 
-3.68   3.11    -48.78 
-3.60   3.11    -51.65 
-3.52   3.11    -54.11 
-3.43   3.11    -56.20 
-3.35   3.11    -57.93 
-3.27   3.11    -59.32 
-3.19   3.11    -60.40 
-3.11   3.11    -61.18 
-3.03   3.11    -61.69 
-2.95   3.11    -61.94 
-2.87   3.11    -61.96 
-2.79   3.11    -61.76 
-2.71   3.11    -61.35 
-2.63   3.11    -60.77 
-2.55   3.11    -60.02 
-2.46   3.11    -59.12 
-2.38   3.11    -58.09 
-2.30   3.11    -56.94 
-2.22   3.11    -55.68 
-2.14   3.11    -54.34 
-2.06   3.11    -52.92 
-1.98   3.11    -51.44 
-1.90   3.11    -49.91 
-1.82   3.11    -48.34 
-1.74   3.11    -46.75 
-1.66   3.11    -45.14 
-1.58   3.11    -43.53 
-1.49   3.11    -41.93 
-1.41   3.11    -40.35 
-1.33   3.11    -38.79 
-1.25   3.11    -37.26 
-1.17   3.11    -35.78 
-1.09   3.11    -34.35 
-1.01   3.11    -32.98 
-0.93   3.11    -31.67 
-0.85   3.11    -30.43 
-0.77   3.11    -29.27 
-0.69   3.11    -28.19 
-0.61   3.11    -27.20 
-0.53   3.11    -26.29 
-0.44   3.11    -25.48 
-0.36   3.11    -24.77 
-0.28   3.11    -24.16 
-0.20   3.11    -23.64 
-0.12   3.11    -23.23 
-0.04   3.11    -22.93 
0.04    3.11    -22.72 
0.12    3.11    -22.63 
0.20    3.11    -22.63 
0.28    3.11    -22.74 
0.36    3.11    -22.95 
0.44    3.11    -23.26 
0.53    3.11    -23.67 
0.61    3.11    -24.17 
0.69    3.11    -24.76 
0.77    3.11    -25.43 
0.85    3.11    -26.19 
0.93    3.11    -27.03 
1.01    3.11    -27.93 
1.09    3.11    -28.90 
1.17    3.11    -29.92 
1.25    3.11    -31.00 
1.33    3.11    -32.12 
1.41    3.11    -33.28 
1.49    3.11    -34.46 
1.58    3.11    -35.65 
1.66    3.11    -36.86 
1.74    3.11    -38.06 
1.82    3.11    -39.25 
1.90    3.11    -40.41 
1.98    3.11    -41.54 
2.06    3.11    -42.62 
2.14    3.11    -43.63 
2.22    3.11    -44.57 
2.30    3.11    -45.42 
2.38    3.11    -46.17 
2.46    3.11    -46.80 
2.55    3.11    -47.29 
2.63    3.11    -47.64 
2.71    3.11    -47.82 
2.79    3.11    -47.82 
2.87    3.11    -47.61 
2.95    3.11    -47.19 
3.03    3.11    -46.54 
3.11    3.11    -45.63 
3.19    3.11    -44.44 
3.27    3.11    -42.96 
3.35    3.11    -41.16 
3.43    3.11    -39.03 
3.52    3.11    -36.54 
3.60    3.11    -33.67 
3.68    3.11    -30.39 
3.76    3.11    -26.70 
3.84    3.11    -22.55 
3.92    3.11    -17.93 
4.00    3.11    -12.81 
-4.00   3.19    -31.63 
-3.92   3.19    -36.34 
-3.84   3.19    -40.55 
-3.76   3.19    -44.30 
-3.68   3.19    -47.59 
-3.60   3.19    -50.46 
-3.52   3.19    -52.93 
-3.43   3.19    -55.01 
-3.35   3.19    -56.74 
-3.27   3.19    -58.13 
-3.19   3.19    -59.21 
-3.11   3.19    -59.99 
-3.03   3.19    -60.50 
-2.95   3.19    -60.75 
-2.87   3.19    -60.77 
-2.79   3.19    -60.57 
-2.71   3.19    -60.17 
-2.63   3.19    -59.58 
-2.55   3.19    -58.83 
-2.46   3.19    -57.93 
-2.38   3.19    -56.90 
-2.30   3.19    -55.75 
-2.22   3.19    -54.49 
-2.14   3.19    -53.15 
-2.06   3.19    -51.73 
-1.98   3.19    -50.25 
-1.90   3.19    -48.72 
-1.82   3.19    -47.15 
-1.74   3.19    -45.56 
-1.66   3.19    -43.96 
-1.58   3.19    -42.35 
-1.49   3.19    -40.74 
-1.41   3.19    -39.16 
-1.33   3.19    -37.60 
-1.25   3.19    -36.08 
-1.17   3.19    -34.60 
-1.09   3.19    -33.17 
-1.01   3.19    -31.79 
-0.93   3.19    -30.48 
-0.85   3.19    -29.25 
-0.77   3.19    -28.09 
-0.69   3.19    -27.01 
-0.61   3.19    -26.01 
-0.53   3.19    -25.11 
-0.44   3.19    -24.30 
-0.36   3.19    -23.58 
-0.28   3.19    -22.97 
-0.20   3.19    -22.46 
-0.12   3.19    -22.05 
-0.04   3.19    -21.74 
0.04    3.19    -21.54 
0.12    3.19    -21.44 
0.20    3.19    -21.45 
0.28    3.19    -21.56 
0.36    3.19    -21.77 
0.44    3.19    -22.08 
0.53    3.19    -22.48 
0.61    3.19    -22.98 
0.69    3.19    -23.57 
0.77    3.19    -24.25 
0.85    3.19    -25.00 
0.93    3.19    -25.84 
1.01    3.19    -26.74 
1.09    3.19    -27.71 
1.17    3.19    -28.74 
1.25    3.19    -29.81 
1.33    3.19    -30.93 
1.41    3.19    -32.09 
1.49    3.19    -33.27 
1.58    3.19    -34.47 
1.66    3.19    -35.67 
1.74    3.19    -36.87 
1.82    3.19    -38.06 
1.90    3.19    -39.23 
1.98    3.19    -40.35 
2.06    3.19    -41.43 
2.14    3.19    -42.44 
2.22    3.19    -43.38 
2.30    3.19    -44.23 
2.38    3.19    -44.98 
2.46    3.19    -45.61 
2.55    3.19    -46.11 
2.63    3.19    -46.45 
2.71    3.19    -46.63 
2.79    3.19    -46.63 
2.87    3.19    -46.43 
2.95    3.19    -46.01 
3.03    3.19    -45.35 
3.11    3.19    -44.44 
3.19    3.19    -43.25 
3.27    3.19    -41.77 
3.35    3.19    -39.97 
3.43    3.19    -37.84 
3.52    3.19    -35.35 
3.60    3.19    -32.48 
3.68    3.19    -29.21 
3.76    3.19    -25.51 
3.84    3.19    -21.36 
3.92    3.19    -16.74 
4.00    3.19    -11.63 
-4.00   3.27    -30.14 
-3.92   3.27    -34.86 
-3.84   3.27    -39.07 
-3.76   3.27    -42.81 
-3.68   3.27    -46.11 
-3.60   3.27    -48.98 
-3.52   3.27    -51.44 
-3.43   3.27    -53.53 
-3.35   3.27    -55.26 
-3.27   3.27    -56.65 
-3.19   3.27    -57.73 
-3.11   3.27    -58.51 
-3.03   3.27    -59.02 
-2.95   3.27    -59.27 
-2.87   3.27    -59.29 
-2.79   3.27    -59.09 
-2.71   3.27    -58.69 
-2.63   3.27    -58.10 
-2.55   3.27    -57.35 
-2.46   3.27    -56.45 
-2.38   3.27    -55.42 
-2.30   3.27    -54.27 
-2.22   3.27    -53.01 
-2.14   3.27    -51.67 
-2.06   3.27    -50.25 
-1.98   3.27    -48.77 
-1.90   3.27    -47.24 
-1.82   3.27    -45.67 
-1.74   3.27    -44.08 
-1.66   3.27    -42.47 
-1.58   3.27    -40.86 
-1.49   3.27    -39.26 
-1.41   3.27    -37.68 
-1.33   3.27    -36.12 
-1.25   3.27    -34.60 
-1.17   3.27    -33.11 
-1.09   3.27    -31.68 
-1.01   3.27    -30.31 
-0.93   3.27    -29.00 
-0.85   3.27    -27.77 
-0.77   3.27    -26.60 
-0.69   3.27    -25.52 
-0.61   3.27    -24.53 
-0.53   3.27    -23.63 
-0.44   3.27    -22.82 
-0.36   3.27    -22.10 
-0.28   3.27    -21.49 
-0.20   3.27    -20.97 
-0.12   3.27    -20.56 
-0.04   3.27    -20.26 
0.04    3.27    -20.06 
0.12    3.27    -19.96 
0.20    3.27    -19.96 
0.28    3.27    -20.07 
0.36    3.27    -20.28 
0.44    3.27    -20.59 
0.53    3.27    -21.00 
0.61    3.27    -21.50 
0.69    3.27    -22.09 
0.77    3.27    -22.77 
0.85    3.27    -23.52 
0.93    3.27    -24.36 
1.01    3.27    -25.26 
1.09    3.27    -26.23 
1.17    3.27    -27.26 
1.25    3.27    -28.33 
1.33    3.27    -29.45 
1.41    3.27    -30.61 
1.49    3.27    -31.79 
1.58    3.27    -32.99 
1.66    3.27    -34.19 
1.74    3.27    -35.39 
1.82    3.27    -36.58 
1.90    3.27    -37.74 
1.98    3.27    -38.87 
2.06    3.27    -39.95 
2.14    3.27    -40.96 
2.22    3.27    -41.90 
2.30    3.27    -42.75 
2.38    3.27    -43.50 
2.46    3.27    -44.13 
2.55    3.27    -44.62 
2.63    3.27    -44.97 
2.71    3.27    -45.15 
2.79    3.27    -45.15 
2.87    3.27    -44.95 
2.95    3.27    -44.53 
3.03    3.27    -43.87 
3.11    3.27    -42.96 
3.19    3.27    -41.77 
3.27    3.27    -40.29 
3.35    3.27    -38.49 
3.43    3.27    -36.36 
3.52    3.27    -33.87 
3.60    3.27    -31.00 
3.68    3.27    -27.72 
3.76    3.27    -24.03 
3.84    3.27    -19.88 
3.92    3.27    -15.26 
4.00    3.27    -10.14 
-4.00   3.35    -28.35 
-3.92   3.35    -33.06 
-3.84   3.35    -37.28 
-3.76   3.35    -41.02 
-3.68   3.35    -44.31 
-3.60   3.35    -47.18 
-3.52   3.35    -49.65 
-3.43   3.35    -51.73 
-3.35   3.35    -53.46 
-3.27   3.35    -54.86 
-3.19   3.35    -55.93 
-3.11   3.35    -56.72 
-3.03   3.35    -57.22 
-2.95   3.35    -57.48 
-2.87   3.35    -57.49 
-2.79   3.35    -57.29 
-2.71   3.35    -56.89 
-2.63   3.35    -56.30 
-2.55   3.35    -55.55 
-2.46   3.35    -54.66 
-2.38   3.35    -53.62 
-2.30   3.35    -52.47 
-2.22   3.35    -51.22 
-2.14   3.35    -49.87 
-2.06   3.35    -48.45 
-1.98   3.35    -46.97 
-1.90   3.35    -45.44 
-1.82   3.35    -43.87 
-1.74   3.35    -42.28 
-1.66   3.35    -40.68 
-1.58   3.35    -39.07 
-1.49   3.35    -37.47 
-1.41   3.35    -35.88 
-1.33   3.35    -34.32 
-1.25   3.35    -32.80 
-1.17   3.35    -31.32 
-1.09   3.35    -29.89 
-1.01   3.35    -28.51 
-0.93   3.35    -27.21 
-0.85   3.35    -25.97 
-0.77   3.35    -24.81 
-0.69   3.35    -23.73 
-0.61   3.35    -22.73 
-0.53   3.35    -21.83 
-0.44   3.35    -21.02 
-0.36   3.35    -20.31 
-0.28   3.35    -19.69 
-0.20   3.35    -19.18 
-0.12   3.35    -18.77 
-0.04   3.35    -18.46 
0.04    3.35    -18.26 
0.12    3.35    -18.16 
0.20    3.35    -18.17 
0.28    3.35    -18.28 
0.36    3.35    -18.49 
0.44    3.35    -18.80 
0.53    3.35    -19.20 
0.61    3.35    -19.70 
0.69    3.35    -20.29 
0.77    3.35    -20.97 
0.85    3.35    -21.73 
0.93    3.35    -22.56 
1.01    3.35    -23.46 
1.09    3.35    -24.43 
1.17    3.35    -25.46 
1.25    3.35    -26.54 
1.33    3.35    -27.66 
1.41    3.35    -28.81 
1.49    3.35    -29.99 
1.58    3.35    -31.19 
1.66    3.35    -32.39 
1.74    3.35    -33.60 
1.82    3.35    -34.78 
1.90    3.35    -35.95 
1.98    3.35    -37.07 
2.06    3.35    -38.15 
2.14    3.35    -39.16 
2.22    3.35    -40.10 
2.30    3.35    -40.96 
2.38    3.35    -41.70 
2.46    3.35    -42.33 
2.55    3.35    -42.83 
2.63    3.35    -43.17 
2.71    3.35    -43.35 
2.79    3.35    -43.35 
2.87    3.35    -43.15 
2.95    3.35    -42.73 
3.03    3.35    -42.07 
3.11    3.35    -41.16 
3.19    3.35    -39.97 
3.27    3.35    -38.49 
3.35    3.35    -36.69 
3.43    3.35    -34.56 
3.52    3.35    -32.07 
3.60    3.35    -29.20 
3.68    3.35    -25.93 
3.76    3.35    -22.23 
3.84    3.35    -18.08 
3.92    3.35    -13.46 
4.00    3.35    -8.35  
-4.00   3.43    -26.21 
-3.92   3.43    -30.93 
-3.84   3.43    -35.14 
-3.76   3.43    -38.88 
-3.68   3.43    -42.18 
-3.60   3.43    -45.05 
-3.52   3.43    -47.51 
-3.43   3.43    -49.60 
-3.35   3.43    -51.33 
-3.27   3.43    -52.72 
-3.19   3.43    -53.80 
-3.11   3.43    -54.58 
-3.03   3.43    -55.09 
-2.95   3.43    -55.34 
-2.87   3.43    -55.36 
-2.79   3.43    -55.16 
-2.71   3.43    -54.76 
-2.63   3.43    -54.17 
-2.55   3.43    -53.42 
-2.46   3.43    -52.52 
-2.38   3.43    -51.49 
-2.30   3.43    -50.34 
-2.22   3.43    -49.08 
-2.14   3.43    -47.74 
-2.06   3.43    -46.32 
-1.98   3.43    -44.84 
-1.90   3.43    -43.31 
-1.82   3.43    -41.74 
-1.74   3.43    -40.15 
-1.66   3.43    -38.54 
-1.58   3.43    -36.94 
-1.49   3.43    -35.33 
-1.41   3.43    -33.75 
-1.33   3.43    -32.19 
-1.25   3.43    -30.67 
-1.17   3.43    -29.18 
-1.09   3.43    -27.75 
-1.01   3.43    -26.38 
-0.93   3.43    -25.07 
-0.85   3.43    -23.84 
-0.77   3.43    -22.67 
-0.69   3.43    -21.59 
-0.61   3.43    -20.60 
-0.53   3.43    -19.70 
-0.44   3.43    -18.89 
-0.36   3.43    -18.17 
-0.28   3.43    -17.56 
-0.20   3.43    -17.04 
-0.12   3.43    -16.63 
-0.04   3.43    -16.33 
0.04    3.43    -16.13 
0.12    3.43    -16.03 
0.20    3.43    -16.03 
0.28    3.43    -16.14 
0.36    3.43    -16.35 
0.44    3.43    -16.66 
0.53    3.43    -17.07 
0.61    3.43    -17.57 
0.69    3.43    -18.16 
0.77    3.43    -18.84 
0.85    3.43    -19.59 
0.93    3.43    -20.43 
1.01    3.43    -21.33 
1.09    3.43    -22.30 
1.17    3.43    -23.33 
1.25    3.43    -24.40 
1.33    3.43    -25.52 
1.41    3.43    -26.68 
1.49    3.43    -27.86 
1.58    3.43    -29.06 
1.66    3.43    -30.26 
1.74    3.43    -31.46 
1.82    3.43    -32.65 
1.90    3.43    -33.81 
1.98    3.43    -34.94 
2.06    3.43    -36.02 
2.14    3.43    -37.03 
2.22    3.43    -37.97 
2.30    3.43    -38.82 
2.38    3.43    -39.57 
2.46    3.43    -40.20 
2.55    3.43    -40.69 
2.63    3.43    -41.04 
2.71    3.43    -41.22 
2.79    3.43    -41.22 
2.87    3.43    -41.02 
2.95    3.43    -40.60 
3.03    3.43    -39.94 
3.11    3.43    -39.03 
3.19    3.43    -37.84 
3.27    3.43    -36.36 
3.35    3.43    -34.56 
3.43    3.43    -32.43 
3.52    3.43    -29.94 
3.60    3.43    -27.07 
3.68    3.43    -23.79 
3.76    3.43    -20.10 
3.84    3.43    -15.95 
3.92    3.43    -11.33 
4.00    3.43    -6.21  
-4.00   3.52    -23.72 
-3.92   3.52    -28.44 
-3.84   3.52    -32.65 
-3.76   3.52    -36.39 
-3.68   3.52    -39.69 
-3.60   3.52    -42.56 
-3.52   3.52    -45.02 
-3.43   3.52    -47.11 
-3.35   3.52    -48.84 
-3.27   3.52    -50.23 
-3.19   3.52    -51.31 
-3.11   3.52    -52.09 
-3.03   3.52    -52.60 
-2.95   3.52    -52.85 
-2.87   3.52    -52.87 
-2.79   3.52    -52.67 
-2.71   3.52    -52.27 
-2.63   3.52    -51.68 
-2.55   3.52    -50.93 
-2.46   3.52    -50.03 
-2.38   3.52    -49.00 
-2.30   3.52    -47.85 
-2.22   3.52    -46.59 
-2.14   3.52    -45.25 
-2.06   3.52    -43.83 
-1.98   3.52    -42.35 
-1.90   3.52    -40.82 
-1.82   3.52    -39.25 
-1.74   3.52    -37.66 
-1.66   3.52    -36.05 
-1.58   3.52    -34.44 
-1.49   3.52    -32.84 
-1.41   3.52    -31.26 
-1.33   3.52    -29.70 
-1.25   3.52    -28.17 
-1.17   3.52    -26.69 
-1.09   3.52    -25.26 
-1.01   3.52    -23.89 
-0.93   3.52    -22.58 
-0.85   3.52    -21.34 
-0.77   3.52    -20.18 
-0.69   3.52    -19.10 
-0.61   3.52    -18.11 
-0.53   3.52    -17.21 
-0.44   3.52    -16.40 
-0.36   3.52    -15.68 
-0.28   3.52    -15.07 
-0.20   3.52    -14.55 
-0.12   3.52    -14.14 
-0.04   3.52    -13.84 
0.04    3.52    -13.64 
0.12    3.52    -13.54 
0.20    3.52    -13.54 
0.28    3.52    -13.65 
0.36    3.52    -13.86 
0.44    3.52    -14.17 
0.53    3.52    -14.58 
0.61    3.52    -15.08 
0.69    3.52    -15.67 
0.77    3.52    -16.35 
0.85    3.52    -17.10 
0.93    3.52    -17.94 
1.01    3.52    -18.84 
1.09    3.52    -19.81 
1.17    3.52    -20.84 
1.25    3.52    -21.91 
1.33    3.52    -23.03 
1.41    3.52    -24.19 
1.49    3.52    -25.37 
1.58    3.52    -26.57 
1.66    3.52    -27.77 
1.74    3.52    -28.97 
1.82    3.52    -30.16 
1.90    3.52    -31.32 
1.98    3.52    -32.45 
2.06    3.52    -33.53 
2.14    3.52    -34.54 
2.22    3.52    -35.48 
2.30    3.52    -36.33 
2.38    3.52    -37.08 
2.46    3.52    -37.71 
2.55    3.52    -38.20 
2.63    3.52    -38.55 
2.71    3.52    -38.73 
2.79    3.52    -38.73 
2.87    3.52    -38.53 
2.95    3.52    -38.11 
3.03    3.52    -37.45 
3.11    3.52    -36.54 
3.19    3.52    -35.35 
3.27    3.52    -33.87 
3.35    3.52    -32.07 
3.43    3.52    -29.94 
3.52    3.52    -27.45 
3.60    3.52    -24.58 
3.68    3.52    -21.30 
3.76    3.52    -17.61 
3.84    3.52    -13.46 
3.92    3.52    -8.84  
4.00    3.52    -3.72  
-4.00   3.60    -20.85 
-3.92   3.60    -25.57 
-3.84   3.60    -29.78 
-3.76   3.60    -33.52 
-3.68   3.60    -36.82 
-3.60   3.60    -39.69 
-3.52   3.60    -42.15 
-3.43   3.60    -44.24 
-3.35   3.60    -45.97 
-3.27   3.60    -47.36 
-3.19   3.60    -48.44 
-3.11   3.60    -49.22 
-3.03   3.60    -49.73 
-2.95   3.60    -49.98 
-2.87   3.60    -50.00 
-2.79   3.60    -49.80 
-2.71   3.60    -49.40 
-2.63   3.60    -48.81 
-2.55   3.60    -48.06 
-2.46   3.60    -47.16 
-2.38   3.60    -46.13 
-2.30   3.60    -44.98 
-2.22   3.60    -43.72 
-2.14   3.60    -42.38 
-2.06   3.60    -40.96 
-1.98   3.60    -39.48 
-1.90   3.60    -37.95 
-1.82   3.60    -36.38 
-1.74   3.60    -34.79 
-1.66   3.60    -33.18 
-1.58   3.60    -31.57 
-1.49   3.60    -29.97 
-1.41   3.60    -28.39 
-1.33   3.60    -26.83 
-1.25   3.60    -25.30 
-1.17   3.60    -23.82 
-1.09   3.60    -22.39 
-1.01   3.60    -21.02 
-0.93   3.60    -19.71 
-0.85   3.60    -18.47 
-0.77   3.60    -17.31 
-0.69   3.60    -16.23 
-0.61   3.60    -15.24 
-0.53   3.60    -14.34 
-0.44   3.60    -13.52 
-0.36   3.60    -12.81 
-0.28   3.60    -12.20 
-0.20   3.60    -11.68 
-0.12   3.60    -11.27 
-0.04   3.60    -10.97 
0.04    3.60    -10.77 
0.12    3.60    -10.67 
0.20    3.60    -10.67 
0.28    3.60    -10.78 
0.36    3.60    -10.99 
0.44    3.60    -11.30 
0.53    3.60    -11.71 
0.61    3.60    -12.21 
0.69    3.60    -12.80 
0.77    3.60    -13.47 
0.85    3.60    -14.23 
0.93    3.60    -15.07 
1.01    3.60    -15.97 
1.09    3.60    -16.94 
1.17    3.60    -17.96 
1.25    3.60    -19.04 
1.33    3.60    -20.16 
1.41    3.60    -21.32 
1.49    3.60    -22.50 
1.58    3.60    -23.70 
1.66    3.60    -24.90 
1.74    3.60    -26.10 
1.82    3.60    -27.29 
1.90    3.60    -28.45 
1.98    3.60    -29.58 
2.06    3.60    -30.66 
2.14    3.60    -31.67 
2.22    3.60    -32.61 
2.30    3.60    -33.46 
2.38    3.60    -34.21 
2.46    3.60    -34.84 
2.55    3.60    -35.33 
2.63    3.60    -35.68 
2.71    3.60    -35.86 
2.79    3.60    -35.86 
2.87    3.60    -35.66 
2.95    3.60    -35.23 
3.03    3.60    -34.58 
3.11    3.60    -33.67 
3.19    3.60    -32.48 
3.27    3.60    -31.00 
3.35    3.60    -29.20 
3.43    3.60    -27.07 
3.52    3.60    -24.58 
3.60    3.60    -21.71 
3.68    3.60    -18.43 
3.76    3.60    -14.74 
3.84    3.60    -10.59 
3.92    3.60    -5.97  
4.00    3.60    -0.85  
-4.00   3.68    -17.58 
-3.92   3.68    -22.29 
-3.84   3.68    -26.51 
-3.76   3.68    -30.25 
-3.68   3.68    -33.54 
-3.60   3.68    -36.41 
-3.52   3.68    -38.88 
-3.43   3.68    -40.97 
-3.35   3.68    -42.70 
-3.27   3.68    -44.09 
-3.19   3.68    -45.17 
-3.11   3.68    -45.95 
-3.03   3.68    -46.46 
-2.95   3.68    -46.71 
-2.87   3.68    -46.73 
-2.79   3.68    -46.52 
-2.71   3.68    -46.12 
-2.63   3.68    -45.54 
-2.55   3.68    -44.79 
-2.46   3.68    -43.89 
-2.38   3.68    -42.86 
-2.30   3.68    -41.70 
-2.22   3.68    -40.45 
-2.14   3.68    -39.11 
-2.06   3.68    -37.69 
-1.98   3.68    -36.21 
-1.90   3.68    -34.68 
-1.82   3.68    -33.11 
-1.74   3.68    -31.52 
-1.66   3.68    -29.91 
-1.58   3.68    -28.30 
-1.49   3.68    -26.70 
-1.41   3.68    -25.11 
-1.33   3.68    -23.56 
-1.25   3.68    -22.03 
-1.17   3.68    -20.55 
-1.09   3.68    -19.12 
-1.01   3.68    -17.75 
-0.93   3.68    -16.44 
-0.85   3.68    -15.20 
-0.77   3.68    -14.04 
-0.69   3.68    -12.96 
-0.61   3.68    -11.97 
-0.53   3.68    -11.06 
-0.44   3.68    -10.25 
-0.36   3.68    -9.54  
-0.28   3.68    -8.92  
-0.20   3.68    -8.41  
-0.12   3.68    -8.00  
-0.04   3.68    -7.69  
0.04    3.68    -7.49  
0.12    3.68    -7.39  
0.20    3.68    -7.40  
0.28    3.68    -7.51  
0.36    3.68    -7.72  
0.44    3.68    -8.03  
0.53    3.68    -8.44  
0.61    3.68    -8.94  
0.69    3.68    -9.53  
0.77    3.68    -10.20 
0.85    3.68    -10.96 
0.93    3.68    -11.79 
1.01    3.68    -12.70 
1.09    3.68    -13.67 
1.17    3.68    -14.69 
1.25    3.68    -15.77 
1.33    3.68    -16.89 
1.41    3.68    -18.04 
1.49    3.68    -19.22 
1.58    3.68    -20.42 
1.66    3.68    -21.63 
1.74    3.68    -22.83 
1.82    3.68    -24.02 
1.90    3.68    -25.18 
1.98    3.68    -26.31 
2.06    3.68    -27.38 
2.14    3.68    -28.40 
2.22    3.68    -29.34 
2.30    3.68    -30.19 
2.38    3.68    -30.94 
2.46    3.68    -31.57 
2.55    3.68    -32.06 
2.63    3.68    -32.41 
2.71    3.68    -32.59 
2.79    3.68    -32.58 
2.87    3.68    -32.38 
2.95    3.68    -31.96 
3.03    3.68    -31.31 
3.11    3.68    -30.39 
3.19    3.68    -29.21 
3.27    3.68    -27.72 
3.35    3.68    -25.93 
3.43    3.68    -23.79 
3.52    3.68    -21.30 
3.60    3.68    -18.43 
3.68    3.68    -15.16 
3.76    3.68    -11.46 
3.84    3.68    -7.32  
3.92    3.68    -2.70  
4.00    3.68    2.42   
-4.00   3.76    -13.88 
-3.92   3.76    -18.60 
-3.84   3.76    -22.81 
-3.76   3.76    -26.55 
-3.68   3.76    -29.85 
-3.60   3.76    -32.72 
-3.52   3.76    -35.18 
-3.43   3.76    -37.27 
-3.35   3.76    -39.00 
-3.27   3.76    -40.39 
-3.19   3.76    -41.47 
-3.11   3.76    -42.25 
-3.03   3.76    -42.76 
-2.95   3.76    -43.01 
-2.87   3.76    -43.03 
-2.79   3.76    -42.83 
-2.71   3.76    -42.42 
-2.63   3.76    -41.84 
-2.55   3.76    -41.09 
-2.46   3.76    -40.19 
-2.38   3.76    -39.16 
-2.30   3.76    -38.01 
-2.22   3.76    -36.75 
-2.14   3.76    -35.41 
-2.06   3.76    -33.99 
-1.98   3.76    -32.51 
-1.90   3.76    -30.98 
-1.82   3.76    -29.41 
-1.74   3.76    -27.82 
-1.66   3.76    -26.21 
-1.58   3.76    -24.60 
-1.49   3.76    -23.00 
-1.41   3.76    -21.42 
-1.33   3.76    -19.86 
-1.25   3.76    -18.33 
-1.17   3.76    -16.85 
-1.09   3.76    -15.42 
-1.01   3.76    -14.05 
-0.93   3.76    -12.74 
-0.85   3.76    -11.50 
-0.77   3.76    -10.34 
-0.69   3.76    -9.26  
-0.61   3.76    -8.27  
-0.53   3.76    -7.36  
-0.44   3.76    -6.55  
-0.36   3.76    -5.84  
-0.28   3.76    -5.23  
-0.20   3.76    -4.71  
-0.12   3.76    -4.30  
-0.04   3.76    -4.00  
0.04    3.76    -3.79  
0.12    3.76    -3.70  
0.20    3.76    -3.70  
0.28    3.76    -3.81  
0.36    3.76    -4.02  
0.44    3.76    -4.33  
0.53    3.76    -4.74  
0.61    3.76    -5.24  
0.69    3.76    -5.83  
0.77    3.76    -6.50  
0.85    3.76    -7.26  
0.93    3.76    -8.10  
1.01    3.76    -9.00  
1.09    3.76    -9.97  
1.17    3.76    -10.99 
1.25    3.76    -12.07 
1.33    3.76    -13.19 
1.41    3.76    -14.35 
1.49    3.76    -15.53 
1.58    3.76    -16.72 
1.66    3.76    -17.93 
1.74    3.76    -19.13 
1.82    3.76    -20.32 
1.90    3.76    -21.48 
1.98    3.76    -22.61 
2.06    3.76    -23.69 
2.14    3.76    -24.70 
2.22    3.76    -25.64 
2.30    3.76    -26.49 
2.38    3.76    -27.24 
2.46    3.76    -27.87 
2.55    3.76    -28.36 
2.63    3.76    -28.71 
2.71    3.76    -28.89 
2.79    3.76    -28.89 
2.87    3.76    -28.68 
2.95    3.76    -28.26 
3.03    3.76    -27.61 
3.11    3.76    -26.70 
3.19    3.76    -25.51 
3.27    3.76    -24.03 
3.35    3.76    -22.23 
3.43    3.76    -20.10 
3.52    3.76    -17.61 
3.60    3.76    -14.74 
3.68    3.76    -11.46 
3.76    3.76    -7.77  
3.84    3.76    -3.62  
3.92    3.76    1.00   
4.00    3.76    6.12   
-4.00   3.84    -9.74  
-3.92   3.84    -14.45 
-3.84   3.84    -18.66 
-3.76   3.84    -22.41 
-3.68   3.84    -25.70 
-3.60   3.84    -28.57 
-3.52   3.84    -31.04 
-3.43   3.84    -33.12 
-3.35   3.84    -34.85 
-3.27   3.84    -36.24 
-3.19   3.84    -37.32 
-3.11   3.84    -38.10 
-3.03   3.84    -38.61 
-2.95   3.84    -38.87 
-2.87   3.84    -38.88 
-2.79   3.84    -38.68 
-2.71   3.84    -38.28 
-2.63   3.84    -37.69 
-2.55   3.84    -36.94 
-2.46   3.84    -36.04 
-2.38   3.84    -35.01 
-2.30   3.84    -33.86 
-2.22   3.84    -32.60 
-2.14   3.84    -31.26 
-2.06   3.84    -29.84 
-1.98   3.84    -28.36 
-1.90   3.84    -26.83 
-1.82   3.84    -25.26 
-1.74   3.84    -23.67 
-1.66   3.84    -22.07 
-1.58   3.84    -20.46 
-1.49   3.84    -18.86 
-1.41   3.84    -17.27 
-1.33   3.84    -15.71 
-1.25   3.84    -14.19 
-1.17   3.84    -12.71 
-1.09   3.84    -11.28 
-1.01   3.84    -9.90  
-0.93   3.84    -8.60  
-0.85   3.84    -7.36  
-0.77   3.84    -6.20  
-0.69   3.84    -5.12  
-0.61   3.84    -4.12  
-0.53   3.84    -3.22  
-0.44   3.84    -2.41  
-0.36   3.84    -1.69  
-0.28   3.84    -1.08  
-0.20   3.84    -0.57  
-0.12   3.84    -0.16  
-0.04   3.84    0.15   
0.04    3.84    0.35   
0.12    3.84    0.45   
0.20    3.84    0.44   
0.28    3.84    0.33   
0.36    3.84    0.12   
0.44    3.84    -0.19  
0.53    3.84    -0.59  
0.61    3.84    -1.09  
0.69    3.84    -1.68  
0.77    3.84    -2.36  
0.85    3.84    -3.12  
0.93    3.84    -3.95  
1.01    3.84    -4.85  
1.09    3.84    -5.82  
1.17    3.84    -6.85  
1.25    3.84    -7.92  
1.33    3.84    -9.04  
1.41    3.84    -10.20 
1.49    3.84    -11.38 
1.58    3.84    -12.58 
1.66    3.84    -13.78 
1.74    3.84    -14.98 
1.82    3.84    -16.17 
1.90    3.84    -17.34 
1.98    3.84    -18.46 
2.06    3.84    -19.54 
2.14    3.84    -20.55 
2.22    3.84    -21.49 
2.30    3.84    -22.34 
2.38    3.84    -23.09 
2.46    3.84    -23.72 
2.55    3.84    -24.22 
2.63    3.84    -24.56 
2.71    3.84    -24.74 
2.79    3.84    -24.74 
2.87    3.84    -24.54 
2.95    3.84    -24.12 
3.03    3.84    -23.46 
3.11    3.84    -22.55 
3.19    3.84    -21.36 
3.27    3.84    -19.88 
3.35    3.84    -18.08 
3.43    3.84    -15.95 
3.52    3.84    -13.46 
3.60    3.84    -10.59 
3.68    3.84    -7.32  
3.76    3.84    -3.62  
3.84    3.84    0.53   
3.92    3.84    5.15   
4.00    3.84    10.26  
-4.00   3.92    -5.12  
-3.92   3.92    -9.83  
-3.84   3.92    -14.04 
-3.76   3.92    -17.79 
-3.68   3.92    -21.08 
-3.60   3.92    -23.95 
-3.52   3.92    -26.42 
-3.43   3.92    -28.50 
-3.35   3.92    -30.23 
-3.27   3.92    -31.62 
-3.19   3.92    -32.70 
-3.11   3.92    -33.48 
-3.03   3.92    -33.99 
-2.95   3.92    -34.25 
-2.87   3.92    -34.26 
-2.79   3.92    -34.06 
-2.71   3.92    -33.66 
-2.63   3.92    -33.07 
-2.55   3.92    -32.32 
-2.46   3.92    -31.42 
-2.38   3.92    -30.39 
-2.30   3.92    -29.24 
-2.22   3.92    -27.99 
-2.14   3.92    -26.64 
-2.06   3.92    -25.22 
-1.98   3.92    -23.74 
-1.90   3.92    -22.21 
-1.82   3.92    -20.64 
-1.74   3.92    -19.05 
-1.66   3.92    -17.45 
-1.58   3.92    -15.84 
-1.49   3.92    -14.24 
-1.41   3.92    -12.65 
-1.33   3.92    -11.09 
-1.25   3.92    -9.57  
-1.17   3.92    -8.09  
-1.09   3.92    -6.66  
-1.01   3.92    -5.28  
-0.93   3.92    -3.98  
-0.85   3.92    -2.74  
-0.77   3.92    -1.58  
-0.69   3.92    -0.50  
-0.61   3.92    0.50   
-0.53   3.92    1.40   
-0.44   3.92    2.21   
-0.36   3.92    2.93   
-0.28   3.92    3.54   
-0.20   3.92    4.05   
-0.12   3.92    4.46   
-0.04   3.92    4.77   
0.04    3.92    4.97   
0.12    3.92    5.07   
0.20    3.92    5.06   
0.28    3.92    4.95   
0.36    3.92    4.74   
0.44    3.92    4.43   
0.53    3.92    4.03   
0.61    3.92    3.53   
0.69    3.92    2.94   
0.77    3.92    2.26   
0.85    3.92    1.50   
0.93    3.92    0.67   
1.01    3.92    -0.23  
1.09    3.92    -1.20  
1.17    3.92    -2.23  
1.25    3.92    -3.31  
1.33    3.92    -4.43  
1.41    3.92    -5.58  
1.49    3.92    -6.76  
1.58    3.92    -7.96  
1.66    3.92    -9.16  
1.74    3.92    -10.37 
1.82    3.92    -11.55 
1.90    3.92    -12.72 
1.98    3.92    -13.84 
2.06    3.92    -14.92 
2.14    3.92    -15.93 
2.22    3.92    -16.87 
2.30    3.92    -17.72 
2.38    3.92    -18.47 
2.46    3.92    -19.10 
2.55    3.92    -19.60 
2.63    3.92    -19.94 
2.71    3.92    -20.12 
2.79    3.92    -20.12 
2.87    3.92    -19.92 
2.95    3.92    -19.50 
3.03    3.92    -18.84 
3.11    3.92    -17.93 
3.19    3.92    -16.74 
3.27    3.92    -15.26 
3.35    3.92    -13.46 
3.43    3.92    -11.33 
3.52    3.92    -8.84  
3.60    3.92    -5.97  
3.68    3.92    -2.70  
3.76    3.92    1.00   
3.84    3.92    5.15   
3.92    3.92    9.77   
4.00    3.92    14.88  
-4.00   4.00    0.00   
-3.92   4.00    -4.71  
-3.84   4.00    -8.93  
-3.76   4.00    -12.67 
-3.68   4.00    -15.96 
-3.60   4.00    -18.83 
-3.52   4.00    -21.30 
-3.43   4.00    -23.39 
-3.35   4.00    -25.11 
-3.27   4.00    -26.51 
-3.19   4.00    -27.59 
-3.11   4.00    -28.37 
-3.03   4.00    -28.88 
-2.95   4.00    -29.13 
-2.87   4.00    -29.15 
-2.79   4.00    -28.94 
-2.71   4.00    -28.54 
-2.63   4.00    -27.96 
-2.55   4.00    -27.21 
-2.46   4.00    -26.31 
-2.38   4.00    -25.27 
-2.30   4.00    -24.12 
-2.22   4.00    -22.87 
-2.14   4.00    -21.52 
-2.06   4.00    -20.11 
-1.98   4.00    -18.62 
-1.90   4.00    -17.09 
-1.82   4.00    -15.53 
-1.74   4.00    -13.94 
-1.66   4.00    -12.33 
-1.58   4.00    -10.72 
-1.49   4.00    -9.12  
-1.41   4.00    -7.53  
-1.33   4.00    -5.98  
-1.25   4.00    -4.45  
-1.17   4.00    -2.97  
-1.09   4.00    -1.54  
-1.01   4.00    -0.17  
-0.93   4.00    1.14   
-0.85   4.00    2.38   
-0.77   4.00    3.54   
-0.69   4.00    4.62   
-0.61   4.00    5.61   
-0.53   4.00    6.52   
-0.44   4.00    7.33   
-0.36   4.00    8.04   
-0.28   4.00    8.66   
-0.20   4.00    9.17   
-0.12   4.00    9.58   
-0.04   4.00    9.89   
0.04    4.00    10.09  
0.12    4.00    10.19  
0.20    4.00    10.18  
0.28    4.00    10.07  
0.36    4.00    9.86   
0.44    4.00    9.55   
0.53    4.00    9.14   
0.61    4.00    8.64   
0.69    4.00    8.05   
0.77    4.00    7.38   
0.85    4.00    6.62   
0.93    4.00    5.79   
1.01    4.00    4.88   
1.09    4.00    3.91   
1.17    4.00    2.89   
1.25    4.00    1.81   
1.33    4.00    0.69   
1.41    4.00    -0.46  
1.49    4.00    -1.64  
1.58    4.00    -2.84  
1.66    4.00    -4.05  
1.74    4.00    -5.25  
1.82    4.00    -6.44  
1.90    4.00    -7.60  
1.98    4.00    -8.73  
2.06    4.00    -9.80  
2.14    4.00    -10.82 
2.22    4.00    -11.76 
2.30    4.00    -12.61 
2.38    4.00    -13.36 
2.46    4.00    -13.98 
2.55    4.00    -14.48 
2.63    4.00    -14.83 
2.71    4.00    -15.01 
2.79    4.00    -15.00 
2.87    4.00    -14.80 
2.95    4.00    -14.38 
3.03    4.00    -13.72 
3.11    4.00    -12.81 
3.19    4.00    -11.63 
3.27    4.00    -10.14 
3.35    4.00    -8.35  
3.43    4.00    -6.21  
3.52    4.00    -3.72  
3.60    4.00    -0.85  
3.68    4.00    2.42   
3.76    4.00    6.12   
3.84    4.00    10.26  
3.92    4.00    14.88  
4.00    4.00    20.00  
