-4.00   -4.00   16.00  
-3.92   -4.00   15.68  
-3.84   -4.00   15.37  
-3.76   -4.00   15.06  
-3.68   -4.00   14.76  
-3.60   -4.00   14.47  
-3.52   -4.00   14.18  
-3.43   -4.00   13.90  
-3.35   -4.00   13.62  
-3.27   -4.00   13.36  
-3.19   -4.00   13.09  
-3.11   -4.00   12.84  
-3.03   -4.00   12.59  
-2.95   -4.00   12.35  
-2.87   -4.00   12.11  
-2.79   -4.00   11.89  
-2.71   -4.00   11.66  
-2.63   -4.00   11.45  
-2.55   -4.00   11.24  
-2.46   -4.00   11.04  
-2.38   -4.00   10.84  
-2.30   -4.00   10.65  
-2.22   -4.00   10.47  
-2.14   -4.00   10.29  
-2.06   -4.00   10.12  
-1.98   -4.00   9.96   
-1.90   -4.00   9.80   
-1.82   -4.00   9.65   
-1.74   -4.00   9.51   
-1.66   -4.00   9.37   
-1.58   -4.00   9.24   
-1.49   -4.00   9.12   
-1.41   -4.00   9.00   
-1.33   -4.00   8.89   
-1.25   -4.00   8.78   
-1.17   -4.00   8.69   
-1.09   -4.00   8.60   
-1.01   -4.00   8.51   
-0.93   -4.00   8.43   
-0.85   -4.00   8.36   
-0.77   -4.00   8.29   
-0.69   -4.00   8.24   
-0.61   -4.00   8.18   
-0.53   -4.00   8.14   
-0.44   -4.00   8.10   
-0.36   -4.00   8.07   
-0.28   -4.00   8.04   
-0.20   -4.00   8.02   
-0.12   -4.00   8.01   
-0.04   -4.00   8.00   
0.04    -4.00   8.00   
0.12    -4.00   8.01   
0.20    -4.00   8.02   
0.28    -4.00   8.04   
0.36    -4.00   8.07   
0.44    -4.00   8.10   
0.53    -4.00   8.14   
0.61    -4.00   8.18   
0.69    -4.00   8.24   
0.77    -4.00   8.29   
0.85    -4.00   8.36   
0.93    -4.00   8.43   
1.01    -4.00   8.51   
1.09    -4.00   8.60   
1.17    -4.00   8.69   
1.25    -4.00   8.78   
1.33    -4.00   8.89   
1.41    -4.00   9.00   
1.49    -4.00   9.12   
1.58    -4.00   9.24   
1.66    -4.00   9.37   
1.74    -4.00   9.51   
1.82    -4.00   9.65   
1.90    -4.00   9.80   
1.98    -4.00   9.96   
2.06    -4.00   10.12  
2.14    -4.00   10.29  
2.22    -4.00   10.47  
2.30    -4.00   10.65  
2.38    -4.00   10.84  
2.46    -4.00   11.04  
2.55    -4.00   11.24  
2.63    -4.00   11.45  
2.71    -4.00   11.66  
2.79    -4.00   11.89  
2.87    -4.00   12.11  
2.95    -4.00   12.35  
3.03    -4.00   12.59  
3.11    -4.00   12.84  
3.19    -4.00   13.09  
3.27    -4.00   13.36  
3.35    -4.00   13.62  
3.43    -4.00   13.90  
3.52    -4.00   14.18  
3.60    -4.00   14.47  
3.68    -4.00   14.76  
3.76    -4.00   15.06  
3.84    -4.00   15.37  
3.92    -4.00   15.68  
4.00    -4.00   16.00  
-4.00   -3.92   15.68  
-3.92   -3.92   15.36  
-3.84   -3.92   15.05  
-3.76   -3.92   14.74  
-3.68   -3.92   14.44  
-3.60   -3.92   14.15  
-3.52   -3.92   13.86  
-3.43   -3.92   13.58  
-3.35   -3.92   13.30  
-3.27   -3.92   13.04  
-3.19   -3.92   12.77  
-3.11   -3.92   12.52  
-3.03   -3.92   12.27  
-2.95   -3.92   12.03  
-2.87   -3.92   11.79  
-2.79   -3.92   11.57  
-2.71   -3.92   11.34  
-2.63   -3.92   11.13  
-2.55   -3.92   10.92  
-2.46   -3.92   10.72  
-2.38   -3.92   10.52  
-2.30   -3.92   10.33  
-2.22   -3.92   10.15  
-2.14   -3.92   9.97   
-2.06   -3.92   9.80   
-1.98   -3.92   9.64   
-1.90   -3.92   9.48   
-1.82   -3.92   9.33   
-1.74   -3.92   9.19   
-1.66   -3.92   9.05   
-1.58   -3.92   8.92   
-1.49   -3.92   8.80   
-1.41   -3.92   8.68   
-1.33   -3.92   8.57   
-1.25   -3.92   8.46   
-1.17   -3.92   8.37   
-1.09   -3.92   8.28   
-1.01   -3.92   8.19   
-0.93   -3.92   8.11   
-0.85   -3.92   8.04   
-0.77   -3.92   7.97   
-0.69   -3.92   7.92   
-0.61   -3.92   7.86   
-0.53   -3.92   7.82   
-0.44   -3.92   7.78   
-0.36   -3.92   7.75   
-0.28   -3.92   7.72   
-0.20   -3.92   7.70   
-0.12   -3.92   7.69   
-0.04   -3.92   7.68   
0.04    -3.92   7.68   
0.12    -3.92   7.69   
0.20    -3.92   7.70   
0.28    -3.92   7.72   
0.36    -3.92   7.75   
0.44    -3.92   7.78   
0.53    -3.92   7.82   
0.61    -3.92   7.86   
0.69    -3.92   7.92   
0.77    -3.92   7.97   
0.85    -3.92   8.04   
0.93    -3.92   8.11   
1.01    -3.92   8.19   
1.09    -3.92   8.28   
1.17    -3.92   8.37   
1.25    -3.92   8.46   
1.33    -3.92   8.57   
1.41    -3.92   8.68   
1.49    -3.92   8.80   
1.58    -3.92   8.92   
1.66    -3.92   9.05   
1.74    -3.92   9.19   
1.82    -3.92   9.33   
1.90    -3.92   9.48   
1.98    -3.92   9.64   
2.06    -3.92   9.80   
2.14    -3.92   9.97   
2.22    -3.92   10.15  
2.30    -3.92   10.33  
2.38    -3.92   10.52  
2.46    -3.92   10.72  
2.55    -3.92   10.92  
2.63    -3.92   11.13  
2.71    -3.92   11.34  
2.79    -3.92   11.57  
2.87    -3.92   11.79  
2.95    -3.92   12.03  
3.03    -3.92   12.27  
3.11    -3.92   12.52  
3.19    -3.92   12.77  
3.27    -3.92   13.04  
3.35    -3.92   13.30  
3.43    -3.92   13.58  
3.52    -3.92   13.86  
3.60    -3.92   14.15  
3.68    -3.92   14.44  
3.76    -3.92   14.74  
3.84    -3.92   15.05  
3.92    -3.92   15.36  
4.00    -3.92   15.68  
-4.00   -3.84   15.37  
-3.92   -3.84   15.05  
-3.84   -3.84   14.73  
-3.76   -3.84   14.43  
-3.68   -3.84   14.13  
-3.60   -3.84   13.83  
-3.52   -3.84   13.54  
-3.43   -3.84   13.26  
-3.35   -3.84   12.99  
-3.27   -3.84   12.72  
-3.19   -3.84   12.46  
-3.11   -3.84   12.21  
-3.03   -3.84   11.96  
-2.95   -3.84   11.72  
-2.87   -3.84   11.48  
-2.79   -3.84   11.25  
-2.71   -3.84   11.03  
-2.63   -3.84   10.82  
-2.55   -3.84   10.61  
-2.46   -3.84   10.40  
-2.38   -3.84   10.21  
-2.30   -3.84   10.02  
-2.22   -3.84   9.84   
-2.14   -3.84   9.66   
-2.06   -3.84   9.49   
-1.98   -3.84   9.33   
-1.90   -3.84   9.17   
-1.82   -3.84   9.02   
-1.74   -3.84   8.88   
-1.66   -3.84   8.74   
-1.58   -3.84   8.61   
-1.49   -3.84   8.48   
-1.41   -3.84   8.37   
-1.33   -3.84   8.26   
-1.25   -3.84   8.15   
-1.17   -3.84   8.05   
-1.09   -3.84   7.96   
-1.01   -3.84   7.88   
-0.93   -3.84   7.80   
-0.85   -3.84   7.73   
-0.77   -3.84   7.66   
-0.69   -3.84   7.60   
-0.61   -3.84   7.55   
-0.53   -3.84   7.50   
-0.44   -3.84   7.47   
-0.36   -3.84   7.43   
-0.28   -3.84   7.41   
-0.20   -3.84   7.39   
-0.12   -3.84   7.37   
-0.04   -3.84   7.37   
0.04    -3.84   7.37   
0.12    -3.84   7.37   
0.20    -3.84   7.39   
0.28    -3.84   7.41   
0.36    -3.84   7.43   
0.44    -3.84   7.47   
0.53    -3.84   7.50   
0.61    -3.84   7.55   
0.69    -3.84   7.60   
0.77    -3.84   7.66   
0.85    -3.84   7.73   
0.93    -3.84   7.80   
1.01    -3.84   7.88   
1.09    -3.84   7.96   
1.17    -3.84   8.05   
1.25    -3.84   8.15   
1.33    -3.84   8.26   
1.41    -3.84   8.37   
1.49    -3.84   8.48   
1.58    -3.84   8.61   
1.66    -3.84   8.74   
1.74    -3.84   8.88   
1.82    -3.84   9.02   
1.90    -3.84   9.17   
1.98    -3.84   9.33   
2.06    -3.84   9.49   
2.14    -3.84   9.66   
2.22    -3.84   9.84   
2.30    -3.84   10.02  
2.38    -3.84   10.21  
2.46    -3.84   10.40  
2.55    -3.84   10.61  
2.63    -3.84   10.82  
2.71    -3.84   11.03  
2.79    -3.84   11.25  
2.87    -3.84   11.48  
2.95    -3.84   11.72  
3.03    -3.84   11.96  
3.11    -3.84   12.21  
3.19    -3.84   12.46  
3.27    -3.84   12.72  
3.35    -3.84   12.99  
3.43    -3.84   13.26  
3.52    -3.84   13.54  
3.60    -3.84   13.83  
3.68    -3.84   14.13  
3.76    -3.84   14.43  
3.84    -3.84   14.73  
3.92    -3.84   15.05  
4.00    -3.84   15.37  
-4.00   -3.76   15.06  
-3.92   -3.76   14.74  
-3.84   -3.76   14.43  
-3.76   -3.76   14.12  
-3.68   -3.76   13.82  
-3.60   -3.76   13.53  
-3.52   -3.76   13.24  
-3.43   -3.76   12.96  
-3.35   -3.76   12.68  
-3.27   -3.76   12.42  
-3.19   -3.76   12.15  
-3.11   -3.76   11.90  
-3.03   -3.76   11.65  
-2.95   -3.76   11.41  
-2.87   -3.76   11.17  
-2.79   -3.76   10.95  
-2.71   -3.76   10.72  
-2.63   -3.76   10.51  
-2.55   -3.76   10.30  
-2.46   -3.76   10.10  
-2.38   -3.76   9.90   
-2.30   -3.76   9.71   
-2.22   -3.76   9.53   
-2.14   -3.76   9.35   
-2.06   -3.76   9.18   
-1.98   -3.76   9.02   
-1.90   -3.76   8.86   
-1.82   -3.76   8.71   
-1.74   -3.76   8.57   
-1.66   -3.76   8.43   
-1.58   -3.76   8.30   
-1.49   -3.76   8.18   
-1.41   -3.76   8.06   
-1.33   -3.76   7.95   
-1.25   -3.76   7.84   
-1.17   -3.76   7.75   
-1.09   -3.76   7.65   
-1.01   -3.76   7.57   
-0.93   -3.76   7.49   
-0.85   -3.76   7.42   
-0.77   -3.76   7.35   
-0.69   -3.76   7.30   
-0.61   -3.76   7.24   
-0.53   -3.76   7.20   
-0.44   -3.76   7.16   
-0.36   -3.76   7.13   
-0.28   -3.76   7.10   
-0.20   -3.76   7.08   
-0.12   -3.76   7.07   
-0.04   -3.76   7.06   
0.04    -3.76   7.06   
0.12    -3.76   7.07   
0.20    -3.76   7.08   
0.28    -3.76   7.10   
0.36    -3.76   7.13   
0.44    -3.76   7.16   
0.53    -3.76   7.20   
0.61    -3.76   7.24   
0.69    -3.76   7.30   
0.77    -3.76   7.35   
0.85    -3.76   7.42   
0.93    -3.76   7.49   
1.01    -3.76   7.57   
1.09    -3.76   7.65   
1.17    -3.76   7.75   
1.25    -3.76   7.84   
1.33    -3.76   7.95   
1.41    -3.76   8.06   
1.49    -3.76   8.18   
1.58    -3.76   8.30   
1.66    -3.76   8.43   
1.74    -3.76   8.57   
1.82    -3.76   8.71   
1.90    -3.76   8.86   
1.98    -3.76   9.02   
2.06    -3.76   9.18   
2.14    -3.76   9.35   
2.22    -3.76   9.53   
2.30    -3.76   9.71   
2.38    -3.76   9.90   
2.46    -3.76   10.10  
2.55    -3.76   10.30  
2.63    -3.76   10.51  
2.71    -3.76   10.72  
2.79    -3.76   10.95  
2.87    -3.76   11.17  
2.95    -3.76   11.41  
3.03    -3.76   11.65  
3.11    -3.76   11.90  
3.19    -3.76   12.15  
3.27    -3.76   12.42  
3.35    -3.76   12.68  
3.43    -3.76   12.96  
3.52    -3.76   13.24  
3.60    -3.76   13.53  
3.68    -3.76   13.82  
3.76    -3.76   14.12  
3.84    -3.76   14.43  
3.92    -3.76   14.74  
4.00    -3.76   15.06  
-4.00   -3.68   14.76  
-3.92   -3.68   14.44  
-3.84   -3.68   14.13  
-3.76   -3.68   13.82  
-3.68   -3.68   13.52  
-3.60   -3.68   13.22  
-3.52   -3.68   12.94  
-3.43   -3.68   12.66  
-3.35   -3.68   12.38  
-3.27   -3.68   12.11  
-3.19   -3.68   11.85  
-3.11   -3.68   11.60  
-3.03   -3.68   11.35  
-2.95   -3.68   11.11  
-2.87   -3.68   10.87  
-2.79   -3.68   10.65  
-2.71   -3.68   10.42  
-2.63   -3.68   10.21  
-2.55   -3.68   10.00  
-2.46   -3.68   9.80   
-2.38   -3.68   9.60   
-2.30   -3.68   9.41   
-2.22   -3.68   9.23   
-2.14   -3.68   9.05   
-2.06   -3.68   8.88   
-1.98   -3.68   8.72   
-1.90   -3.68   8.56   
-1.82   -3.68   8.41   
-1.74   -3.68   8.27   
-1.66   -3.68   8.13   
-1.58   -3.68   8.00   
-1.49   -3.68   7.88   
-1.41   -3.68   7.76   
-1.33   -3.68   7.65   
-1.25   -3.68   7.54   
-1.17   -3.68   7.45   
-1.09   -3.68   7.35   
-1.01   -3.68   7.27   
-0.93   -3.68   7.19   
-0.85   -3.68   7.12   
-0.77   -3.68   7.05   
-0.69   -3.68   7.00   
-0.61   -3.68   6.94   
-0.53   -3.68   6.90   
-0.44   -3.68   6.86   
-0.36   -3.68   6.83   
-0.28   -3.68   6.80   
-0.20   -3.68   6.78   
-0.12   -3.68   6.77   
-0.04   -3.68   6.76   
0.04    -3.68   6.76   
0.12    -3.68   6.77   
0.20    -3.68   6.78   
0.28    -3.68   6.80   
0.36    -3.68   6.83   
0.44    -3.68   6.86   
0.53    -3.68   6.90   
0.61    -3.68   6.94   
0.69    -3.68   7.00   
0.77    -3.68   7.05   
0.85    -3.68   7.12   
0.93    -3.68   7.19   
1.01    -3.68   7.27   
1.09    -3.68   7.35   
1.17    -3.68   7.45   
1.25    -3.68   7.54   
1.33    -3.68   7.65   
1.41    -3.68   7.76   
1.49    -3.68   7.88   
1.58    -3.68   8.00   
1.66    -3.68   8.13   
1.74    -3.68   8.27   
1.82    -3.68   8.41   
1.90    -3.68   8.56   
1.98    -3.68   8.72   
2.06    -3.68   8.88   
2.14    -3.68   9.05   
2.22    -3.68   9.23   
2.30    -3.68   9.41   
2.38    -3.68   9.60   
2.46    -3.68   9.80   
2.55    -3.68   10.00  
2.63    -3.68   10.21  
2.71    -3.68   10.42  
2.79    -3.68   10.65  
2.87    -3.68   10.87  
2.95    -3.68   11.11  
3.03    -3.68   11.35  
3.11    -3.68   11.60  
3.19    -3.68   11.85  
3.27    -3.68   12.11  
3.35    -3.68   12.38  
3.43    -3.68   12.66  
3.52    -3.68   12.94  
3.60    -3.68   13.22  
3.68    -3.68   13.52  
3.76    -3.68   13.82  
3.84    -3.68   14.13  
3.92    -3.68   14.44  
4.00    -3.68   14.76  
-4.00   -3.60   14.47  
-3.92   -3.60   14.15  
-3.84   -3.60   13.83  
-3.76   -3.60   13.53  
-3.68   -3.60   13.22  
-3.60   -3.60   12.93  
-3.52   -3.60   12.64  
-3.43   -3.60   12.36  
-3.35   -3.60   12.09  
-3.27   -3.60   11.82  
-3.19   -3.60   11.56  
-3.11   -3.60   11.30  
-3.03   -3.60   11.06  
-2.95   -3.60   10.82  
-2.87   -3.60   10.58  
-2.79   -3.60   10.35  
-2.71   -3.60   10.13  
-2.63   -3.60   9.91   
-2.55   -3.60   9.71   
-2.46   -3.60   9.50   
-2.38   -3.60   9.31   
-2.30   -3.60   9.12   
-2.22   -3.60   8.93   
-2.14   -3.60   8.76   
-2.06   -3.60   8.59   
-1.98   -3.60   8.43   
-1.90   -3.60   8.27   
-1.82   -3.60   8.12   
-1.74   -3.60   7.97   
-1.66   -3.60   7.84   
-1.58   -3.60   7.71   
-1.49   -3.60   7.58   
-1.41   -3.60   7.47   
-1.33   -3.60   7.35   
-1.25   -3.60   7.25   
-1.17   -3.60   7.15   
-1.09   -3.60   7.06   
-1.01   -3.60   6.98   
-0.93   -3.60   6.90   
-0.85   -3.60   6.83   
-0.77   -3.60   6.76   
-0.69   -3.60   6.70   
-0.61   -3.60   6.65   
-0.53   -3.60   6.60   
-0.44   -3.60   6.56   
-0.36   -3.60   6.53   
-0.28   -3.60   6.51   
-0.20   -3.60   6.49   
-0.12   -3.60   6.47   
-0.04   -3.60   6.47   
0.04    -3.60   6.47   
0.12    -3.60   6.47   
0.20    -3.60   6.49   
0.28    -3.60   6.51   
0.36    -3.60   6.53   
0.44    -3.60   6.56   
0.53    -3.60   6.60   
0.61    -3.60   6.65   
0.69    -3.60   6.70   
0.77    -3.60   6.76   
0.85    -3.60   6.83   
0.93    -3.60   6.90   
1.01    -3.60   6.98   
1.09    -3.60   7.06   
1.17    -3.60   7.15   
1.25    -3.60   7.25   
1.33    -3.60   7.35   
1.41    -3.60   7.47   
1.49    -3.60   7.58   
1.58    -3.60   7.71   
1.66    -3.60   7.84   
1.74    -3.60   7.97   
1.82    -3.60   8.12   
1.90    -3.60   8.27   
1.98    -3.60   8.43   
2.06    -3.60   8.59   
2.14    -3.60   8.76   
2.22    -3.60   8.93   
2.30    -3.60   9.12   
2.38    -3.60   9.31   
2.46    -3.60   9.50   
2.55    -3.60   9.71   
2.63    -3.60   9.91   
2.71    -3.60   10.13  
2.79    -3.60   10.35  
2.87    -3.60   10.58  
2.95    -3.60   10.82  
3.03    -3.60   11.06  
3.11    -3.60   11.30  
3.19    -3.60   11.56  
3.27    -3.60   11.82  
3.35    -3.60   12.09  
3.43    -3.60   12.36  
3.52    -3.60   12.64  
3.60    -3.60   12.93  
3.68    -3.60   13.22  
3.76    -3.60   13.53  
3.84    -3.60   13.83  
3.92    -3.60   14.15  
4.00    -3.60   14.47  
-4.00   -3.52   14.18  
-3.92   -3.52   13.86  
-3.84   -3.52   13.54  
-3.76   -3.52   13.24  
-3.68   -3.52   12.94  
-3.60   -3.52   12.64  
-3.52   -3.52   12.36  
-3.43   -3.52   12.08  
-3.35   -3.52   11.80  
-3.27   -3.52   11.53  
-3.19   -3.52   11.27  
-3.11   -3.52   11.02  
-3.03   -3.52   10.77  
-2.95   -3.52   10.53  
-2.87   -3.52   10.29  
-2.79   -3.52   10.06  
-2.71   -3.52   9.84   
-2.63   -3.52   9.63   
-2.55   -3.52   9.42   
-2.46   -3.52   9.22   
-2.38   -3.52   9.02   
-2.30   -3.52   8.83   
-2.22   -3.52   8.65   
-2.14   -3.52   8.47   
-2.06   -3.52   8.30   
-1.98   -3.52   8.14   
-1.90   -3.52   7.98   
-1.82   -3.52   7.83   
-1.74   -3.52   7.69   
-1.66   -3.52   7.55   
-1.58   -3.52   7.42   
-1.49   -3.52   7.30   
-1.41   -3.52   7.18   
-1.33   -3.52   7.07   
-1.25   -3.52   6.96   
-1.17   -3.52   6.86   
-1.09   -3.52   6.77   
-1.01   -3.52   6.69   
-0.93   -3.52   6.61   
-0.85   -3.52   6.54   
-0.77   -3.52   6.47   
-0.69   -3.52   6.41   
-0.61   -3.52   6.36   
-0.53   -3.52   6.32   
-0.44   -3.52   6.28   
-0.36   -3.52   6.24   
-0.28   -3.52   6.22   
-0.20   -3.52   6.20   
-0.12   -3.52   6.19   
-0.04   -3.52   6.18   
0.04    -3.52   6.18   
0.12    -3.52   6.19   
0.20    -3.52   6.20   
0.28    -3.52   6.22   
0.36    -3.52   6.24   
0.44    -3.52   6.28   
0.53    -3.52   6.32   
0.61    -3.52   6.36   
0.69    -3.52   6.41   
0.77    -3.52   6.47   
0.85    -3.52   6.54   
0.93    -3.52   6.61   
1.01    -3.52   6.69   
1.09    -3.52   6.77   
1.17    -3.52   6.86   
1.25    -3.52   6.96   
1.33    -3.52   7.07   
1.41    -3.52   7.18   
1.49    -3.52   7.30   
1.58    -3.52   7.42   
1.66    -3.52   7.55   
1.74    -3.52   7.69   
1.82    -3.52   7.83   
1.90    -3.52   7.98   
1.98    -3.52   8.14   
2.06    -3.52   8.30   
2.14    -3.52   8.47   
2.22    -3.52   8.65   
2.30    -3.52   8.83   
2.38    -3.52   9.02   
2.46    -3.52   9.22   
2.55    -3.52   9.42   
2.63    -3.52   9.63   
2.71    -3.52   9.84   
2.79    -3.52   10.06  
2.87    -3.52   10.29  
2.95    -3.52   10.53  
3.03    -3.52   10.77  
3.11    -3.52   11.02  
3.19    -3.52   11.27  
3.27    -3.52   11.53  
3.35    -3.52   11.80  
3.43    -3.52   12.08  
3.52    -3.52   12.36  
3.60    -3.52   12.64  
3.68    -3.52   12.94  
3.76    -3.52   13.24  
3.84    -3.52   13.54  
3.92    -3.52   13.86  
4.00    -3.52   14.18  
-4.00   -3.43   13.90  
-3.92   -3.43   13.58  
-3.84   -3.43   13.26  
-3.76   -3.43   12.96  
-3.68   -3.43   12.66  
-3.60   -3.43   12.36  
-3.52   -3.43   12.08  
-3.43   -3.43   11.79  
-3.35   -3.43   11.52  
-3.27   -3.43   11.25  
-3.19   -3.43   10.99  
-3.11   -3.43   10.74  
-3.03   -3.43   10.49  
-2.95   -3.43   10.25  
-2.87   -3.43   10.01  
-2.79   -3.43   9.78   
-2.71   -3.43   9.56   
-2.63   -3.43   9.35   
-2.55   -3.43   9.14   
-2.46   -3.43   8.93   
-2.38   -3.43   8.74   
-2.30   -3.43   8.55   
-2.22   -3.43   8.37   
-2.14   -3.43   8.19   
-2.06   -3.43   8.02   
-1.98   -3.43   7.86   
-1.90   -3.43   7.70   
-1.82   -3.43   7.55   
-1.74   -3.43   7.41   
-1.66   -3.43   7.27   
-1.58   -3.43   7.14   
-1.49   -3.43   7.01   
-1.41   -3.43   6.90   
-1.33   -3.43   6.79   
-1.25   -3.43   6.68   
-1.17   -3.43   6.58   
-1.09   -3.43   6.49   
-1.01   -3.43   6.41   
-0.93   -3.43   6.33   
-0.85   -3.43   6.26   
-0.77   -3.43   6.19   
-0.69   -3.43   6.13   
-0.61   -3.43   6.08   
-0.53   -3.43   6.04   
-0.44   -3.43   6.00   
-0.36   -3.43   5.96   
-0.28   -3.43   5.94   
-0.20   -3.43   5.92   
-0.12   -3.43   5.90   
-0.04   -3.43   5.90   
0.04    -3.43   5.90   
0.12    -3.43   5.90   
0.20    -3.43   5.92   
0.28    -3.43   5.94   
0.36    -3.43   5.96   
0.44    -3.43   6.00   
0.53    -3.43   6.04   
0.61    -3.43   6.08   
0.69    -3.43   6.13   
0.77    -3.43   6.19   
0.85    -3.43   6.26   
0.93    -3.43   6.33   
1.01    -3.43   6.41   
1.09    -3.43   6.49   
1.17    -3.43   6.58   
1.25    -3.43   6.68   
1.33    -3.43   6.79   
1.41    -3.43   6.90   
1.49    -3.43   7.01   
1.58    -3.43   7.14   
1.66    -3.43   7.27   
1.74    -3.43   7.41   
1.82    -3.43   7.55   
1.90    -3.43   7.70   
1.98    -3.43   7.86   
2.06    -3.43   8.02   
2.14    -3.43   8.19   
2.22    -3.43   8.37   
2.30    -3.43   8.55   
2.38    -3.43   8.74   
2.46    -3.43   8.93   
2.55    -3.43   9.14   
2.63    -3.43   9.35   
2.71    -3.43   9.56   
2.79    -3.43   9.78   
2.87    -3.43   10.01  
2.95    -3.43   10.25  
3.03    -3.43   10.49  
3.11    -3.43   10.74  
3.19    -3.43   10.99  
3.27    -3.43   11.25  
3.35    -3.43   11.52  
3.43    -3.43   11.79  
3.52    -3.43   12.08  
3.60    -3.43   12.36  
3.68    -3.43   12.66  
3.76    -3.43   12.96  
3.84    -3.43   13.26  
3.92    -3.43   13.58  
4.00    -3.43   13.90  
-4.00   -3.35   13.62  
-3.92   -3.35   13.30  
-3.84   -3.35   12.99  
-3.76   -3.35   12.68  
-3.68   -3.35   12.38  
-3.60   -3.35   12.09  
-3.52   -3.35   11.80  
-3.43   -3.35   11.52  
-3.35   -3.35   11.25  
-3.27   -3.35   10.98  
-3.19   -3.35   10.72  
-3.11   -3.35   10.46  
-3.03   -3.35   10.21  
-2.95   -3.35   9.97   
-2.87   -3.35   9.74   
-2.79   -3.35   9.51   
-2.71   -3.35   9.29   
-2.63   -3.35   9.07   
-2.55   -3.35   8.86   
-2.46   -3.35   8.66   
-2.38   -3.35   8.46   
-2.30   -3.35   8.28   
-2.22   -3.35   8.09   
-2.14   -3.35   7.92   
-2.06   -3.35   7.75   
-1.98   -3.35   7.58   
-1.90   -3.35   7.43   
-1.82   -3.35   7.28   
-1.74   -3.35   7.13   
-1.66   -3.35   7.00   
-1.58   -3.35   6.86   
-1.49   -3.35   6.74   
-1.41   -3.35   6.62   
-1.33   -3.35   6.51   
-1.25   -3.35   6.41   
-1.17   -3.35   6.31   
-1.09   -3.35   6.22   
-1.01   -3.35   6.13   
-0.93   -3.35   6.05   
-0.85   -3.35   5.98   
-0.77   -3.35   5.92   
-0.69   -3.35   5.86   
-0.61   -3.35   5.81   
-0.53   -3.35   5.76   
-0.44   -3.35   5.72   
-0.36   -3.35   5.69   
-0.28   -3.35   5.66   
-0.20   -3.35   5.64   
-0.12   -3.35   5.63   
-0.04   -3.35   5.62   
0.04    -3.35   5.62   
0.12    -3.35   5.63   
0.20    -3.35   5.64   
0.28    -3.35   5.66   
0.36    -3.35   5.69   
0.44    -3.35   5.72   
0.53    -3.35   5.76   
0.61    -3.35   5.81   
0.69    -3.35   5.86   
0.77    -3.35   5.92   
0.85    -3.35   5.98   
0.93    -3.35   6.05   
1.01    -3.35   6.13   
1.09    -3.35   6.22   
1.17    -3.35   6.31   
1.25    -3.35   6.41   
1.33    -3.35   6.51   
1.41    -3.35   6.62   
1.49    -3.35   6.74   
1.58    -3.35   6.86   
1.66    -3.35   7.00   
1.74    -3.35   7.13   
1.82    -3.35   7.28   
1.90    -3.35   7.43   
1.98    -3.35   7.58   
2.06    -3.35   7.75   
2.14    -3.35   7.92   
2.22    -3.35   8.09   
2.30    -3.35   8.28   
2.38    -3.35   8.46   
2.46    -3.35   8.66   
2.55    -3.35   8.86   
2.63    -3.35   9.07   
2.71    -3.35   9.29   
2.79    -3.35   9.51   
2.87    -3.35   9.74   
2.95    -3.35   9.97   
3.03    -3.35   10.21  
3.11    -3.35   10.46  
3.19    -3.35   10.72  
3.27    -3.35   10.98  
3.35    -3.35   11.25  
3.43    -3.35   11.52  
3.52    -3.35   11.80  
3.60    -3.35   12.09  
3.68    -3.35   12.38  
3.76    -3.35   12.68  
3.84    -3.35   12.99  
3.92    -3.35   13.30  
4.00    -3.35   13.62  
-4.00   -3.27   13.36  
-3.92   -3.27   13.04  
-3.84   -3.27   12.72  
-3.76   -3.27   12.42  
-3.68   -3.27   12.11  
-3.60   -3.27   11.82  
-3.52   -3.27   11.53  
-3.43   -3.27   11.25  
-3.35   -3.27   10.98  
-3.27   -3.27   10.71  
-3.19   -3.27   10.45  
-3.11   -3.27   10.19  
-3.03   -3.27   9.95   
-2.95   -3.27   9.71   
-2.87   -3.27   9.47   
-2.79   -3.27   9.24   
-2.71   -3.27   9.02   
-2.63   -3.27   8.80   
-2.55   -3.27   8.60   
-2.46   -3.27   8.39   
-2.38   -3.27   8.20   
-2.30   -3.27   8.01   
-2.22   -3.27   7.82   
-2.14   -3.27   7.65   
-2.06   -3.27   7.48   
-1.98   -3.27   7.32   
-1.90   -3.27   7.16   
-1.82   -3.27   7.01   
-1.74   -3.27   6.86   
-1.66   -3.27   6.73   
-1.58   -3.27   6.60   
-1.49   -3.27   6.47   
-1.41   -3.27   6.36   
-1.33   -3.27   6.24   
-1.25   -3.27   6.14   
-1.17   -3.27   6.04   
-1.09   -3.27   5.95   
-1.01   -3.27   5.87   
-0.93   -3.27   5.79   
-0.85   -3.27   5.72   
-0.77   -3.27   5.65   
-0.69   -3.27   5.59   
-0.61   -3.27   5.54   
-0.53   -3.27   5.49   
-0.44   -3.27   5.45   
-0.36   -3.27   5.42   
-0.28   -3.27   5.40   
-0.20   -3.27   5.38   
-0.12   -3.27   5.36   
-0.04   -3.27   5.36   
0.04    -3.27   5.36   
0.12    -3.27   5.36   
0.20    -3.27   5.38   
0.28    -3.27   5.40   
0.36    -3.27   5.42   
0.44    -3.27   5.45   
0.53    -3.27   5.49   
0.61    -3.27   5.54   
0.69    -3.27   5.59   
0.77    -3.27   5.65   
0.85    -3.27   5.72   
0.93    -3.27   5.79   
1.01    -3.27   5.87   
1.09    -3.27   5.95   
1.17    -3.27   6.04   
1.25    -3.27   6.14   
1.33    -3.27   6.24   
1.41    -3.27   6.36   
1.49    -3.27   6.47   
1.58    -3.27   6.60   
1.66    -3.27   6.73   
1.74    -3.27   6.86   
1.82    -3.27   7.01   
1.90    -3.27   7.16   
1.98    -3.27   7.32   
2.06    -3.27   7.48   
2.14    -3.27   7.65   
2.22    -3.27   7.82   
2.30    -3.27   8.01   
2.38    -3.27   8.20   
2.46    -3.27   8.39   
2.55    -3.27   8.60   
2.63    -3.27   8.80   
2.71    -3.27   9.02   
2.79    -3.27   9.24   
2.87    -3.27   9.47   
2.95    -3.27   9.71   
3.03    -3.27   9.95   
3.11    -3.27   10.19  
3.19    -3.27   10.45  
3.27    -3.27   10.71  
3.35    -3.27   10.98  
3.43    -3.27   11.25  
3.52    -3.27   11.53  
3.60    -3.27   11.82  
3.68    -3.27   12.11  
3.76    -3.27   12.42  
3.84    -3.27   12.72  
3.92    -3.27   13.04  
4.00    -3.27   13.36  
-4.00   -3.19   13.09  
-3.92   -3.19   12.77  
-3.84   -3.19   12.46  
-3.76   -3.19   12.15  
-3.68   -3.19   11.85  
-3.60   -3.19   11.56  
-3.52   -3.19   11.27  
-3.43   -3.19   10.99  
-3.35   -3.19   10.72  
-3.27   -3.19   10.45  
-3.19   -3.19   10.19  
-3.11   -3.19   9.93   
-3.03   -3.19   9.69   
-2.95   -3.19   9.44   
-2.87   -3.19   9.21   
-2.79   -3.19   8.98   
-2.71   -3.19   8.76   
-2.63   -3.19   8.54   
-2.55   -3.19   8.33   
-2.46   -3.19   8.13   
-2.38   -3.19   7.94   
-2.30   -3.19   7.75   
-2.22   -3.19   7.56   
-2.14   -3.19   7.39   
-2.06   -3.19   7.22   
-1.98   -3.19   7.05   
-1.90   -3.19   6.90   
-1.82   -3.19   6.75   
-1.74   -3.19   6.60   
-1.66   -3.19   6.47   
-1.58   -3.19   6.34   
-1.49   -3.19   6.21   
-1.41   -3.19   6.09   
-1.33   -3.19   5.98   
-1.25   -3.19   5.88   
-1.17   -3.19   5.78   
-1.09   -3.19   5.69   
-1.01   -3.19   5.60   
-0.93   -3.19   5.53   
-0.85   -3.19   5.45   
-0.77   -3.19   5.39   
-0.69   -3.19   5.33   
-0.61   -3.19   5.28   
-0.53   -3.19   5.23   
-0.44   -3.19   5.19   
-0.36   -3.19   5.16   
-0.28   -3.19   5.13   
-0.20   -3.19   5.11   
-0.12   -3.19   5.10   
-0.04   -3.19   5.09   
0.04    -3.19   5.09   
0.12    -3.19   5.10   
0.20    -3.19   5.11   
0.28    -3.19   5.13   
0.36    -3.19   5.16   
0.44    -3.19   5.19   
0.53    -3.19   5.23   
0.61    -3.19   5.28   
0.69    -3.19   5.33   
0.77    -3.19   5.39   
0.85    -3.19   5.45   
0.93    -3.19   5.53   
1.01    -3.19   5.60   
1.09    -3.19   5.69   
1.17    -3.19   5.78   
1.25    -3.19   5.88   
1.33    -3.19   5.98   
1.41    -3.19   6.09   
1.49    -3.19   6.21   
1.58    -3.19   6.34   
1.66    -3.19   6.47   
1.74    -3.19   6.60   
1.82    -3.19   6.75   
1.90    -3.19   6.90   
1.98    -3.19   7.05   
2.06    -3.19   7.22   
2.14    -3.19   7.39   
2.22    -3.19   7.56   
2.30    -3.19   7.75   
2.38    -3.19   7.94   
2.46    -3.19   8.13   
2.55    -3.19   8.33   
2.63    -3.19   8.54   
2.71    -3.19   8.76   
2.79    -3.19   8.98   
2.87    -3.19   9.21   
2.95    -3.19   9.44   
3.03    -3.19   9.69   
3.11    -3.19   9.93   
3.19    -3.19   10.19  
3.27    -3.19   10.45  
3.35    -3.19   10.72  
3.43    -3.19   10.99  
3.52    -3.19   11.27  
3.60    -3.19   11.56  
3.68    -3.19   11.85  
3.76    -3.19   12.15  
3.84    -3.19   12.46  
3.92    -3.19   12.77  
4.00    -3.19   13.09  
-4.00   -3.11   12.84  
-3.92   -3.11   12.52  
-3.84   -3.11   12.21  
-3.76   -3.11   11.90  
-3.68   -3.11   11.60  
-3.60   -3.11   11.30  
-3.52   -3.11   11.02  
-3.43   -3.11   10.74  
-3.35   -3.11   10.46  
-3.27   -3.11   10.19  
-3.19   -3.11   9.93   
-3.11   -3.11   9.68   
-3.03   -3.11   9.43   
-2.95   -3.11   9.19   
-2.87   -3.11   8.95   
-2.79   -3.11   8.73   
-2.71   -3.11   8.50   
-2.63   -3.11   8.29   
-2.55   -3.11   8.08   
-2.46   -3.11   7.88   
-2.38   -3.11   7.68   
-2.30   -3.11   7.49   
-2.22   -3.11   7.31   
-2.14   -3.11   7.13   
-2.06   -3.11   6.96   
-1.98   -3.11   6.80   
-1.90   -3.11   6.64   
-1.82   -3.11   6.49   
-1.74   -3.11   6.35   
-1.66   -3.11   6.21   
-1.58   -3.11   6.08   
-1.49   -3.11   5.96   
-1.41   -3.11   5.84   
-1.33   -3.11   5.73   
-1.25   -3.11   5.62   
-1.17   -3.11   5.53   
-1.09   -3.11   5.43   
-1.01   -3.11   5.35   
-0.93   -3.11   5.27   
-0.85   -3.11   5.20   
-0.77   -3.11   5.13   
-0.69   -3.11   5.08   
-0.61   -3.11   5.02   
-0.53   -3.11   4.98   
-0.44   -3.11   4.94   
-0.36   -3.11   4.91   
-0.28   -3.11   4.88   
-0.20   -3.11   4.86   
-0.12   -3.11   4.85   
-0.04   -3.11   4.84   
0.04    -3.11   4.84   
0.12    -3.11   4.85   
0.20    -3.11   4.86   
0.28    -3.11   4.88   
0.36    -3.11   4.91   
0.44    -3.11   4.94   
0.53    -3.11   4.98   
0.61    -3.11   5.02   
0.69    -3.11   5.08   
0.77    -3.11   5.13   
0.85    -3.11   5.20   
0.93    -3.11   5.27   
1.01    -3.11   5.35   
1.09    -3.11   5.43   
1.17    -3.11   5.53   
1.25    -3.11   5.62   
1.33    -3.11   5.73   
1.41    -3.11   5.84   
1.49    -3.11   5.96   
1.58    -3.11   6.08   
1.66    -3.11   6.21   
1.74    -3.11   6.35   
1.82    -3.11   6.49   
1.90    -3.11   6.64   
1.98    -3.11   6.80   
2.06    -3.11   6.96   
2.14    -3.11   7.13   
2.22    -3.11   7.31   
2.30    -3.11   7.49   
2.38    -3.11   7.68   
2.46    -3.11   7.88   
2.55    -3.11   8.08   
2.63    -3.11   8.29   
2.71    -3.11   8.50   
2.79    -3.11   8.73   
2.87    -3.11   8.95   
2.95    -3.11   9.19   
3.03    -3.11   9.43   
3.11    -3.11   9.68   
3.19    -3.11   9.93   
3.27    -3.11   10.19  
3.35    -3.11   10.46  
3.43    -3.11   10.74  
3.52    -3.11   11.02  
3.60    -3.11   11.30  
3.68    -3.11   11.60  
3.76    -3.11   11.90  
3.84    -3.11   12.21  
3.92    -3.11   12.52  
4.00    -3.11   12.84  
-4.00   -3.03   12.59  
-3.92   -3.03   12.27  
-3.84   -3.03   11.96  
-3.76   -3.03   11.65  
-3.68   -3.03   11.35  
-3.60   -3.03   11.06  
-3.52   -3.03   10.77  
-3.43   -3.03   10.49  
-3.35   -3.03   10.21  
-3.27   -3.03   9.95   
-3.19   -3.03   9.69   
-3.11   -3.03   9.43   
-3.03   -3.03   9.18   
-2.95   -3.03   8.94   
-2.87   -3.03   8.71   
-2.79   -3.03   8.48   
-2.71   -3.03   8.26   
-2.63   -3.03   8.04   
-2.55   -3.03   7.83   
-2.46   -3.03   7.63   
-2.38   -3.03   7.43   
-2.30   -3.03   7.24   
-2.22   -3.03   7.06   
-2.14   -3.03   6.88   
-2.06   -3.03   6.71   
-1.98   -3.03   6.55   
-1.90   -3.03   6.39   
-1.82   -3.03   6.24   
-1.74   -3.03   6.10   
-1.66   -3.03   5.96   
-1.58   -3.03   5.83   
-1.49   -3.03   5.71   
-1.41   -3.03   5.59   
-1.33   -3.03   5.48   
-1.25   -3.03   5.38   
-1.17   -3.03   5.28   
-1.09   -3.03   5.19   
-1.01   -3.03   5.10   
-0.93   -3.03   5.02   
-0.85   -3.03   4.95   
-0.77   -3.03   4.89   
-0.69   -3.03   4.83   
-0.61   -3.03   4.78   
-0.53   -3.03   4.73   
-0.44   -3.03   4.69   
-0.36   -3.03   4.66   
-0.28   -3.03   4.63   
-0.20   -3.03   4.61   
-0.12   -3.03   4.60   
-0.04   -3.03   4.59   
0.04    -3.03   4.59   
0.12    -3.03   4.60   
0.20    -3.03   4.61   
0.28    -3.03   4.63   
0.36    -3.03   4.66   
0.44    -3.03   4.69   
0.53    -3.03   4.73   
0.61    -3.03   4.78   
0.69    -3.03   4.83   
0.77    -3.03   4.89   
0.85    -3.03   4.95   
0.93    -3.03   5.02   
1.01    -3.03   5.10   
1.09    -3.03   5.19   
1.17    -3.03   5.28   
1.25    -3.03   5.38   
1.33    -3.03   5.48   
1.41    -3.03   5.59   
1.49    -3.03   5.71   
1.58    -3.03   5.83   
1.66    -3.03   5.96   
1.74    -3.03   6.10   
1.82    -3.03   6.24   
1.90    -3.03   6.39   
1.98    -3.03   6.55   
2.06    -3.03   6.71   
2.14    -3.03   6.88   
2.22    -3.03   7.06   
2.30    -3.03   7.24   
2.38    -3.03   7.43   
2.46    -3.03   7.63   
2.55    -3.03   7.83   
2.63    -3.03   8.04   
2.71    -3.03   8.26   
2.79    -3.03   8.48   
2.87    -3.03   8.71   
2.95    -3.03   8.94   
3.03    -3.03   9.18   
3.11    -3.03   9.43   
3.19    -3.03   9.69   
3.27    -3.03   9.95   
3.35    -3.03   10.21  
3.43    -3.03   10.49  
3.52    -3.03   10.77  
3.60    -3.03   11.06  
3.68    -3.03   11.35  
3.76    -3.03   11.65  
3.84    -3.03   11.96  
3.92    -3.03   12.27  
4.00    -3.03   12.59  
-4.00   -2.95   12.35  
-3.92   -2.95   12.03  
-3.84   -2.95   11.72  
-3.76   -2.95   11.41  
-3.68   -2.95   11.11  
-3.60   -2.95   10.82  
-3.52   -2.95   10.53  
-3.43   -2.95   10.25  
-3.35   -2.95   9.97   
-3.27   -2.95   9.71   
-3.19   -2.95   9.44   
-3.11   -2.95   9.19   
-3.03   -2.95   8.94   
-2.95   -2.95   8.70   
-2.87   -2.95   8.46   
-2.79   -2.95   8.24   
-2.71   -2.95   8.01   
-2.63   -2.95   7.80   
-2.55   -2.95   7.59   
-2.46   -2.95   7.39   
-2.38   -2.95   7.19   
-2.30   -2.95   7.00   
-2.22   -2.95   6.82   
-2.14   -2.95   6.64   
-2.06   -2.95   6.47   
-1.98   -2.95   6.31   
-1.90   -2.95   6.15   
-1.82   -2.95   6.00   
-1.74   -2.95   5.86   
-1.66   -2.95   5.72   
-1.58   -2.95   5.59   
-1.49   -2.95   5.47   
-1.41   -2.95   5.35   
-1.33   -2.95   5.24   
-1.25   -2.95   5.13   
-1.17   -2.95   5.04   
-1.09   -2.95   4.94   
-1.01   -2.95   4.86   
-0.93   -2.95   4.78   
-0.85   -2.95   4.71   
-0.77   -2.95   4.64   
-0.69   -2.95   4.59   
-0.61   -2.95   4.53   
-0.53   -2.95   4.49   
-0.44   -2.95   4.45   
-0.36   -2.95   4.42   
-0.28   -2.95   4.39   
-0.20   -2.95   4.37   
-0.12   -2.95   4.36   
-0.04   -2.95   4.35   
0.04    -2.95   4.35   
0.12    -2.95   4.36   
0.20    -2.95   4.37   
0.28    -2.95   4.39   
0.36    -2.95   4.42   
0.44    -2.95   4.45   
0.53    -2.95   4.49   
0.61    -2.95   4.53   
0.69    -2.95   4.59   
0.77    -2.95   4.64   
0.85    -2.95   4.71   
0.93    -2.95   4.78   
1.01    -2.95   4.86   
1.09    -2.95   4.94   
1.17    -2.95   5.04   
1.25    -2.95   5.13   
1.33    -2.95   5.24   
1.41    -2.95   5.35   
1.49    -2.95   5.47   
1.58    -2.95   5.59   
1.66    -2.95   5.72   
1.74    -2.95   5.86   
1.82    -2.95   6.00   
1.90    -2.95   6.15   
1.98    -2.95   6.31   
2.06    -2.95   6.47   
2.14    -2.95   6.64   
2.22    -2.95   6.82   
2.30    -2.95   7.00   
2.38    -2.95   7.19   
2.46    -2.95   7.39   
2.55    -2.95   7.59   
2.63    -2.95   7.80   
2.71    -2.95   8.01   
2.79    -2.95   8.24   
2.87    -2.95   8.46   
2.95    -2.95   8.70   
3.03    -2.95   8.94   
3.11    -2.95   9.19   
3.19    -2.95   9.44   
3.27    -2.95   9.71   
3.35    -2.95   9.97   
3.43    -2.95   10.25  
3.52    -2.95   10.53  
3.60    -2.95   10.82  
3.68    -2.95   11.11  
3.76    -2.95   11.41  
3.84    -2.95   11.72  
3.92    -2.95   12.03  
4.00    -2.95   12.35  
-4.00   -2.87   12.11  
-3.92   -2.87   11.79  
-3.84   -2.87   11.48  
-3.76   -2.87   11.17  
-3.68   -2.87   10.87  
-3.60   -2.87   10.58  
-3.52   -2.87   10.29  
-3.43   -2.87   10.01  
-3.35   -2.87   9.74   
-3.27   -2.87   9.47   
-3.19   -2.87   9.21   
-3.11   -2.87   8.95   
-3.03   -2.87   8.71   
-2.95   -2.87   8.46   
-2.87   -2.87   8.23   
-2.79   -2.87   8.00   
-2.71   -2.87   7.78   
-2.63   -2.87   7.56   
-2.55   -2.87   7.35   
-2.46   -2.87   7.15   
-2.38   -2.87   6.96   
-2.30   -2.87   6.77   
-2.22   -2.87   6.58   
-2.14   -2.87   6.41   
-2.06   -2.87   6.24   
-1.98   -2.87   6.07   
-1.90   -2.87   5.92   
-1.82   -2.87   5.77   
-1.74   -2.87   5.62   
-1.66   -2.87   5.49   
-1.58   -2.87   5.36   
-1.49   -2.87   5.23   
-1.41   -2.87   5.11   
-1.33   -2.87   5.00   
-1.25   -2.87   4.90   
-1.17   -2.87   4.80   
-1.09   -2.87   4.71   
-1.01   -2.87   4.62   
-0.93   -2.87   4.55   
-0.85   -2.87   4.47   
-0.77   -2.87   4.41   
-0.69   -2.87   4.35   
-0.61   -2.87   4.30   
-0.53   -2.87   4.25   
-0.44   -2.87   4.21   
-0.36   -2.87   4.18   
-0.28   -2.87   4.15   
-0.20   -2.87   4.14   
-0.12   -2.87   4.12   
-0.04   -2.87   4.12   
0.04    -2.87   4.12   
0.12    -2.87   4.12   
0.20    -2.87   4.14   
0.28    -2.87   4.15   
0.36    -2.87   4.18   
0.44    -2.87   4.21   
0.53    -2.87   4.25   
0.61    -2.87   4.30   
0.69    -2.87   4.35   
0.77    -2.87   4.41   
0.85    -2.87   4.47   
0.93    -2.87   4.55   
1.01    -2.87   4.62   
1.09    -2.87   4.71   
1.17    -2.87   4.80   
1.25    -2.87   4.90   
1.33    -2.87   5.00   
1.41    -2.87   5.11   
1.49    -2.87   5.23   
1.58    -2.87   5.36   
1.66    -2.87   5.49   
1.74    -2.87   5.62   
1.82    -2.87   5.77   
1.90    -2.87   5.92   
1.98    -2.87   6.07   
2.06    -2.87   6.24   
2.14    -2.87   6.41   
2.22    -2.87   6.58   
2.30    -2.87   6.77   
2.38    -2.87   6.96   
2.46    -2.87   7.15   
2.55    -2.87   7.35   
2.63    -2.87   7.56   
2.71    -2.87   7.78   
2.79    -2.87   8.00   
2.87    -2.87   8.23   
2.95    -2.87   8.46   
3.03    -2.87   8.71   
3.11    -2.87   8.95   
3.19    -2.87   9.21   
3.27    -2.87   9.47   
3.35    -2.87   9.74   
3.43    -2.87   10.01  
3.52    -2.87   10.29  
3.60    -2.87   10.58  
3.68    -2.87   10.87  
3.76    -2.87   11.17  
3.84    -2.87   11.48  
3.92    -2.87   11.79  
4.00    -2.87   12.11  
-4.00   -2.79   11.89  
-3.92   -2.79   11.57  
-3.84   -2.79   11.25  
-3.76   -2.79   10.95  
-3.68   -2.79   10.65  
-3.60   -2.79   10.35  
-3.52   -2.79   10.06  
-3.43   -2.79   9.78   
-3.35   -2.79   9.51   
-3.27   -2.79   9.24   
-3.19   -2.79   8.98   
-3.11   -2.79   8.73   
-3.03   -2.79   8.48   
-2.95   -2.79   8.24   
-2.87   -2.79   8.00   
-2.79   -2.79   7.77   
-2.71   -2.79   7.55   
-2.63   -2.79   7.33   
-2.55   -2.79   7.13   
-2.46   -2.79   6.92   
-2.38   -2.79   6.73   
-2.30   -2.79   6.54   
-2.22   -2.79   6.36   
-2.14   -2.79   6.18   
-2.06   -2.79   6.01   
-1.98   -2.79   5.85   
-1.90   -2.79   5.69   
-1.82   -2.79   5.54   
-1.74   -2.79   5.40   
-1.66   -2.79   5.26   
-1.58   -2.79   5.13   
-1.49   -2.79   5.00   
-1.41   -2.79   4.89   
-1.33   -2.79   4.78   
-1.25   -2.79   4.67   
-1.17   -2.79   4.57   
-1.09   -2.79   4.48   
-1.01   -2.79   4.40   
-0.93   -2.79   4.32   
-0.85   -2.79   4.25   
-0.77   -2.79   4.18   
-0.69   -2.79   4.12   
-0.61   -2.79   4.07   
-0.53   -2.79   4.02   
-0.44   -2.79   3.98   
-0.36   -2.79   3.95   
-0.28   -2.79   3.93   
-0.20   -2.79   3.91   
-0.12   -2.79   3.89   
-0.04   -2.79   3.89   
0.04    -2.79   3.89   
0.12    -2.79   3.89   
0.20    -2.79   3.91   
0.28    -2.79   3.93   
0.36    -2.79   3.95   
0.44    -2.79   3.98   
0.53    -2.79   4.02   
0.61    -2.79   4.07   
0.69    -2.79   4.12   
0.77    -2.79   4.18   
0.85    -2.79   4.25   
0.93    -2.79   4.32   
1.01    -2.79   4.40   
1.09    -2.79   4.48   
1.17    -2.79   4.57   
1.25    -2.79   4.67   
1.33    -2.79   4.78   
1.41    -2.79   4.89   
1.49    -2.79   5.00   
1.58    -2.79   5.13   
1.66    -2.79   5.26   
1.74    -2.79   5.40   
1.82    -2.79   5.54   
1.90    -2.79   5.69   
1.98    -2.79   5.85   
2.06    -2.79   6.01   
2.14    -2.79   6.18   
2.22    -2.79   6.36   
2.30    -2.79   6.54   
2.38    -2.79   6.73   
2.46    -2.79   6.92   
2.55    -2.79   7.13   
2.63    -2.79   7.33   
2.71    -2.79   7.55   
2.79    -2.79   7.77   
2.87    -2.79   8.00   
2.95    -2.79   8.24   
3.03    -2.79   8.48   
3.11    -2.79   8.73   
3.19    -2.79   8.98   
3.27    -2.79   9.24   
3.35    -2.79   9.51   
3.43    -2.79   9.78   
3.52    -2.79   10.06  
3.60    -2.79   10.35  
3.68    -2.79   10.65  
3.76    -2.79   10.95  
3.84    -2.79   11.25  
3.92    -2.79   11.57  
4.00    -2.79   11.89  
-4.00   -2.71   11.66  
-3.92   -2.71   11.34  
-3.84   -2.71   11.03  
-3.76   -2.71   10.72  
-3.68   -2.71   10.42  
-3.60   -2.71   10.13  
-3.52   -2.71   9.84   
-3.43   -2.71   9.56   
-3.35   -2.71   9.29   
-3.27   -2.71   9.02   
-3.19   -2.71   8.76   
-3.11   -2.71   8.50   
-3.03   -2.71   8.26   
-2.95   -2.71   8.01   
-2.87   -2.71   7.78   
-2.79   -2.71   7.55   
-2.71   -2.71   7.33   
-2.63   -2.71   7.11   
-2.55   -2.71   6.90   
-2.46   -2.71   6.70   
-2.38   -2.71   6.51   
-2.30   -2.71   6.32   
-2.22   -2.71   6.13   
-2.14   -2.71   5.96   
-2.06   -2.71   5.79   
-1.98   -2.71   5.62   
-1.90   -2.71   5.47   
-1.82   -2.71   5.32   
-1.74   -2.71   5.17   
-1.66   -2.71   5.04   
-1.58   -2.71   4.91   
-1.49   -2.71   4.78   
-1.41   -2.71   4.66   
-1.33   -2.71   4.55   
-1.25   -2.71   4.45   
-1.17   -2.71   4.35   
-1.09   -2.71   4.26   
-1.01   -2.71   4.17   
-0.93   -2.71   4.10   
-0.85   -2.71   4.02   
-0.77   -2.71   3.96   
-0.69   -2.71   3.90   
-0.61   -2.71   3.85   
-0.53   -2.71   3.80   
-0.44   -2.71   3.76   
-0.36   -2.71   3.73   
-0.28   -2.71   3.70   
-0.20   -2.71   3.68   
-0.12   -2.71   3.67   
-0.04   -2.71   3.66   
0.04    -2.71   3.66   
0.12    -2.71   3.67   
0.20    -2.71   3.68   
0.28    -2.71   3.70   
0.36    -2.71   3.73   
0.44    -2.71   3.76   
0.53    -2.71   3.80   
0.61    -2.71   3.85   
0.69    -2.71   3.90   
0.77    -2.71   3.96   
0.85    -2.71   4.02   
0.93    -2.71   4.10   
1.01    -2.71   4.17   
1.09    -2.71   4.26   
1.17    -2.71   4.35   
1.25    -2.71   4.45   
1.33    -2.71   4.55   
1.41    -2.71   4.66   
1.49    -2.71   4.78   
1.58    -2.71   4.91   
1.66    -2.71   5.04   
1.74    -2.71   5.17   
1.82    -2.71   5.32   
1.90    -2.71   5.47   
1.98    -2.71   5.62   
2.06    -2.71   5.79   
2.14    -2.71   5.96   
2.22    -2.71   6.13   
2.30    -2.71   6.32   
2.38    -2.71   6.51   
2.46    -2.71   6.70   
2.55    -2.71   6.90   
2.63    -2.71   7.11   
2.71    -2.71   7.33   
2.79    -2.71   7.55   
2.87    -2.71   7.78   
2.95    -2.71   8.01   
3.03    -2.71   8.26   
3.11    -2.71   8.50   
3.19    -2.71   8.76   
3.27    -2.71   9.02   
3.35    -2.71   9.29   
3.43    -2.71   9.56   
3.52    -2.71   9.84   
3.60    -2.71   10.13  
3.68    -2.71   10.42  
3.76    -2.71   10.72  
3.84    -2.71   11.03  
3.92    -2.71   11.34  
4.00    -2.71   11.66  
-4.00   -2.63   11.45  
-3.92   -2.63   11.13  
-3.84   -2.63   10.82  
-3.76   -2.63   10.51  
-3.68   -2.63   10.21  
-3.60   -2.63   9.91   
-3.52   -2.63   9.63   
-3.43   -2.63   9.35   
-3.35   -2.63   9.07   
-3.27   -2.63   8.80   
-3.19   -2.63   8.54   
-3.11   -2.63   8.29   
-3.03   -2.63   8.04   
-2.95   -2.63   7.80   
-2.87   -2.63   7.56   
-2.79   -2.63   7.33   
-2.71   -2.63   7.11   
-2.63   -2.63   6.90   
-2.55   -2.63   6.69   
-2.46   -2.63   6.49   
-2.38   -2.63   6.29   
-2.30   -2.63   6.10   
-2.22   -2.63   5.92   
-2.14   -2.63   5.74   
-2.06   -2.63   5.57   
-1.98   -2.63   5.41   
-1.90   -2.63   5.25   
-1.82   -2.63   5.10   
-1.74   -2.63   4.96   
-1.66   -2.63   4.82   
-1.58   -2.63   4.69   
-1.49   -2.63   4.57   
-1.41   -2.63   4.45   
-1.33   -2.63   4.34   
-1.25   -2.63   4.23   
-1.17   -2.63   4.14   
-1.09   -2.63   4.04   
-1.01   -2.63   3.96   
-0.93   -2.63   3.88   
-0.85   -2.63   3.81   
-0.77   -2.63   3.74   
-0.69   -2.63   3.68   
-0.61   -2.63   3.63   
-0.53   -2.63   3.59   
-0.44   -2.63   3.55   
-0.36   -2.63   3.51   
-0.28   -2.63   3.49   
-0.20   -2.63   3.47   
-0.12   -2.63   3.46   
-0.04   -2.63   3.45   
0.04    -2.63   3.45   
0.12    -2.63   3.46   
0.20    -2.63   3.47   
0.28    -2.63   3.49   
0.36    -2.63   3.51   
0.44    -2.63   3.55   
0.53    -2.63   3.59   
0.61    -2.63   3.63   
0.69    -2.63   3.68   
0.77    -2.63   3.74   
0.85    -2.63   3.81   
0.93    -2.63   3.88   
1.01    -2.63   3.96   
1.09    -2.63   4.04   
1.17    -2.63   4.14   
1.25    -2.63   4.23   
1.33    -2.63   4.34   
1.41    -2.63   4.45   
1.49    -2.63   4.57   
1.58    -2.63   4.69   
1.66    -2.63   4.82   
1.74    -2.63   4.96   
1.82    -2.63   5.10   
1.90    -2.63   5.25   
1.98    -2.63   5.41   
2.06    -2.63   5.57   
2.14    -2.63   5.74   
2.22    -2.63   5.92   
2.30    -2.63   6.10   
2.38    -2.63   6.29   
2.46    -2.63   6.49   
2.55    -2.63   6.69   
2.63    -2.63   6.90   
2.71    -2.63   7.11   
2.79    -2.63   7.33   
2.87    -2.63   7.56   
2.95    -2.63   7.80   
3.03    -2.63   8.04   
3.11    -2.63   8.29   
3.19    -2.63   8.54   
3.27    -2.63   8.80   
3.35    -2.63   9.07   
3.43    -2.63   9.35   
3.52    -2.63   9.63   
3.60    -2.63   9.91   
3.68    -2.63   10.21  
3.76    -2.63   10.51  
3.84    -2.63   10.82  
3.92    -2.63   11.13  
4.00    -2.63   11.45  
-4.00   -2.55   11.24  
-3.92   -2.55   10.92  
-3.84   -2.55   10.61  
-3.76   -2.55   10.30  
-3.68   -2.55   10.00  
-3.60   -2.55   9.71   
-3.52   -2.55   9.42   
-3.43   -2.55   9.14   
-3.35   -2.55   8.86   
-3.27   -2.55   8.60   
-3.19   -2.55   8.33   
-3.11   -2.55   8.08   
-3.03   -2.55   7.83   
-2.95   -2.55   7.59   
-2.87   -2.55   7.35   
-2.79   -2.55   7.13   
-2.71   -2.55   6.90   
-2.63   -2.55   6.69   
-2.55   -2.55   6.48   
-2.46   -2.55   6.28   
-2.38   -2.55   6.08   
-2.30   -2.55   5.89   
-2.22   -2.55   5.71   
-2.14   -2.55   5.53   
-2.06   -2.55   5.36   
-1.98   -2.55   5.20   
-1.90   -2.55   5.04   
-1.82   -2.55   4.89   
-1.74   -2.55   4.75   
-1.66   -2.55   4.61   
-1.58   -2.55   4.48   
-1.49   -2.55   4.36   
-1.41   -2.55   4.24   
-1.33   -2.55   4.13   
-1.25   -2.55   4.02   
-1.17   -2.55   3.93   
-1.09   -2.55   3.83   
-1.01   -2.55   3.75   
-0.93   -2.55   3.67   
-0.85   -2.55   3.60   
-0.77   -2.55   3.53   
-0.69   -2.55   3.48   
-0.61   -2.55   3.42   
-0.53   -2.55   3.38   
-0.44   -2.55   3.34   
-0.36   -2.55   3.31   
-0.28   -2.55   3.28   
-0.20   -2.55   3.26   
-0.12   -2.55   3.25   
-0.04   -2.55   3.24   
0.04    -2.55   3.24   
0.12    -2.55   3.25   
0.20    -2.55   3.26   
0.28    -2.55   3.28   
0.36    -2.55   3.31   
0.44    -2.55   3.34   
0.53    -2.55   3.38   
0.61    -2.55   3.42   
0.69    -2.55   3.48   
0.77    -2.55   3.53   
0.85    -2.55   3.60   
0.93    -2.55   3.67   
1.01    -2.55   3.75   
1.09    -2.55   3.83   
1.17    -2.55   3.93   
1.25    -2.55   4.02   
1.33    -2.55   4.13   
1.41    -2.55   4.24   
1.49    -2.55   4.36   
1.58    -2.55   4.48   
1.66    -2.55   4.61   
1.74    -2.55   4.75   
1.82    -2.55   4.89   
1.90    -2.55   5.04   
1.98    -2.55   5.20   
2.06    -2.55   5.36   
2.14    -2.55   5.53   
2.22    -2.55   5.71   
2.30    -2.55   5.89   
2.38    -2.55   6.08   
2.46    -2.55   6.28   
2.55    -2.55   6.48   
2.63    -2.55   6.69   
2.71    -2.55   6.90   
2.79    -2.55   7.13   
2.87    -2.55   7.35   
2.95    -2.55   7.59   
3.03    -2.55   7.83   
3.11    -2.55   8.08   
3.19    -2.55   8.33   
3.27    -2.55   8.60   
3.35    -2.55   8.86   
3.43    -2.55   9.14   
3.52    -2.55   9.42   
3.60    -2.55   9.71   
3.68    -2.55   10.00  
3.76    -2.55   10.30  
3.84    -2.55   10.61  
3.92    -2.55   10.92  
4.00    -2.55   11.24  
-4.00   -2.46   11.04  
-3.92   -2.46   10.72  
-3.84   -2.46   10.40  
-3.76   -2.46   10.10  
-3.68   -2.46   9.80   
-3.60   -2.46   9.50   
-3.52   -2.46   9.22   
-3.43   -2.46   8.93   
-3.35   -2.46   8.66   
-3.27   -2.46   8.39   
-3.19   -2.46   8.13   
-3.11   -2.46   7.88   
-3.03   -2.46   7.63   
-2.95   -2.46   7.39   
-2.87   -2.46   7.15   
-2.79   -2.46   6.92   
-2.71   -2.46   6.70   
-2.63   -2.46   6.49   
-2.55   -2.46   6.28   
-2.46   -2.46   6.07   
-2.38   -2.46   5.88   
-2.30   -2.46   5.69   
-2.22   -2.46   5.51   
-2.14   -2.46   5.33   
-2.06   -2.46   5.16   
-1.98   -2.46   5.00   
-1.90   -2.46   4.84   
-1.82   -2.46   4.69   
-1.74   -2.46   4.55   
-1.66   -2.46   4.41   
-1.58   -2.46   4.28   
-1.49   -2.46   4.15   
-1.41   -2.46   4.04   
-1.33   -2.46   3.93   
-1.25   -2.46   3.82   
-1.17   -2.46   3.72   
-1.09   -2.46   3.63   
-1.01   -2.46   3.55   
-0.93   -2.46   3.47   
-0.85   -2.46   3.40   
-0.77   -2.46   3.33   
-0.69   -2.46   3.27   
-0.61   -2.46   3.22   
-0.53   -2.46   3.18   
-0.44   -2.46   3.14   
-0.36   -2.46   3.10   
-0.28   -2.46   3.08   
-0.20   -2.46   3.06   
-0.12   -2.46   3.04   
-0.04   -2.46   3.04   
0.04    -2.46   3.04   
0.12    -2.46   3.04   
0.20    -2.46   3.06   
0.28    -2.46   3.08   
0.36    -2.46   3.10   
0.44    -2.46   3.14   
0.53    -2.46   3.18   
0.61    -2.46   3.22   
0.69    -2.46   3.27   
0.77    -2.46   3.33   
0.85    -2.46   3.40   
0.93    -2.46   3.47   
1.01    -2.46   3.55   
1.09    -2.46   3.63   
1.17    -2.46   3.72   
1.25    -2.46   3.82   
1.33    -2.46   3.93   
1.41    -2.46   4.04   
1.49    -2.46   4.15   
1.58    -2.46   4.28   
1.66    -2.46   4.41   
1.74    -2.46   4.55   
1.82    -2.46   4.69   
1.90    -2.46   4.84   
1.98    -2.46   5.00   
2.06    -2.46   5.16   
2.14    -2.46   5.33   
2.22    -2.46   5.51   
2.30    -2.46   5.69   
2.38    -2.46   5.88   
2.46    -2.46   6.07   
2.55    -2.46   6.28   
2.63    -2.46   6.49   
2.71    -2.46   6.70   
2.79    -2.46   6.92   
2.87    -2.46   7.15   
2.95    -2.46   7.39   
3.03    -2.46   7.63   
3.11    -2.46   7.88   
3.19    -2.46   8.13   
3.27    -2.46   8.39   
3.35    -2.46   8.66   
3.43    -2.46   8.93   
3.52    -2.46   9.22   
3.60    -2.46   9.50   
3.68    -2.46   9.80   
3.76    -2.46   10.10  
3.84    -2.46   10.40  
3.92    -2.46   10.72  
4.00    -2.46   11.04  
-4.00   -2.38   10.84  
-3.92   -2.38   10.52  
-3.84   -2.38   10.21  
-3.76   -2.38   9.90   
-3.68   -2.38   9.60   
-3.60   -2.38   9.31   
-3.52   -2.38   9.02   
-3.43   -2.38   8.74   
-3.35   -2.38   8.46   
-3.27   -2.38   8.20   
-3.19   -2.38   7.94   
-3.11   -2.38   7.68   
-3.03   -2.38   7.43   
-2.95   -2.38   7.19   
-2.87   -2.38   6.96   
-2.79   -2.38   6.73   
-2.71   -2.38   6.51   
-2.63   -2.38   6.29   
-2.55   -2.38   6.08   
-2.46   -2.38   5.88   
-2.38   -2.38   5.68   
-2.30   -2.38   5.49   
-2.22   -2.38   5.31   
-2.14   -2.38   5.13   
-2.06   -2.38   4.96   
-1.98   -2.38   4.80   
-1.90   -2.38   4.64   
-1.82   -2.38   4.49   
-1.74   -2.38   4.35   
-1.66   -2.38   4.21   
-1.58   -2.38   4.08   
-1.49   -2.38   3.96   
-1.41   -2.38   3.84   
-1.33   -2.38   3.73   
-1.25   -2.38   3.63   
-1.17   -2.38   3.53   
-1.09   -2.38   3.44   
-1.01   -2.38   3.35   
-0.93   -2.38   3.27   
-0.85   -2.38   3.20   
-0.77   -2.38   3.14   
-0.69   -2.38   3.08   
-0.61   -2.38   3.02   
-0.53   -2.38   2.98   
-0.44   -2.38   2.94   
-0.36   -2.38   2.91   
-0.28   -2.38   2.88   
-0.20   -2.38   2.86   
-0.12   -2.38   2.85   
-0.04   -2.38   2.84   
0.04    -2.38   2.84   
0.12    -2.38   2.85   
0.20    -2.38   2.86   
0.28    -2.38   2.88   
0.36    -2.38   2.91   
0.44    -2.38   2.94   
0.53    -2.38   2.98   
0.61    -2.38   3.02   
0.69    -2.38   3.08   
0.77    -2.38   3.14   
0.85    -2.38   3.20   
0.93    -2.38   3.27   
1.01    -2.38   3.35   
1.09    -2.38   3.44   
1.17    -2.38   3.53   
1.25    -2.38   3.63   
1.33    -2.38   3.73   
1.41    -2.38   3.84   
1.49    -2.38   3.96   
1.58    -2.38   4.08   
1.66    -2.38   4.21   
1.74    -2.38   4.35   
1.82    -2.38   4.49   
1.90    -2.38   4.64   
1.98    -2.38   4.80   
2.06    -2.38   4.96   
2.14    -2.38   5.13   
2.22    -2.38   5.31   
2.30    -2.38   5.49   
2.38    -2.38   5.68   
2.46    -2.38   5.88   
2.55    -2.38   6.08   
2.63    -2.38   6.29   
2.71    -2.38   6.51   
2.79    -2.38   6.73   
2.87    -2.38   6.96   
2.95    -2.38   7.19   
3.03    -2.38   7.43   
3.11    -2.38   7.68   
3.19    -2.38   7.94   
3.27    -2.38   8.20   
3.35    -2.38   8.46   
3.43    -2.38   8.74   
3.52    -2.38   9.02   
3.60    -2.38   9.31   
3.68    -2.38   9.60   
3.76    -2.38   9.90   
3.84    -2.38   10.21  
3.92    -2.38   10.52  
4.00    -2.38   10.84  
-4.00   -2.30   10.65  
-3.92   -2.30   10.33  
-3.84   -2.30   10.02  
-3.76   -2.30   9.71   
-3.68   -2.30   9.41   
-3.60   -2.30   9.12   
-3.52   -2.30   8.83   
-3.43   -2.30   8.55   
-3.35   -2.30   8.28   
-3.27   -2.30   8.01   
-3.19   -2.30   7.75   
-3.11   -2.30   7.49   
-3.03   -2.30   7.24   
-2.95   -2.30   7.00   
-2.87   -2.30   6.77   
-2.79   -2.30   6.54   
-2.71   -2.30   6.32   
-2.63   -2.30   6.10   
-2.55   -2.30   5.89   
-2.46   -2.30   5.69   
-2.38   -2.30   5.49   
-2.30   -2.30   5.30   
-2.22   -2.30   5.12   
-2.14   -2.30   4.94   
-2.06   -2.30   4.78   
-1.98   -2.30   4.61   
-1.90   -2.30   4.46   
-1.82   -2.30   4.30   
-1.74   -2.30   4.16   
-1.66   -2.30   4.02   
-1.58   -2.30   3.89   
-1.49   -2.30   3.77   
-1.41   -2.30   3.65   
-1.33   -2.30   3.54   
-1.25   -2.30   3.44   
-1.17   -2.30   3.34   
-1.09   -2.30   3.25   
-1.01   -2.30   3.16   
-0.93   -2.30   3.08   
-0.85   -2.30   3.01   
-0.77   -2.30   2.95   
-0.69   -2.30   2.89   
-0.61   -2.30   2.84   
-0.53   -2.30   2.79   
-0.44   -2.30   2.75   
-0.36   -2.30   2.72   
-0.28   -2.30   2.69   
-0.20   -2.30   2.67   
-0.12   -2.30   2.66   
-0.04   -2.30   2.65   
0.04    -2.30   2.65   
0.12    -2.30   2.66   
0.20    -2.30   2.67   
0.28    -2.30   2.69   
0.36    -2.30   2.72   
0.44    -2.30   2.75   
0.53    -2.30   2.79   
0.61    -2.30   2.84   
0.69    -2.30   2.89   
0.77    -2.30   2.95   
0.85    -2.30   3.01   
0.93    -2.30   3.08   
1.01    -2.30   3.16   
1.09    -2.30   3.25   
1.17    -2.30   3.34   
1.25    -2.30   3.44   
1.33    -2.30   3.54   
1.41    -2.30   3.65   
1.49    -2.30   3.77   
1.58    -2.30   3.89   
1.66    -2.30   4.02   
1.74    -2.30   4.16   
1.82    -2.30   4.30   
1.90    -2.30   4.46   
1.98    -2.30   4.61   
2.06    -2.30   4.78   
2.14    -2.30   4.94   
2.22    -2.30   5.12   
2.30    -2.30   5.30   
2.38    -2.30   5.49   
2.46    -2.30   5.69   
2.55    -2.30   5.89   
2.63    -2.30   6.10   
2.71    -2.30   6.32   
2.79    -2.30   6.54   
2.87    -2.30   6.77   
2.95    -2.30   7.00   
3.03    -2.30   7.24   
3.11    -2.30   7.49   
3.19    -2.30   7.75   
3.27    -2.30   8.01   
3.35    -2.30   8.28   
3.43    -2.30   8.55   
3.52    -2.30   8.83   
3.60    -2.30   9.12   
3.68    -2.30   9.41   
3.76    -2.30   9.71   
3.84    -2.30   10.02  
3.92    -2.30   10.33  
4.00    -2.30   10.65  
-4.00   -2.22   10.47  
-3.92   -2.22   10.15  
-3.84   -2.22   9.84   
-3.76   -2.22   9.53   
-3.68   -2.22   9.23   
-3.60   -2.22   8.93   
-3.52   -2.22   8.65   
-3.43   -2.22   8.37   
-3.35   -2.22   8.09   
-3.27   -2.22   7.82   
-3.19   -2.22   7.56   
-3.11   -2.22   7.31   
-3.03   -2.22   7.06   
-2.95   -2.22   6.82   
-2.87   -2.22   6.58   
-2.79   -2.22   6.36   
-2.71   -2.22   6.13   
-2.63   -2.22   5.92   
-2.55   -2.22   5.71   
-2.46   -2.22   5.51   
-2.38   -2.22   5.31   
-2.30   -2.22   5.12   
-2.22   -2.22   4.94   
-2.14   -2.22   4.76   
-2.06   -2.22   4.59   
-1.98   -2.22   4.43   
-1.90   -2.22   4.27   
-1.82   -2.22   4.12   
-1.74   -2.22   3.98   
-1.66   -2.22   3.84   
-1.58   -2.22   3.71   
-1.49   -2.22   3.59   
-1.41   -2.22   3.47   
-1.33   -2.22   3.36   
-1.25   -2.22   3.25   
-1.17   -2.22   3.16   
-1.09   -2.22   3.06   
-1.01   -2.22   2.98   
-0.93   -2.22   2.90   
-0.85   -2.22   2.83   
-0.77   -2.22   2.76   
-0.69   -2.22   2.71   
-0.61   -2.22   2.65   
-0.53   -2.22   2.61   
-0.44   -2.22   2.57   
-0.36   -2.22   2.54   
-0.28   -2.22   2.51   
-0.20   -2.22   2.49   
-0.12   -2.22   2.48   
-0.04   -2.22   2.47   
0.04    -2.22   2.47   
0.12    -2.22   2.48   
0.20    -2.22   2.49   
0.28    -2.22   2.51   
0.36    -2.22   2.54   
0.44    -2.22   2.57   
0.53    -2.22   2.61   
0.61    -2.22   2.65   
0.69    -2.22   2.71   
0.77    -2.22   2.76   
0.85    -2.22   2.83   
0.93    -2.22   2.90   
1.01    -2.22   2.98   
1.09    -2.22   3.06   
1.17    -2.22   3.16   
1.25    -2.22   3.25   
1.33    -2.22   3.36   
1.41    -2.22   3.47   
1.49    -2.22   3.59   
1.58    -2.22   3.71   
1.66    -2.22   3.84   
1.74    -2.22   3.98   
1.82    -2.22   4.12   
1.90    -2.22   4.27   
1.98    -2.22   4.43   
2.06    -2.22   4.59   
2.14    -2.22   4.76   
2.22    -2.22   4.94   
2.30    -2.22   5.12   
2.38    -2.22   5.31   
2.46    -2.22   5.51   
2.55    -2.22   5.71   
2.63    -2.22   5.92   
2.71    -2.22   6.13   
2.79    -2.22   6.36   
2.87    -2.22   6.58   
2.95    -2.22   6.82   
3.03    -2.22   7.06   
3.11    -2.22   7.31   
3.19    -2.22   7.56   
3.27    -2.22   7.82   
3.35    -2.22   8.09   
3.43    -2.22   8.37   
3.52    -2.22   8.65   
3.60    -2.22   8.93   
3.68    -2.22   9.23   
3.76    -2.22   9.53   
3.84    -2.22   9.84   
3.92    -2.22   10.15  
4.00    -2.22   10.47  
-4.00   -2.14   10.29  
-3.92   -2.14   9.97   
-3.84   -2.14   9.66   
-3.76   -2.14   9.35   
-3.68   -2.14   9.05   
-3.60   -2.14   8.76   
-3.52   -2.14   8.47   
-3.43   -2.14   8.19   
-3.35   -2.14   7.92   
-3.27   -2.14   7.65   
-3.19   -2.14   7.39   
-3.11   -2.14   7.13   
-3.03   -2.14   6.88   
-2.95   -2.14   6.64   
-2.87   -2.14   6.41   
-2.79   -2.14   6.18   
-2.71   -2.14   5.96   
-2.63   -2.14   5.74   
-2.55   -2.14   5.53   
-2.46   -2.14   5.33   
-2.38   -2.14   5.13   
-2.30   -2.14   4.94   
-2.22   -2.14   4.76   
-2.14   -2.14   4.59   
-2.06   -2.14   4.42   
-1.98   -2.14   4.25   
-1.90   -2.14   4.10   
-1.82   -2.14   3.95   
-1.74   -2.14   3.80   
-1.66   -2.14   3.66   
-1.58   -2.14   3.53   
-1.49   -2.14   3.41   
-1.41   -2.14   3.29   
-1.33   -2.14   3.18   
-1.25   -2.14   3.08   
-1.17   -2.14   2.98   
-1.09   -2.14   2.89   
-1.01   -2.14   2.80   
-0.93   -2.14   2.72   
-0.85   -2.14   2.65   
-0.77   -2.14   2.59   
-0.69   -2.14   2.53   
-0.61   -2.14   2.48   
-0.53   -2.14   2.43   
-0.44   -2.14   2.39   
-0.36   -2.14   2.36   
-0.28   -2.14   2.33   
-0.20   -2.14   2.31   
-0.12   -2.14   2.30   
-0.04   -2.14   2.29   
0.04    -2.14   2.29   
0.12    -2.14   2.30   
0.20    -2.14   2.31   
0.28    -2.14   2.33   
0.36    -2.14   2.36   
0.44    -2.14   2.39   
0.53    -2.14   2.43   
0.61    -2.14   2.48   
0.69    -2.14   2.53   
0.77    -2.14   2.59   
0.85    -2.14   2.65   
0.93    -2.14   2.72   
1.01    -2.14   2.80   
1.09    -2.14   2.89   
1.17    -2.14   2.98   
1.25    -2.14   3.08   
1.33    -2.14   3.18   
1.41    -2.14   3.29   
1.49    -2.14   3.41   
1.58    -2.14   3.53   
1.66    -2.14   3.66   
1.74    -2.14   3.80   
1.82    -2.14   3.95   
1.90    -2.14   4.10   
1.98    -2.14   4.25   
2.06    -2.14   4.42   
2.14    -2.14   4.59   
2.22    -2.14   4.76   
2.30    -2.14   4.94   
2.38    -2.14   5.13   
2.46    -2.14   5.33   
2.55    -2.14   5.53   
2.63    -2.14   5.74   
2.71    -2.14   5.96   
2.79    -2.14   6.18   
2.87    -2.14   6.41   
2.95    -2.14   6.64   
3.03    -2.14   6.88   
3.11    -2.14   7.13   
3.19    -2.14   7.39   
3.27    -2.14   7.65   
3.35    -2.14   7.92   
3.43    -2.14   8.19   
3.52    -2.14   8.47   
3.60    -2.14   8.76   
3.68    -2.14   9.05   
3.76    -2.14   9.35   
3.84    -2.14   9.66   
3.92    -2.14   9.97   
4.00    -2.14   10.29  
-4.00   -2.06   10.12  
-3.92   -2.06   9.80   
-3.84   -2.06   9.49   
-3.76   -2.06   9.18   
-3.68   -2.06   8.88   
-3.60   -2.06   8.59   
-3.52   -2.06   8.30   
-3.43   -2.06   8.02   
-3.35   -2.06   7.75   
-3.27   -2.06   7.48   
-3.19   -2.06   7.22   
-3.11   -2.06   6.96   
-3.03   -2.06   6.71   
-2.95   -2.06   6.47   
-2.87   -2.06   6.24   
-2.79   -2.06   6.01   
-2.71   -2.06   5.79   
-2.63   -2.06   5.57   
-2.55   -2.06   5.36   
-2.46   -2.06   5.16   
-2.38   -2.06   4.96   
-2.30   -2.06   4.78   
-2.22   -2.06   4.59   
-2.14   -2.06   4.42   
-2.06   -2.06   4.25   
-1.98   -2.06   4.08   
-1.90   -2.06   3.93   
-1.82   -2.06   3.78   
-1.74   -2.06   3.63   
-1.66   -2.06   3.50   
-1.58   -2.06   3.36   
-1.49   -2.06   3.24   
-1.41   -2.06   3.12   
-1.33   -2.06   3.01   
-1.25   -2.06   2.91   
-1.17   -2.06   2.81   
-1.09   -2.06   2.72   
-1.01   -2.06   2.63   
-0.93   -2.06   2.55   
-0.85   -2.06   2.48   
-0.77   -2.06   2.42   
-0.69   -2.06   2.36   
-0.61   -2.06   2.31   
-0.53   -2.06   2.26   
-0.44   -2.06   2.22   
-0.36   -2.06   2.19   
-0.28   -2.06   2.16   
-0.20   -2.06   2.14   
-0.12   -2.06   2.13   
-0.04   -2.06   2.12   
0.04    -2.06   2.12   
0.12    -2.06   2.13   
0.20    -2.06   2.14   
0.28    -2.06   2.16   
0.36    -2.06   2.19   
0.44    -2.06   2.22   
0.53    -2.06   2.26   
0.61    -2.06   2.31   
0.69    -2.06   2.36   
0.77    -2.06   2.42   
0.85    -2.06   2.48   
0.93    -2.06   2.55   
1.01    -2.06   2.63   
1.09    -2.06   2.72   
1.17    -2.06   2.81   
1.25    -2.06   2.91   
1.33    -2.06   3.01   
1.41    -2.06   3.12   
1.49    -2.06   3.24   
1.58    -2.06   3.36   
1.66    -2.06   3.50   
1.74    -2.06   3.63   
1.82    -2.06   3.78   
1.90    -2.06   3.93   
1.98    -2.06   4.08   
2.06    -2.06   4.25   
2.14    -2.06   4.42   
2.22    -2.06   4.59   
2.30    -2.06   4.78   
2.38    -2.06   4.96   
2.46    -2.06   5.16   
2.55    -2.06   5.36   
2.63    -2.06   5.57   
2.71    -2.06   5.79   
2.79    -2.06   6.01   
2.87    -2.06   6.24   
2.95    -2.06   6.47   
3.03    -2.06   6.71   
3.11    -2.06   6.96   
3.19    -2.06   7.22   
3.27    -2.06   7.48   
3.35    -2.06   7.75   
3.43    -2.06   8.02   
3.52    -2.06   8.30   
3.60    -2.06   8.59   
3.68    -2.06   8.88   
3.76    -2.06   9.18   
3.84    -2.06   9.49   
3.92    -2.06   9.80   
4.00    -2.06   10.12  
-4.00   -1.98   9.96   
-3.92   -1.98   9.64   
-3.84   -1.98   9.33   
-3.76   -1.98   9.02   
-3.68   -1.98   8.72   
-3.60   -1.98   8.43   
-3.52   -1.98   8.14   
-3.43   -1.98   7.86   
-3.35   -1.98   7.58   
-3.27   -1.98   7.32   
-3.19   -1.98   7.05   
-3.11   -1.98   6.80   
-3.03   -1.98   6.55   
-2.95   -1.98   6.31   
-2.87   -1.98   6.07   
-2.79   -1.98   5.85   
-2.71   -1.98   5.62   
-2.63   -1.98   5.41   
-2.55   -1.98   5.20   
-2.46   -1.98   5.00   
-2.38   -1.98   4.80   
-2.30   -1.98   4.61   
-2.22   -1.98   4.43   
-2.14   -1.98   4.25   
-2.06   -1.98   4.08   
-1.98   -1.98   3.92   
-1.90   -1.98   3.76   
-1.82   -1.98   3.61   
-1.74   -1.98   3.47   
-1.66   -1.98   3.33   
-1.58   -1.98   3.20   
-1.49   -1.98   3.08   
-1.41   -1.98   2.96   
-1.33   -1.98   2.85   
-1.25   -1.98   2.74   
-1.17   -1.98   2.65   
-1.09   -1.98   2.55   
-1.01   -1.98   2.47   
-0.93   -1.98   2.39   
-0.85   -1.98   2.32   
-0.77   -1.98   2.25   
-0.69   -1.98   2.20   
-0.61   -1.98   2.14   
-0.53   -1.98   2.10   
-0.44   -1.98   2.06   
-0.36   -1.98   2.03   
-0.28   -1.98   2.00   
-0.20   -1.98   1.98   
-0.12   -1.98   1.97   
-0.04   -1.98   1.96   
0.04    -1.98   1.96   
0.12    -1.98   1.97   
0.20    -1.98   1.98   
0.28    -1.98   2.00   
0.36    -1.98   2.03   
0.44    -1.98   2.06   
0.53    -1.98   2.10   
0.61    -1.98   2.14   
0.69    -1.98   2.20   
0.77    -1.98   2.25   
0.85    -1.98   2.32   
0.93    -1.98   2.39   
1.01    -1.98   2.47   
1.09    -1.98   2.55   
1.17    -1.98   2.65   
1.25    -1.98   2.74   
1.33    -1.98   2.85   
1.41    -1.98   2.96   
1.49    -1.98   3.08   
1.58    -1.98   3.20   
1.66    -1.98   3.33   
1.74    -1.98   3.47   
1.82    -1.98   3.61   
1.90    -1.98   3.76   
1.98    -1.98   3.92   
2.06    -1.98   4.08   
2.14    -1.98   4.25   
2.22    -1.98   4.43   
2.30    -1.98   4.61   
2.38    -1.98   4.80   
2.46    -1.98   5.00   
2.55    -1.98   5.20   
2.63    -1.98   5.41   
2.71    -1.98   5.62   
2.79    -1.98   5.85   
2.87    -1.98   6.07   
2.95    -1.98   6.31   
3.03    -1.98   6.55   
3.11    -1.98   6.80   
3.19    -1.98   7.05   
3.27    -1.98   7.32   
3.35    -1.98   7.58   
3.43    -1.98   7.86   
3.52    -1.98   8.14   
3.60    -1.98   8.43   
3.68    -1.98   8.72   
3.76    -1.98   9.02   
3.84    -1.98   9.33   
3.92    -1.98   9.64   
4.00    -1.98   9.96   
-4.00   -1.90   9.80   
-3.92   -1.90   9.48   
-3.84   -1.90   9.17   
-3.76   -1.90   8.86   
-3.68   -1.90   8.56   
-3.60   -1.90   8.27   
-3.52   -1.90   7.98   
-3.43   -1.90   7.70   
-3.35   -1.90   7.43   
-3.27   -1.90   7.16   
-3.19   -1.90   6.90   
-3.11   -1.90   6.64   
-3.03   -1.90   6.39   
-2.95   -1.90   6.15   
-2.87   -1.90   5.92   
-2.79   -1.90   5.69   
-2.71   -1.90   5.47   
-2.63   -1.90   5.25   
-2.55   -1.90   5.04   
-2.46   -1.90   4.84   
-2.38   -1.90   4.64   
-2.30   -1.90   4.46   
-2.22   -1.90   4.27   
-2.14   -1.90   4.10   
-2.06   -1.90   3.93   
-1.98   -1.90   3.76   
-1.90   -1.90   3.61   
-1.82   -1.90   3.46   
-1.74   -1.90   3.31   
-1.66   -1.90   3.18   
-1.58   -1.90   3.04   
-1.49   -1.90   2.92   
-1.41   -1.90   2.80   
-1.33   -1.90   2.69   
-1.25   -1.90   2.59   
-1.17   -1.90   2.49   
-1.09   -1.90   2.40   
-1.01   -1.90   2.31   
-0.93   -1.90   2.23   
-0.85   -1.90   2.16   
-0.77   -1.90   2.10   
-0.69   -1.90   2.04   
-0.61   -1.90   1.99   
-0.53   -1.90   1.94   
-0.44   -1.90   1.90   
-0.36   -1.90   1.87   
-0.28   -1.90   1.84   
-0.20   -1.90   1.82   
-0.12   -1.90   1.81   
-0.04   -1.90   1.80   
0.04    -1.90   1.80   
0.12    -1.90   1.81   
0.20    -1.90   1.82   
0.28    -1.90   1.84   
0.36    -1.90   1.87   
0.44    -1.90   1.90   
0.53    -1.90   1.94   
0.61    -1.90   1.99   
0.69    -1.90   2.04   
0.77    -1.90   2.10   
0.85    -1.90   2.16   
0.93    -1.90   2.23   
1.01    -1.90   2.31   
1.09    -1.90   2.40   
1.17    -1.90   2.49   
1.25    -1.90   2.59   
1.33    -1.90   2.69   
1.41    -1.90   2.80   
1.49    -1.90   2.92   
1.58    -1.90   3.04   
1.66    -1.90   3.18   
1.74    -1.90   3.31   
1.82    -1.90   3.46   
1.90    -1.90   3.61   
1.98    -1.90   3.76   
2.06    -1.90   3.93   
2.14    -1.90   4.10   
2.22    -1.90   4.27   
2.30    -1.90   4.46   
2.38    -1.90   4.64   
2.46    -1.90   4.84   
2.55    -1.90   5.04   
2.63    -1.90   5.25   
2.71    -1.90   5.47   
2.79    -1.90   5.69   
2.87    -1.90   5.92   
2.95    -1.90   6.15   
3.03    -1.90   6.39   
3.11    -1.90   6.64   
3.19    -1.90   6.90   
3.27    -1.90   7.16   
3.35    -1.90   7.43   
3.43    -1.90   7.70   
3.52    -1.90   7.98   
3.60    -1.90   8.27   
3.68    -1.90   8.56   
3.76    -1.90   8.86   
3.84    -1.90   9.17   
3.92    -1.90   9.48   
4.00    -1.90   9.80   
-4.00   -1.82   9.65   
-3.92   -1.82   9.33   
-3.84   -1.82   9.02   
-3.76   -1.82   8.71   
-3.68   -1.82   8.41   
-3.60   -1.82   8.12   
-3.52   -1.82   7.83   
-3.43   -1.82   7.55   
-3.35   -1.82   7.28   
-3.27   -1.82   7.01   
-3.19   -1.82   6.75   
-3.11   -1.82   6.49   
-3.03   -1.82   6.24   
-2.95   -1.82   6.00   
-2.87   -1.82   5.77   
-2.79   -1.82   5.54   
-2.71   -1.82   5.32   
-2.63   -1.82   5.10   
-2.55   -1.82   4.89   
-2.46   -1.82   4.69   
-2.38   -1.82   4.49   
-2.30   -1.82   4.30   
-2.22   -1.82   4.12   
-2.14   -1.82   3.95   
-2.06   -1.82   3.78   
-1.98   -1.82   3.61   
-1.90   -1.82   3.46   
-1.82   -1.82   3.31   
-1.74   -1.82   3.16   
-1.66   -1.82   3.02   
-1.58   -1.82   2.89   
-1.49   -1.82   2.77   
-1.41   -1.82   2.65   
-1.33   -1.82   2.54   
-1.25   -1.82   2.44   
-1.17   -1.82   2.34   
-1.09   -1.82   2.25   
-1.01   -1.82   2.16   
-0.93   -1.82   2.08   
-0.85   -1.82   2.01   
-0.77   -1.82   1.95   
-0.69   -1.82   1.89   
-0.61   -1.82   1.84   
-0.53   -1.82   1.79   
-0.44   -1.82   1.75   
-0.36   -1.82   1.72   
-0.28   -1.82   1.69   
-0.20   -1.82   1.67   
-0.12   -1.82   1.66   
-0.04   -1.82   1.65   
0.04    -1.82   1.65   
0.12    -1.82   1.66   
0.20    -1.82   1.67   
0.28    -1.82   1.69   
0.36    -1.82   1.72   
0.44    -1.82   1.75   
0.53    -1.82   1.79   
0.61    -1.82   1.84   
0.69    -1.82   1.89   
0.77    -1.82   1.95   
0.85    -1.82   2.01   
0.93    -1.82   2.08   
1.01    -1.82   2.16   
1.09    -1.82   2.25   
1.17    -1.82   2.34   
1.25    -1.82   2.44   
1.33    -1.82   2.54   
1.41    -1.82   2.65   
1.49    -1.82   2.77   
1.58    -1.82   2.89   
1.66    -1.82   3.02   
1.74    -1.82   3.16   
1.82    -1.82   3.31   
1.90    -1.82   3.46   
1.98    -1.82   3.61   
2.06    -1.82   3.78   
2.14    -1.82   3.95   
2.22    -1.82   4.12   
2.30    -1.82   4.30   
2.38    -1.82   4.49   
2.46    -1.82   4.69   
2.55    -1.82   4.89   
2.63    -1.82   5.10   
2.71    -1.82   5.32   
2.79    -1.82   5.54   
2.87    -1.82   5.77   
2.95    -1.82   6.00   
3.03    -1.82   6.24   
3.11    -1.82   6.49   
3.19    -1.82   6.75   
3.27    -1.82   7.01   
3.35    -1.82   7.28   
3.43    -1.82   7.55   
3.52    -1.82   7.83   
3.60    -1.82   8.12   
3.68    -1.82   8.41   
3.76    -1.82   8.71   
3.84    -1.82   9.02   
3.92    -1.82   9.33   
4.00    -1.82   9.65   
-4.00   -1.74   9.51   
-3.92   -1.74   9.19   
-3.84   -1.74   8.88   
-3.76   -1.74   8.57   
-3.68   -1.74   8.27   
-3.60   -1.74   7.97   
-3.52   -1.74   7.69   
-3.43   -1.74   7.41   
-3.35   -1.74   7.13   
-3.27   -1.74   6.86   
-3.19   -1.74   6.60   
-3.11   -1.74   6.35   
-3.03   -1.74   6.10   
-2.95   -1.74   5.86   
-2.87   -1.74   5.62   
-2.79   -1.74   5.40   
-2.71   -1.74   5.17   
-2.63   -1.74   4.96   
-2.55   -1.74   4.75   
-2.46   -1.74   4.55   
-2.38   -1.74   4.35   
-2.30   -1.74   4.16   
-2.22   -1.74   3.98   
-2.14   -1.74   3.80   
-2.06   -1.74   3.63   
-1.98   -1.74   3.47   
-1.90   -1.74   3.31   
-1.82   -1.74   3.16   
-1.74   -1.74   3.02   
-1.66   -1.74   2.88   
-1.58   -1.74   2.75   
-1.49   -1.74   2.63   
-1.41   -1.74   2.51   
-1.33   -1.74   2.40   
-1.25   -1.74   2.29   
-1.17   -1.74   2.20   
-1.09   -1.74   2.10   
-1.01   -1.74   2.02   
-0.93   -1.74   1.94   
-0.85   -1.74   1.87   
-0.77   -1.74   1.80   
-0.69   -1.74   1.75   
-0.61   -1.74   1.69   
-0.53   -1.74   1.65   
-0.44   -1.74   1.61   
-0.36   -1.74   1.58   
-0.28   -1.74   1.55   
-0.20   -1.74   1.53   
-0.12   -1.74   1.52   
-0.04   -1.74   1.51   
0.04    -1.74   1.51   
0.12    -1.74   1.52   
0.20    -1.74   1.53   
0.28    -1.74   1.55   
0.36    -1.74   1.58   
0.44    -1.74   1.61   
0.53    -1.74   1.65   
0.61    -1.74   1.69   
0.69    -1.74   1.75   
0.77    -1.74   1.80   
0.85    -1.74   1.87   
0.93    -1.74   1.94   
1.01    -1.74   2.02   
1.09    -1.74   2.10   
1.17    -1.74   2.20   
1.25    -1.74   2.29   
1.33    -1.74   2.40   
1.41    -1.74   2.51   
1.49    -1.74   2.63   
1.58    -1.74   2.75   
1.66    -1.74   2.88   
1.74    -1.74   3.02   
1.82    -1.74   3.16   
1.90    -1.74   3.31   
1.98    -1.74   3.47   
2.06    -1.74   3.63   
2.14    -1.74   3.80   
2.22    -1.74   3.98   
2.30    -1.74   4.16   
2.38    -1.74   4.35   
2.46    -1.74   4.55   
2.55    -1.74   4.75   
2.63    -1.74   4.96   
2.71    -1.74   5.17   
2.79    -1.74   5.40   
2.87    -1.74   5.62   
2.95    -1.74   5.86   
3.03    -1.74   6.10   
3.11    -1.74   6.35   
3.19    -1.74   6.60   
3.27    -1.74   6.86   
3.35    -1.74   7.13   
3.43    -1.74   7.41   
3.52    -1.74   7.69   
3.60    -1.74   7.97   
3.68    -1.74   8.27   
3.76    -1.74   8.57   
3.84    -1.74   8.88   
3.92    -1.74   9.19   
4.00    -1.74   9.51   
-4.00   -1.66   9.37   
-3.92   -1.66   9.05   
-3.84   -1.66   8.74   
-3.76   -1.66   8.43   
-3.68   -1.66   8.13   
-3.60   -1.66   7.84   
-3.52   -1.66   7.55   
-3.43   -1.66   7.27   
-3.35   -1.66   7.00   
-3.27   -1.66   6.73   
-3.19   -1.66   6.47   
-3.11   -1.66   6.21   
-3.03   -1.66   5.96   
-2.95   -1.66   5.72   
-2.87   -1.66   5.49   
-2.79   -1.66   5.26   
-2.71   -1.66   5.04   
-2.63   -1.66   4.82   
-2.55   -1.66   4.61   
-2.46   -1.66   4.41   
-2.38   -1.66   4.21   
-2.30   -1.66   4.02   
-2.22   -1.66   3.84   
-2.14   -1.66   3.66   
-2.06   -1.66   3.50   
-1.98   -1.66   3.33   
-1.90   -1.66   3.18   
-1.82   -1.66   3.02   
-1.74   -1.66   2.88   
-1.66   -1.66   2.74   
-1.58   -1.66   2.61   
-1.49   -1.66   2.49   
-1.41   -1.66   2.37   
-1.33   -1.66   2.26   
-1.25   -1.66   2.16   
-1.17   -1.66   2.06   
-1.09   -1.66   1.97   
-1.01   -1.66   1.88   
-0.93   -1.66   1.80   
-0.85   -1.66   1.73   
-0.77   -1.66   1.67   
-0.69   -1.66   1.61   
-0.61   -1.66   1.56   
-0.53   -1.66   1.51   
-0.44   -1.66   1.47   
-0.36   -1.66   1.44   
-0.28   -1.66   1.41   
-0.20   -1.66   1.39   
-0.12   -1.66   1.38   
-0.04   -1.66   1.37   
0.04    -1.66   1.37   
0.12    -1.66   1.38   
0.20    -1.66   1.39   
0.28    -1.66   1.41   
0.36    -1.66   1.44   
0.44    -1.66   1.47   
0.53    -1.66   1.51   
0.61    -1.66   1.56   
0.69    -1.66   1.61   
0.77    -1.66   1.67   
0.85    -1.66   1.73   
0.93    -1.66   1.80   
1.01    -1.66   1.88   
1.09    -1.66   1.97   
1.17    -1.66   2.06   
1.25    -1.66   2.16   
1.33    -1.66   2.26   
1.41    -1.66   2.37   
1.49    -1.66   2.49   
1.58    -1.66   2.61   
1.66    -1.66   2.74   
1.74    -1.66   2.88   
1.82    -1.66   3.02   
1.90    -1.66   3.18   
1.98    -1.66   3.33   
2.06    -1.66   3.50   
2.14    -1.66   3.66   
2.22    -1.66   3.84   
2.30    -1.66   4.02   
2.38    -1.66   4.21   
2.46    -1.66   4.41   
2.55    -1.66   4.61   
2.63    -1.66   4.82   
2.71    -1.66   5.04   
2.79    -1.66   5.26   
2.87    -1.66   5.49   
2.95    -1.66   5.72   
3.03    -1.66   5.96   
3.11    -1.66   6.21   
3.19    -1.66   6.47   
3.27    -1.66   6.73   
3.35    -1.66   7.00   
3.43    -1.66   7.27   
3.52    -1.66   7.55   
3.60    -1.66   7.84   
3.68    -1.66   8.13   
3.76    -1.66   8.43   
3.84    -1.66   8.74   
3.92    -1.66   9.05   
4.00    -1.66   9.37   
-4.00   -1.58   9.24   
-3.92   -1.58   8.92   
-3.84   -1.58   8.61   
-3.76   -1.58   8.30   
-3.68   -1.58   8.00   
-3.60   -1.58   7.71   
-3.52   -1.58   7.42   
-3.43   -1.58   7.14   
-3.35   -1.58   6.86   
-3.27   -1.58   6.60   
-3.19   -1.58   6.34   
-3.11   -1.58   6.08   
-3.03   -1.58   5.83   
-2.95   -1.58   5.59   
-2.87   -1.58   5.36   
-2.79   -1.58   5.13   
-2.71   -1.58   4.91   
-2.63   -1.58   4.69   
-2.55   -1.58   4.48   
-2.46   -1.58   4.28   
-2.38   -1.58   4.08   
-2.30   -1.58   3.89   
-2.22   -1.58   3.71   
-2.14   -1.58   3.53   
-2.06   -1.58   3.36   
-1.98   -1.58   3.20   
-1.90   -1.58   3.04   
-1.82   -1.58   2.89   
-1.74   -1.58   2.75   
-1.66   -1.58   2.61   
-1.58   -1.58   2.48   
-1.49   -1.58   2.36   
-1.41   -1.58   2.24   
-1.33   -1.58   2.13   
-1.25   -1.58   2.03   
-1.17   -1.58   1.93   
-1.09   -1.58   1.84   
-1.01   -1.58   1.75   
-0.93   -1.58   1.67   
-0.85   -1.58   1.60   
-0.77   -1.58   1.54   
-0.69   -1.58   1.48   
-0.61   -1.58   1.43   
-0.53   -1.58   1.38   
-0.44   -1.58   1.34   
-0.36   -1.58   1.31   
-0.28   -1.58   1.28   
-0.20   -1.58   1.26   
-0.12   -1.58   1.25   
-0.04   -1.58   1.24   
0.04    -1.58   1.24   
0.12    -1.58   1.25   
0.20    -1.58   1.26   
0.28    -1.58   1.28   
0.36    -1.58   1.31   
0.44    -1.58   1.34   
0.53    -1.58   1.38   
0.61    -1.58   1.43   
0.69    -1.58   1.48   
0.77    -1.58   1.54   
0.85    -1.58   1.60   
0.93    -1.58   1.67   
1.01    -1.58   1.75   
1.09    -1.58   1.84   
1.17    -1.58   1.93   
1.25    -1.58   2.03   
1.33    -1.58   2.13   
1.41    -1.58   2.24   
1.49    -1.58   2.36   
1.58    -1.58   2.48   
1.66    -1.58   2.61   
1.74    -1.58   2.75   
1.82    -1.58   2.89   
1.90    -1.58   3.04   
1.98    -1.58   3.20   
2.06    -1.58   3.36   
2.14    -1.58   3.53   
2.22    -1.58   3.71   
2.30    -1.58   3.89   
2.38    -1.58   4.08   
2.46    -1.58   4.28   
2.55    -1.58   4.48   
2.63    -1.58   4.69   
2.71    -1.58   4.91   
2.79    -1.58   5.13   
2.87    -1.58   5.36   
2.95    -1.58   5.59   
3.03    -1.58   5.83   
3.11    -1.58   6.08   
3.19    -1.58   6.34   
3.27    -1.58   6.60   
3.35    -1.58   6.86   
3.43    -1.58   7.14   
3.52    -1.58   7.42   
3.60    -1.58   7.71   
3.68    -1.58   8.00   
3.76    -1.58   8.30   
3.84    -1.58   8.61   
3.92    -1.58   8.92   
4.00    -1.58   9.24   
-4.00   -1.49   9.12   
-3.92   -1.49   8.80   
-3.84   -1.49   8.48   
-3.76   -1.49   8.18   
-3.68   -1.49   7.88   
-3.60   -1.49   7.58   
-3.52   -1.49   7.30   
-3.43   -1.49   7.01   
-3.35   -1.49   6.74   
-3.27   -1.49   6.47   
-3.19   -1.49   6.21   
-3.11   -1.49   5.96   
-3.03   -1.49   5.71   
-2.95   -1.49   5.47   
-2.87   -1.49   5.23   
-2.79   -1.49   5.00   
-2.71   -1.49   4.78   
-2.63   -1.49   4.57   
-2.55   -1.49   4.36   
-2.46   -1.49   4.15   
-2.38   -1.49   3.96   
-2.30   -1.49   3.77   
-2.22   -1.49   3.59   
-2.14   -1.49   3.41   
-2.06   -1.49   3.24   
-1.98   -1.49   3.08   
-1.90   -1.49   2.92   
-1.82   -1.49   2.77   
-1.74   -1.49   2.63   
-1.66   -1.49   2.49   
-1.58   -1.49   2.36   
-1.49   -1.49   2.23   
-1.41   -1.49   2.12   
-1.33   -1.49   2.01   
-1.25   -1.49   1.90   
-1.17   -1.49   1.80   
-1.09   -1.49   1.71   
-1.01   -1.49   1.63   
-0.93   -1.49   1.55   
-0.85   -1.49   1.48   
-0.77   -1.49   1.41   
-0.69   -1.49   1.35   
-0.61   -1.49   1.30   
-0.53   -1.49   1.26   
-0.44   -1.49   1.22   
-0.36   -1.49   1.18   
-0.28   -1.49   1.16   
-0.20   -1.49   1.14   
-0.12   -1.49   1.12   
-0.04   -1.49   1.12   
0.04    -1.49   1.12   
0.12    -1.49   1.12   
0.20    -1.49   1.14   
0.28    -1.49   1.16   
0.36    -1.49   1.18   
0.44    -1.49   1.22   
0.53    -1.49   1.26   
0.61    -1.49   1.30   
0.69    -1.49   1.35   
0.77    -1.49   1.41   
0.85    -1.49   1.48   
0.93    -1.49   1.55   
1.01    -1.49   1.63   
1.09    -1.49   1.71   
1.17    -1.49   1.80   
1.25    -1.49   1.90   
1.33    -1.49   2.01   
1.41    -1.49   2.12   
1.49    -1.49   2.23   
1.58    -1.49   2.36   
1.66    -1.49   2.49   
1.74    -1.49   2.63   
1.82    -1.49   2.77   
1.90    -1.49   2.92   
1.98    -1.49   3.08   
2.06    -1.49   3.24   
2.14    -1.49   3.41   
2.22    -1.49   3.59   
2.30    -1.49   3.77   
2.38    -1.49   3.96   
2.46    -1.49   4.15   
2.55    -1.49   4.36   
2.63    -1.49   4.57   
2.71    -1.49   4.78   
2.79    -1.49   5.00   
2.87    -1.49   5.23   
2.95    -1.49   5.47   
3.03    -1.49   5.71   
3.11    -1.49   5.96   
3.19    -1.49   6.21   
3.27    -1.49   6.47   
3.35    -1.49   6.74   
3.43    -1.49   7.01   
3.52    -1.49   7.30   
3.60    -1.49   7.58   
3.68    -1.49   7.88   
3.76    -1.49   8.18   
3.84    -1.49   8.48   
3.92    -1.49   8.80   
4.00    -1.49   9.12   
-4.00   -1.41   9.00   
-3.92   -1.41   8.68   
-3.84   -1.41   8.37   
-3.76   -1.41   8.06   
-3.68   -1.41   7.76   
-3.60   -1.41   7.47   
-3.52   -1.41   7.18   
-3.43   -1.41   6.90   
-3.35   -1.41   6.62   
-3.27   -1.41   6.36   
-3.19   -1.41   6.09   
-3.11   -1.41   5.84   
-3.03   -1.41   5.59   
-2.95   -1.41   5.35   
-2.87   -1.41   5.11   
-2.79   -1.41   4.89   
-2.71   -1.41   4.66   
-2.63   -1.41   4.45   
-2.55   -1.41   4.24   
-2.46   -1.41   4.04   
-2.38   -1.41   3.84   
-2.30   -1.41   3.65   
-2.22   -1.41   3.47   
-2.14   -1.41   3.29   
-2.06   -1.41   3.12   
-1.98   -1.41   2.96   
-1.90   -1.41   2.80   
-1.82   -1.41   2.65   
-1.74   -1.41   2.51   
-1.66   -1.41   2.37   
-1.58   -1.41   2.24   
-1.49   -1.41   2.12   
-1.41   -1.41   2.00   
-1.33   -1.41   1.89   
-1.25   -1.41   1.78   
-1.17   -1.41   1.69   
-1.09   -1.41   1.59   
-1.01   -1.41   1.51   
-0.93   -1.41   1.43   
-0.85   -1.41   1.36   
-0.77   -1.41   1.29   
-0.69   -1.41   1.24   
-0.61   -1.41   1.18   
-0.53   -1.41   1.14   
-0.44   -1.41   1.10   
-0.36   -1.41   1.07   
-0.28   -1.41   1.04   
-0.20   -1.41   1.02   
-0.12   -1.41   1.01   
-0.04   -1.41   1.00   
0.04    -1.41   1.00   
0.12    -1.41   1.01   
0.20    -1.41   1.02   
0.28    -1.41   1.04   
0.36    -1.41   1.07   
0.44    -1.41   1.10   
0.53    -1.41   1.14   
0.61    -1.41   1.18   
0.69    -1.41   1.24   
0.77    -1.41   1.29   
0.85    -1.41   1.36   
0.93    -1.41   1.43   
1.01    -1.41   1.51   
1.09    -1.41   1.59   
1.17    -1.41   1.69   
1.25    -1.41   1.78   
1.33    -1.41   1.89   
1.41    -1.41   2.00   
1.49    -1.41   2.12   
1.58    -1.41   2.24   
1.66    -1.41   2.37   
1.74    -1.41   2.51   
1.82    -1.41   2.65   
1.90    -1.41   2.80   
1.98    -1.41   2.96   
2.06    -1.41   3.12   
2.14    -1.41   3.29   
2.22    -1.41   3.47   
2.30    -1.41   3.65   
2.38    -1.41   3.84   
2.46    -1.41   4.04   
2.55    -1.41   4.24   
2.63    -1.41   4.45   
2.71    -1.41   4.66   
2.79    -1.41   4.89   
2.87    -1.41   5.11   
2.95    -1.41   5.35   
3.03    -1.41   5.59   
3.11    -1.41   5.84   
3.19    -1.41   6.09   
3.27    -1.41   6.36   
3.35    -1.41   6.62   
3.43    -1.41   6.90   
3.52    -1.41   7.18   
3.60    -1.41   7.47   
3.68    -1.41   7.76   
3.76    -1.41   8.06   
3.84    -1.41   8.37   
3.92    -1.41   8.68   
4.00    -1.41   9.00   
-4.00   -1.33   8.89   
-3.92   -1.33   8.57   
-3.84   -1.33   8.26   
-3.76   -1.33   7.95   
-3.68   -1.33   7.65   
-3.60   -1.33   7.35   
-3.52   -1.33   7.07   
-3.43   -1.33   6.79   
-3.35   -1.33   6.51   
-3.27   -1.33   6.24   
-3.19   -1.33   5.98   
-3.11   -1.33   5.73   
-3.03   -1.33   5.48   
-2.95   -1.33   5.24   
-2.87   -1.33   5.00   
-2.79   -1.33   4.78   
-2.71   -1.33   4.55   
-2.63   -1.33   4.34   
-2.55   -1.33   4.13   
-2.46   -1.33   3.93   
-2.38   -1.33   3.73   
-2.30   -1.33   3.54   
-2.22   -1.33   3.36   
-2.14   -1.33   3.18   
-2.06   -1.33   3.01   
-1.98   -1.33   2.85   
-1.90   -1.33   2.69   
-1.82   -1.33   2.54   
-1.74   -1.33   2.40   
-1.66   -1.33   2.26   
-1.58   -1.33   2.13   
-1.49   -1.33   2.01   
-1.41   -1.33   1.89   
-1.33   -1.33   1.78   
-1.25   -1.33   1.67   
-1.17   -1.33   1.58   
-1.09   -1.33   1.48   
-1.01   -1.33   1.40   
-0.93   -1.33   1.32   
-0.85   -1.33   1.25   
-0.77   -1.33   1.18   
-0.69   -1.33   1.12   
-0.61   -1.33   1.07   
-0.53   -1.33   1.03   
-0.44   -1.33   0.99   
-0.36   -1.33   0.96   
-0.28   -1.33   0.93   
-0.20   -1.33   0.91   
-0.12   -1.33   0.90   
-0.04   -1.33   0.89   
0.04    -1.33   0.89   
0.12    -1.33   0.90   
0.20    -1.33   0.91   
0.28    -1.33   0.93   
0.36    -1.33   0.96   
0.44    -1.33   0.99   
0.53    -1.33   1.03   
0.61    -1.33   1.07   
0.69    -1.33   1.12   
0.77    -1.33   1.18   
0.85    -1.33   1.25   
0.93    -1.33   1.32   
1.01    -1.33   1.40   
1.09    -1.33   1.48   
1.17    -1.33   1.58   
1.25    -1.33   1.67   
1.33    -1.33   1.78   
1.41    -1.33   1.89   
1.49    -1.33   2.01   
1.58    -1.33   2.13   
1.66    -1.33   2.26   
1.74    -1.33   2.40   
1.82    -1.33   2.54   
1.90    -1.33   2.69   
1.98    -1.33   2.85   
2.06    -1.33   3.01   
2.14    -1.33   3.18   
2.22    -1.33   3.36   
2.30    -1.33   3.54   
2.38    -1.33   3.73   
2.46    -1.33   3.93   
2.55    -1.33   4.13   
2.63    -1.33   4.34   
2.71    -1.33   4.55   
2.79    -1.33   4.78   
2.87    -1.33   5.00   
2.95    -1.33   5.24   
3.03    -1.33   5.48   
3.11    -1.33   5.73   
3.19    -1.33   5.98   
3.27    -1.33   6.24   
3.35    -1.33   6.51   
3.43    -1.33   6.79   
3.52    -1.33   7.07   
3.60    -1.33   7.35   
3.68    -1.33   7.65   
3.76    -1.33   7.95   
3.84    -1.33   8.26   
3.92    -1.33   8.57   
4.00    -1.33   8.89   
-4.00   -1.25   8.78   
-3.92   -1.25   8.46   
-3.84   -1.25   8.15   
-3.76   -1.25   7.84   
-3.68   -1.25   7.54   
-3.60   -1.25   7.25   
-3.52   -1.25   6.96   
-3.43   -1.25   6.68   
-3.35   -1.25   6.41   
-3.27   -1.25   6.14   
-3.19   -1.25   5.88   
-3.11   -1.25   5.62   
-3.03   -1.25   5.38   
-2.95   -1.25   5.13   
-2.87   -1.25   4.90   
-2.79   -1.25   4.67   
-2.71   -1.25   4.45   
-2.63   -1.25   4.23   
-2.55   -1.25   4.02   
-2.46   -1.25   3.82   
-2.38   -1.25   3.63   
-2.30   -1.25   3.44   
-2.22   -1.25   3.25   
-2.14   -1.25   3.08   
-2.06   -1.25   2.91   
-1.98   -1.25   2.74   
-1.90   -1.25   2.59   
-1.82   -1.25   2.44   
-1.74   -1.25   2.29   
-1.66   -1.25   2.16   
-1.58   -1.25   2.03   
-1.49   -1.25   1.90   
-1.41   -1.25   1.78   
-1.33   -1.25   1.67   
-1.25   -1.25   1.57   
-1.17   -1.25   1.47   
-1.09   -1.25   1.38   
-1.01   -1.25   1.29   
-0.93   -1.25   1.22   
-0.85   -1.25   1.14   
-0.77   -1.25   1.08   
-0.69   -1.25   1.02   
-0.61   -1.25   0.97   
-0.53   -1.25   0.92   
-0.44   -1.25   0.88   
-0.36   -1.25   0.85   
-0.28   -1.25   0.82   
-0.20   -1.25   0.80   
-0.12   -1.25   0.79   
-0.04   -1.25   0.79   
0.04    -1.25   0.79   
0.12    -1.25   0.79   
0.20    -1.25   0.80   
0.28    -1.25   0.82   
0.36    -1.25   0.85   
0.44    -1.25   0.88   
0.53    -1.25   0.92   
0.61    -1.25   0.97   
0.69    -1.25   1.02   
0.77    -1.25   1.08   
0.85    -1.25   1.14   
0.93    -1.25   1.22   
1.01    -1.25   1.29   
1.09    -1.25   1.38   
1.17    -1.25   1.47   
1.25    -1.25   1.57   
1.33    -1.25   1.67   
1.41    -1.25   1.78   
1.49    -1.25   1.90   
1.58    -1.25   2.03   
1.66    -1.25   2.16   
1.74    -1.25   2.29   
1.82    -1.25   2.44   
1.90    -1.25   2.59   
1.98    -1.25   2.74   
2.06    -1.25   2.91   
2.14    -1.25   3.08   
2.22    -1.25   3.25   
2.30    -1.25   3.44   
2.38    -1.25   3.63   
2.46    -1.25   3.82   
2.55    -1.25   4.02   
2.63    -1.25   4.23   
2.71    -1.25   4.45   
2.79    -1.25   4.67   
2.87    -1.25   4.90   
2.95    -1.25   5.13   
3.03    -1.25   5.38   
3.11    -1.25   5.62   
3.19    -1.25   5.88   
3.27    -1.25   6.14   
3.35    -1.25   6.41   
3.43    -1.25   6.68   
3.52    -1.25   6.96   
3.60    -1.25   7.25   
3.68    -1.25   7.54   
3.76    -1.25   7.84   
3.84    -1.25   8.15   
3.92    -1.25   8.46   
4.00    -1.25   8.78   
-4.00   -1.17   8.69   
-3.92   -1.17   8.37   
-3.84   -1.17   8.05   
-3.76   -1.17   7.75   
-3.68   -1.17   7.45   
-3.60   -1.17   7.15   
-3.52   -1.17   6.86   
-3.43   -1.17   6.58   
-3.35   -1.17   6.31   
-3.27   -1.17   6.04   
-3.19   -1.17   5.78   
-3.11   -1.17   5.53   
-3.03   -1.17   5.28   
-2.95   -1.17   5.04   
-2.87   -1.17   4.80   
-2.79   -1.17   4.57   
-2.71   -1.17   4.35   
-2.63   -1.17   4.14   
-2.55   -1.17   3.93   
-2.46   -1.17   3.72   
-2.38   -1.17   3.53   
-2.30   -1.17   3.34   
-2.22   -1.17   3.16   
-2.14   -1.17   2.98   
-2.06   -1.17   2.81   
-1.98   -1.17   2.65   
-1.90   -1.17   2.49   
-1.82   -1.17   2.34   
-1.74   -1.17   2.20   
-1.66   -1.17   2.06   
-1.58   -1.17   1.93   
-1.49   -1.17   1.80   
-1.41   -1.17   1.69   
-1.33   -1.17   1.58   
-1.25   -1.17   1.47   
-1.17   -1.17   1.37   
-1.09   -1.17   1.28   
-1.01   -1.17   1.20   
-0.93   -1.17   1.12   
-0.85   -1.17   1.05   
-0.77   -1.17   0.98   
-0.69   -1.17   0.92   
-0.61   -1.17   0.87   
-0.53   -1.17   0.82   
-0.44   -1.17   0.79   
-0.36   -1.17   0.75   
-0.28   -1.17   0.73   
-0.20   -1.17   0.71   
-0.12   -1.17   0.69   
-0.04   -1.17   0.69   
0.04    -1.17   0.69   
0.12    -1.17   0.69   
0.20    -1.17   0.71   
0.28    -1.17   0.73   
0.36    -1.17   0.75   
0.44    -1.17   0.79   
0.53    -1.17   0.82   
0.61    -1.17   0.87   
0.69    -1.17   0.92   
0.77    -1.17   0.98   
0.85    -1.17   1.05   
0.93    -1.17   1.12   
1.01    -1.17   1.20   
1.09    -1.17   1.28   
1.17    -1.17   1.37   
1.25    -1.17   1.47   
1.33    -1.17   1.58   
1.41    -1.17   1.69   
1.49    -1.17   1.80   
1.58    -1.17   1.93   
1.66    -1.17   2.06   
1.74    -1.17   2.20   
1.82    -1.17   2.34   
1.90    -1.17   2.49   
1.98    -1.17   2.65   
2.06    -1.17   2.81   
2.14    -1.17   2.98   
2.22    -1.17   3.16   
2.30    -1.17   3.34   
2.38    -1.17   3.53   
2.46    -1.17   3.72   
2.55    -1.17   3.93   
2.63    -1.17   4.14   
2.71    -1.17   4.35   
2.79    -1.17   4.57   
2.87    -1.17   4.80   
2.95    -1.17   5.04   
3.03    -1.17   5.28   
3.11    -1.17   5.53   
3.19    -1.17   5.78   
3.27    -1.17   6.04   
3.35    -1.17   6.31   
3.43    -1.17   6.58   
3.52    -1.17   6.86   
3.60    -1.17   7.15   
3.68    -1.17   7.45   
3.76    -1.17   7.75   
3.84    -1.17   8.05   
3.92    -1.17   8.37   
4.00    -1.17   8.69   
-4.00   -1.09   8.60   
-3.92   -1.09   8.28   
-3.84   -1.09   7.96   
-3.76   -1.09   7.65   
-3.68   -1.09   7.35   
-3.60   -1.09   7.06   
-3.52   -1.09   6.77   
-3.43   -1.09   6.49   
-3.35   -1.09   6.22   
-3.27   -1.09   5.95   
-3.19   -1.09   5.69   
-3.11   -1.09   5.43   
-3.03   -1.09   5.19   
-2.95   -1.09   4.94   
-2.87   -1.09   4.71   
-2.79   -1.09   4.48   
-2.71   -1.09   4.26   
-2.63   -1.09   4.04   
-2.55   -1.09   3.83   
-2.46   -1.09   3.63   
-2.38   -1.09   3.44   
-2.30   -1.09   3.25   
-2.22   -1.09   3.06   
-2.14   -1.09   2.89   
-2.06   -1.09   2.72   
-1.98   -1.09   2.55   
-1.90   -1.09   2.40   
-1.82   -1.09   2.25   
-1.74   -1.09   2.10   
-1.66   -1.09   1.97   
-1.58   -1.09   1.84   
-1.49   -1.09   1.71   
-1.41   -1.09   1.59   
-1.33   -1.09   1.48   
-1.25   -1.09   1.38   
-1.17   -1.09   1.28   
-1.09   -1.09   1.19   
-1.01   -1.09   1.11   
-0.93   -1.09   1.03   
-0.85   -1.09   0.96   
-0.77   -1.09   0.89   
-0.69   -1.09   0.83   
-0.61   -1.09   0.78   
-0.53   -1.09   0.73   
-0.44   -1.09   0.69   
-0.36   -1.09   0.66   
-0.28   -1.09   0.64   
-0.20   -1.09   0.62   
-0.12   -1.09   0.60   
-0.04   -1.09   0.60   
0.04    -1.09   0.60   
0.12    -1.09   0.60   
0.20    -1.09   0.62   
0.28    -1.09   0.64   
0.36    -1.09   0.66   
0.44    -1.09   0.69   
0.53    -1.09   0.73   
0.61    -1.09   0.78   
0.69    -1.09   0.83   
0.77    -1.09   0.89   
0.85    -1.09   0.96   
0.93    -1.09   1.03   
1.01    -1.09   1.11   
1.09    -1.09   1.19   
1.17    -1.09   1.28   
1.25    -1.09   1.38   
1.33    -1.09   1.48   
1.41    -1.09   1.59   
1.49    -1.09   1.71   
1.58    -1.09   1.84   
1.66    -1.09   1.97   
1.74    -1.09   2.10   
1.82    -1.09   2.25   
1.90    -1.09   2.40   
1.98    -1.09   2.55   
2.06    -1.09   2.72   
2.14    -1.09   2.89   
2.22    -1.09   3.06   
2.30    -1.09   3.25   
2.38    -1.09   3.44   
2.46    -1.09   3.63   
2.55    -1.09   3.83   
2.63    -1.09   4.04   
2.71    -1.09   4.26   
2.79    -1.09   4.48   
2.87    -1.09   4.71   
2.95    -1.09   4.94   
3.03    -1.09   5.19   
3.11    -1.09   5.43   
3.19    -1.09   5.69   
3.27    -1.09   5.95   
3.35    -1.09   6.22   
3.43    -1.09   6.49   
3.52    -1.09   6.77   
3.60    -1.09   7.06   
3.68    -1.09   7.35   
3.76    -1.09   7.65   
3.84    -1.09   7.96   
3.92    -1.09   8.28   
4.00    -1.09   8.60   
-4.00   -1.01   8.51   
-3.92   -1.01   8.19   
-3.84   -1.01   7.88   
-3.76   -1.01   7.57   
-3.68   -1.01   7.27   
-3.60   -1.01   6.98   
-3.52   -1.01   6.69   
-3.43   -1.01   6.41   
-3.35   -1.01   6.13   
-3.27   -1.01   5.87   
-3.19   -1.01   5.60   
-3.11   -1.01   5.35   
-3.03   -1.01   5.10   
-2.95   -1.01   4.86   
-2.87   -1.01   4.62   
-2.79   -1.01   4.40   
-2.71   -1.01   4.17   
-2.63   -1.01   3.96   
-2.55   -1.01   3.75   
-2.46   -1.01   3.55   
-2.38   -1.01   3.35   
-2.30   -1.01   3.16   
-2.22   -1.01   2.98   
-2.14   -1.01   2.80   
-2.06   -1.01   2.63   
-1.98   -1.01   2.47   
-1.90   -1.01   2.31   
-1.82   -1.01   2.16   
-1.74   -1.01   2.02   
-1.66   -1.01   1.88   
-1.58   -1.01   1.75   
-1.49   -1.01   1.63   
-1.41   -1.01   1.51   
-1.33   -1.01   1.40   
-1.25   -1.01   1.29   
-1.17   -1.01   1.20   
-1.09   -1.01   1.11   
-1.01   -1.01   1.02   
-0.93   -1.01   0.94   
-0.85   -1.01   0.87   
-0.77   -1.01   0.80   
-0.69   -1.01   0.75   
-0.61   -1.01   0.69   
-0.53   -1.01   0.65   
-0.44   -1.01   0.61   
-0.36   -1.01   0.58   
-0.28   -1.01   0.55   
-0.20   -1.01   0.53   
-0.12   -1.01   0.52   
-0.04   -1.01   0.51   
0.04    -1.01   0.51   
0.12    -1.01   0.52   
0.20    -1.01   0.53   
0.28    -1.01   0.55   
0.36    -1.01   0.58   
0.44    -1.01   0.61   
0.53    -1.01   0.65   
0.61    -1.01   0.69   
0.69    -1.01   0.75   
0.77    -1.01   0.80   
0.85    -1.01   0.87   
0.93    -1.01   0.94   
1.01    -1.01   1.02   
1.09    -1.01   1.11   
1.17    -1.01   1.20   
1.25    -1.01   1.29   
1.33    -1.01   1.40   
1.41    -1.01   1.51   
1.49    -1.01   1.63   
1.58    -1.01   1.75   
1.66    -1.01   1.88   
1.74    -1.01   2.02   
1.82    -1.01   2.16   
1.90    -1.01   2.31   
1.98    -1.01   2.47   
2.06    -1.01   2.63   
2.14    -1.01   2.80   
2.22    -1.01   2.98   
2.30    -1.01   3.16   
2.38    -1.01   3.35   
2.46    -1.01   3.55   
2.55    -1.01   3.75   
2.63    -1.01   3.96   
2.71    -1.01   4.17   
2.79    -1.01   4.40   
2.87    -1.01   4.62   
2.95    -1.01   4.86   
3.03    -1.01   5.10   
3.11    -1.01   5.35   
3.19    -1.01   5.60   
3.27    -1.01   5.87   
3.35    -1.01   6.13   
3.43    -1.01   6.41   
3.52    -1.01   6.69   
3.60    -1.01   6.98   
3.68    -1.01   7.27   
3.76    -1.01   7.57   
3.84    -1.01   7.88   
3.92    -1.01   8.19   
4.00    -1.01   8.51   
-4.00   -0.93   8.43   
-3.92   -0.93   8.11   
-3.84   -0.93   7.80   
-3.76   -0.93   7.49   
-3.68   -0.93   7.19   
-3.60   -0.93   6.90   
-3.52   -0.93   6.61   
-3.43   -0.93   6.33   
-3.35   -0.93   6.05   
-3.27   -0.93   5.79   
-3.19   -0.93   5.53   
-3.11   -0.93   5.27   
-3.03   -0.93   5.02   
-2.95   -0.93   4.78   
-2.87   -0.93   4.55   
-2.79   -0.93   4.32   
-2.71   -0.93   4.10   
-2.63   -0.93   3.88   
-2.55   -0.93   3.67   
-2.46   -0.93   3.47   
-2.38   -0.93   3.27   
-2.30   -0.93   3.08   
-2.22   -0.93   2.90   
-2.14   -0.93   2.72   
-2.06   -0.93   2.55   
-1.98   -0.93   2.39   
-1.90   -0.93   2.23   
-1.82   -0.93   2.08   
-1.74   -0.93   1.94   
-1.66   -0.93   1.80   
-1.58   -0.93   1.67   
-1.49   -0.93   1.55   
-1.41   -0.93   1.43   
-1.33   -0.93   1.32   
-1.25   -0.93   1.22   
-1.17   -0.93   1.12   
-1.09   -0.93   1.03   
-1.01   -0.93   0.94   
-0.93   -0.93   0.86   
-0.85   -0.93   0.79   
-0.77   -0.93   0.73   
-0.69   -0.93   0.67   
-0.61   -0.93   0.62   
-0.53   -0.93   0.57   
-0.44   -0.93   0.53   
-0.36   -0.93   0.50   
-0.28   -0.93   0.47   
-0.20   -0.93   0.45   
-0.12   -0.93   0.44   
-0.04   -0.93   0.43   
0.04    -0.93   0.43   
0.12    -0.93   0.44   
0.20    -0.93   0.45   
0.28    -0.93   0.47   
0.36    -0.93   0.50   
0.44    -0.93   0.53   
0.53    -0.93   0.57   
0.61    -0.93   0.62   
0.69    -0.93   0.67   
0.77    -0.93   0.73   
0.85    -0.93   0.79   
0.93    -0.93   0.86   
1.01    -0.93   0.94   
1.09    -0.93   1.03   
1.17    -0.93   1.12   
1.25    -0.93   1.22   
1.33    -0.93   1.32   
1.41    -0.93   1.43   
1.49    -0.93   1.55   
1.58    -0.93   1.67   
1.66    -0.93   1.80   
1.74    -0.93   1.94   
1.82    -0.93   2.08   
1.90    -0.93   2.23   
1.98    -0.93   2.39   
2.06    -0.93   2.55   
2.14    -0.93   2.72   
2.22    -0.93   2.90   
2.30    -0.93   3.08   
2.38    -0.93   3.27   
2.46    -0.93   3.47   
2.55    -0.93   3.67   
2.63    -0.93   3.88   
2.71    -0.93   4.10   
2.79    -0.93   4.32   
2.87    -0.93   4.55   
2.95    -0.93   4.78   
3.03    -0.93   5.02   
3.11    -0.93   5.27   
3.19    -0.93   5.53   
3.27    -0.93   5.79   
3.35    -0.93   6.05   
3.43    -0.93   6.33   
3.52    -0.93   6.61   
3.60    -0.93   6.90   
3.68    -0.93   7.19   
3.76    -0.93   7.49   
3.84    -0.93   7.80   
3.92    -0.93   8.11   
4.00    -0.93   8.43   
-4.00   -0.85   8.36   
-3.92   -0.85   8.04   
-3.84   -0.85   7.73   
-3.76   -0.85   7.42   
-3.68   -0.85   7.12   
-3.60   -0.85   6.83   
-3.52   -0.85   6.54   
-3.43   -0.85   6.26   
-3.35   -0.85   5.98   
-3.27   -0.85   5.72   
-3.19   -0.85   5.45   
-3.11   -0.85   5.20   
-3.03   -0.85   4.95   
-2.95   -0.85   4.71   
-2.87   -0.85   4.47   
-2.79   -0.85   4.25   
-2.71   -0.85   4.02   
-2.63   -0.85   3.81   
-2.55   -0.85   3.60   
-2.46   -0.85   3.40   
-2.38   -0.85   3.20   
-2.30   -0.85   3.01   
-2.22   -0.85   2.83   
-2.14   -0.85   2.65   
-2.06   -0.85   2.48   
-1.98   -0.85   2.32   
-1.90   -0.85   2.16   
-1.82   -0.85   2.01   
-1.74   -0.85   1.87   
-1.66   -0.85   1.73   
-1.58   -0.85   1.60   
-1.49   -0.85   1.48   
-1.41   -0.85   1.36   
-1.33   -0.85   1.25   
-1.25   -0.85   1.14   
-1.17   -0.85   1.05   
-1.09   -0.85   0.96   
-1.01   -0.85   0.87   
-0.93   -0.85   0.79   
-0.85   -0.85   0.72   
-0.77   -0.85   0.65   
-0.69   -0.85   0.60   
-0.61   -0.85   0.54   
-0.53   -0.85   0.50   
-0.44   -0.85   0.46   
-0.36   -0.85   0.43   
-0.28   -0.85   0.40   
-0.20   -0.85   0.38   
-0.12   -0.85   0.37   
-0.04   -0.85   0.36   
0.04    -0.85   0.36   
0.12    -0.85   0.37   
0.20    -0.85   0.38   
0.28    -0.85   0.40   
0.36    -0.85   0.43   
0.44    -0.85   0.46   
0.53    -0.85   0.50   
0.61    -0.85   0.54   
0.69    -0.85   0.60   
0.77    -0.85   0.65   
0.85    -0.85   0.72   
0.93    -0.85   0.79   
1.01    -0.85   0.87   
1.09    -0.85   0.96   
1.17    -0.85   1.05   
1.25    -0.85   1.14   
1.33    -0.85   1.25   
1.41    -0.85   1.36   
1.49    -0.85   1.48   
1.58    -0.85   1.60   
1.66    -0.85   1.73   
1.74    -0.85   1.87   
1.82    -0.85   2.01   
1.90    -0.85   2.16   
1.98    -0.85   2.32   
2.06    -0.85   2.48   
2.14    -0.85   2.65   
2.22    -0.85   2.83   
2.30    -0.85   3.01   
2.38    -0.85   3.20   
2.46    -0.85   3.40   
2.55    -0.85   3.60   
2.63    -0.85   3.81   
2.71    -0.85   4.02   
2.79    -0.85   4.25   
2.87    -0.85   4.47   
2.95    -0.85   4.71   
3.03    -0.85   4.95   
3.11    -0.85   5.20   
3.19    -0.85   5.45   
3.27    -0.85   5.72   
3.35    -0.85   5.98   
3.43    -0.85   6.26   
3.52    -0.85   6.54   
3.60    -0.85   6.83   
3.68    -0.85   7.12   
3.76    -0.85   7.42   
3.84    -0.85   7.73   
3.92    -0.85   8.04   
4.00    -0.85   8.36   
-4.00   -0.77   8.29   
-3.92   -0.77   7.97   
-3.84   -0.77   7.66   
-3.76   -0.77   7.35   
-3.68   -0.77   7.05   
-3.60   -0.77   6.76   
-3.52   -0.77   6.47   
-3.43   -0.77   6.19   
-3.35   -0.77   5.92   
-3.27   -0.77   5.65   
-3.19   -0.77   5.39   
-3.11   -0.77   5.13   
-3.03   -0.77   4.89   
-2.95   -0.77   4.64   
-2.87   -0.77   4.41   
-2.79   -0.77   4.18   
-2.71   -0.77   3.96   
-2.63   -0.77   3.74   
-2.55   -0.77   3.53   
-2.46   -0.77   3.33   
-2.38   -0.77   3.14   
-2.30   -0.77   2.95   
-2.22   -0.77   2.76   
-2.14   -0.77   2.59   
-2.06   -0.77   2.42   
-1.98   -0.77   2.25   
-1.90   -0.77   2.10   
-1.82   -0.77   1.95   
-1.74   -0.77   1.80   
-1.66   -0.77   1.67   
-1.58   -0.77   1.54   
-1.49   -0.77   1.41   
-1.41   -0.77   1.29   
-1.33   -0.77   1.18   
-1.25   -0.77   1.08   
-1.17   -0.77   0.98   
-1.09   -0.77   0.89   
-1.01   -0.77   0.80   
-0.93   -0.77   0.73   
-0.85   -0.77   0.65   
-0.77   -0.77   0.59   
-0.69   -0.77   0.53   
-0.61   -0.77   0.48   
-0.53   -0.77   0.43   
-0.44   -0.77   0.39   
-0.36   -0.77   0.36   
-0.28   -0.77   0.33   
-0.20   -0.77   0.32   
-0.12   -0.77   0.30   
-0.04   -0.77   0.30   
0.04    -0.77   0.30   
0.12    -0.77   0.30   
0.20    -0.77   0.32   
0.28    -0.77   0.33   
0.36    -0.77   0.36   
0.44    -0.77   0.39   
0.53    -0.77   0.43   
0.61    -0.77   0.48   
0.69    -0.77   0.53   
0.77    -0.77   0.59   
0.85    -0.77   0.65   
0.93    -0.77   0.73   
1.01    -0.77   0.80   
1.09    -0.77   0.89   
1.17    -0.77   0.98   
1.25    -0.77   1.08   
1.33    -0.77   1.18   
1.41    -0.77   1.29   
1.49    -0.77   1.41   
1.58    -0.77   1.54   
1.66    -0.77   1.67   
1.74    -0.77   1.80   
1.82    -0.77   1.95   
1.90    -0.77   2.10   
1.98    -0.77   2.25   
2.06    -0.77   2.42   
2.14    -0.77   2.59   
2.22    -0.77   2.76   
2.30    -0.77   2.95   
2.38    -0.77   3.14   
2.46    -0.77   3.33   
2.55    -0.77   3.53   
2.63    -0.77   3.74   
2.71    -0.77   3.96   
2.79    -0.77   4.18   
2.87    -0.77   4.41   
2.95    -0.77   4.64   
3.03    -0.77   4.89   
3.11    -0.77   5.13   
3.19    -0.77   5.39   
3.27    -0.77   5.65   
3.35    -0.77   5.92   
3.43    -0.77   6.19   
3.52    -0.77   6.47   
3.60    -0.77   6.76   
3.68    -0.77   7.05   
3.76    -0.77   7.35   
3.84    -0.77   7.66   
3.92    -0.77   7.97   
4.00    -0.77   8.29   
-4.00   -0.69   8.24   
-3.92   -0.69   7.92   
-3.84   -0.69   7.60   
-3.76   -0.69   7.30   
-3.68   -0.69   7.00   
-3.60   -0.69   6.70   
-3.52   -0.69   6.41   
-3.43   -0.69   6.13   
-3.35   -0.69   5.86   
-3.27   -0.69   5.59   
-3.19   -0.69   5.33   
-3.11   -0.69   5.08   
-3.03   -0.69   4.83   
-2.95   -0.69   4.59   
-2.87   -0.69   4.35   
-2.79   -0.69   4.12   
-2.71   -0.69   3.90   
-2.63   -0.69   3.68   
-2.55   -0.69   3.48   
-2.46   -0.69   3.27   
-2.38   -0.69   3.08   
-2.30   -0.69   2.89   
-2.22   -0.69   2.71   
-2.14   -0.69   2.53   
-2.06   -0.69   2.36   
-1.98   -0.69   2.20   
-1.90   -0.69   2.04   
-1.82   -0.69   1.89   
-1.74   -0.69   1.75   
-1.66   -0.69   1.61   
-1.58   -0.69   1.48   
-1.49   -0.69   1.35   
-1.41   -0.69   1.24   
-1.33   -0.69   1.12   
-1.25   -0.69   1.02   
-1.17   -0.69   0.92   
-1.09   -0.69   0.83   
-1.01   -0.69   0.75   
-0.93   -0.69   0.67   
-0.85   -0.69   0.60   
-0.77   -0.69   0.53   
-0.69   -0.69   0.47   
-0.61   -0.69   0.42   
-0.53   -0.69   0.37   
-0.44   -0.69   0.33   
-0.36   -0.69   0.30   
-0.28   -0.69   0.28   
-0.20   -0.69   0.26   
-0.12   -0.69   0.24   
-0.04   -0.69   0.24   
0.04    -0.69   0.24   
0.12    -0.69   0.24   
0.20    -0.69   0.26   
0.28    -0.69   0.28   
0.36    -0.69   0.30   
0.44    -0.69   0.33   
0.53    -0.69   0.37   
0.61    -0.69   0.42   
0.69    -0.69   0.47   
0.77    -0.69   0.53   
0.85    -0.69   0.60   
0.93    -0.69   0.67   
1.01    -0.69   0.75   
1.09    -0.69   0.83   
1.17    -0.69   0.92   
1.25    -0.69   1.02   
1.33    -0.69   1.12   
1.41    -0.69   1.24   
1.49    -0.69   1.35   
1.58    -0.69   1.48   
1.66    -0.69   1.61   
1.74    -0.69   1.75   
1.82    -0.69   1.89   
1.90    -0.69   2.04   
1.98    -0.69   2.20   
2.06    -0.69   2.36   
2.14    -0.69   2.53   
2.22    -0.69   2.71   
2.30    -0.69   2.89   
2.38    -0.69   3.08   
2.46    -0.69   3.27   
2.55    -0.69   3.48   
2.63    -0.69   3.68   
2.71    -0.69   3.90   
2.79    -0.69   4.12   
2.87    -0.69   4.35   
2.95    -0.69   4.59   
3.03    -0.69   4.83   
3.11    -0.69   5.08   
3.19    -0.69   5.33   
3.27    -0.69   5.59   
3.35    -0.69   5.86   
3.43    -0.69   6.13   
3.52    -0.69   6.41   
3.60    -0.69   6.70   
3.68    -0.69   7.00   
3.76    -0.69   7.30   
3.84    -0.69   7.60   
3.92    -0.69   7.92   
4.00    -0.69   8.24   
-4.00   -0.61   8.18   
-3.92   -0.61   7.86   
-3.84   -0.61   7.55   
-3.76   -0.61   7.24   
-3.68   -0.61   6.94   
-3.60   -0.61   6.65   
-3.52   -0.61   6.36   
-3.43   -0.61   6.08   
-3.35   -0.61   5.81   
-3.27   -0.61   5.54   
-3.19   -0.61   5.28   
-3.11   -0.61   5.02   
-3.03   -0.61   4.78   
-2.95   -0.61   4.53   
-2.87   -0.61   4.30   
-2.79   -0.61   4.07   
-2.71   -0.61   3.85   
-2.63   -0.61   3.63   
-2.55   -0.61   3.42   
-2.46   -0.61   3.22   
-2.38   -0.61   3.02   
-2.30   -0.61   2.84   
-2.22   -0.61   2.65   
-2.14   -0.61   2.48   
-2.06   -0.61   2.31   
-1.98   -0.61   2.14   
-1.90   -0.61   1.99   
-1.82   -0.61   1.84   
-1.74   -0.61   1.69   
-1.66   -0.61   1.56   
-1.58   -0.61   1.43   
-1.49   -0.61   1.30   
-1.41   -0.61   1.18   
-1.33   -0.61   1.07   
-1.25   -0.61   0.97   
-1.17   -0.61   0.87   
-1.09   -0.61   0.78   
-1.01   -0.61   0.69   
-0.93   -0.61   0.62   
-0.85   -0.61   0.54   
-0.77   -0.61   0.48   
-0.69   -0.61   0.42   
-0.61   -0.61   0.37   
-0.53   -0.61   0.32   
-0.44   -0.61   0.28   
-0.36   -0.61   0.25   
-0.28   -0.61   0.22   
-0.20   -0.61   0.20   
-0.12   -0.61   0.19   
-0.04   -0.61   0.18   
0.04    -0.61   0.18   
0.12    -0.61   0.19   
0.20    -0.61   0.20   
0.28    -0.61   0.22   
0.36    -0.61   0.25   
0.44    -0.61   0.28   
0.53    -0.61   0.32   
0.61    -0.61   0.37   
0.69    -0.61   0.42   
0.77    -0.61   0.48   
0.85    -0.61   0.54   
0.93    -0.61   0.62   
1.01    -0.61   0.69   
1.09    -0.61   0.78   
1.17    -0.61   0.87   
1.25    -0.61   0.97   
1.33    -0.61   1.07   
1.41    -0.61   1.18   
1.49    -0.61   1.30   
1.58    -0.61   1.43   
1.66    -0.61   1.56   
1.74    -0.61   1.69   
1.82    -0.61   1.84   
1.90    -0.61   1.99   
1.98    -0.61   2.14   
2.06    -0.61   2.31   
2.14    -0.61   2.48   
2.22    -0.61   2.65   
2.30    -0.61   2.84   
2.38    -0.61   3.02   
2.46    -0.61   3.22   
2.55    -0.61   3.42   
2.63    -0.61   3.63   
2.71    -0.61   3.85   
2.79    -0.61   4.07   
2.87    -0.61   4.30   
2.95    -0.61   4.53   
3.03    -0.61   4.78   
3.11    -0.61   5.02   
3.19    -0.61   5.28   
3.27    -0.61   5.54   
3.35    -0.61   5.81   
3.43    -0.61   6.08   
3.52    -0.61   6.36   
3.60    -0.61   6.65   
3.68    -0.61   6.94   
3.76    -0.61   7.24   
3.84    -0.61   7.55   
3.92    -0.61   7.86   
4.00    -0.61   8.18   
-4.00   -0.53   8.14   
-3.92   -0.53   7.82   
-3.84   -0.53   7.50   
-3.76   -0.53   7.20   
-3.68   -0.53   6.90   
-3.60   -0.53   6.60   
-3.52   -0.53   6.32   
-3.43   -0.53   6.04   
-3.35   -0.53   5.76   
-3.27   -0.53   5.49   
-3.19   -0.53   5.23   
-3.11   -0.53   4.98   
-3.03   -0.53   4.73   
-2.95   -0.53   4.49   
-2.87   -0.53   4.25   
-2.79   -0.53   4.02   
-2.71   -0.53   3.80   
-2.63   -0.53   3.59   
-2.55   -0.53   3.38   
-2.46   -0.53   3.18   
-2.38   -0.53   2.98   
-2.30   -0.53   2.79   
-2.22   -0.53   2.61   
-2.14   -0.53   2.43   
-2.06   -0.53   2.26   
-1.98   -0.53   2.10   
-1.90   -0.53   1.94   
-1.82   -0.53   1.79   
-1.74   -0.53   1.65   
-1.66   -0.53   1.51   
-1.58   -0.53   1.38   
-1.49   -0.53   1.26   
-1.41   -0.53   1.14   
-1.33   -0.53   1.03   
-1.25   -0.53   0.92   
-1.17   -0.53   0.82   
-1.09   -0.53   0.73   
-1.01   -0.53   0.65   
-0.93   -0.53   0.57   
-0.85   -0.53   0.50   
-0.77   -0.53   0.43   
-0.69   -0.53   0.37   
-0.61   -0.53   0.32   
-0.53   -0.53   0.28   
-0.44   -0.53   0.24   
-0.36   -0.53   0.20   
-0.28   -0.53   0.18   
-0.20   -0.53   0.16   
-0.12   -0.53   0.15   
-0.04   -0.53   0.14   
0.04    -0.53   0.14   
0.12    -0.53   0.15   
0.20    -0.53   0.16   
0.28    -0.53   0.18   
0.36    -0.53   0.20   
0.44    -0.53   0.24   
0.53    -0.53   0.28   
0.61    -0.53   0.32   
0.69    -0.53   0.37   
0.77    -0.53   0.43   
0.85    -0.53   0.50   
0.93    -0.53   0.57   
1.01    -0.53   0.65   
1.09    -0.53   0.73   
1.17    -0.53   0.82   
1.25    -0.53   0.92   
1.33    -0.53   1.03   
1.41    -0.53   1.14   
1.49    -0.53   1.26   
1.58    -0.53   1.38   
1.66    -0.53   1.51   
1.74    -0.53   1.65   
1.82    -0.53   1.79   
1.90    -0.53   1.94   
1.98    -0.53   2.10   
2.06    -0.53   2.26   
2.14    -0.53   2.43   
2.22    -0.53   2.61   
2.30    -0.53   2.79   
2.38    -0.53   2.98   
2.46    -0.53   3.18   
2.55    -0.53   3.38   
2.63    -0.53   3.59   
2.71    -0.53   3.80   
2.79    -0.53   4.02   
2.87    -0.53   4.25   
2.95    -0.53   4.49   
3.03    -0.53   4.73   
3.11    -0.53   4.98   
3.19    -0.53   5.23   
3.27    -0.53   5.49   
3.35    -0.53   5.76   
3.43    -0.53   6.04   
3.52    -0.53   6.32   
3.60    -0.53   6.60   
3.68    -0.53   6.90   
3.76    -0.53   7.20   
3.84    -0.53   7.50   
3.92    -0.53   7.82   
4.00    -0.53   8.14   
-4.00   -0.44   8.10   
-3.92   -0.44   7.78   
-3.84   -0.44   7.47   
-3.76   -0.44   7.16   
-3.68   -0.44   6.86   
-3.60   -0.44   6.56   
-3.52   -0.44   6.28   
-3.43   -0.44   6.00   
-3.35   -0.44   5.72   
-3.27   -0.44   5.45   
-3.19   -0.44   5.19   
-3.11   -0.44   4.94   
-3.03   -0.44   4.69   
-2.95   -0.44   4.45   
-2.87   -0.44   4.21   
-2.79   -0.44   3.98   
-2.71   -0.44   3.76   
-2.63   -0.44   3.55   
-2.55   -0.44   3.34   
-2.46   -0.44   3.14   
-2.38   -0.44   2.94   
-2.30   -0.44   2.75   
-2.22   -0.44   2.57   
-2.14   -0.44   2.39   
-2.06   -0.44   2.22   
-1.98   -0.44   2.06   
-1.90   -0.44   1.90   
-1.82   -0.44   1.75   
-1.74   -0.44   1.61   
-1.66   -0.44   1.47   
-1.58   -0.44   1.34   
-1.49   -0.44   1.22   
-1.41   -0.44   1.10   
-1.33   -0.44   0.99   
-1.25   -0.44   0.88   
-1.17   -0.44   0.79   
-1.09   -0.44   0.69   
-1.01   -0.44   0.61   
-0.93   -0.44   0.53   
-0.85   -0.44   0.46   
-0.77   -0.44   0.39   
-0.69   -0.44   0.33   
-0.61   -0.44   0.28   
-0.53   -0.44   0.24   
-0.44   -0.44   0.20   
-0.36   -0.44   0.16   
-0.28   -0.44   0.14   
-0.20   -0.44   0.12   
-0.12   -0.44   0.11   
-0.04   -0.44   0.10   
0.04    -0.44   0.10   
0.12    -0.44   0.11   
0.20    -0.44   0.12   
0.28    -0.44   0.14   
0.36    -0.44   0.16   
0.44    -0.44   0.20   
0.53    -0.44   0.24   
0.61    -0.44   0.28   
0.69    -0.44   0.33   
0.77    -0.44   0.39   
0.85    -0.44   0.46   
0.93    -0.44   0.53   
1.01    -0.44   0.61   
1.09    -0.44   0.69   
1.17    -0.44   0.79   
1.25    -0.44   0.88   
1.33    -0.44   0.99   
1.41    -0.44   1.10   
1.49    -0.44   1.22   
1.58    -0.44   1.34   
1.66    -0.44   1.47   
1.74    -0.44   1.61   
1.82    -0.44   1.75   
1.90    -0.44   1.90   
1.98    -0.44   2.06   
2.06    -0.44   2.22   
2.14    -0.44   2.39   
2.22    -0.44   2.57   
2.30    -0.44   2.75   
2.38    -0.44   2.94   
2.46    -0.44   3.14   
2.55    -0.44   3.34   
2.63    -0.44   3.55   
2.71    -0.44   3.76   
2.79    -0.44   3.98   
2.87    -0.44   4.21   
2.95    -0.44   4.45   
3.03    -0.44   4.69   
3.11    -0.44   4.94   
3.19    -0.44   5.19   
3.27    -0.44   5.45   
3.35    -0.44   5.72   
3.43    -0.44   6.00   
3.52    -0.44   6.28   
3.60    -0.44   6.56   
3.68    -0.44   6.86   
3.76    -0.44   7.16   
3.84    -0.44   7.47   
3.92    -0.44   7.78   
4.00    -0.44   8.10   
-4.00   -0.36   8.07   
-3.92   -0.36   7.75   
-3.84   -0.36   7.43   
-3.76   -0.36   7.13   
-3.68   -0.36   6.83   
-3.60   -0.36   6.53   
-3.52   -0.36   6.24   
-3.43   -0.36   5.96   
-3.35   -0.36   5.69   
-3.27   -0.36   5.42   
-3.19   -0.36   5.16   
-3.11   -0.36   4.91   
-3.03   -0.36   4.66   
-2.95   -0.36   4.42   
-2.87   -0.36   4.18   
-2.79   -0.36   3.95   
-2.71   -0.36   3.73   
-2.63   -0.36   3.51   
-2.55   -0.36   3.31   
-2.46   -0.36   3.10   
-2.38   -0.36   2.91   
-2.30   -0.36   2.72   
-2.22   -0.36   2.54   
-2.14   -0.36   2.36   
-2.06   -0.36   2.19   
-1.98   -0.36   2.03   
-1.90   -0.36   1.87   
-1.82   -0.36   1.72   
-1.74   -0.36   1.58   
-1.66   -0.36   1.44   
-1.58   -0.36   1.31   
-1.49   -0.36   1.18   
-1.41   -0.36   1.07   
-1.33   -0.36   0.96   
-1.25   -0.36   0.85   
-1.17   -0.36   0.75   
-1.09   -0.36   0.66   
-1.01   -0.36   0.58   
-0.93   -0.36   0.50   
-0.85   -0.36   0.43   
-0.77   -0.36   0.36   
-0.69   -0.36   0.30   
-0.61   -0.36   0.25   
-0.53   -0.36   0.20   
-0.44   -0.36   0.16   
-0.36   -0.36   0.13   
-0.28   -0.36   0.11   
-0.20   -0.36   0.09   
-0.12   -0.36   0.07   
-0.04   -0.36   0.07   
0.04    -0.36   0.07   
0.12    -0.36   0.07   
0.20    -0.36   0.09   
0.28    -0.36   0.11   
0.36    -0.36   0.13   
0.44    -0.36   0.16   
0.53    -0.36   0.20   
0.61    -0.36   0.25   
0.69    -0.36   0.30   
0.77    -0.36   0.36   
0.85    -0.36   0.43   
0.93    -0.36   0.50   
1.01    -0.36   0.58   
1.09    -0.36   0.66   
1.17    -0.36   0.75   
1.25    -0.36   0.85   
1.33    -0.36   0.96   
1.41    -0.36   1.07   
1.49    -0.36   1.18   
1.58    -0.36   1.31   
1.66    -0.36   1.44   
1.74    -0.36   1.58   
1.82    -0.36   1.72   
1.90    -0.36   1.87   
1.98    -0.36   2.03   
2.06    -0.36   2.19   
2.14    -0.36   2.36   
2.22    -0.36   2.54   
2.30    -0.36   2.72   
2.38    -0.36   2.91   
2.46    -0.36   3.10   
2.55    -0.36   3.31   
2.63    -0.36   3.51   
2.71    -0.36   3.73   
2.79    -0.36   3.95   
2.87    -0.36   4.18   
2.95    -0.36   4.42   
3.03    -0.36   4.66   
3.11    -0.36   4.91   
3.19    -0.36   5.16   
3.27    -0.36   5.42   
3.35    -0.36   5.69   
3.43    -0.36   5.96   
3.52    -0.36   6.24   
3.60    -0.36   6.53   
3.68    -0.36   6.83   
3.76    -0.36   7.13   
3.84    -0.36   7.43   
3.92    -0.36   7.75   
4.00    -0.36   8.07   
-4.00   -0.28   8.04   
-3.92   -0.28   7.72   
-3.84   -0.28   7.41   
-3.76   -0.28   7.10   
-3.68   -0.28   6.80   
-3.60   -0.28   6.51   
-3.52   -0.28   6.22   
-3.43   -0.28   5.94   
-3.35   -0.28   5.66   
-3.27   -0.28   5.40   
-3.19   -0.28   5.13   
-3.11   -0.28   4.88   
-3.03   -0.28   4.63   
-2.95   -0.28   4.39   
-2.87   -0.28   4.15   
-2.79   -0.28   3.93   
-2.71   -0.28   3.70   
-2.63   -0.28   3.49   
-2.55   -0.28   3.28   
-2.46   -0.28   3.08   
-2.38   -0.28   2.88   
-2.30   -0.28   2.69   
-2.22   -0.28   2.51   
-2.14   -0.28   2.33   
-2.06   -0.28   2.16   
-1.98   -0.28   2.00   
-1.90   -0.28   1.84   
-1.82   -0.28   1.69   
-1.74   -0.28   1.55   
-1.66   -0.28   1.41   
-1.58   -0.28   1.28   
-1.49   -0.28   1.16   
-1.41   -0.28   1.04   
-1.33   -0.28   0.93   
-1.25   -0.28   0.82   
-1.17   -0.28   0.73   
-1.09   -0.28   0.64   
-1.01   -0.28   0.55   
-0.93   -0.28   0.47   
-0.85   -0.28   0.40   
-0.77   -0.28   0.33   
-0.69   -0.28   0.28   
-0.61   -0.28   0.22   
-0.53   -0.28   0.18   
-0.44   -0.28   0.14   
-0.36   -0.28   0.11   
-0.28   -0.28   0.08   
-0.20   -0.28   0.06   
-0.12   -0.28   0.05   
-0.04   -0.28   0.04   
0.04    -0.28   0.04   
0.12    -0.28   0.05   
0.20    -0.28   0.06   
0.28    -0.28   0.08   
0.36    -0.28   0.11   
0.44    -0.28   0.14   
0.53    -0.28   0.18   
0.61    -0.28   0.22   
0.69    -0.28   0.28   
0.77    -0.28   0.33   
0.85    -0.28   0.40   
0.93    -0.28   0.47   
1.01    -0.28   0.55   
1.09    -0.28   0.64   
1.17    -0.28   0.73   
1.25    -0.28   0.82   
1.33    -0.28   0.93   
1.41    -0.28   1.04   
1.49    -0.28   1.16   
1.58    -0.28   1.28   
1.66    -0.28   1.41   
1.74    -0.28   1.55   
1.82    -0.28   1.69   
1.90    -0.28   1.84   
1.98    -0.28   2.00   
2.06    -0.28   2.16   
2.14    -0.28   2.33   
2.22    -0.28   2.51   
2.30    -0.28   2.69   
2.38    -0.28   2.88   
2.46    -0.28   3.08   
2.55    -0.28   3.28   
2.63    -0.28   3.49   
2.71    -0.28   3.70   
2.79    -0.28   3.93   
2.87    -0.28   4.15   
2.95    -0.28   4.39   
3.03    -0.28   4.63   
3.11    -0.28   4.88   
3.19    -0.28   5.13   
3.27    -0.28   5.40   
3.35    -0.28   5.66   
3.43    -0.28   5.94   
3.52    -0.28   6.22   
3.60    -0.28   6.51   
3.68    -0.28   6.80   
3.76    -0.28   7.10   
3.84    -0.28   7.41   
3.92    -0.28   7.72   
4.00    -0.28   8.04   
-4.00   -0.20   8.02   
-3.92   -0.20   7.70   
-3.84   -0.20   7.39   
-3.76   -0.20   7.08   
-3.68   -0.20   6.78   
-3.60   -0.20   6.49   
-3.52   -0.20   6.20   
-3.43   -0.20   5.92   
-3.35   -0.20   5.64   
-3.27   -0.20   5.38   
-3.19   -0.20   5.11   
-3.11   -0.20   4.86   
-3.03   -0.20   4.61   
-2.95   -0.20   4.37   
-2.87   -0.20   4.14   
-2.79   -0.20   3.91   
-2.71   -0.20   3.68   
-2.63   -0.20   3.47   
-2.55   -0.20   3.26   
-2.46   -0.20   3.06   
-2.38   -0.20   2.86   
-2.30   -0.20   2.67   
-2.22   -0.20   2.49   
-2.14   -0.20   2.31   
-2.06   -0.20   2.14   
-1.98   -0.20   1.98   
-1.90   -0.20   1.82   
-1.82   -0.20   1.67   
-1.74   -0.20   1.53   
-1.66   -0.20   1.39   
-1.58   -0.20   1.26   
-1.49   -0.20   1.14   
-1.41   -0.20   1.02   
-1.33   -0.20   0.91   
-1.25   -0.20   0.80   
-1.17   -0.20   0.71   
-1.09   -0.20   0.62   
-1.01   -0.20   0.53   
-0.93   -0.20   0.45   
-0.85   -0.20   0.38   
-0.77   -0.20   0.32   
-0.69   -0.20   0.26   
-0.61   -0.20   0.20   
-0.53   -0.20   0.16   
-0.44   -0.20   0.12   
-0.36   -0.20   0.09   
-0.28   -0.20   0.06   
-0.20   -0.20   0.04   
-0.12   -0.20   0.03   
-0.04   -0.20   0.02   
0.04    -0.20   0.02   
0.12    -0.20   0.03   
0.20    -0.20   0.04   
0.28    -0.20   0.06   
0.36    -0.20   0.09   
0.44    -0.20   0.12   
0.53    -0.20   0.16   
0.61    -0.20   0.20   
0.69    -0.20   0.26   
0.77    -0.20   0.32   
0.85    -0.20   0.38   
0.93    -0.20   0.45   
1.01    -0.20   0.53   
1.09    -0.20   0.62   
1.17    -0.20   0.71   
1.25    -0.20   0.80   
1.33    -0.20   0.91   
1.41    -0.20   1.02   
1.49    -0.20   1.14   
1.58    -0.20   1.26   
1.66    -0.20   1.39   
1.74    -0.20   1.53   
1.82    -0.20   1.67   
1.90    -0.20   1.82   
1.98    -0.20   1.98   
2.06    -0.20   2.14   
2.14    -0.20   2.31   
2.22    -0.20   2.49   
2.30    -0.20   2.67   
2.38    -0.20   2.86   
2.46    -0.20   3.06   
2.55    -0.20   3.26   
2.63    -0.20   3.47   
2.71    -0.20   3.68   
2.79    -0.20   3.91   
2.87    -0.20   4.14   
2.95    -0.20   4.37   
3.03    -0.20   4.61   
3.11    -0.20   4.86   
3.19    -0.20   5.11   
3.27    -0.20   5.38   
3.35    -0.20   5.64   
3.43    -0.20   5.92   
3.52    -0.20   6.20   
3.60    -0.20   6.49   
3.68    -0.20   6.78   
3.76    -0.20   7.08   
3.84    -0.20   7.39   
3.92    -0.20   7.70   
4.00    -0.20   8.02   
-4.00   -0.12   8.01   
-3.92   -0.12   7.69   
-3.84   -0.12   7.37   
-3.76   -0.12   7.07   
-3.68   -0.12   6.77   
-3.60   -0.12   6.47   
-3.52   -0.12   6.19   
-3.43   -0.12   5.90   
-3.35   -0.12   5.63   
-3.27   -0.12   5.36   
-3.19   -0.12   5.10   
-3.11   -0.12   4.85   
-3.03   -0.12   4.60   
-2.95   -0.12   4.36   
-2.87   -0.12   4.12   
-2.79   -0.12   3.89   
-2.71   -0.12   3.67   
-2.63   -0.12   3.46   
-2.55   -0.12   3.25   
-2.46   -0.12   3.04   
-2.38   -0.12   2.85   
-2.30   -0.12   2.66   
-2.22   -0.12   2.48   
-2.14   -0.12   2.30   
-2.06   -0.12   2.13   
-1.98   -0.12   1.97   
-1.90   -0.12   1.81   
-1.82   -0.12   1.66   
-1.74   -0.12   1.52   
-1.66   -0.12   1.38   
-1.58   -0.12   1.25   
-1.49   -0.12   1.12   
-1.41   -0.12   1.01   
-1.33   -0.12   0.90   
-1.25   -0.12   0.79   
-1.17   -0.12   0.69   
-1.09   -0.12   0.60   
-1.01   -0.12   0.52   
-0.93   -0.12   0.44   
-0.85   -0.12   0.37   
-0.77   -0.12   0.30   
-0.69   -0.12   0.24   
-0.61   -0.12   0.19   
-0.53   -0.12   0.15   
-0.44   -0.12   0.11   
-0.36   -0.12   0.07   
-0.28   -0.12   0.05   
-0.20   -0.12   0.03   
-0.12   -0.12   0.01   
-0.04   -0.12   0.01   
0.04    -0.12   0.01   
0.12    -0.12   0.01   
0.20    -0.12   0.03   
0.28    -0.12   0.05   
0.36    -0.12   0.07   
0.44    -0.12   0.11   
0.53    -0.12   0.15   
0.61    -0.12   0.19   
0.69    -0.12   0.24   
0.77    -0.12   0.30   
0.85    -0.12   0.37   
0.93    -0.12   0.44   
1.01    -0.12   0.52   
1.09    -0.12   0.60   
1.17    -0.12   0.69   
1.25    -0.12   0.79   
1.33    -0.12   0.90   
1.41    -0.12   1.01   
1.49    -0.12   1.12   
1.58    -0.12   1.25   
1.66    -0.12   1.38   
1.74    -0.12   1.52   
1.82    -0.12   1.66   
1.90    -0.12   1.81   
1.98    -0.12   1.97   
2.06    -0.12   2.13   
2.14    -0.12   2.30   
2.22    -0.12   2.48   
2.30    -0.12   2.66   
2.38    -0.12   2.85   
2.46    -0.12   3.04   
2.55    -0.12   3.25   
2.63    -0.12   3.46   
2.71    -0.12   3.67   
2.79    -0.12   3.89   
2.87    -0.12   4.12   
2.95    -0.12   4.36   
3.03    -0.12   4.60   
3.11    -0.12   4.85   
3.19    -0.12   5.10   
3.27    -0.12   5.36   
3.35    -0.12   5.63   
3.43    -0.12   5.90   
3.52    -0.12   6.19   
3.60    -0.12   6.47   
3.68    -0.12   6.77   
3.76    -0.12   7.07   
3.84    -0.12   7.37   
3.92    -0.12   7.69   
4.00    -0.12   8.01   
-4.00   -0.04   8.00   
-3.92   -0.04   7.68   
-3.84   -0.04   7.37   
-3.76   -0.04   7.06   
-3.68   -0.04   6.76   
-3.60   -0.04   6.47   
-3.52   -0.04   6.18   
-3.43   -0.04   5.90   
-3.35   -0.04   5.62   
-3.27   -0.04   5.36   
-3.19   -0.04   5.09   
-3.11   -0.04   4.84   
-3.03   -0.04   4.59   
-2.95   -0.04   4.35   
-2.87   -0.04   4.12   
-2.79   -0.04   3.89   
-2.71   -0.04   3.66   
-2.63   -0.04   3.45   
-2.55   -0.04   3.24   
-2.46   -0.04   3.04   
-2.38   -0.04   2.84   
-2.30   -0.04   2.65   
-2.22   -0.04   2.47   
-2.14   -0.04   2.29   
-2.06   -0.04   2.12   
-1.98   -0.04   1.96   
-1.90   -0.04   1.80   
-1.82   -0.04   1.65   
-1.74   -0.04   1.51   
-1.66   -0.04   1.37   
-1.58   -0.04   1.24   
-1.49   -0.04   1.12   
-1.41   -0.04   1.00   
-1.33   -0.04   0.89   
-1.25   -0.04   0.79   
-1.17   -0.04   0.69   
-1.09   -0.04   0.60   
-1.01   -0.04   0.51   
-0.93   -0.04   0.43   
-0.85   -0.04   0.36   
-0.77   -0.04   0.30   
-0.69   -0.04   0.24   
-0.61   -0.04   0.18   
-0.53   -0.04   0.14   
-0.44   -0.04   0.10   
-0.36   -0.04   0.07   
-0.28   -0.04   0.04   
-0.20   -0.04   0.02   
-0.12   -0.04   0.01   
-0.04   -0.04   0.00   
0.04    -0.04   0.00   
0.12    -0.04   0.01   
0.20    -0.04   0.02   
0.28    -0.04   0.04   
0.36    -0.04   0.07   
0.44    -0.04   0.10   
0.53    -0.04   0.14   
0.61    -0.04   0.18   
0.69    -0.04   0.24   
0.77    -0.04   0.30   
0.85    -0.04   0.36   
0.93    -0.04   0.43   
1.01    -0.04   0.51   
1.09    -0.04   0.60   
1.17    -0.04   0.69   
1.25    -0.04   0.79   
1.33    -0.04   0.89   
1.41    -0.04   1.00   
1.49    -0.04   1.12   
1.58    -0.04   1.24   
1.66    -0.04   1.37   
1.74    -0.04   1.51   
1.82    -0.04   1.65   
1.90    -0.04   1.80   
1.98    -0.04   1.96   
2.06    -0.04   2.12   
2.14    -0.04   2.29   
2.22    -0.04   2.47   
2.30    -0.04   2.65   
2.38    -0.04   2.84   
2.46    -0.04   3.04   
2.55    -0.04   3.24   
2.63    -0.04   3.45   
2.71    -0.04   3.66   
2.79    -0.04   3.89   
2.87    -0.04   4.12   
2.95    -0.04   4.35   
3.03    -0.04   4.59   
3.11    -0.04   4.84   
3.19    -0.04   5.09   
3.27    -0.04   5.36   
3.35    -0.04   5.62   
3.43    -0.04   5.90   
3.52    -0.04   6.18   
3.60    -0.04   6.47   
3.68    -0.04   6.76   
3.76    -0.04   7.06   
3.84    -0.04   7.37   
3.92    -0.04   7.68   
4.00    -0.04   8.00   
-4.00   0.04    8.00   
-3.92   0.04    7.68   
-3.84   0.04    7.37   
-3.76   0.04    7.06   
-3.68   0.04    6.76   
-3.60   0.04    6.47   
-3.52   0.04    6.18   
-3.43   0.04    5.90   
-3.35   0.04    5.62   
-3.27   0.04    5.36   
-3.19   0.04    5.09   
-3.11   0.04    4.84   
-3.03   0.04    4.59   
-2.95   0.04    4.35   
-2.87   0.04    4.12   
-2.79   0.04    3.89   
-2.71   0.04    3.66   
-2.63   0.04    3.45   
-2.55   0.04    3.24   
-2.46   0.04    3.04   
-2.38   0.04    2.84   
-2.30   0.04    2.65   
-2.22   0.04    2.47   
-2.14   0.04    2.29   
-2.06   0.04    2.12   
-1.98   0.04    1.96   
-1.90   0.04    1.80   
-1.82   0.04    1.65   
-1.74   0.04    1.51   
-1.66   0.04    1.37   
-1.58   0.04    1.24   
-1.49   0.04    1.12   
-1.41   0.04    1.00   
-1.33   0.04    0.89   
-1.25   0.04    0.79   
-1.17   0.04    0.69   
-1.09   0.04    0.60   
-1.01   0.04    0.51   
-0.93   0.04    0.43   
-0.85   0.04    0.36   
-0.77   0.04    0.30   
-0.69   0.04    0.24   
-0.61   0.04    0.18   
-0.53   0.04    0.14   
-0.44   0.04    0.10   
-0.36   0.04    0.07   
-0.28   0.04    0.04   
-0.20   0.04    0.02   
-0.12   0.04    0.01   
-0.04   0.04    0.00   
0.04    0.04    0.00   
0.12    0.04    0.01   
0.20    0.04    0.02   
0.28    0.04    0.04   
0.36    0.04    0.07   
0.44    0.04    0.10   
0.53    0.04    0.14   
0.61    0.04    0.18   
0.69    0.04    0.24   
0.77    0.04    0.30   
0.85    0.04    0.36   
0.93    0.04    0.43   
1.01    0.04    0.51   
1.09    0.04    0.60   
1.17    0.04    0.69   
1.25    0.04    0.79   
1.33    0.04    0.89   
1.41    0.04    1.00   
1.49    0.04    1.12   
1.58    0.04    1.24   
1.66    0.04    1.37   
1.74    0.04    1.51   
1.82    0.04    1.65   
1.90    0.04    1.80   
1.98    0.04    1.96   
2.06    0.04    2.12   
2.14    0.04    2.29   
2.22    0.04    2.47   
2.30    0.04    2.65   
2.38    0.04    2.84   
2.46    0.04    3.04   
2.55    0.04    3.24   
2.63    0.04    3.45   
2.71    0.04    3.66   
2.79    0.04    3.89   
2.87    0.04    4.12   
2.95    0.04    4.35   
3.03    0.04    4.59   
3.11    0.04    4.84   
3.19    0.04    5.09   
3.27    0.04    5.36   
3.35    0.04    5.62   
3.43    0.04    5.90   
3.52    0.04    6.18   
3.60    0.04    6.47   
3.68    0.04    6.76   
3.76    0.04    7.06   
3.84    0.04    7.37   
3.92    0.04    7.68   
4.00    0.04    8.00   
-4.00   0.12    8.01   
-3.92   0.12    7.69   
-3.84   0.12    7.37   
-3.76   0.12    7.07   
-3.68   0.12    6.77   
-3.60   0.12    6.47   
-3.52   0.12    6.19   
-3.43   0.12    5.90   
-3.35   0.12    5.63   
-3.27   0.12    5.36   
-3.19   0.12    5.10   
-3.11   0.12    4.85   
-3.03   0.12    4.60   
-2.95   0.12    4.36   
-2.87   0.12    4.12   
-2.79   0.12    3.89   
-2.71   0.12    3.67   
-2.63   0.12    3.46   
-2.55   0.12    3.25   
-2.46   0.12    3.04   
-2.38   0.12    2.85   
-2.30   0.12    2.66   
-2.22   0.12    2.48   
-2.14   0.12    2.30   
-2.06   0.12    2.13   
-1.98   0.12    1.97   
-1.90   0.12    1.81   
-1.82   0.12    1.66   
-1.74   0.12    1.52   
-1.66   0.12    1.38   
-1.58   0.12    1.25   
-1.49   0.12    1.12   
-1.41   0.12    1.01   
-1.33   0.12    0.90   
-1.25   0.12    0.79   
-1.17   0.12    0.69   
-1.09   0.12    0.60   
-1.01   0.12    0.52   
-0.93   0.12    0.44   
-0.85   0.12    0.37   
-0.77   0.12    0.30   
-0.69   0.12    0.24   
-0.61   0.12    0.19   
-0.53   0.12    0.15   
-0.44   0.12    0.11   
-0.36   0.12    0.07   
-0.28   0.12    0.05   
-0.20   0.12    0.03   
-0.12   0.12    0.01   
-0.04   0.12    0.01   
0.04    0.12    0.01   
0.12    0.12    0.01   
0.20    0.12    0.03   
0.28    0.12    0.05   
0.36    0.12    0.07   
0.44    0.12    0.11   
0.53    0.12    0.15   
0.61    0.12    0.19   
0.69    0.12    0.24   
0.77    0.12    0.30   
0.85    0.12    0.37   
0.93    0.12    0.44   
1.01    0.12    0.52   
1.09    0.12    0.60   
1.17    0.12    0.69   
1.25    0.12    0.79   
1.33    0.12    0.90   
1.41    0.12    1.01   
1.49    0.12    1.12   
1.58    0.12    1.25   
1.66    0.12    1.38   
1.74    0.12    1.52   
1.82    0.12    1.66   
1.90    0.12    1.81   
1.98    0.12    1.97   
2.06    0.12    2.13   
2.14    0.12    2.30   
2.22    0.12    2.48   
2.30    0.12    2.66   
2.38    0.12    2.85   
2.46    0.12    3.04   
2.55    0.12    3.25   
2.63    0.12    3.46   
2.71    0.12    3.67   
2.79    0.12    3.89   
2.87    0.12    4.12   
2.95    0.12    4.36   
3.03    0.12    4.60   
3.11    0.12    4.85   
3.19    0.12    5.10   
3.27    0.12    5.36   
3.35    0.12    5.63   
3.43    0.12    5.90   
3.52    0.12    6.19   
3.60    0.12    6.47   
3.68    0.12    6.77   
3.76    0.12    7.07   
3.84    0.12    7.37   
3.92    0.12    7.69   
4.00    0.12    8.01   
-4.00   0.20    8.02   
-3.92   0.20    7.70   
-3.84   0.20    7.39   
-3.76   0.20    7.08   
-3.68   0.20    6.78   
-3.60   0.20    6.49   
-3.52   0.20    6.20   
-3.43   0.20    5.92   
-3.35   0.20    5.64   
-3.27   0.20    5.38   
-3.19   0.20    5.11   
-3.11   0.20    4.86   
-3.03   0.20    4.61   
-2.95   0.20    4.37   
-2.87   0.20    4.14   
-2.79   0.20    3.91   
-2.71   0.20    3.68   
-2.63   0.20    3.47   
-2.55   0.20    3.26   
-2.46   0.20    3.06   
-2.38   0.20    2.86   
-2.30   0.20    2.67   
-2.22   0.20    2.49   
-2.14   0.20    2.31   
-2.06   0.20    2.14   
-1.98   0.20    1.98   
-1.90   0.20    1.82   
-1.82   0.20    1.67   
-1.74   0.20    1.53   
-1.66   0.20    1.39   
-1.58   0.20    1.26   
-1.49   0.20    1.14   
-1.41   0.20    1.02   
-1.33   0.20    0.91   
-1.25   0.20    0.80   
-1.17   0.20    0.71   
-1.09   0.20    0.62   
-1.01   0.20    0.53   
-0.93   0.20    0.45   
-0.85   0.20    0.38   
-0.77   0.20    0.32   
-0.69   0.20    0.26   
-0.61   0.20    0.20   
-0.53   0.20    0.16   
-0.44   0.20    0.12   
-0.36   0.20    0.09   
-0.28   0.20    0.06   
-0.20   0.20    0.04   
-0.12   0.20    0.03   
-0.04   0.20    0.02   
0.04    0.20    0.02   
0.12    0.20    0.03   
0.20    0.20    0.04   
0.28    0.20    0.06   
0.36    0.20    0.09   
0.44    0.20    0.12   
0.53    0.20    0.16   
0.61    0.20    0.20   
0.69    0.20    0.26   
0.77    0.20    0.32   
0.85    0.20    0.38   
0.93    0.20    0.45   
1.01    0.20    0.53   
1.09    0.20    0.62   
1.17    0.20    0.71   
1.25    0.20    0.80   
1.33    0.20    0.91   
1.41    0.20    1.02   
1.49    0.20    1.14   
1.58    0.20    1.26   
1.66    0.20    1.39   
1.74    0.20    1.53   
1.82    0.20    1.67   
1.90    0.20    1.82   
1.98    0.20    1.98   
2.06    0.20    2.14   
2.14    0.20    2.31   
2.22    0.20    2.49   
2.30    0.20    2.67   
2.38    0.20    2.86   
2.46    0.20    3.06   
2.55    0.20    3.26   
2.63    0.20    3.47   
2.71    0.20    3.68   
2.79    0.20    3.91   
2.87    0.20    4.14   
2.95    0.20    4.37   
3.03    0.20    4.61   
3.11    0.20    4.86   
3.19    0.20    5.11   
3.27    0.20    5.38   
3.35    0.20    5.64   
3.43    0.20    5.92   
3.52    0.20    6.20   
3.60    0.20    6.49   
3.68    0.20    6.78   
3.76    0.20    7.08   
3.84    0.20    7.39   
3.92    0.20    7.70   
4.00    0.20    8.02   
-4.00   0.28    8.04   
-3.92   0.28    7.72   
-3.84   0.28    7.41   
-3.76   0.28    7.10   
-3.68   0.28    6.80   
-3.60   0.28    6.51   
-3.52   0.28    6.22   
-3.43   0.28    5.94   
-3.35   0.28    5.66   
-3.27   0.28    5.40   
-3.19   0.28    5.13   
-3.11   0.28    4.88   
-3.03   0.28    4.63   
-2.95   0.28    4.39   
-2.87   0.28    4.15   
-2.79   0.28    3.93   
-2.71   0.28    3.70   
-2.63   0.28    3.49   
-2.55   0.28    3.28   
-2.46   0.28    3.08   
-2.38   0.28    2.88   
-2.30   0.28    2.69   
-2.22   0.28    2.51   
-2.14   0.28    2.33   
-2.06   0.28    2.16   
-1.98   0.28    2.00   
-1.90   0.28    1.84   
-1.82   0.28    1.69   
-1.74   0.28    1.55   
-1.66   0.28    1.41   
-1.58   0.28    1.28   
-1.49   0.28    1.16   
-1.41   0.28    1.04   
-1.33   0.28    0.93   
-1.25   0.28    0.82   
-1.17   0.28    0.73   
-1.09   0.28    0.64   
-1.01   0.28    0.55   
-0.93   0.28    0.47   
-0.85   0.28    0.40   
-0.77   0.28    0.33   
-0.69   0.28    0.28   
-0.61   0.28    0.22   
-0.53   0.28    0.18   
-0.44   0.28    0.14   
-0.36   0.28    0.11   
-0.28   0.28    0.08   
-0.20   0.28    0.06   
-0.12   0.28    0.05   
-0.04   0.28    0.04   
0.04    0.28    0.04   
0.12    0.28    0.05   
0.20    0.28    0.06   
0.28    0.28    0.08   
0.36    0.28    0.11   
0.44    0.28    0.14   
0.53    0.28    0.18   
0.61    0.28    0.22   
0.69    0.28    0.28   
0.77    0.28    0.33   
0.85    0.28    0.40   
0.93    0.28    0.47   
1.01    0.28    0.55   
1.09    0.28    0.64   
1.17    0.28    0.73   
1.25    0.28    0.82   
1.33    0.28    0.93   
1.41    0.28    1.04   
1.49    0.28    1.16   
1.58    0.28    1.28   
1.66    0.28    1.41   
1.74    0.28    1.55   
1.82    0.28    1.69   
1.90    0.28    1.84   
1.98    0.28    2.00   
2.06    0.28    2.16   
2.14    0.28    2.33   
2.22    0.28    2.51   
2.30    0.28    2.69   
2.38    0.28    2.88   
2.46    0.28    3.08   
2.55    0.28    3.28   
2.63    0.28    3.49   
2.71    0.28    3.70   
2.79    0.28    3.93   
2.87    0.28    4.15   
2.95    0.28    4.39   
3.03    0.28    4.63   
3.11    0.28    4.88   
3.19    0.28    5.13   
3.27    0.28    5.40   
3.35    0.28    5.66   
3.43    0.28    5.94   
3.52    0.28    6.22   
3.60    0.28    6.51   
3.68    0.28    6.80   
3.76    0.28    7.10   
3.84    0.28    7.41   
3.92    0.28    7.72   
4.00    0.28    8.04   
-4.00   0.36    8.07   
-3.92   0.36    7.75   
-3.84   0.36    7.43   
-3.76   0.36    7.13   
-3.68   0.36    6.83   
-3.60   0.36    6.53   
-3.52   0.36    6.24   
-3.43   0.36    5.96   
-3.35   0.36    5.69   
-3.27   0.36    5.42   
-3.19   0.36    5.16   
-3.11   0.36    4.91   
-3.03   0.36    4.66   
-2.95   0.36    4.42   
-2.87   0.36    4.18   
-2.79   0.36    3.95   
-2.71   0.36    3.73   
-2.63   0.36    3.51   
-2.55   0.36    3.31   
-2.46   0.36    3.10   
-2.38   0.36    2.91   
-2.30   0.36    2.72   
-2.22   0.36    2.54   
-2.14   0.36    2.36   
-2.06   0.36    2.19   
-1.98   0.36    2.03   
-1.90   0.36    1.87   
-1.82   0.36    1.72   
-1.74   0.36    1.58   
-1.66   0.36    1.44   
-1.58   0.36    1.31   
-1.49   0.36    1.18   
-1.41   0.36    1.07   
-1.33   0.36    0.96   
-1.25   0.36    0.85   
-1.17   0.36    0.75   
-1.09   0.36    0.66   
-1.01   0.36    0.58   
-0.93   0.36    0.50   
-0.85   0.36    0.43   
-0.77   0.36    0.36   
-0.69   0.36    0.30   
-0.61   0.36    0.25   
-0.53   0.36    0.20   
-0.44   0.36    0.16   
-0.36   0.36    0.13   
-0.28   0.36    0.11   
-0.20   0.36    0.09   
-0.12   0.36    0.07   
-0.04   0.36    0.07   
0.04    0.36    0.07   
0.12    0.36    0.07   
0.20    0.36    0.09   
0.28    0.36    0.11   
0.36    0.36    0.13   
0.44    0.36    0.16   
0.53    0.36    0.20   
0.61    0.36    0.25   
0.69    0.36    0.30   
0.77    0.36    0.36   
0.85    0.36    0.43   
0.93    0.36    0.50   
1.01    0.36    0.58   
1.09    0.36    0.66   
1.17    0.36    0.75   
1.25    0.36    0.85   
1.33    0.36    0.96   
1.41    0.36    1.07   
1.49    0.36    1.18   
1.58    0.36    1.31   
1.66    0.36    1.44   
1.74    0.36    1.58   
1.82    0.36    1.72   
1.90    0.36    1.87   
1.98    0.36    2.03   
2.06    0.36    2.19   
2.14    0.36    2.36   
2.22    0.36    2.54   
2.30    0.36    2.72   
2.38    0.36    2.91   
2.46    0.36    3.10   
2.55    0.36    3.31   
2.63    0.36    3.51   
2.71    0.36    3.73   
2.79    0.36    3.95   
2.87    0.36    4.18   
2.95    0.36    4.42   
3.03    0.36    4.66   
3.11    0.36    4.91   
3.19    0.36    5.16   
3.27    0.36    5.42   
3.35    0.36    5.69   
3.43    0.36    5.96   
3.52    0.36    6.24   
3.60    0.36    6.53   
3.68    0.36    6.83   
3.76    0.36    7.13   
3.84    0.36    7.43   
3.92    0.36    7.75   
4.00    0.36    8.07   
-4.00   0.44    8.10   
-3.92   0.44    7.78   
-3.84   0.44    7.47   
-3.76   0.44    7.16   
-3.68   0.44    6.86   
-3.60   0.44    6.56   
-3.52   0.44    6.28   
-3.43   0.44    6.00   
-3.35   0.44    5.72   
-3.27   0.44    5.45   
-3.19   0.44    5.19   
-3.11   0.44    4.94   
-3.03   0.44    4.69   
-2.95   0.44    4.45   
-2.87   0.44    4.21   
-2.79   0.44    3.98   
-2.71   0.44    3.76   
-2.63   0.44    3.55   
-2.55   0.44    3.34   
-2.46   0.44    3.14   
-2.38   0.44    2.94   
-2.30   0.44    2.75   
-2.22   0.44    2.57   
-2.14   0.44    2.39   
-2.06   0.44    2.22   
-1.98   0.44    2.06   
-1.90   0.44    1.90   
-1.82   0.44    1.75   
-1.74   0.44    1.61   
-1.66   0.44    1.47   
-1.58   0.44    1.34   
-1.49   0.44    1.22   
-1.41   0.44    1.10   
-1.33   0.44    0.99   
-1.25   0.44    0.88   
-1.17   0.44    0.79   
-1.09   0.44    0.69   
-1.01   0.44    0.61   
-0.93   0.44    0.53   
-0.85   0.44    0.46   
-0.77   0.44    0.39   
-0.69   0.44    0.33   
-0.61   0.44    0.28   
-0.53   0.44    0.24   
-0.44   0.44    0.20   
-0.36   0.44    0.16   
-0.28   0.44    0.14   
-0.20   0.44    0.12   
-0.12   0.44    0.11   
-0.04   0.44    0.10   
0.04    0.44    0.10   
0.12    0.44    0.11   
0.20    0.44    0.12   
0.28    0.44    0.14   
0.36    0.44    0.16   
0.44    0.44    0.20   
0.53    0.44    0.24   
0.61    0.44    0.28   
0.69    0.44    0.33   
0.77    0.44    0.39   
0.85    0.44    0.46   
0.93    0.44    0.53   
1.01    0.44    0.61   
1.09    0.44    0.69   
1.17    0.44    0.79   
1.25    0.44    0.88   
1.33    0.44    0.99   
1.41    0.44    1.10   
1.49    0.44    1.22   
1.58    0.44    1.34   
1.66    0.44    1.47   
1.74    0.44    1.61   
1.82    0.44    1.75   
1.90    0.44    1.90   
1.98    0.44    2.06   
2.06    0.44    2.22   
2.14    0.44    2.39   
2.22    0.44    2.57   
2.30    0.44    2.75   
2.38    0.44    2.94   
2.46    0.44    3.14   
2.55    0.44    3.34   
2.63    0.44    3.55   
2.71    0.44    3.76   
2.79    0.44    3.98   
2.87    0.44    4.21   
2.95    0.44    4.45   
3.03    0.44    4.69   
3.11    0.44    4.94   
3.19    0.44    5.19   
3.27    0.44    5.45   
3.35    0.44    5.72   
3.43    0.44    6.00   
3.52    0.44    6.28   
3.60    0.44    6.56   
3.68    0.44    6.86   
3.76    0.44    7.16   
3.84    0.44    7.47   
3.92    0.44    7.78   
4.00    0.44    8.10   
-4.00   0.53    8.14   
-3.92   0.53    7.82   
-3.84   0.53    7.50   
-3.76   0.53    7.20   
-3.68   0.53    6.90   
-3.60   0.53    6.60   
-3.52   0.53    6.32   
-3.43   0.53    6.04   
-3.35   0.53    5.76   
-3.27   0.53    5.49   
-3.19   0.53    5.23   
-3.11   0.53    4.98   
-3.03   0.53    4.73   
-2.95   0.53    4.49   
-2.87   0.53    4.25   
-2.79   0.53    4.02   
-2.71   0.53    3.80   
-2.63   0.53    3.59   
-2.55   0.53    3.38   
-2.46   0.53    3.18   
-2.38   0.53    2.98   
-2.30   0.53    2.79   
-2.22   0.53    2.61   
-2.14   0.53    2.43   
-2.06   0.53    2.26   
-1.98   0.53    2.10   
-1.90   0.53    1.94   
-1.82   0.53    1.79   
-1.74   0.53    1.65   
-1.66   0.53    1.51   
-1.58   0.53    1.38   
-1.49   0.53    1.26   
-1.41   0.53    1.14   
-1.33   0.53    1.03   
-1.25   0.53    0.92   
-1.17   0.53    0.82   
-1.09   0.53    0.73   
-1.01   0.53    0.65   
-0.93   0.53    0.57   
-0.85   0.53    0.50   
-0.77   0.53    0.43   
-0.69   0.53    0.37   
-0.61   0.53    0.32   
-0.53   0.53    0.28   
-0.44   0.53    0.24   
-0.36   0.53    0.20   
-0.28   0.53    0.18   
-0.20   0.53    0.16   
-0.12   0.53    0.15   
-0.04   0.53    0.14   
0.04    0.53    0.14   
0.12    0.53    0.15   
0.20    0.53    0.16   
0.28    0.53    0.18   
0.36    0.53    0.20   
0.44    0.53    0.24   
0.53    0.53    0.28   
0.61    0.53    0.32   
0.69    0.53    0.37   
0.77    0.53    0.43   
0.85    0.53    0.50   
0.93    0.53    0.57   
1.01    0.53    0.65   
1.09    0.53    0.73   
1.17    0.53    0.82   
1.25    0.53    0.92   
1.33    0.53    1.03   
1.41    0.53    1.14   
1.49    0.53    1.26   
1.58    0.53    1.38   
1.66    0.53    1.51   
1.74    0.53    1.65   
1.82    0.53    1.79   
1.90    0.53    1.94   
1.98    0.53    2.10   
2.06    0.53    2.26   
2.14    0.53    2.43   
2.22    0.53    2.61   
2.30    0.53    2.79   
2.38    0.53    2.98   
2.46    0.53    3.18   
2.55    0.53    3.38   
2.63    0.53    3.59   
2.71    0.53    3.80   
2.79    0.53    4.02   
2.87    0.53    4.25   
2.95    0.53    4.49   
3.03    0.53    4.73   
3.11    0.53    4.98   
3.19    0.53    5.23   
3.27    0.53    5.49   
3.35    0.53    5.76   
3.43    0.53    6.04   
3.52    0.53    6.32   
3.60    0.53    6.60   
3.68    0.53    6.90   
3.76    0.53    7.20   
3.84    0.53    7.50   
3.92    0.53    7.82   
4.00    0.53    8.14   
-4.00   0.61    8.18   
-3.92   0.61    7.86   
-3.84   0.61    7.55   
-3.76   0.61    7.24   
-3.68   0.61    6.94   
-3.60   0.61    6.65   
-3.52   0.61    6.36   
-3.43   0.61    6.08   
-3.35   0.61    5.81   
-3.27   0.61    5.54   
-3.19   0.61    5.28   
-3.11   0.61    5.02   
-3.03   0.61    4.78   
-2.95   0.61    4.53   
-2.87   0.61    4.30   
-2.79   0.61    4.07   
-2.71   0.61    3.85   
-2.63   0.61    3.63   
-2.55   0.61    3.42   
-2.46   0.61    3.22   
-2.38   0.61    3.02   
-2.30   0.61    2.84   
-2.22   0.61    2.65   
-2.14   0.61    2.48   
-2.06   0.61    2.31   
-1.98   0.61    2.14   
-1.90   0.61    1.99   
-1.82   0.61    1.84   
-1.74   0.61    1.69   
-1.66   0.61    1.56   
-1.58   0.61    1.43   
-1.49   0.61    1.30   
-1.41   0.61    1.18   
-1.33   0.61    1.07   
-1.25   0.61    0.97   
-1.17   0.61    0.87   
-1.09   0.61    0.78   
-1.01   0.61    0.69   
-0.93   0.61    0.62   
-0.85   0.61    0.54   
-0.77   0.61    0.48   
-0.69   0.61    0.42   
-0.61   0.61    0.37   
-0.53   0.61    0.32   
-0.44   0.61    0.28   
-0.36   0.61    0.25   
-0.28   0.61    0.22   
-0.20   0.61    0.20   
-0.12   0.61    0.19   
-0.04   0.61    0.18   
0.04    0.61    0.18   
0.12    0.61    0.19   
0.20    0.61    0.20   
0.28    0.61    0.22   
0.36    0.61    0.25   
0.44    0.61    0.28   
0.53    0.61    0.32   
0.61    0.61    0.37   
0.69    0.61    0.42   
0.77    0.61    0.48   
0.85    0.61    0.54   
0.93    0.61    0.62   
1.01    0.61    0.69   
1.09    0.61    0.78   
1.17    0.61    0.87   
1.25    0.61    0.97   
1.33    0.61    1.07   
1.41    0.61    1.18   
1.49    0.61    1.30   
1.58    0.61    1.43   
1.66    0.61    1.56   
1.74    0.61    1.69   
1.82    0.61    1.84   
1.90    0.61    1.99   
1.98    0.61    2.14   
2.06    0.61    2.31   
2.14    0.61    2.48   
2.22    0.61    2.65   
2.30    0.61    2.84   
2.38    0.61    3.02   
2.46    0.61    3.22   
2.55    0.61    3.42   
2.63    0.61    3.63   
2.71    0.61    3.85   
2.79    0.61    4.07   
2.87    0.61    4.30   
2.95    0.61    4.53   
3.03    0.61    4.78   
3.11    0.61    5.02   
3.19    0.61    5.28   
3.27    0.61    5.54   
3.35    0.61    5.81   
3.43    0.61    6.08   
3.52    0.61    6.36   
3.60    0.61    6.65   
3.68    0.61    6.94   
3.76    0.61    7.24   
3.84    0.61    7.55   
3.92    0.61    7.86   
4.00    0.61    8.18   
-4.00   0.69    8.24   
-3.92   0.69    7.92   
-3.84   0.69    7.60   
-3.76   0.69    7.30   
-3.68   0.69    7.00   
-3.60   0.69    6.70   
-3.52   0.69    6.41   
-3.43   0.69    6.13   
-3.35   0.69    5.86   
-3.27   0.69    5.59   
-3.19   0.69    5.33   
-3.11   0.69    5.08   
-3.03   0.69    4.83   
-2.95   0.69    4.59   
-2.87   0.69    4.35   
-2.79   0.69    4.12   
-2.71   0.69    3.90   
-2.63   0.69    3.68   
-2.55   0.69    3.48   
-2.46   0.69    3.27   
-2.38   0.69    3.08   
-2.30   0.69    2.89   
-2.22   0.69    2.71   
-2.14   0.69    2.53   
-2.06   0.69    2.36   
-1.98   0.69    2.20   
-1.90   0.69    2.04   
-1.82   0.69    1.89   
-1.74   0.69    1.75   
-1.66   0.69    1.61   
-1.58   0.69    1.48   
-1.49   0.69    1.35   
-1.41   0.69    1.24   
-1.33   0.69    1.12   
-1.25   0.69    1.02   
-1.17   0.69    0.92   
-1.09   0.69    0.83   
-1.01   0.69    0.75   
-0.93   0.69    0.67   
-0.85   0.69    0.60   
-0.77   0.69    0.53   
-0.69   0.69    0.47   
-0.61   0.69    0.42   
-0.53   0.69    0.37   
-0.44   0.69    0.33   
-0.36   0.69    0.30   
-0.28   0.69    0.28   
-0.20   0.69    0.26   
-0.12   0.69    0.24   
-0.04   0.69    0.24   
0.04    0.69    0.24   
0.12    0.69    0.24   
0.20    0.69    0.26   
0.28    0.69    0.28   
0.36    0.69    0.30   
0.44    0.69    0.33   
0.53    0.69    0.37   
0.61    0.69    0.42   
0.69    0.69    0.47   
0.77    0.69    0.53   
0.85    0.69    0.60   
0.93    0.69    0.67   
1.01    0.69    0.75   
1.09    0.69    0.83   
1.17    0.69    0.92   
1.25    0.69    1.02   
1.33    0.69    1.12   
1.41    0.69    1.24   
1.49    0.69    1.35   
1.58    0.69    1.48   
1.66    0.69    1.61   
1.74    0.69    1.75   
1.82    0.69    1.89   
1.90    0.69    2.04   
1.98    0.69    2.20   
2.06    0.69    2.36   
2.14    0.69    2.53   
2.22    0.69    2.71   
2.30    0.69    2.89   
2.38    0.69    3.08   
2.46    0.69    3.27   
2.55    0.69    3.48   
2.63    0.69    3.68   
2.71    0.69    3.90   
2.79    0.69    4.12   
2.87    0.69    4.35   
2.95    0.69    4.59   
3.03    0.69    4.83   
3.11    0.69    5.08   
3.19    0.69    5.33   
3.27    0.69    5.59   
3.35    0.69    5.86   
3.43    0.69    6.13   
3.52    0.69    6.41   
3.60    0.69    6.70   
3.68    0.69    7.00   
3.76    0.69    7.30   
3.84    0.69    7.60   
3.92    0.69    7.92   
4.00    0.69    8.24   
-4.00   0.77    8.29   
-3.92   0.77    7.97   
-3.84   0.77    7.66   
-3.76   0.77    7.35   
-3.68   0.77    7.05   
-3.60   0.77    6.76   
-3.52   0.77    6.47   
-3.43   0.77    6.19   
-3.35   0.77    5.92   
-3.27   0.77    5.65   
-3.19   0.77    5.39   
-3.11   0.77    5.13   
-3.03   0.77    4.89   
-2.95   0.77    4.64   
-2.87   0.77    4.41   
-2.79   0.77    4.18   
-2.71   0.77    3.96   
-2.63   0.77    3.74   
-2.55   0.77    3.53   
-2.46   0.77    3.33   
-2.38   0.77    3.14   
-2.30   0.77    2.95   
-2.22   0.77    2.76   
-2.14   0.77    2.59   
-2.06   0.77    2.42   
-1.98   0.77    2.25   
-1.90   0.77    2.10   
-1.82   0.77    1.95   
-1.74   0.77    1.80   
-1.66   0.77    1.67   
-1.58   0.77    1.54   
-1.49   0.77    1.41   
-1.41   0.77    1.29   
-1.33   0.77    1.18   
-1.25   0.77    1.08   
-1.17   0.77    0.98   
-1.09   0.77    0.89   
-1.01   0.77    0.80   
-0.93   0.77    0.73   
-0.85   0.77    0.65   
-0.77   0.77    0.59   
-0.69   0.77    0.53   
-0.61   0.77    0.48   
-0.53   0.77    0.43   
-0.44   0.77    0.39   
-0.36   0.77    0.36   
-0.28   0.77    0.33   
-0.20   0.77    0.32   
-0.12   0.77    0.30   
-0.04   0.77    0.30   
0.04    0.77    0.30   
0.12    0.77    0.30   
0.20    0.77    0.32   
0.28    0.77    0.33   
0.36    0.77    0.36   
0.44    0.77    0.39   
0.53    0.77    0.43   
0.61    0.77    0.48   
0.69    0.77    0.53   
0.77    0.77    0.59   
0.85    0.77    0.65   
0.93    0.77    0.73   
1.01    0.77    0.80   
1.09    0.77    0.89   
1.17    0.77    0.98   
1.25    0.77    1.08   
1.33    0.77    1.18   
1.41    0.77    1.29   
1.49    0.77    1.41   
1.58    0.77    1.54   
1.66    0.77    1.67   
1.74    0.77    1.80   
1.82    0.77    1.95   
1.90    0.77    2.10   
1.98    0.77    2.25   
2.06    0.77    2.42   
2.14    0.77    2.59   
2.22    0.77    2.76   
2.30    0.77    2.95   
2.38    0.77    3.14   
2.46    0.77    3.33   
2.55    0.77    3.53   
2.63    0.77    3.74   
2.71    0.77    3.96   
2.79    0.77    4.18   
2.87    0.77    4.41   
2.95    0.77    4.64   
3.03    0.77    4.89   
3.11    0.77    5.13   
3.19    0.77    5.39   
3.27    0.77    5.65   
3.35    0.77    5.92   
3.43    0.77    6.19   
3.52    0.77    6.47   
3.60    0.77    6.76   
3.68    0.77    7.05   
3.76    0.77    7.35   
3.84    0.77    7.66   
3.92    0.77    7.97   
4.00    0.77    8.29   
-4.00   0.85    8.36   
-3.92   0.85    8.04   
-3.84   0.85    7.73   
-3.76   0.85    7.42   
-3.68   0.85    7.12   
-3.60   0.85    6.83   
-3.52   0.85    6.54   
-3.43   0.85    6.26   
-3.35   0.85    5.98   
-3.27   0.85    5.72   
-3.19   0.85    5.45   
-3.11   0.85    5.20   
-3.03   0.85    4.95   
-2.95   0.85    4.71   
-2.87   0.85    4.47   
-2.79   0.85    4.25   
-2.71   0.85    4.02   
-2.63   0.85    3.81   
-2.55   0.85    3.60   
-2.46   0.85    3.40   
-2.38   0.85    3.20   
-2.30   0.85    3.01   
-2.22   0.85    2.83   
-2.14   0.85    2.65   
-2.06   0.85    2.48   
-1.98   0.85    2.32   
-1.90   0.85    2.16   
-1.82   0.85    2.01   
-1.74   0.85    1.87   
-1.66   0.85    1.73   
-1.58   0.85    1.60   
-1.49   0.85    1.48   
-1.41   0.85    1.36   
-1.33   0.85    1.25   
-1.25   0.85    1.14   
-1.17   0.85    1.05   
-1.09   0.85    0.96   
-1.01   0.85    0.87   
-0.93   0.85    0.79   
-0.85   0.85    0.72   
-0.77   0.85    0.65   
-0.69   0.85    0.60   
-0.61   0.85    0.54   
-0.53   0.85    0.50   
-0.44   0.85    0.46   
-0.36   0.85    0.43   
-0.28   0.85    0.40   
-0.20   0.85    0.38   
-0.12   0.85    0.37   
-0.04   0.85    0.36   
0.04    0.85    0.36   
0.12    0.85    0.37   
0.20    0.85    0.38   
0.28    0.85    0.40   
0.36    0.85    0.43   
0.44    0.85    0.46   
0.53    0.85    0.50   
0.61    0.85    0.54   
0.69    0.85    0.60   
0.77    0.85    0.65   
0.85    0.85    0.72   
0.93    0.85    0.79   
1.01    0.85    0.87   
1.09    0.85    0.96   
1.17    0.85    1.05   
1.25    0.85    1.14   
1.33    0.85    1.25   
1.41    0.85    1.36   
1.49    0.85    1.48   
1.58    0.85    1.60   
1.66    0.85    1.73   
1.74    0.85    1.87   
1.82    0.85    2.01   
1.90    0.85    2.16   
1.98    0.85    2.32   
2.06    0.85    2.48   
2.14    0.85    2.65   
2.22    0.85    2.83   
2.30    0.85    3.01   
2.38    0.85    3.20   
2.46    0.85    3.40   
2.55    0.85    3.60   
2.63    0.85    3.81   
2.71    0.85    4.02   
2.79    0.85    4.25   
2.87    0.85    4.47   
2.95    0.85    4.71   
3.03    0.85    4.95   
3.11    0.85    5.20   
3.19    0.85    5.45   
3.27    0.85    5.72   
3.35    0.85    5.98   
3.43    0.85    6.26   
3.52    0.85    6.54   
3.60    0.85    6.83   
3.68    0.85    7.12   
3.76    0.85    7.42   
3.84    0.85    7.73   
3.92    0.85    8.04   
4.00    0.85    8.36   
-4.00   0.93    8.43   
-3.92   0.93    8.11   
-3.84   0.93    7.80   
-3.76   0.93    7.49   
-3.68   0.93    7.19   
-3.60   0.93    6.90   
-3.52   0.93    6.61   
-3.43   0.93    6.33   
-3.35   0.93    6.05   
-3.27   0.93    5.79   
-3.19   0.93    5.53   
-3.11   0.93    5.27   
-3.03   0.93    5.02   
-2.95   0.93    4.78   
-2.87   0.93    4.55   
-2.79   0.93    4.32   
-2.71   0.93    4.10   
-2.63   0.93    3.88   
-2.55   0.93    3.67   
-2.46   0.93    3.47   
-2.38   0.93    3.27   
-2.30   0.93    3.08   
-2.22   0.93    2.90   
-2.14   0.93    2.72   
-2.06   0.93    2.55   
-1.98   0.93    2.39   
-1.90   0.93    2.23   
-1.82   0.93    2.08   
-1.74   0.93    1.94   
-1.66   0.93    1.80   
-1.58   0.93    1.67   
-1.49   0.93    1.55   
-1.41   0.93    1.43   
-1.33   0.93    1.32   
-1.25   0.93    1.22   
-1.17   0.93    1.12   
-1.09   0.93    1.03   
-1.01   0.93    0.94   
-0.93   0.93    0.86   
-0.85   0.93    0.79   
-0.77   0.93    0.73   
-0.69   0.93    0.67   
-0.61   0.93    0.62   
-0.53   0.93    0.57   
-0.44   0.93    0.53   
-0.36   0.93    0.50   
-0.28   0.93    0.47   
-0.20   0.93    0.45   
-0.12   0.93    0.44   
-0.04   0.93    0.43   
0.04    0.93    0.43   
0.12    0.93    0.44   
0.20    0.93    0.45   
0.28    0.93    0.47   
0.36    0.93    0.50   
0.44    0.93    0.53   
0.53    0.93    0.57   
0.61    0.93    0.62   
0.69    0.93    0.67   
0.77    0.93    0.73   
0.85    0.93    0.79   
0.93    0.93    0.86   
1.01    0.93    0.94   
1.09    0.93    1.03   
1.17    0.93    1.12   
1.25    0.93    1.22   
1.33    0.93    1.32   
1.41    0.93    1.43   
1.49    0.93    1.55   
1.58    0.93    1.67   
1.66    0.93    1.80   
1.74    0.93    1.94   
1.82    0.93    2.08   
1.90    0.93    2.23   
1.98    0.93    2.39   
2.06    0.93    2.55   
2.14    0.93    2.72   
2.22    0.93    2.90   
2.30    0.93    3.08   
2.38    0.93    3.27   
2.46    0.93    3.47   
2.55    0.93    3.67   
2.63    0.93    3.88   
2.71    0.93    4.10   
2.79    0.93    4.32   
2.87    0.93    4.55   
2.95    0.93    4.78   
3.03    0.93    5.02   
3.11    0.93    5.27   
3.19    0.93    5.53   
3.27    0.93    5.79   
3.35    0.93    6.05   
3.43    0.93    6.33   
3.52    0.93    6.61   
3.60    0.93    6.90   
3.68    0.93    7.19   
3.76    0.93    7.49   
3.84    0.93    7.80   
3.92    0.93    8.11   
4.00    0.93    8.43   
-4.00   1.01    8.51   
-3.92   1.01    8.19   
-3.84   1.01    7.88   
-3.76   1.01    7.57   
-3.68   1.01    7.27   
-3.60   1.01    6.98   
-3.52   1.01    6.69   
-3.43   1.01    6.41   
-3.35   1.01    6.13   
-3.27   1.01    5.87   
-3.19   1.01    5.60   
-3.11   1.01    5.35   
-3.03   1.01    5.10   
-2.95   1.01    4.86   
-2.87   1.01    4.62   
-2.79   1.01    4.40   
-2.71   1.01    4.17   
-2.63   1.01    3.96   
-2.55   1.01    3.75   
-2.46   1.01    3.55   
-2.38   1.01    3.35   
-2.30   1.01    3.16   
-2.22   1.01    2.98   
-2.14   1.01    2.80   
-2.06   1.01    2.63   
-1.98   1.01    2.47   
-1.90   1.01    2.31   
-1.82   1.01    2.16   
-1.74   1.01    2.02   
-1.66   1.01    1.88   
-1.58   1.01    1.75   
-1.49   1.01    1.63   
-1.41   1.01    1.51   
-1.33   1.01    1.40   
-1.25   1.01    1.29   
-1.17   1.01    1.20   
-1.09   1.01    1.11   
-1.01   1.01    1.02   
-0.93   1.01    0.94   
-0.85   1.01    0.87   
-0.77   1.01    0.80   
-0.69   1.01    0.75   
-0.61   1.01    0.69   
-0.53   1.01    0.65   
-0.44   1.01    0.61   
-0.36   1.01    0.58   
-0.28   1.01    0.55   
-0.20   1.01    0.53   
-0.12   1.01    0.52   
-0.04   1.01    0.51   
0.04    1.01    0.51   
0.12    1.01    0.52   
0.20    1.01    0.53   
0.28    1.01    0.55   
0.36    1.01    0.58   
0.44    1.01    0.61   
0.53    1.01    0.65   
0.61    1.01    0.69   
0.69    1.01    0.75   
0.77    1.01    0.80   
0.85    1.01    0.87   
0.93    1.01    0.94   
1.01    1.01    1.02   
1.09    1.01    1.11   
1.17    1.01    1.20   
1.25    1.01    1.29   
1.33    1.01    1.40   
1.41    1.01    1.51   
1.49    1.01    1.63   
1.58    1.01    1.75   
1.66    1.01    1.88   
1.74    1.01    2.02   
1.82    1.01    2.16   
1.90    1.01    2.31   
1.98    1.01    2.47   
2.06    1.01    2.63   
2.14    1.01    2.80   
2.22    1.01    2.98   
2.30    1.01    3.16   
2.38    1.01    3.35   
2.46    1.01    3.55   
2.55    1.01    3.75   
2.63    1.01    3.96   
2.71    1.01    4.17   
2.79    1.01    4.40   
2.87    1.01    4.62   
2.95    1.01    4.86   
3.03    1.01    5.10   
3.11    1.01    5.35   
3.19    1.01    5.60   
3.27    1.01    5.87   
3.35    1.01    6.13   
3.43    1.01    6.41   
3.52    1.01    6.69   
3.60    1.01    6.98   
3.68    1.01    7.27   
3.76    1.01    7.57   
3.84    1.01    7.88   
3.92    1.01    8.19   
4.00    1.01    8.51   
-4.00   1.09    8.60   
-3.92   1.09    8.28   
-3.84   1.09    7.96   
-3.76   1.09    7.65   
-3.68   1.09    7.35   
-3.60   1.09    7.06   
-3.52   1.09    6.77   
-3.43   1.09    6.49   
-3.35   1.09    6.22   
-3.27   1.09    5.95   
-3.19   1.09    5.69   
-3.11   1.09    5.43   
-3.03   1.09    5.19   
-2.95   1.09    4.94   
-2.87   1.09    4.71   
-2.79   1.09    4.48   
-2.71   1.09    4.26   
-2.63   1.09    4.04   
-2.55   1.09    3.83   
-2.46   1.09    3.63   
-2.38   1.09    3.44   
-2.30   1.09    3.25   
-2.22   1.09    3.06   
-2.14   1.09    2.89   
-2.06   1.09    2.72   
-1.98   1.09    2.55   
-1.90   1.09    2.40   
-1.82   1.09    2.25   
-1.74   1.09    2.10   
-1.66   1.09    1.97   
-1.58   1.09    1.84   
-1.49   1.09    1.71   
-1.41   1.09    1.59   
-1.33   1.09    1.48   
-1.25   1.09    1.38   
-1.17   1.09    1.28   
-1.09   1.09    1.19   
-1.01   1.09    1.11   
-0.93   1.09    1.03   
-0.85   1.09    0.96   
-0.77   1.09    0.89   
-0.69   1.09    0.83   
-0.61   1.09    0.78   
-0.53   1.09    0.73   
-0.44   1.09    0.69   
-0.36   1.09    0.66   
-0.28   1.09    0.64   
-0.20   1.09    0.62   
-0.12   1.09    0.60   
-0.04   1.09    0.60   
0.04    1.09    0.60   
0.12    1.09    0.60   
0.20    1.09    0.62   
0.28    1.09    0.64   
0.36    1.09    0.66   
0.44    1.09    0.69   
0.53    1.09    0.73   
0.61    1.09    0.78   
0.69    1.09    0.83   
0.77    1.09    0.89   
0.85    1.09    0.96   
0.93    1.09    1.03   
1.01    1.09    1.11   
1.09    1.09    1.19   
1.17    1.09    1.28   
1.25    1.09    1.38   
1.33    1.09    1.48   
1.41    1.09    1.59   
1.49    1.09    1.71   
1.58    1.09    1.84   
1.66    1.09    1.97   
1.74    1.09    2.10   
1.82    1.09    2.25   
1.90    1.09    2.40   
1.98    1.09    2.55   
2.06    1.09    2.72   
2.14    1.09    2.89   
2.22    1.09    3.06   
2.30    1.09    3.25   
2.38    1.09    3.44   
2.46    1.09    3.63   
2.55    1.09    3.83   
2.63    1.09    4.04   
2.71    1.09    4.26   
2.79    1.09    4.48   
2.87    1.09    4.71   
2.95    1.09    4.94   
3.03    1.09    5.19   
3.11    1.09    5.43   
3.19    1.09    5.69   
3.27    1.09    5.95   
3.35    1.09    6.22   
3.43    1.09    6.49   
3.52    1.09    6.77   
3.60    1.09    7.06   
3.68    1.09    7.35   
3.76    1.09    7.65   
3.84    1.09    7.96   
3.92    1.09    8.28   
4.00    1.09    8.60   
-4.00   1.17    8.69   
-3.92   1.17    8.37   
-3.84   1.17    8.05   
-3.76   1.17    7.75   
-3.68   1.17    7.45   
-3.60   1.17    7.15   
-3.52   1.17    6.86   
-3.43   1.17    6.58   
-3.35   1.17    6.31   
-3.27   1.17    6.04   
-3.19   1.17    5.78   
-3.11   1.17    5.53   
-3.03   1.17    5.28   
-2.95   1.17    5.04   
-2.87   1.17    4.80   
-2.79   1.17    4.57   
-2.71   1.17    4.35   
-2.63   1.17    4.14   
-2.55   1.17    3.93   
-2.46   1.17    3.72   
-2.38   1.17    3.53   
-2.30   1.17    3.34   
-2.22   1.17    3.16   
-2.14   1.17    2.98   
-2.06   1.17    2.81   
-1.98   1.17    2.65   
-1.90   1.17    2.49   
-1.82   1.17    2.34   
-1.74   1.17    2.20   
-1.66   1.17    2.06   
-1.58   1.17    1.93   
-1.49   1.17    1.80   
-1.41   1.17    1.69   
-1.33   1.17    1.58   
-1.25   1.17    1.47   
-1.17   1.17    1.37   
-1.09   1.17    1.28   
-1.01   1.17    1.20   
-0.93   1.17    1.12   
-0.85   1.17    1.05   
-0.77   1.17    0.98   
-0.69   1.17    0.92   
-0.61   1.17    0.87   
-0.53   1.17    0.82   
-0.44   1.17    0.79   
-0.36   1.17    0.75   
-0.28   1.17    0.73   
-0.20   1.17    0.71   
-0.12   1.17    0.69   
-0.04   1.17    0.69   
0.04    1.17    0.69   
0.12    1.17    0.69   
0.20    1.17    0.71   
0.28    1.17    0.73   
0.36    1.17    0.75   
0.44    1.17    0.79   
0.53    1.17    0.82   
0.61    1.17    0.87   
0.69    1.17    0.92   
0.77    1.17    0.98   
0.85    1.17    1.05   
0.93    1.17    1.12   
1.01    1.17    1.20   
1.09    1.17    1.28   
1.17    1.17    1.37   
1.25    1.17    1.47   
1.33    1.17    1.58   
1.41    1.17    1.69   
1.49    1.17    1.80   
1.58    1.17    1.93   
1.66    1.17    2.06   
1.74    1.17    2.20   
1.82    1.17    2.34   
1.90    1.17    2.49   
1.98    1.17    2.65   
2.06    1.17    2.81   
2.14    1.17    2.98   
2.22    1.17    3.16   
2.30    1.17    3.34   
2.38    1.17    3.53   
2.46    1.17    3.72   
2.55    1.17    3.93   
2.63    1.17    4.14   
2.71    1.17    4.35   
2.79    1.17    4.57   
2.87    1.17    4.80   
2.95    1.17    5.04   
3.03    1.17    5.28   
3.11    1.17    5.53   
3.19    1.17    5.78   
3.27    1.17    6.04   
3.35    1.17    6.31   
3.43    1.17    6.58   
3.52    1.17    6.86   
3.60    1.17    7.15   
3.68    1.17    7.45   
3.76    1.17    7.75   
3.84    1.17    8.05   
3.92    1.17    8.37   
4.00    1.17    8.69   
-4.00   1.25    8.78   
-3.92   1.25    8.46   
-3.84   1.25    8.15   
-3.76   1.25    7.84   
-3.68   1.25    7.54   
-3.60   1.25    7.25   
-3.52   1.25    6.96   
-3.43   1.25    6.68   
-3.35   1.25    6.41   
-3.27   1.25    6.14   
-3.19   1.25    5.88   
-3.11   1.25    5.62   
-3.03   1.25    5.38   
-2.95   1.25    5.13   
-2.87   1.25    4.90   
-2.79   1.25    4.67   
-2.71   1.25    4.45   
-2.63   1.25    4.23   
-2.55   1.25    4.02   
-2.46   1.25    3.82   
-2.38   1.25    3.63   
-2.30   1.25    3.44   
-2.22   1.25    3.25   
-2.14   1.25    3.08   
-2.06   1.25    2.91   
-1.98   1.25    2.74   
-1.90   1.25    2.59   
-1.82   1.25    2.44   
-1.74   1.25    2.29   
-1.66   1.25    2.16   
-1.58   1.25    2.03   
-1.49   1.25    1.90   
-1.41   1.25    1.78   
-1.33   1.25    1.67   
-1.25   1.25    1.57   
-1.17   1.25    1.47   
-1.09   1.25    1.38   
-1.01   1.25    1.29   
-0.93   1.25    1.22   
-0.85   1.25    1.14   
-0.77   1.25    1.08   
-0.69   1.25    1.02   
-0.61   1.25    0.97   
-0.53   1.25    0.92   
-0.44   1.25    0.88   
-0.36   1.25    0.85   
-0.28   1.25    0.82   
-0.20   1.25    0.80   
-0.12   1.25    0.79   
-0.04   1.25    0.79   
0.04    1.25    0.79   
0.12    1.25    0.79   
0.20    1.25    0.80   
0.28    1.25    0.82   
0.36    1.25    0.85   
0.44    1.25    0.88   
0.53    1.25    0.92   
0.61    1.25    0.97   
0.69    1.25    1.02   
0.77    1.25    1.08   
0.85    1.25    1.14   
0.93    1.25    1.22   
1.01    1.25    1.29   
1.09    1.25    1.38   
1.17    1.25    1.47   
1.25    1.25    1.57   
1.33    1.25    1.67   
1.41    1.25    1.78   
1.49    1.25    1.90   
1.58    1.25    2.03   
1.66    1.25    2.16   
1.74    1.25    2.29   
1.82    1.25    2.44   
1.90    1.25    2.59   
1.98    1.25    2.74   
2.06    1.25    2.91   
2.14    1.25    3.08   
2.22    1.25    3.25   
2.30    1.25    3.44   
2.38    1.25    3.63   
2.46    1.25    3.82   
2.55    1.25    4.02   
2.63    1.25    4.23   
2.71    1.25    4.45   
2.79    1.25    4.67   
2.87    1.25    4.90   
2.95    1.25    5.13   
3.03    1.25    5.38   
3.11    1.25    5.62   
3.19    1.25    5.88   
3.27    1.25    6.14   
3.35    1.25    6.41   
3.43    1.25    6.68   
3.52    1.25    6.96   
3.60    1.25    7.25   
3.68    1.25    7.54   
3.76    1.25    7.84   
3.84    1.25    8.15   
3.92    1.25    8.46   
4.00    1.25    8.78   
-4.00   1.33    8.89   
-3.92   1.33    8.57   
-3.84   1.33    8.26   
-3.76   1.33    7.95   
-3.68   1.33    7.65   
-3.60   1.33    7.35   
-3.52   1.33    7.07   
-3.43   1.33    6.79   
-3.35   1.33    6.51   
-3.27   1.33    6.24   
-3.19   1.33    5.98   
-3.11   1.33    5.73   
-3.03   1.33    5.48   
-2.95   1.33    5.24   
-2.87   1.33    5.00   
-2.79   1.33    4.78   
-2.71   1.33    4.55   
-2.63   1.33    4.34   
-2.55   1.33    4.13   
-2.46   1.33    3.93   
-2.38   1.33    3.73   
-2.30   1.33    3.54   
-2.22   1.33    3.36   
-2.14   1.33    3.18   
-2.06   1.33    3.01   
-1.98   1.33    2.85   
-1.90   1.33    2.69   
-1.82   1.33    2.54   
-1.74   1.33    2.40   
-1.66   1.33    2.26   
-1.58   1.33    2.13   
-1.49   1.33    2.01   
-1.41   1.33    1.89   
-1.33   1.33    1.78   
-1.25   1.33    1.67   
-1.17   1.33    1.58   
-1.09   1.33    1.48   
-1.01   1.33    1.40   
-0.93   1.33    1.32   
-0.85   1.33    1.25   
-0.77   1.33    1.18   
-0.69   1.33    1.12   
-0.61   1.33    1.07   
-0.53   1.33    1.03   
-0.44   1.33    0.99   
-0.36   1.33    0.96   
-0.28   1.33    0.93   
-0.20   1.33    0.91   
-0.12   1.33    0.90   
-0.04   1.33    0.89   
0.04    1.33    0.89   
0.12    1.33    0.90   
0.20    1.33    0.91   
0.28    1.33    0.93   
0.36    1.33    0.96   
0.44    1.33    0.99   
0.53    1.33    1.03   
0.61    1.33    1.07   
0.69    1.33    1.12   
0.77    1.33    1.18   
0.85    1.33    1.25   
0.93    1.33    1.32   
1.01    1.33    1.40   
1.09    1.33    1.48   
1.17    1.33    1.58   
1.25    1.33    1.67   
1.33    1.33    1.78   
1.41    1.33    1.89   
1.49    1.33    2.01   
1.58    1.33    2.13   
1.66    1.33    2.26   
1.74    1.33    2.40   
1.82    1.33    2.54   
1.90    1.33    2.69   
1.98    1.33    2.85   
2.06    1.33    3.01   
2.14    1.33    3.18   
2.22    1.33    3.36   
2.30    1.33    3.54   
2.38    1.33    3.73   
2.46    1.33    3.93   
2.55    1.33    4.13   
2.63    1.33    4.34   
2.71    1.33    4.55   
2.79    1.33    4.78   
2.87    1.33    5.00   
2.95    1.33    5.24   
3.03    1.33    5.48   
3.11    1.33    5.73   
3.19    1.33    5.98   
3.27    1.33    6.24   
3.35    1.33    6.51   
3.43    1.33    6.79   
3.52    1.33    7.07   
3.60    1.33    7.35   
3.68    1.33    7.65   
3.76    1.33    7.95   
3.84    1.33    8.26   
3.92    1.33    8.57   
4.00    1.33    8.89   
-4.00   1.41    9.00   
-3.92   1.41    8.68   
-3.84   1.41    8.37   
-3.76   1.41    8.06   
-3.68   1.41    7.76   
-3.60   1.41    7.47   
-3.52   1.41    7.18   
-3.43   1.41    6.90   
-3.35   1.41    6.62   
-3.27   1.41    6.36   
-3.19   1.41    6.09   
-3.11   1.41    5.84   
-3.03   1.41    5.59   
-2.95   1.41    5.35   
-2.87   1.41    5.11   
-2.79   1.41    4.89   
-2.71   1.41    4.66   
-2.63   1.41    4.45   
-2.55   1.41    4.24   
-2.46   1.41    4.04   
-2.38   1.41    3.84   
-2.30   1.41    3.65   
-2.22   1.41    3.47   
-2.14   1.41    3.29   
-2.06   1.41    3.12   
-1.98   1.41    2.96   
-1.90   1.41    2.80   
-1.82   1.41    2.65   
-1.74   1.41    2.51   
-1.66   1.41    2.37   
-1.58   1.41    2.24   
-1.49   1.41    2.12   
-1.41   1.41    2.00   
-1.33   1.41    1.89   
-1.25   1.41    1.78   
-1.17   1.41    1.69   
-1.09   1.41    1.59   
-1.01   1.41    1.51   
-0.93   1.41    1.43   
-0.85   1.41    1.36   
-0.77   1.41    1.29   
-0.69   1.41    1.24   
-0.61   1.41    1.18   
-0.53   1.41    1.14   
-0.44   1.41    1.10   
-0.36   1.41    1.07   
-0.28   1.41    1.04   
-0.20   1.41    1.02   
-0.12   1.41    1.01   
-0.04   1.41    1.00   
0.04    1.41    1.00   
0.12    1.41    1.01   
0.20    1.41    1.02   
0.28    1.41    1.04   
0.36    1.41    1.07   
0.44    1.41    1.10   
0.53    1.41    1.14   
0.61    1.41    1.18   
0.69    1.41    1.24   
0.77    1.41    1.29   
0.85    1.41    1.36   
0.93    1.41    1.43   
1.01    1.41    1.51   
1.09    1.41    1.59   
1.17    1.41    1.69   
1.25    1.41    1.78   
1.33    1.41    1.89   
1.41    1.41    2.00   
1.49    1.41    2.12   
1.58    1.41    2.24   
1.66    1.41    2.37   
1.74    1.41    2.51   
1.82    1.41    2.65   
1.90    1.41    2.80   
1.98    1.41    2.96   
2.06    1.41    3.12   
2.14    1.41    3.29   
2.22    1.41    3.47   
2.30    1.41    3.65   
2.38    1.41    3.84   
2.46    1.41    4.04   
2.55    1.41    4.24   
2.63    1.41    4.45   
2.71    1.41    4.66   
2.79    1.41    4.89   
2.87    1.41    5.11   
2.95    1.41    5.35   
3.03    1.41    5.59   
3.11    1.41    5.84   
3.19    1.41    6.09   
3.27    1.41    6.36   
3.35    1.41    6.62   
3.43    1.41    6.90   
3.52    1.41    7.18   
3.60    1.41    7.47   
3.68    1.41    7.76   
3.76    1.41    8.06   
3.84    1.41    8.37   
3.92    1.41    8.68   
4.00    1.41    9.00   
-4.00   1.49    9.12   
-3.92   1.49    8.80   
-3.84   1.49    8.48   
-3.76   1.49    8.18   
-3.68   1.49    7.88   
-3.60   1.49    7.58   
-3.52   1.49    7.30   
-3.43   1.49    7.01   
-3.35   1.49    6.74   
-3.27   1.49    6.47   
-3.19   1.49    6.21   
-3.11   1.49    5.96   
-3.03   1.49    5.71   
-2.95   1.49    5.47   
-2.87   1.49    5.23   
-2.79   1.49    5.00   
-2.71   1.49    4.78   
-2.63   1.49    4.57   
-2.55   1.49    4.36   
-2.46   1.49    4.15   
-2.38   1.49    3.96   
-2.30   1.49    3.77   
-2.22   1.49    3.59   
-2.14   1.49    3.41   
-2.06   1.49    3.24   
-1.98   1.49    3.08   
-1.90   1.49    2.92   
-1.82   1.49    2.77   
-1.74   1.49    2.63   
-1.66   1.49    2.49   
-1.58   1.49    2.36   
-1.49   1.49    2.23   
-1.41   1.49    2.12   
-1.33   1.49    2.01   
-1.25   1.49    1.90   
-1.17   1.49    1.80   
-1.09   1.49    1.71   
-1.01   1.49    1.63   
-0.93   1.49    1.55   
-0.85   1.49    1.48   
-0.77   1.49    1.41   
-0.69   1.49    1.35   
-0.61   1.49    1.30   
-0.53   1.49    1.26   
-0.44   1.49    1.22   
-0.36   1.49    1.18   
-0.28   1.49    1.16   
-0.20   1.49    1.14   
-0.12   1.49    1.12   
-0.04   1.49    1.12   
0.04    1.49    1.12   
0.12    1.49    1.12   
0.20    1.49    1.14   
0.28    1.49    1.16   
0.36    1.49    1.18   
0.44    1.49    1.22   
0.53    1.49    1.26   
0.61    1.49    1.30   
0.69    1.49    1.35   
0.77    1.49    1.41   
0.85    1.49    1.48   
0.93    1.49    1.55   
1.01    1.49    1.63   
1.09    1.49    1.71   
1.17    1.49    1.80   
1.25    1.49    1.90   
1.33    1.49    2.01   
1.41    1.49    2.12   
1.49    1.49    2.23   
1.58    1.49    2.36   
1.66    1.49    2.49   
1.74    1.49    2.63   
1.82    1.49    2.77   
1.90    1.49    2.92   
1.98    1.49    3.08   
2.06    1.49    3.24   
2.14    1.49    3.41   
2.22    1.49    3.59   
2.30    1.49    3.77   
2.38    1.49    3.96   
2.46    1.49    4.15   
2.55    1.49    4.36   
2.63    1.49    4.57   
2.71    1.49    4.78   
2.79    1.49    5.00   
2.87    1.49    5.23   
2.95    1.49    5.47   
3.03    1.49    5.71   
3.11    1.49    5.96   
3.19    1.49    6.21   
3.27    1.49    6.47   
3.35    1.49    6.74   
3.43    1.49    7.01   
3.52    1.49    7.30   
3.60    1.49    7.58   
3.68    1.49    7.88   
3.76    1.49    8.18   
3.84    1.49    8.48   
3.92    1.49    8.80   
4.00    1.49    9.12   
-4.00   1.58    9.24   
-3.92   1.58    8.92   
-3.84   1.58    8.61   
-3.76   1.58    8.30   
-3.68   1.58    8.00   
-3.60   1.58    7.71   
-3.52   1.58    7.42   
-3.43   1.58    7.14   
-3.35   1.58    6.86   
-3.27   1.58    6.60   
-3.19   1.58    6.34   
-3.11   1.58    6.08   
-3.03   1.58    5.83   
-2.95   1.58    5.59   
-2.87   1.58    5.36   
-2.79   1.58    5.13   
-2.71   1.58    4.91   
-2.63   1.58    4.69   
-2.55   1.58    4.48   
-2.46   1.58    4.28   
-2.38   1.58    4.08   
-2.30   1.58    3.89   
-2.22   1.58    3.71   
-2.14   1.58    3.53   
-2.06   1.58    3.36   
-1.98   1.58    3.20   
-1.90   1.58    3.04   
-1.82   1.58    2.89   
-1.74   1.58    2.75   
-1.66   1.58    2.61   
-1.58   1.58    2.48   
-1.49   1.58    2.36   
-1.41   1.58    2.24   
-1.33   1.58    2.13   
-1.25   1.58    2.03   
-1.17   1.58    1.93   
-1.09   1.58    1.84   
-1.01   1.58    1.75   
-0.93   1.58    1.67   
-0.85   1.58    1.60   
-0.77   1.58    1.54   
-0.69   1.58    1.48   
-0.61   1.58    1.43   
-0.53   1.58    1.38   
-0.44   1.58    1.34   
-0.36   1.58    1.31   
-0.28   1.58    1.28   
-0.20   1.58    1.26   
-0.12   1.58    1.25   
-0.04   1.58    1.24   
0.04    1.58    1.24   
0.12    1.58    1.25   
0.20    1.58    1.26   
0.28    1.58    1.28   
0.36    1.58    1.31   
0.44    1.58    1.34   
0.53    1.58    1.38   
0.61    1.58    1.43   
0.69    1.58    1.48   
0.77    1.58    1.54   
0.85    1.58    1.60   
0.93    1.58    1.67   
1.01    1.58    1.75   
1.09    1.58    1.84   
1.17    1.58    1.93   
1.25    1.58    2.03   
1.33    1.58    2.13   
1.41    1.58    2.24   
1.49    1.58    2.36   
1.58    1.58    2.48   
1.66    1.58    2.61   
1.74    1.58    2.75   
1.82    1.58    2.89   
1.90    1.58    3.04   
1.98    1.58    3.20   
2.06    1.58    3.36   
2.14    1.58    3.53   
2.22    1.58    3.71   
2.30    1.58    3.89   
2.38    1.58    4.08   
2.46    1.58    4.28   
2.55    1.58    4.48   
2.63    1.58    4.69   
2.71    1.58    4.91   
2.79    1.58    5.13   
2.87    1.58    5.36   
2.95    1.58    5.59   
3.03    1.58    5.83   
3.11    1.58    6.08   
3.19    1.58    6.34   
3.27    1.58    6.60   
3.35    1.58    6.86   
3.43    1.58    7.14   
3.52    1.58    7.42   
3.60    1.58    7.71   
3.68    1.58    8.00   
3.76    1.58    8.30   
3.84    1.58    8.61   
3.92    1.58    8.92   
4.00    1.58    9.24   
-4.00   1.66    9.37   
-3.92   1.66    9.05   
-3.84   1.66    8.74   
-3.76   1.66    8.43   
-3.68   1.66    8.13   
-3.60   1.66    7.84   
-3.52   1.66    7.55   
-3.43   1.66    7.27   
-3.35   1.66    7.00   
-3.27   1.66    6.73   
-3.19   1.66    6.47   
-3.11   1.66    6.21   
-3.03   1.66    5.96   
-2.95   1.66    5.72   
-2.87   1.66    5.49   
-2.79   1.66    5.26   
-2.71   1.66    5.04   
-2.63   1.66    4.82   
-2.55   1.66    4.61   
-2.46   1.66    4.41   
-2.38   1.66    4.21   
-2.30   1.66    4.02   
-2.22   1.66    3.84   
-2.14   1.66    3.66   
-2.06   1.66    3.50   
-1.98   1.66    3.33   
-1.90   1.66    3.18   
-1.82   1.66    3.02   
-1.74   1.66    2.88   
-1.66   1.66    2.74   
-1.58   1.66    2.61   
-1.49   1.66    2.49   
-1.41   1.66    2.37   
-1.33   1.66    2.26   
-1.25   1.66    2.16   
-1.17   1.66    2.06   
-1.09   1.66    1.97   
-1.01   1.66    1.88   
-0.93   1.66    1.80   
-0.85   1.66    1.73   
-0.77   1.66    1.67   
-0.69   1.66    1.61   
-0.61   1.66    1.56   
-0.53   1.66    1.51   
-0.44   1.66    1.47   
-0.36   1.66    1.44   
-0.28   1.66    1.41   
-0.20   1.66    1.39   
-0.12   1.66    1.38   
-0.04   1.66    1.37   
0.04    1.66    1.37   
0.12    1.66    1.38   
0.20    1.66    1.39   
0.28    1.66    1.41   
0.36    1.66    1.44   
0.44    1.66    1.47   
0.53    1.66    1.51   
0.61    1.66    1.56   
0.69    1.66    1.61   
0.77    1.66    1.67   
0.85    1.66    1.73   
0.93    1.66    1.80   
1.01    1.66    1.88   
1.09    1.66    1.97   
1.17    1.66    2.06   
1.25    1.66    2.16   
1.33    1.66    2.26   
1.41    1.66    2.37   
1.49    1.66    2.49   
1.58    1.66    2.61   
1.66    1.66    2.74   
1.74    1.66    2.88   
1.82    1.66    3.02   
1.90    1.66    3.18   
1.98    1.66    3.33   
2.06    1.66    3.50   
2.14    1.66    3.66   
2.22    1.66    3.84   
2.30    1.66    4.02   
2.38    1.66    4.21   
2.46    1.66    4.41   
2.55    1.66    4.61   
2.63    1.66    4.82   
2.71    1.66    5.04   
2.79    1.66    5.26   
2.87    1.66    5.49   
2.95    1.66    5.72   
3.03    1.66    5.96   
3.11    1.66    6.21   
3.19    1.66    6.47   
3.27    1.66    6.73   
3.35    1.66    7.00   
3.43    1.66    7.27   
3.52    1.66    7.55   
3.60    1.66    7.84   
3.68    1.66    8.13   
3.76    1.66    8.43   
3.84    1.66    8.74   
3.92    1.66    9.05   
4.00    1.66    9.37   
-4.00   1.74    9.51   
-3.92   1.74    9.19   
-3.84   1.74    8.88   
-3.76   1.74    8.57   
-3.68   1.74    8.27   
-3.60   1.74    7.97   
-3.52   1.74    7.69   
-3.43   1.74    7.41   
-3.35   1.74    7.13   
-3.27   1.74    6.86   
-3.19   1.74    6.60   
-3.11   1.74    6.35   
-3.03   1.74    6.10   
-2.95   1.74    5.86   
-2.87   1.74    5.62   
-2.79   1.74    5.40   
-2.71   1.74    5.17   
-2.63   1.74    4.96   
-2.55   1.74    4.75   
-2.46   1.74    4.55   
-2.38   1.74    4.35   
-2.30   1.74    4.16   
-2.22   1.74    3.98   
-2.14   1.74    3.80   
-2.06   1.74    3.63   
-1.98   1.74    3.47   
-1.90   1.74    3.31   
-1.82   1.74    3.16   
-1.74   1.74    3.02   
-1.66   1.74    2.88   
-1.58   1.74    2.75   
-1.49   1.74    2.63   
-1.41   1.74    2.51   
-1.33   1.74    2.40   
-1.25   1.74    2.29   
-1.17   1.74    2.20   
-1.09   1.74    2.10   
-1.01   1.74    2.02   
-0.93   1.74    1.94   
-0.85   1.74    1.87   
-0.77   1.74    1.80   
-0.69   1.74    1.75   
-0.61   1.74    1.69   
-0.53   1.74    1.65   
-0.44   1.74    1.61   
-0.36   1.74    1.58   
-0.28   1.74    1.55   
-0.20   1.74    1.53   
-0.12   1.74    1.52   
-0.04   1.74    1.51   
0.04    1.74    1.51   
0.12    1.74    1.52   
0.20    1.74    1.53   
0.28    1.74    1.55   
0.36    1.74    1.58   
0.44    1.74    1.61   
0.53    1.74    1.65   
0.61    1.74    1.69   
0.69    1.74    1.75   
0.77    1.74    1.80   
0.85    1.74    1.87   
0.93    1.74    1.94   
1.01    1.74    2.02   
1.09    1.74    2.10   
1.17    1.74    2.20   
1.25    1.74    2.29   
1.33    1.74    2.40   
1.41    1.74    2.51   
1.49    1.74    2.63   
1.58    1.74    2.75   
1.66    1.74    2.88   
1.74    1.74    3.02   
1.82    1.74    3.16   
1.90    1.74    3.31   
1.98    1.74    3.47   
2.06    1.74    3.63   
2.14    1.74    3.80   
2.22    1.74    3.98   
2.30    1.74    4.16   
2.38    1.74    4.35   
2.46    1.74    4.55   
2.55    1.74    4.75   
2.63    1.74    4.96   
2.71    1.74    5.17   
2.79    1.74    5.40   
2.87    1.74    5.62   
2.95    1.74    5.86   
3.03    1.74    6.10   
3.11    1.74    6.35   
3.19    1.74    6.60   
3.27    1.74    6.86   
3.35    1.74    7.13   
3.43    1.74    7.41   
3.52    1.74    7.69   
3.60    1.74    7.97   
3.68    1.74    8.27   
3.76    1.74    8.57   
3.84    1.74    8.88   
3.92    1.74    9.19   
4.00    1.74    9.51   
-4.00   1.82    9.65   
-3.92   1.82    9.33   
-3.84   1.82    9.02   
-3.76   1.82    8.71   
-3.68   1.82    8.41   
-3.60   1.82    8.12   
-3.52   1.82    7.83   
-3.43   1.82    7.55   
-3.35   1.82    7.28   
-3.27   1.82    7.01   
-3.19   1.82    6.75   
-3.11   1.82    6.49   
-3.03   1.82    6.24   
-2.95   1.82    6.00   
-2.87   1.82    5.77   
-2.79   1.82    5.54   
-2.71   1.82    5.32   
-2.63   1.82    5.10   
-2.55   1.82    4.89   
-2.46   1.82    4.69   
-2.38   1.82    4.49   
-2.30   1.82    4.30   
-2.22   1.82    4.12   
-2.14   1.82    3.95   
-2.06   1.82    3.78   
-1.98   1.82    3.61   
-1.90   1.82    3.46   
-1.82   1.82    3.31   
-1.74   1.82    3.16   
-1.66   1.82    3.02   
-1.58   1.82    2.89   
-1.49   1.82    2.77   
-1.41   1.82    2.65   
-1.33   1.82    2.54   
-1.25   1.82    2.44   
-1.17   1.82    2.34   
-1.09   1.82    2.25   
-1.01   1.82    2.16   
-0.93   1.82    2.08   
-0.85   1.82    2.01   
-0.77   1.82    1.95   
-0.69   1.82    1.89   
-0.61   1.82    1.84   
-0.53   1.82    1.79   
-0.44   1.82    1.75   
-0.36   1.82    1.72   
-0.28   1.82    1.69   
-0.20   1.82    1.67   
-0.12   1.82    1.66   
-0.04   1.82    1.65   
0.04    1.82    1.65   
0.12    1.82    1.66   
0.20    1.82    1.67   
0.28    1.82    1.69   
0.36    1.82    1.72   
0.44    1.82    1.75   
0.53    1.82    1.79   
0.61    1.82    1.84   
0.69    1.82    1.89   
0.77    1.82    1.95   
0.85    1.82    2.01   
0.93    1.82    2.08   
1.01    1.82    2.16   
1.09    1.82    2.25   
1.17    1.82    2.34   
1.25    1.82    2.44   
1.33    1.82    2.54   
1.41    1.82    2.65   
1.49    1.82    2.77   
1.58    1.82    2.89   
1.66    1.82    3.02   
1.74    1.82    3.16   
1.82    1.82    3.31   
1.90    1.82    3.46   
1.98    1.82    3.61   
2.06    1.82    3.78   
2.14    1.82    3.95   
2.22    1.82    4.12   
2.30    1.82    4.30   
2.38    1.82    4.49   
2.46    1.82    4.69   
2.55    1.82    4.89   
2.63    1.82    5.10   
2.71    1.82    5.32   
2.79    1.82    5.54   
2.87    1.82    5.77   
2.95    1.82    6.00   
3.03    1.82    6.24   
3.11    1.82    6.49   
3.19    1.82    6.75   
3.27    1.82    7.01   
3.35    1.82    7.28   
3.43    1.82    7.55   
3.52    1.82    7.83   
3.60    1.82    8.12   
3.68    1.82    8.41   
3.76    1.82    8.71   
3.84    1.82    9.02   
3.92    1.82    9.33   
4.00    1.82    9.65   
-4.00   1.90    9.80   
-3.92   1.90    9.48   
-3.84   1.90    9.17   
-3.76   1.90    8.86   
-3.68   1.90    8.56   
-3.60   1.90    8.27   
-3.52   1.90    7.98   
-3.43   1.90    7.70   
-3.35   1.90    7.43   
-3.27   1.90    7.16   
-3.19   1.90    6.90   
-3.11   1.90    6.64   
-3.03   1.90    6.39   
-2.95   1.90    6.15   
-2.87   1.90    5.92   
-2.79   1.90    5.69   
-2.71   1.90    5.47   
-2.63   1.90    5.25   
-2.55   1.90    5.04   
-2.46   1.90    4.84   
-2.38   1.90    4.64   
-2.30   1.90    4.46   
-2.22   1.90    4.27   
-2.14   1.90    4.10   
-2.06   1.90    3.93   
-1.98   1.90    3.76   
-1.90   1.90    3.61   
-1.82   1.90    3.46   
-1.74   1.90    3.31   
-1.66   1.90    3.18   
-1.58   1.90    3.04   
-1.49   1.90    2.92   
-1.41   1.90    2.80   
-1.33   1.90    2.69   
-1.25   1.90    2.59   
-1.17   1.90    2.49   
-1.09   1.90    2.40   
-1.01   1.90    2.31   
-0.93   1.90    2.23   
-0.85   1.90    2.16   
-0.77   1.90    2.10   
-0.69   1.90    2.04   
-0.61   1.90    1.99   
-0.53   1.90    1.94   
-0.44   1.90    1.90   
-0.36   1.90    1.87   
-0.28   1.90    1.84   
-0.20   1.90    1.82   
-0.12   1.90    1.81   
-0.04   1.90    1.80   
0.04    1.90    1.80   
0.12    1.90    1.81   
0.20    1.90    1.82   
0.28    1.90    1.84   
0.36    1.90    1.87   
0.44    1.90    1.90   
0.53    1.90    1.94   
0.61    1.90    1.99   
0.69    1.90    2.04   
0.77    1.90    2.10   
0.85    1.90    2.16   
0.93    1.90    2.23   
1.01    1.90    2.31   
1.09    1.90    2.40   
1.17    1.90    2.49   
1.25    1.90    2.59   
1.33    1.90    2.69   
1.41    1.90    2.80   
1.49    1.90    2.92   
1.58    1.90    3.04   
1.66    1.90    3.18   
1.74    1.90    3.31   
1.82    1.90    3.46   
1.90    1.90    3.61   
1.98    1.90    3.76   
2.06    1.90    3.93   
2.14    1.90    4.10   
2.22    1.90    4.27   
2.30    1.90    4.46   
2.38    1.90    4.64   
2.46    1.90    4.84   
2.55    1.90    5.04   
2.63    1.90    5.25   
2.71    1.90    5.47   
2.79    1.90    5.69   
2.87    1.90    5.92   
2.95    1.90    6.15   
3.03    1.90    6.39   
3.11    1.90    6.64   
3.19    1.90    6.90   
3.27    1.90    7.16   
3.35    1.90    7.43   
3.43    1.90    7.70   
3.52    1.90    7.98   
3.60    1.90    8.27   
3.68    1.90    8.56   
3.76    1.90    8.86   
3.84    1.90    9.17   
3.92    1.90    9.48   
4.00    1.90    9.80   
-4.00   1.98    9.96   
-3.92   1.98    9.64   
-3.84   1.98    9.33   
-3.76   1.98    9.02   
-3.68   1.98    8.72   
-3.60   1.98    8.43   
-3.52   1.98    8.14   
-3.43   1.98    7.86   
-3.35   1.98    7.58   
-3.27   1.98    7.32   
-3.19   1.98    7.05   
-3.11   1.98    6.80   
-3.03   1.98    6.55   
-2.95   1.98    6.31   
-2.87   1.98    6.07   
-2.79   1.98    5.85   
-2.71   1.98    5.62   
-2.63   1.98    5.41   
-2.55   1.98    5.20   
-2.46   1.98    5.00   
-2.38   1.98    4.80   
-2.30   1.98    4.61   
-2.22   1.98    4.43   
-2.14   1.98    4.25   
-2.06   1.98    4.08   
-1.98   1.98    3.92   
-1.90   1.98    3.76   
-1.82   1.98    3.61   
-1.74   1.98    3.47   
-1.66   1.98    3.33   
-1.58   1.98    3.20   
-1.49   1.98    3.08   
-1.41   1.98    2.96   
-1.33   1.98    2.85   
-1.25   1.98    2.74   
-1.17   1.98    2.65   
-1.09   1.98    2.55   
-1.01   1.98    2.47   
-0.93   1.98    2.39   
-0.85   1.98    2.32   
-0.77   1.98    2.25   
-0.69   1.98    2.20   
-0.61   1.98    2.14   
-0.53   1.98    2.10   
-0.44   1.98    2.06   
-0.36   1.98    2.03   
-0.28   1.98    2.00   
-0.20   1.98    1.98   
-0.12   1.98    1.97   
-0.04   1.98    1.96   
0.04    1.98    1.96   
0.12    1.98    1.97   
0.20    1.98    1.98   
0.28    1.98    2.00   
0.36    1.98    2.03   
0.44    1.98    2.06   
0.53    1.98    2.10   
0.61    1.98    2.14   
0.69    1.98    2.20   
0.77    1.98    2.25   
0.85    1.98    2.32   
0.93    1.98    2.39   
1.01    1.98    2.47   
1.09    1.98    2.55   
1.17    1.98    2.65   
1.25    1.98    2.74   
1.33    1.98    2.85   
1.41    1.98    2.96   
1.49    1.98    3.08   
1.58    1.98    3.20   
1.66    1.98    3.33   
1.74    1.98    3.47   
1.82    1.98    3.61   
1.90    1.98    3.76   
1.98    1.98    3.92   
2.06    1.98    4.08   
2.14    1.98    4.25   
2.22    1.98    4.43   
2.30    1.98    4.61   
2.38    1.98    4.80   
2.46    1.98    5.00   
2.55    1.98    5.20   
2.63    1.98    5.41   
2.71    1.98    5.62   
2.79    1.98    5.85   
2.87    1.98    6.07   
2.95    1.98    6.31   
3.03    1.98    6.55   
3.11    1.98    6.80   
3.19    1.98    7.05   
3.27    1.98    7.32   
3.35    1.98    7.58   
3.43    1.98    7.86   
3.52    1.98    8.14   
3.60    1.98    8.43   
3.68    1.98    8.72   
3.76    1.98    9.02   
3.84    1.98    9.33   
3.92    1.98    9.64   
4.00    1.98    9.96   
-4.00   2.06    10.12  
-3.92   2.06    9.80   
-3.84   2.06    9.49   
-3.76   2.06    9.18   
-3.68   2.06    8.88   
-3.60   2.06    8.59   
-3.52   2.06    8.30   
-3.43   2.06    8.02   
-3.35   2.06    7.75   
-3.27   2.06    7.48   
-3.19   2.06    7.22   
-3.11   2.06    6.96   
-3.03   2.06    6.71   
-2.95   2.06    6.47   
-2.87   2.06    6.24   
-2.79   2.06    6.01   
-2.71   2.06    5.79   
-2.63   2.06    5.57   
-2.55   2.06    5.36   
-2.46   2.06    5.16   
-2.38   2.06    4.96   
-2.30   2.06    4.78   
-2.22   2.06    4.59   
-2.14   2.06    4.42   
-2.06   2.06    4.25   
-1.98   2.06    4.08   
-1.90   2.06    3.93   
-1.82   2.06    3.78   
-1.74   2.06    3.63   
-1.66   2.06    3.50   
-1.58   2.06    3.36   
-1.49   2.06    3.24   
-1.41   2.06    3.12   
-1.33   2.06    3.01   
-1.25   2.06    2.91   
-1.17   2.06    2.81   
-1.09   2.06    2.72   
-1.01   2.06    2.63   
-0.93   2.06    2.55   
-0.85   2.06    2.48   
-0.77   2.06    2.42   
-0.69   2.06    2.36   
-0.61   2.06    2.31   
-0.53   2.06    2.26   
-0.44   2.06    2.22   
-0.36   2.06    2.19   
-0.28   2.06    2.16   
-0.20   2.06    2.14   
-0.12   2.06    2.13   
-0.04   2.06    2.12   
0.04    2.06    2.12   
0.12    2.06    2.13   
0.20    2.06    2.14   
0.28    2.06    2.16   
0.36    2.06    2.19   
0.44    2.06    2.22   
0.53    2.06    2.26   
0.61    2.06    2.31   
0.69    2.06    2.36   
0.77    2.06    2.42   
0.85    2.06    2.48   
0.93    2.06    2.55   
1.01    2.06    2.63   
1.09    2.06    2.72   
1.17    2.06    2.81   
1.25    2.06    2.91   
1.33    2.06    3.01   
1.41    2.06    3.12   
1.49    2.06    3.24   
1.58    2.06    3.36   
1.66    2.06    3.50   
1.74    2.06    3.63   
1.82    2.06    3.78   
1.90    2.06    3.93   
1.98    2.06    4.08   
2.06    2.06    4.25   
2.14    2.06    4.42   
2.22    2.06    4.59   
2.30    2.06    4.78   
2.38    2.06    4.96   
2.46    2.06    5.16   
2.55    2.06    5.36   
2.63    2.06    5.57   
2.71    2.06    5.79   
2.79    2.06    6.01   
2.87    2.06    6.24   
2.95    2.06    6.47   
3.03    2.06    6.71   
3.11    2.06    6.96   
3.19    2.06    7.22   
3.27    2.06    7.48   
3.35    2.06    7.75   
3.43    2.06    8.02   
3.52    2.06    8.30   
3.60    2.06    8.59   
3.68    2.06    8.88   
3.76    2.06    9.18   
3.84    2.06    9.49   
3.92    2.06    9.80   
4.00    2.06    10.12  
-4.00   2.14    10.29  
-3.92   2.14    9.97   
-3.84   2.14    9.66   
-3.76   2.14    9.35   
-3.68   2.14    9.05   
-3.60   2.14    8.76   
-3.52   2.14    8.47   
-3.43   2.14    8.19   
-3.35   2.14    7.92   
-3.27   2.14    7.65   
-3.19   2.14    7.39   
-3.11   2.14    7.13   
-3.03   2.14    6.88   
-2.95   2.14    6.64   
-2.87   2.14    6.41   
-2.79   2.14    6.18   
-2.71   2.14    5.96   
-2.63   2.14    5.74   
-2.55   2.14    5.53   
-2.46   2.14    5.33   
-2.38   2.14    5.13   
-2.30   2.14    4.94   
-2.22   2.14    4.76   
-2.14   2.14    4.59   
-2.06   2.14    4.42   
-1.98   2.14    4.25   
-1.90   2.14    4.10   
-1.82   2.14    3.95   
-1.74   2.14    3.80   
-1.66   2.14    3.66   
-1.58   2.14    3.53   
-1.49   2.14    3.41   
-1.41   2.14    3.29   
-1.33   2.14    3.18   
-1.25   2.14    3.08   
-1.17   2.14    2.98   
-1.09   2.14    2.89   
-1.01   2.14    2.80   
-0.93   2.14    2.72   
-0.85   2.14    2.65   
-0.77   2.14    2.59   
-0.69   2.14    2.53   
-0.61   2.14    2.48   
-0.53   2.14    2.43   
-0.44   2.14    2.39   
-0.36   2.14    2.36   
-0.28   2.14    2.33   
-0.20   2.14    2.31   
-0.12   2.14    2.30   
-0.04   2.14    2.29   
0.04    2.14    2.29   
0.12    2.14    2.30   
0.20    2.14    2.31   
0.28    2.14    2.33   
0.36    2.14    2.36   
0.44    2.14    2.39   
0.53    2.14    2.43   
0.61    2.14    2.48   
0.69    2.14    2.53   
0.77    2.14    2.59   
0.85    2.14    2.65   
0.93    2.14    2.72   
1.01    2.14    2.80   
1.09    2.14    2.89   
1.17    2.14    2.98   
1.25    2.14    3.08   
1.33    2.14    3.18   
1.41    2.14    3.29   
1.49    2.14    3.41   
1.58    2.14    3.53   
1.66    2.14    3.66   
1.74    2.14    3.80   
1.82    2.14    3.95   
1.90    2.14    4.10   
1.98    2.14    4.25   
2.06    2.14    4.42   
2.14    2.14    4.59   
2.22    2.14    4.76   
2.30    2.14    4.94   
2.38    2.14    5.13   
2.46    2.14    5.33   
2.55    2.14    5.53   
2.63    2.14    5.74   
2.71    2.14    5.96   
2.79    2.14    6.18   
2.87    2.14    6.41   
2.95    2.14    6.64   
3.03    2.14    6.88   
3.11    2.14    7.13   
3.19    2.14    7.39   
3.27    2.14    7.65   
3.35    2.14    7.92   
3.43    2.14    8.19   
3.52    2.14    8.47   
3.60    2.14    8.76   
3.68    2.14    9.05   
3.76    2.14    9.35   
3.84    2.14    9.66   
3.92    2.14    9.97   
4.00    2.14    10.29  
-4.00   2.22    10.47  
-3.92   2.22    10.15  
-3.84   2.22    9.84   
-3.76   2.22    9.53   
-3.68   2.22    9.23   
-3.60   2.22    8.93   
-3.52   2.22    8.65   
-3.43   2.22    8.37   
-3.35   2.22    8.09   
-3.27   2.22    7.82   
-3.19   2.22    7.56   
-3.11   2.22    7.31   
-3.03   2.22    7.06   
-2.95   2.22    6.82   
-2.87   2.22    6.58   
-2.79   2.22    6.36   
-2.71   2.22    6.13   
-2.63   2.22    5.92   
-2.55   2.22    5.71   
-2.46   2.22    5.51   
-2.38   2.22    5.31   
-2.30   2.22    5.12   
-2.22   2.22    4.94   
-2.14   2.22    4.76   
-2.06   2.22    4.59   
-1.98   2.22    4.43   
-1.90   2.22    4.27   
-1.82   2.22    4.12   
-1.74   2.22    3.98   
-1.66   2.22    3.84   
-1.58   2.22    3.71   
-1.49   2.22    3.59   
-1.41   2.22    3.47   
-1.33   2.22    3.36   
-1.25   2.22    3.25   
-1.17   2.22    3.16   
-1.09   2.22    3.06   
-1.01   2.22    2.98   
-0.93   2.22    2.90   
-0.85   2.22    2.83   
-0.77   2.22    2.76   
-0.69   2.22    2.71   
-0.61   2.22    2.65   
-0.53   2.22    2.61   
-0.44   2.22    2.57   
-0.36   2.22    2.54   
-0.28   2.22    2.51   
-0.20   2.22    2.49   
-0.12   2.22    2.48   
-0.04   2.22    2.47   
0.04    2.22    2.47   
0.12    2.22    2.48   
0.20    2.22    2.49   
0.28    2.22    2.51   
0.36    2.22    2.54   
0.44    2.22    2.57   
0.53    2.22    2.61   
0.61    2.22    2.65   
0.69    2.22    2.71   
0.77    2.22    2.76   
0.85    2.22    2.83   
0.93    2.22    2.90   
1.01    2.22    2.98   
1.09    2.22    3.06   
1.17    2.22    3.16   
1.25    2.22    3.25   
1.33    2.22    3.36   
1.41    2.22    3.47   
1.49    2.22    3.59   
1.58    2.22    3.71   
1.66    2.22    3.84   
1.74    2.22    3.98   
1.82    2.22    4.12   
1.90    2.22    4.27   
1.98    2.22    4.43   
2.06    2.22    4.59   
2.14    2.22    4.76   
2.22    2.22    4.94   
2.30    2.22    5.12   
2.38    2.22    5.31   
2.46    2.22    5.51   
2.55    2.22    5.71   
2.63    2.22    5.92   
2.71    2.22    6.13   
2.79    2.22    6.36   
2.87    2.22    6.58   
2.95    2.22    6.82   
3.03    2.22    7.06   
3.11    2.22    7.31   
3.19    2.22    7.56   
3.27    2.22    7.82   
3.35    2.22    8.09   
3.43    2.22    8.37   
3.52    2.22    8.65   
3.60    2.22    8.93   
3.68    2.22    9.23   
3.76    2.22    9.53   
3.84    2.22    9.84   
3.92    2.22    10.15  
4.00    2.22    10.47  
-4.00   2.30    10.65  
-3.92   2.30    10.33  
-3.84   2.30    10.02  
-3.76   2.30    9.71   
-3.68   2.30    9.41   
-3.60   2.30    9.12   
-3.52   2.30    8.83   
-3.43   2.30    8.55   
-3.35   2.30    8.28   
-3.27   2.30    8.01   
-3.19   2.30    7.75   
-3.11   2.30    7.49   
-3.03   2.30    7.24   
-2.95   2.30    7.00   
-2.87   2.30    6.77   
-2.79   2.30    6.54   
-2.71   2.30    6.32   
-2.63   2.30    6.10   
-2.55   2.30    5.89   
-2.46   2.30    5.69   
-2.38   2.30    5.49   
-2.30   2.30    5.30   
-2.22   2.30    5.12   
-2.14   2.30    4.94   
-2.06   2.30    4.78   
-1.98   2.30    4.61   
-1.90   2.30    4.46   
-1.82   2.30    4.30   
-1.74   2.30    4.16   
-1.66   2.30    4.02   
-1.58   2.30    3.89   
-1.49   2.30    3.77   
-1.41   2.30    3.65   
-1.33   2.30    3.54   
-1.25   2.30    3.44   
-1.17   2.30    3.34   
-1.09   2.30    3.25   
-1.01   2.30    3.16   
-0.93   2.30    3.08   
-0.85   2.30    3.01   
-0.77   2.30    2.95   
-0.69   2.30    2.89   
-0.61   2.30    2.84   
-0.53   2.30    2.79   
-0.44   2.30    2.75   
-0.36   2.30    2.72   
-0.28   2.30    2.69   
-0.20   2.30    2.67   
-0.12   2.30    2.66   
-0.04   2.30    2.65   
0.04    2.30    2.65   
0.12    2.30    2.66   
0.20    2.30    2.67   
0.28    2.30    2.69   
0.36    2.30    2.72   
0.44    2.30    2.75   
0.53    2.30    2.79   
0.61    2.30    2.84   
0.69    2.30    2.89   
0.77    2.30    2.95   
0.85    2.30    3.01   
0.93    2.30    3.08   
1.01    2.30    3.16   
1.09    2.30    3.25   
1.17    2.30    3.34   
1.25    2.30    3.44   
1.33    2.30    3.54   
1.41    2.30    3.65   
1.49    2.30    3.77   
1.58    2.30    3.89   
1.66    2.30    4.02   
1.74    2.30    4.16   
1.82    2.30    4.30   
1.90    2.30    4.46   
1.98    2.30    4.61   
2.06    2.30    4.78   
2.14    2.30    4.94   
2.22    2.30    5.12   
2.30    2.30    5.30   
2.38    2.30    5.49   
2.46    2.30    5.69   
2.55    2.30    5.89   
2.63    2.30    6.10   
2.71    2.30    6.32   
2.79    2.30    6.54   
2.87    2.30    6.77   
2.95    2.30    7.00   
3.03    2.30    7.24   
3.11    2.30    7.49   
3.19    2.30    7.75   
3.27    2.30    8.01   
3.35    2.30    8.28   
3.43    2.30    8.55   
3.52    2.30    8.83   
3.60    2.30    9.12   
3.68    2.30    9.41   
3.76    2.30    9.71   
3.84    2.30    10.02  
3.92    2.30    10.33  
4.00    2.30    10.65  
-4.00   2.38    10.84  
-3.92   2.38    10.52  
-3.84   2.38    10.21  
-3.76   2.38    9.90   
-3.68   2.38    9.60   
-3.60   2.38    9.31   
-3.52   2.38    9.02   
-3.43   2.38    8.74   
-3.35   2.38    8.46   
-3.27   2.38    8.20   
-3.19   2.38    7.94   
-3.11   2.38    7.68   
-3.03   2.38    7.43   
-2.95   2.38    7.19   
-2.87   2.38    6.96   
-2.79   2.38    6.73   
-2.71   2.38    6.51   
-2.63   2.38    6.29   
-2.55   2.38    6.08   
-2.46   2.38    5.88   
-2.38   2.38    5.68   
-2.30   2.38    5.49   
-2.22   2.38    5.31   
-2.14   2.38    5.13   
-2.06   2.38    4.96   
-1.98   2.38    4.80   
-1.90   2.38    4.64   
-1.82   2.38    4.49   
-1.74   2.38    4.35   
-1.66   2.38    4.21   
-1.58   2.38    4.08   
-1.49   2.38    3.96   
-1.41   2.38    3.84   
-1.33   2.38    3.73   
-1.25   2.38    3.63   
-1.17   2.38    3.53   
-1.09   2.38    3.44   
-1.01   2.38    3.35   
-0.93   2.38    3.27   
-0.85   2.38    3.20   
-0.77   2.38    3.14   
-0.69   2.38    3.08   
-0.61   2.38    3.02   
-0.53   2.38    2.98   
-0.44   2.38    2.94   
-0.36   2.38    2.91   
-0.28   2.38    2.88   
-0.20   2.38    2.86   
-0.12   2.38    2.85   
-0.04   2.38    2.84   
0.04    2.38    2.84   
0.12    2.38    2.85   
0.20    2.38    2.86   
0.28    2.38    2.88   
0.36    2.38    2.91   
0.44    2.38    2.94   
0.53    2.38    2.98   
0.61    2.38    3.02   
0.69    2.38    3.08   
0.77    2.38    3.14   
0.85    2.38    3.20   
0.93    2.38    3.27   
1.01    2.38    3.35   
1.09    2.38    3.44   
1.17    2.38    3.53   
1.25    2.38    3.63   
1.33    2.38    3.73   
1.41    2.38    3.84   
1.49    2.38    3.96   
1.58    2.38    4.08   
1.66    2.38    4.21   
1.74    2.38    4.35   
1.82    2.38    4.49   
1.90    2.38    4.64   
1.98    2.38    4.80   
2.06    2.38    4.96   
2.14    2.38    5.13   
2.22    2.38    5.31   
2.30    2.38    5.49   
2.38    2.38    5.68   
2.46    2.38    5.88   
2.55    2.38    6.08   
2.63    2.38    6.29   
2.71    2.38    6.51   
2.79    2.38    6.73   
2.87    2.38    6.96   
2.95    2.38    7.19   
3.03    2.38    7.43   
3.11    2.38    7.68   
3.19    2.38    7.94   
3.27    2.38    8.20   
3.35    2.38    8.46   
3.43    2.38    8.74   
3.52    2.38    9.02   
3.60    2.38    9.31   
3.68    2.38    9.60   
3.76    2.38    9.90   
3.84    2.38    10.21  
3.92    2.38    10.52  
4.00    2.38    10.84  
-4.00   2.46    11.04  
-3.92   2.46    10.72  
-3.84   2.46    10.40  
-3.76   2.46    10.10  
-3.68   2.46    9.80   
-3.60   2.46    9.50   
-3.52   2.46    9.22   
-3.43   2.46    8.93   
-3.35   2.46    8.66   
-3.27   2.46    8.39   
-3.19   2.46    8.13   
-3.11   2.46    7.88   
-3.03   2.46    7.63   
-2.95   2.46    7.39   
-2.87   2.46    7.15   
-2.79   2.46    6.92   
-2.71   2.46    6.70   
-2.63   2.46    6.49   
-2.55   2.46    6.28   
-2.46   2.46    6.07   
-2.38   2.46    5.88   
-2.30   2.46    5.69   
-2.22   2.46    5.51   
-2.14   2.46    5.33   
-2.06   2.46    5.16   
-1.98   2.46    5.00   
-1.90   2.46    4.84   
-1.82   2.46    4.69   
-1.74   2.46    4.55   
-1.66   2.46    4.41   
-1.58   2.46    4.28   
-1.49   2.46    4.15   
-1.41   2.46    4.04   
-1.33   2.46    3.93   
-1.25   2.46    3.82   
-1.17   2.46    3.72   
-1.09   2.46    3.63   
-1.01   2.46    3.55   
-0.93   2.46    3.47   
-0.85   2.46    3.40   
-0.77   2.46    3.33   
-0.69   2.46    3.27   
-0.61   2.46    3.22   
-0.53   2.46    3.18   
-0.44   2.46    3.14   
-0.36   2.46    3.10   
-0.28   2.46    3.08   
-0.20   2.46    3.06   
-0.12   2.46    3.04   
-0.04   2.46    3.04   
0.04    2.46    3.04   
0.12    2.46    3.04   
0.20    2.46    3.06   
0.28    2.46    3.08   
0.36    2.46    3.10   
0.44    2.46    3.14   
0.53    2.46    3.18   
0.61    2.46    3.22   
0.69    2.46    3.27   
0.77    2.46    3.33   
0.85    2.46    3.40   
0.93    2.46    3.47   
1.01    2.46    3.55   
1.09    2.46    3.63   
1.17    2.46    3.72   
1.25    2.46    3.82   
1.33    2.46    3.93   
1.41    2.46    4.04   
1.49    2.46    4.15   
1.58    2.46    4.28   
1.66    2.46    4.41   
1.74    2.46    4.55   
1.82    2.46    4.69   
1.90    2.46    4.84   
1.98    2.46    5.00   
2.06    2.46    5.16   
2.14    2.46    5.33   
2.22    2.46    5.51   
2.30    2.46    5.69   
2.38    2.46    5.88   
2.46    2.46    6.07   
2.55    2.46    6.28   
2.63    2.46    6.49   
2.71    2.46    6.70   
2.79    2.46    6.92   
2.87    2.46    7.15   
2.95    2.46    7.39   
3.03    2.46    7.63   
3.11    2.46    7.88   
3.19    2.46    8.13   
3.27    2.46    8.39   
3.35    2.46    8.66   
3.43    2.46    8.93   
3.52    2.46    9.22   
3.60    2.46    9.50   
3.68    2.46    9.80   
3.76    2.46    10.10  
3.84    2.46    10.40  
3.92    2.46    10.72  
4.00    2.46    11.04  
-4.00   2.55    11.24  
-3.92   2.55    10.92  
-3.84   2.55    10.61  
-3.76   2.55    10.30  
-3.68   2.55    10.00  
-3.60   2.55    9.71   
-3.52   2.55    9.42   
-3.43   2.55    9.14   
-3.35   2.55    8.86   
-3.27   2.55    8.60   
-3.19   2.55    8.33   
-3.11   2.55    8.08   
-3.03   2.55    7.83   
-2.95   2.55    7.59   
-2.87   2.55    7.35   
-2.79   2.55    7.13   
-2.71   2.55    6.90   
-2.63   2.55    6.69   
-2.55   2.55    6.48   
-2.46   2.55    6.28   
-2.38   2.55    6.08   
-2.30   2.55    5.89   
-2.22   2.55    5.71   
-2.14   2.55    5.53   
-2.06   2.55    5.36   
-1.98   2.55    5.20   
-1.90   2.55    5.04   
-1.82   2.55    4.89   
-1.74   2.55    4.75   
-1.66   2.55    4.61   
-1.58   2.55    4.48   
-1.49   2.55    4.36   
-1.41   2.55    4.24   
-1.33   2.55    4.13   
-1.25   2.55    4.02   
-1.17   2.55    3.93   
-1.09   2.55    3.83   
-1.01   2.55    3.75   
-0.93   2.55    3.67   
-0.85   2.55    3.60   
-0.77   2.55    3.53   
-0.69   2.55    3.48   
-0.61   2.55    3.42   
-0.53   2.55    3.38   
-0.44   2.55    3.34   
-0.36   2.55    3.31   
-0.28   2.55    3.28   
-0.20   2.55    3.26   
-0.12   2.55    3.25   
-0.04   2.55    3.24   
0.04    2.55    3.24   
0.12    2.55    3.25   
0.20    2.55    3.26   
0.28    2.55    3.28   
0.36    2.55    3.31   
0.44    2.55    3.34   
0.53    2.55    3.38   
0.61    2.55    3.42   
0.69    2.55    3.48   
0.77    2.55    3.53   
0.85    2.55    3.60   
0.93    2.55    3.67   
1.01    2.55    3.75   
1.09    2.55    3.83   
1.17    2.55    3.93   
1.25    2.55    4.02   
1.33    2.55    4.13   
1.41    2.55    4.24   
1.49    2.55    4.36   
1.58    2.55    4.48   
1.66    2.55    4.61   
1.74    2.55    4.75   
1.82    2.55    4.89   
1.90    2.55    5.04   
1.98    2.55    5.20   
2.06    2.55    5.36   
2.14    2.55    5.53   
2.22    2.55    5.71   
2.30    2.55    5.89   
2.38    2.55    6.08   
2.46    2.55    6.28   
2.55    2.55    6.48   
2.63    2.55    6.69   
2.71    2.55    6.90   
2.79    2.55    7.13   
2.87    2.55    7.35   
2.95    2.55    7.59   
3.03    2.55    7.83   
3.11    2.55    8.08   
3.19    2.55    8.33   
3.27    2.55    8.60   
3.35    2.55    8.86   
3.43    2.55    9.14   
3.52    2.55    9.42   
3.60    2.55    9.71   
3.68    2.55    10.00  
3.76    2.55    10.30  
3.84    2.55    10.61  
3.92    2.55    10.92  
4.00    2.55    11.24  
-4.00   2.63    11.45  
-3.92   2.63    11.13  
-3.84   2.63    10.82  
-3.76   2.63    10.51  
-3.68   2.63    10.21  
-3.60   2.63    9.91   
-3.52   2.63    9.63   
-3.43   2.63    9.35   
-3.35   2.63    9.07   
-3.27   2.63    8.80   
-3.19   2.63    8.54   
-3.11   2.63    8.29   
-3.03   2.63    8.04   
-2.95   2.63    7.80   
-2.87   2.63    7.56   
-2.79   2.63    7.33   
-2.71   2.63    7.11   
-2.63   2.63    6.90   
-2.55   2.63    6.69   
-2.46   2.63    6.49   
-2.38   2.63    6.29   
-2.30   2.63    6.10   
-2.22   2.63    5.92   
-2.14   2.63    5.74   
-2.06   2.63    5.57   
-1.98   2.63    5.41   
-1.90   2.63    5.25   
-1.82   2.63    5.10   
-1.74   2.63    4.96   
-1.66   2.63    4.82   
-1.58   2.63    4.69   
-1.49   2.63    4.57   
-1.41   2.63    4.45   
-1.33   2.63    4.34   
-1.25   2.63    4.23   
-1.17   2.63    4.14   
-1.09   2.63    4.04   
-1.01   2.63    3.96   
-0.93   2.63    3.88   
-0.85   2.63    3.81   
-0.77   2.63    3.74   
-0.69   2.63    3.68   
-0.61   2.63    3.63   
-0.53   2.63    3.59   
-0.44   2.63    3.55   
-0.36   2.63    3.51   
-0.28   2.63    3.49   
-0.20   2.63    3.47   
-0.12   2.63    3.46   
-0.04   2.63    3.45   
0.04    2.63    3.45   
0.12    2.63    3.46   
0.20    2.63    3.47   
0.28    2.63    3.49   
0.36    2.63    3.51   
0.44    2.63    3.55   
0.53    2.63    3.59   
0.61    2.63    3.63   
0.69    2.63    3.68   
0.77    2.63    3.74   
0.85    2.63    3.81   
0.93    2.63    3.88   
1.01    2.63    3.96   
1.09    2.63    4.04   
1.17    2.63    4.14   
1.25    2.63    4.23   
1.33    2.63    4.34   
1.41    2.63    4.45   
1.49    2.63    4.57   
1.58    2.63    4.69   
1.66    2.63    4.82   
1.74    2.63    4.96   
1.82    2.63    5.10   
1.90    2.63    5.25   
1.98    2.63    5.41   
2.06    2.63    5.57   
2.14    2.63    5.74   
2.22    2.63    5.92   
2.30    2.63    6.10   
2.38    2.63    6.29   
2.46    2.63    6.49   
2.55    2.63    6.69   
2.63    2.63    6.90   
2.71    2.63    7.11   
2.79    2.63    7.33   
2.87    2.63    7.56   
2.95    2.63    7.80   
3.03    2.63    8.04   
3.11    2.63    8.29   
3.19    2.63    8.54   
3.27    2.63    8.80   
3.35    2.63    9.07   
3.43    2.63    9.35   
3.52    2.63    9.63   
3.60    2.63    9.91   
3.68    2.63    10.21  
3.76    2.63    10.51  
3.84    2.63    10.82  
3.92    2.63    11.13  
4.00    2.63    11.45  
-4.00   2.71    11.66  
-3.92   2.71    11.34  
-3.84   2.71    11.03  
-3.76   2.71    10.72  
-3.68   2.71    10.42  
-3.60   2.71    10.13  
-3.52   2.71    9.84   
-3.43   2.71    9.56   
-3.35   2.71    9.29   
-3.27   2.71    9.02   
-3.19   2.71    8.76   
-3.11   2.71    8.50   
-3.03   2.71    8.26   
-2.95   2.71    8.01   
-2.87   2.71    7.78   
-2.79   2.71    7.55   
-2.71   2.71    7.33   
-2.63   2.71    7.11   
-2.55   2.71    6.90   
-2.46   2.71    6.70   
-2.38   2.71    6.51   
-2.30   2.71    6.32   
-2.22   2.71    6.13   
-2.14   2.71    5.96   
-2.06   2.71    5.79   
-1.98   2.71    5.62   
-1.90   2.71    5.47   
-1.82   2.71    5.32   
-1.74   2.71    5.17   
-1.66   2.71    5.04   
-1.58   2.71    4.91   
-1.49   2.71    4.78   
-1.41   2.71    4.66   
-1.33   2.71    4.55   
-1.25   2.71    4.45   
-1.17   2.71    4.35   
-1.09   2.71    4.26   
-1.01   2.71    4.17   
-0.93   2.71    4.10   
-0.85   2.71    4.02   
-0.77   2.71    3.96   
-0.69   2.71    3.90   
-0.61   2.71    3.85   
-0.53   2.71    3.80   
-0.44   2.71    3.76   
-0.36   2.71    3.73   
-0.28   2.71    3.70   
-0.20   2.71    3.68   
-0.12   2.71    3.67   
-0.04   2.71    3.66   
0.04    2.71    3.66   
0.12    2.71    3.67   
0.20    2.71    3.68   
0.28    2.71    3.70   
0.36    2.71    3.73   
0.44    2.71    3.76   
0.53    2.71    3.80   
0.61    2.71    3.85   
0.69    2.71    3.90   
0.77    2.71    3.96   
0.85    2.71    4.02   
0.93    2.71    4.10   
1.01    2.71    4.17   
1.09    2.71    4.26   
1.17    2.71    4.35   
1.25    2.71    4.45   
1.33    2.71    4.55   
1.41    2.71    4.66   
1.49    2.71    4.78   
1.58    2.71    4.91   
1.66    2.71    5.04   
1.74    2.71    5.17   
1.82    2.71    5.32   
1.90    2.71    5.47   
1.98    2.71    5.62   
2.06    2.71    5.79   
2.14    2.71    5.96   
2.22    2.71    6.13   
2.30    2.71    6.32   
2.38    2.71    6.51   
2.46    2.71    6.70   
2.55    2.71    6.90   
2.63    2.71    7.11   
2.71    2.71    7.33   
2.79    2.71    7.55   
2.87    2.71    7.78   
2.95    2.71    8.01   
3.03    2.71    8.26   
3.11    2.71    8.50   
3.19    2.71    8.76   
3.27    2.71    9.02   
3.35    2.71    9.29   
3.43    2.71    9.56   
3.52    2.71    9.84   
3.60    2.71    10.13  
3.68    2.71    10.42  
3.76    2.71    10.72  
3.84    2.71    11.03  
3.92    2.71    11.34  
4.00    2.71    11.66  
-4.00   2.79    11.89  
-3.92   2.79    11.57  
-3.84   2.79    11.25  
-3.76   2.79    10.95  
-3.68   2.79    10.65  
-3.60   2.79    10.35  
-3.52   2.79    10.06  
-3.43   2.79    9.78   
-3.35   2.79    9.51   
-3.27   2.79    9.24   
-3.19   2.79    8.98   
-3.11   2.79    8.73   
-3.03   2.79    8.48   
-2.95   2.79    8.24   
-2.87   2.79    8.00   
-2.79   2.79    7.77   
-2.71   2.79    7.55   
-2.63   2.79    7.33   
-2.55   2.79    7.13   
-2.46   2.79    6.92   
-2.38   2.79    6.73   
-2.30   2.79    6.54   
-2.22   2.79    6.36   
-2.14   2.79    6.18   
-2.06   2.79    6.01   
-1.98   2.79    5.85   
-1.90   2.79    5.69   
-1.82   2.79    5.54   
-1.74   2.79    5.40   
-1.66   2.79    5.26   
-1.58   2.79    5.13   
-1.49   2.79    5.00   
-1.41   2.79    4.89   
-1.33   2.79    4.78   
-1.25   2.79    4.67   
-1.17   2.79    4.57   
-1.09   2.79    4.48   
-1.01   2.79    4.40   
-0.93   2.79    4.32   
-0.85   2.79    4.25   
-0.77   2.79    4.18   
-0.69   2.79    4.12   
-0.61   2.79    4.07   
-0.53   2.79    4.02   
-0.44   2.79    3.98   
-0.36   2.79    3.95   
-0.28   2.79    3.93   
-0.20   2.79    3.91   
-0.12   2.79    3.89   
-0.04   2.79    3.89   
0.04    2.79    3.89   
0.12    2.79    3.89   
0.20    2.79    3.91   
0.28    2.79    3.93   
0.36    2.79    3.95   
0.44    2.79    3.98   
0.53    2.79    4.02   
0.61    2.79    4.07   
0.69    2.79    4.12   
0.77    2.79    4.18   
0.85    2.79    4.25   
0.93    2.79    4.32   
1.01    2.79    4.40   
1.09    2.79    4.48   
1.17    2.79    4.57   
1.25    2.79    4.67   
1.33    2.79    4.78   
1.41    2.79    4.89   
1.49    2.79    5.00   
1.58    2.79    5.13   
1.66    2.79    5.26   
1.74    2.79    5.40   
1.82    2.79    5.54   
1.90    2.79    5.69   
1.98    2.79    5.85   
2.06    2.79    6.01   
2.14    2.79    6.18   
2.22    2.79    6.36   
2.30    2.79    6.54   
2.38    2.79    6.73   
2.46    2.79    6.92   
2.55    2.79    7.13   
2.63    2.79    7.33   
2.71    2.79    7.55   
2.79    2.79    7.77   
2.87    2.79    8.00   
2.95    2.79    8.24   
3.03    2.79    8.48   
3.11    2.79    8.73   
3.19    2.79    8.98   
3.27    2.79    9.24   
3.35    2.79    9.51   
3.43    2.79    9.78   
3.52    2.79    10.06  
3.60    2.79    10.35  
3.68    2.79    10.65  
3.76    2.79    10.95  
3.84    2.79    11.25  
3.92    2.79    11.57  
4.00    2.79    11.89  
-4.00   2.87    12.11  
-3.92   2.87    11.79  
-3.84   2.87    11.48  
-3.76   2.87    11.17  
-3.68   2.87    10.87  
-3.60   2.87    10.58  
-3.52   2.87    10.29  
-3.43   2.87    10.01  
-3.35   2.87    9.74   
-3.27   2.87    9.47   
-3.19   2.87    9.21   
-3.11   2.87    8.95   
-3.03   2.87    8.71   
-2.95   2.87    8.46   
-2.87   2.87    8.23   
-2.79   2.87    8.00   
-2.71   2.87    7.78   
-2.63   2.87    7.56   
-2.55   2.87    7.35   
-2.46   2.87    7.15   
-2.38   2.87    6.96   
-2.30   2.87    6.77   
-2.22   2.87    6.58   
-2.14   2.87    6.41   
-2.06   2.87    6.24   
-1.98   2.87    6.07   
-1.90   2.87    5.92   
-1.82   2.87    5.77   
-1.74   2.87    5.62   
-1.66   2.87    5.49   
-1.58   2.87    5.36   
-1.49   2.87    5.23   
-1.41   2.87    5.11   
-1.33   2.87    5.00   
-1.25   2.87    4.90   
-1.17   2.87    4.80   
-1.09   2.87    4.71   
-1.01   2.87    4.62   
-0.93   2.87    4.55   
-0.85   2.87    4.47   
-0.77   2.87    4.41   
-0.69   2.87    4.35   
-0.61   2.87    4.30   
-0.53   2.87    4.25   
-0.44   2.87    4.21   
-0.36   2.87    4.18   
-0.28   2.87    4.15   
-0.20   2.87    4.14   
-0.12   2.87    4.12   
-0.04   2.87    4.12   
0.04    2.87    4.12   
0.12    2.87    4.12   
0.20    2.87    4.14   
0.28    2.87    4.15   
0.36    2.87    4.18   
0.44    2.87    4.21   
0.53    2.87    4.25   
0.61    2.87    4.30   
0.69    2.87    4.35   
0.77    2.87    4.41   
0.85    2.87    4.47   
0.93    2.87    4.55   
1.01    2.87    4.62   
1.09    2.87    4.71   
1.17    2.87    4.80   
1.25    2.87    4.90   
1.33    2.87    5.00   
1.41    2.87    5.11   
1.49    2.87    5.23   
1.58    2.87    5.36   
1.66    2.87    5.49   
1.74    2.87    5.62   
1.82    2.87    5.77   
1.90    2.87    5.92   
1.98    2.87    6.07   
2.06    2.87    6.24   
2.14    2.87    6.41   
2.22    2.87    6.58   
2.30    2.87    6.77   
2.38    2.87    6.96   
2.46    2.87    7.15   
2.55    2.87    7.35   
2.63    2.87    7.56   
2.71    2.87    7.78   
2.79    2.87    8.00   
2.87    2.87    8.23   
2.95    2.87    8.46   
3.03    2.87    8.71   
3.11    2.87    8.95   
3.19    2.87    9.21   
3.27    2.87    9.47   
3.35    2.87    9.74   
3.43    2.87    10.01  
3.52    2.87    10.29  
3.60    2.87    10.58  
3.68    2.87    10.87  
3.76    2.87    11.17  
3.84    2.87    11.48  
3.92    2.87    11.79  
4.00    2.87    12.11  
-4.00   2.95    12.35  
-3.92   2.95    12.03  
-3.84   2.95    11.72  
-3.76   2.95    11.41  
-3.68   2.95    11.11  
-3.60   2.95    10.82  
-3.52   2.95    10.53  
-3.43   2.95    10.25  
-3.35   2.95    9.97   
-3.27   2.95    9.71   
-3.19   2.95    9.44   
-3.11   2.95    9.19   
-3.03   2.95    8.94   
-2.95   2.95    8.70   
-2.87   2.95    8.46   
-2.79   2.95    8.24   
-2.71   2.95    8.01   
-2.63   2.95    7.80   
-2.55   2.95    7.59   
-2.46   2.95    7.39   
-2.38   2.95    7.19   
-2.30   2.95    7.00   
-2.22   2.95    6.82   
-2.14   2.95    6.64   
-2.06   2.95    6.47   
-1.98   2.95    6.31   
-1.90   2.95    6.15   
-1.82   2.95    6.00   
-1.74   2.95    5.86   
-1.66   2.95    5.72   
-1.58   2.95    5.59   
-1.49   2.95    5.47   
-1.41   2.95    5.35   
-1.33   2.95    5.24   
-1.25   2.95    5.13   
-1.17   2.95    5.04   
-1.09   2.95    4.94   
-1.01   2.95    4.86   
-0.93   2.95    4.78   
-0.85   2.95    4.71   
-0.77   2.95    4.64   
-0.69   2.95    4.59   
-0.61   2.95    4.53   
-0.53   2.95    4.49   
-0.44   2.95    4.45   
-0.36   2.95    4.42   
-0.28   2.95    4.39   
-0.20   2.95    4.37   
-0.12   2.95    4.36   
-0.04   2.95    4.35   
0.04    2.95    4.35   
0.12    2.95    4.36   
0.20    2.95    4.37   
0.28    2.95    4.39   
0.36    2.95    4.42   
0.44    2.95    4.45   
0.53    2.95    4.49   
0.61    2.95    4.53   
0.69    2.95    4.59   
0.77    2.95    4.64   
0.85    2.95    4.71   
0.93    2.95    4.78   
1.01    2.95    4.86   
1.09    2.95    4.94   
1.17    2.95    5.04   
1.25    2.95    5.13   
1.33    2.95    5.24   
1.41    2.95    5.35   
1.49    2.95    5.47   
1.58    2.95    5.59   
1.66    2.95    5.72   
1.74    2.95    5.86   
1.82    2.95    6.00   
1.90    2.95    6.15   
1.98    2.95    6.31   
2.06    2.95    6.47   
2.14    2.95    6.64   
2.22    2.95    6.82   
2.30    2.95    7.00   
2.38    2.95    7.19   
2.46    2.95    7.39   
2.55    2.95    7.59   
2.63    2.95    7.80   
2.71    2.95    8.01   
2.79    2.95    8.24   
2.87    2.95    8.46   
2.95    2.95    8.70   
3.03    2.95    8.94   
3.11    2.95    9.19   
3.19    2.95    9.44   
3.27    2.95    9.71   
3.35    2.95    9.97   
3.43    2.95    10.25  
3.52    2.95    10.53  
3.60    2.95    10.82  
3.68    2.95    11.11  
3.76    2.95    11.41  
3.84    2.95    11.72  
3.92    2.95    12.03  
4.00    2.95    12.35  
-4.00   3.03    12.59  
-3.92   3.03    12.27  
-3.84   3.03    11.96  
-3.76   3.03    11.65  
-3.68   3.03    11.35  
-3.60   3.03    11.06  
-3.52   3.03    10.77  
-3.43   3.03    10.49  
-3.35   3.03    10.21  
-3.27   3.03    9.95   
-3.19   3.03    9.69   
-3.11   3.03    9.43   
-3.03   3.03    9.18   
-2.95   3.03    8.94   
-2.87   3.03    8.71   
-2.79   3.03    8.48   
-2.71   3.03    8.26   
-2.63   3.03    8.04   
-2.55   3.03    7.83   
-2.46   3.03    7.63   
-2.38   3.03    7.43   
-2.30   3.03    7.24   
-2.22   3.03    7.06   
-2.14   3.03    6.88   
-2.06   3.03    6.71   
-1.98   3.03    6.55   
-1.90   3.03    6.39   
-1.82   3.03    6.24   
-1.74   3.03    6.10   
-1.66   3.03    5.96   
-1.58   3.03    5.83   
-1.49   3.03    5.71   
-1.41   3.03    5.59   
-1.33   3.03    5.48   
-1.25   3.03    5.38   
-1.17   3.03    5.28   
-1.09   3.03    5.19   
-1.01   3.03    5.10   
-0.93   3.03    5.02   
-0.85   3.03    4.95   
-0.77   3.03    4.89   
-0.69   3.03    4.83   
-0.61   3.03    4.78   
-0.53   3.03    4.73   
-0.44   3.03    4.69   
-0.36   3.03    4.66   
-0.28   3.03    4.63   
-0.20   3.03    4.61   
-0.12   3.03    4.60   
-0.04   3.03    4.59   
0.04    3.03    4.59   
0.12    3.03    4.60   
0.20    3.03    4.61   
0.28    3.03    4.63   
0.36    3.03    4.66   
0.44    3.03    4.69   
0.53    3.03    4.73   
0.61    3.03    4.78   
0.69    3.03    4.83   
0.77    3.03    4.89   
0.85    3.03    4.95   
0.93    3.03    5.02   
1.01    3.03    5.10   
1.09    3.03    5.19   
1.17    3.03    5.28   
1.25    3.03    5.38   
1.33    3.03    5.48   
1.41    3.03    5.59   
1.49    3.03    5.71   
1.58    3.03    5.83   
1.66    3.03    5.96   
1.74    3.03    6.10   
1.82    3.03    6.24   
1.90    3.03    6.39   
1.98    3.03    6.55   
2.06    3.03    6.71   
2.14    3.03    6.88   
2.22    3.03    7.06   
2.30    3.03    7.24   
2.38    3.03    7.43   
2.46    3.03    7.63   
2.55    3.03    7.83   
2.63    3.03    8.04   
2.71    3.03    8.26   
2.79    3.03    8.48   
2.87    3.03    8.71   
2.95    3.03    8.94   
3.03    3.03    9.18   
3.11    3.03    9.43   
3.19    3.03    9.69   
3.27    3.03    9.95   
3.35    3.03    10.21  
3.43    3.03    10.49  
3.52    3.03    10.77  
3.60    3.03    11.06  
3.68    3.03    11.35  
3.76    3.03    11.65  
3.84    3.03    11.96  
3.92    3.03    12.27  
4.00    3.03    12.59  
-4.00   3.11    12.84  
-3.92   3.11    12.52  
-3.84   3.11    12.21  
-3.76   3.11    11.90  
-3.68   3.11    11.60  
-3.60   3.11    11.30  
-3.52   3.11    11.02  
-3.43   3.11    10.74  
-3.35   3.11    10.46  
-3.27   3.11    10.19  
-3.19   3.11    9.93   
-3.11   3.11    9.68   
-3.03   3.11    9.43   
-2.95   3.11    9.19   
-2.87   3.11    8.95   
-2.79   3.11    8.73   
-2.71   3.11    8.50   
-2.63   3.11    8.29   
-2.55   3.11    8.08   
-2.46   3.11    7.88   
-2.38   3.11    7.68   
-2.30   3.11    7.49   
-2.22   3.11    7.31   
-2.14   3.11    7.13   
-2.06   3.11    6.96   
-1.98   3.11    6.80   
-1.90   3.11    6.64   
-1.82   3.11    6.49   
-1.74   3.11    6.35   
-1.66   3.11    6.21   
-1.58   3.11    6.08   
-1.49   3.11    5.96   
-1.41   3.11    5.84   
-1.33   3.11    5.73   
-1.25   3.11    5.62   
-1.17   3.11    5.53   
-1.09   3.11    5.43   
-1.01   3.11    5.35   
-0.93   3.11    5.27   
-0.85   3.11    5.20   
-0.77   3.11    5.13   
-0.69   3.11    5.08   
-0.61   3.11    5.02   
-0.53   3.11    4.98   
-0.44   3.11    4.94   
-0.36   3.11    4.91   
-0.28   3.11    4.88   
-0.20   3.11    4.86   
-0.12   3.11    4.85   
-0.04   3.11    4.84   
0.04    3.11    4.84   
0.12    3.11    4.85   
0.20    3.11    4.86   
0.28    3.11    4.88   
0.36    3.11    4.91   
0.44    3.11    4.94   
0.53    3.11    4.98   
0.61    3.11    5.02   
0.69    3.11    5.08   
0.77    3.11    5.13   
0.85    3.11    5.20   
0.93    3.11    5.27   
1.01    3.11    5.35   
1.09    3.11    5.43   
1.17    3.11    5.53   
1.25    3.11    5.62   
1.33    3.11    5.73   
1.41    3.11    5.84   
1.49    3.11    5.96   
1.58    3.11    6.08   
1.66    3.11    6.21   
1.74    3.11    6.35   
1.82    3.11    6.49   
1.90    3.11    6.64   
1.98    3.11    6.80   
2.06    3.11    6.96   
2.14    3.11    7.13   
2.22    3.11    7.31   
2.30    3.11    7.49   
2.38    3.11    7.68   
2.46    3.11    7.88   
2.55    3.11    8.08   
2.63    3.11    8.29   
2.71    3.11    8.50   
2.79    3.11    8.73   
2.87    3.11    8.95   
2.95    3.11    9.19   
3.03    3.11    9.43   
3.11    3.11    9.68   
3.19    3.11    9.93   
3.27    3.11    10.19  
3.35    3.11    10.46  
3.43    3.11    10.74  
3.52    3.11    11.02  
3.60    3.11    11.30  
3.68    3.11    11.60  
3.76    3.11    11.90  
3.84    3.11    12.21  
3.92    3.11    12.52  
4.00    3.11    12.84  
-4.00   3.19    13.09  
-3.92   3.19    12.77  
-3.84   3.19    12.46  
-3.76   3.19    12.15  
-3.68   3.19    11.85  
-3.60   3.19    11.56  
-3.52   3.19    11.27  
-3.43   3.19    10.99  
-3.35   3.19    10.72  
-3.27   3.19    10.45  
-3.19   3.19    10.19  
-3.11   3.19    9.93   
-3.03   3.19    9.69   
-2.95   3.19    9.44   
-2.87   3.19    9.21   
-2.79   3.19    8.98   
-2.71   3.19    8.76   
-2.63   3.19    8.54   
-2.55   3.19    8.33   
-2.46   3.19    8.13   
-2.38   3.19    7.94   
-2.30   3.19    7.75   
-2.22   3.19    7.56   
-2.14   3.19    7.39   
-2.06   3.19    7.22   
-1.98   3.19    7.05   
-1.90   3.19    6.90   
-1.82   3.19    6.75   
-1.74   3.19    6.60   
-1.66   3.19    6.47   
-1.58   3.19    6.34   
-1.49   3.19    6.21   
-1.41   3.19    6.09   
-1.33   3.19    5.98   
-1.25   3.19    5.88   
-1.17   3.19    5.78   
-1.09   3.19    5.69   
-1.01   3.19    5.60   
-0.93   3.19    5.53   
-0.85   3.19    5.45   
-0.77   3.19    5.39   
-0.69   3.19    5.33   
-0.61   3.19    5.28   
-0.53   3.19    5.23   
-0.44   3.19    5.19   
-0.36   3.19    5.16   
-0.28   3.19    5.13   
-0.20   3.19    5.11   
-0.12   3.19    5.10   
-0.04   3.19    5.09   
0.04    3.19    5.09   
0.12    3.19    5.10   
0.20    3.19    5.11   
0.28    3.19    5.13   
0.36    3.19    5.16   
0.44    3.19    5.19   
0.53    3.19    5.23   
0.61    3.19    5.28   
0.69    3.19    5.33   
0.77    3.19    5.39   
0.85    3.19    5.45   
0.93    3.19    5.53   
1.01    3.19    5.60   
1.09    3.19    5.69   
1.17    3.19    5.78   
1.25    3.19    5.88   
1.33    3.19    5.98   
1.41    3.19    6.09   
1.49    3.19    6.21   
1.58    3.19    6.34   
1.66    3.19    6.47   
1.74    3.19    6.60   
1.82    3.19    6.75   
1.90    3.19    6.90   
1.98    3.19    7.05   
2.06    3.19    7.22   
2.14    3.19    7.39   
2.22    3.19    7.56   
2.30    3.19    7.75   
2.38    3.19    7.94   
2.46    3.19    8.13   
2.55    3.19    8.33   
2.63    3.19    8.54   
2.71    3.19    8.76   
2.79    3.19    8.98   
2.87    3.19    9.21   
2.95    3.19    9.44   
3.03    3.19    9.69   
3.11    3.19    9.93   
3.19    3.19    10.19  
3.27    3.19    10.45  
3.35    3.19    10.72  
3.43    3.19    10.99  
3.52    3.19    11.27  
3.60    3.19    11.56  
3.68    3.19    11.85  
3.76    3.19    12.15  
3.84    3.19    12.46  
3.92    3.19    12.77  
4.00    3.19    13.09  
-4.00   3.27    13.36  
-3.92   3.27    13.04  
-3.84   3.27    12.72  
-3.76   3.27    12.42  
-3.68   3.27    12.11  
-3.60   3.27    11.82  
-3.52   3.27    11.53  
-3.43   3.27    11.25  
-3.35   3.27    10.98  
-3.27   3.27    10.71  
-3.19   3.27    10.45  
-3.11   3.27    10.19  
-3.03   3.27    9.95   
-2.95   3.27    9.71   
-2.87   3.27    9.47   
-2.79   3.27    9.24   
-2.71   3.27    9.02   
-2.63   3.27    8.80   
-2.55   3.27    8.60   
-2.46   3.27    8.39   
-2.38   3.27    8.20   
-2.30   3.27    8.01   
-2.22   3.27    7.82   
-2.14   3.27    7.65   
-2.06   3.27    7.48   
-1.98   3.27    7.32   
-1.90   3.27    7.16   
-1.82   3.27    7.01   
-1.74   3.27    6.86   
-1.66   3.27    6.73   
-1.58   3.27    6.60   
-1.49   3.27    6.47   
-1.41   3.27    6.36   
-1.33   3.27    6.24   
-1.25   3.27    6.14   
-1.17   3.27    6.04   
-1.09   3.27    5.95   
-1.01   3.27    5.87   
-0.93   3.27    5.79   
-0.85   3.27    5.72   
-0.77   3.27    5.65   
-0.69   3.27    5.59   
-0.61   3.27    5.54   
-0.53   3.27    5.49   
-0.44   3.27    5.45   
-0.36   3.27    5.42   
-0.28   3.27    5.40   
-0.20   3.27    5.38   
-0.12   3.27    5.36   
-0.04   3.27    5.36   
0.04    3.27    5.36   
0.12    3.27    5.36   
0.20    3.27    5.38   
0.28    3.27    5.40   
0.36    3.27    5.42   
0.44    3.27    5.45   
0.53    3.27    5.49   
0.61    3.27    5.54   
0.69    3.27    5.59   
0.77    3.27    5.65   
0.85    3.27    5.72   
0.93    3.27    5.79   
1.01    3.27    5.87   
1.09    3.27    5.95   
1.17    3.27    6.04   
1.25    3.27    6.14   
1.33    3.27    6.24   
1.41    3.27    6.36   
1.49    3.27    6.47   
1.58    3.27    6.60   
1.66    3.27    6.73   
1.74    3.27    6.86   
1.82    3.27    7.01   
1.90    3.27    7.16   
1.98    3.27    7.32   
2.06    3.27    7.48   
2.14    3.27    7.65   
2.22    3.27    7.82   
2.30    3.27    8.01   
2.38    3.27    8.20   
2.46    3.27    8.39   
2.55    3.27    8.60   
2.63    3.27    8.80   
2.71    3.27    9.02   
2.79    3.27    9.24   
2.87    3.27    9.47   
2.95    3.27    9.71   
3.03    3.27    9.95   
3.11    3.27    10.19  
3.19    3.27    10.45  
3.27    3.27    10.71  
3.35    3.27    10.98  
3.43    3.27    11.25  
3.52    3.27    11.53  
3.60    3.27    11.82  
3.68    3.27    12.11  
3.76    3.27    12.42  
3.84    3.27    12.72  
3.92    3.27    13.04  
4.00    3.27    13.36  
-4.00   3.35    13.62  
-3.92   3.35    13.30  
-3.84   3.35    12.99  
-3.76   3.35    12.68  
-3.68   3.35    12.38  
-3.60   3.35    12.09  
-3.52   3.35    11.80  
-3.43   3.35    11.52  
-3.35   3.35    11.25  
-3.27   3.35    10.98  
-3.19   3.35    10.72  
-3.11   3.35    10.46  
-3.03   3.35    10.21  
-2.95   3.35    9.97   
-2.87   3.35    9.74   
-2.79   3.35    9.51   
-2.71   3.35    9.29   
-2.63   3.35    9.07   
-2.55   3.35    8.86   
-2.46   3.35    8.66   
-2.38   3.35    8.46   
-2.30   3.35    8.28   
-2.22   3.35    8.09   
-2.14   3.35    7.92   
-2.06   3.35    7.75   
-1.98   3.35    7.58   
-1.90   3.35    7.43   
-1.82   3.35    7.28   
-1.74   3.35    7.13   
-1.66   3.35    7.00   
-1.58   3.35    6.86   
-1.49   3.35    6.74   
-1.41   3.35    6.62   
-1.33   3.35    6.51   
-1.25   3.35    6.41   
-1.17   3.35    6.31   
-1.09   3.35    6.22   
-1.01   3.35    6.13   
-0.93   3.35    6.05   
-0.85   3.35    5.98   
-0.77   3.35    5.92   
-0.69   3.35    5.86   
-0.61   3.35    5.81   
-0.53   3.35    5.76   
-0.44   3.35    5.72   
-0.36   3.35    5.69   
-0.28   3.35    5.66   
-0.20   3.35    5.64   
-0.12   3.35    5.63   
-0.04   3.35    5.62   
0.04    3.35    5.62   
0.12    3.35    5.63   
0.20    3.35    5.64   
0.28    3.35    5.66   
0.36    3.35    5.69   
0.44    3.35    5.72   
0.53    3.35    5.76   
0.61    3.35    5.81   
0.69    3.35    5.86   
0.77    3.35    5.92   
0.85    3.35    5.98   
0.93    3.35    6.05   
1.01    3.35    6.13   
1.09    3.35    6.22   
1.17    3.35    6.31   
1.25    3.35    6.41   
1.33    3.35    6.51   
1.41    3.35    6.62   
1.49    3.35    6.74   
1.58    3.35    6.86   
1.66    3.35    7.00   
1.74    3.35    7.13   
1.82    3.35    7.28   
1.90    3.35    7.43   
1.98    3.35    7.58   
2.06    3.35    7.75   
2.14    3.35    7.92   
2.22    3.35    8.09   
2.30    3.35    8.28   
2.38    3.35    8.46   
2.46    3.35    8.66   
2.55    3.35    8.86   
2.63    3.35    9.07   
2.71    3.35    9.29   
2.79    3.35    9.51   
2.87    3.35    9.74   
2.95    3.35    9.97   
3.03    3.35    10.21  
3.11    3.35    10.46  
3.19    3.35    10.72  
3.27    3.35    10.98  
3.35    3.35    11.25  
3.43    3.35    11.52  
3.52    3.35    11.80  
3.60    3.35    12.09  
3.68    3.35    12.38  
3.76    3.35    12.68  
3.84    3.35    12.99  
3.92    3.35    13.30  
4.00    3.35    13.62  
-4.00   3.43    13.90  
-3.92   3.43    13.58  
-3.84   3.43    13.26  
-3.76   3.43    12.96  
-3.68   3.43    12.66  
-3.60   3.43    12.36  
-3.52   3.43    12.08  
-3.43   3.43    11.79  
-3.35   3.43    11.52  
-3.27   3.43    11.25  
-3.19   3.43    10.99  
-3.11   3.43    10.74  
-3.03   3.43    10.49  
-2.95   3.43    10.25  
-2.87   3.43    10.01  
-2.79   3.43    9.78   
-2.71   3.43    9.56   
-2.63   3.43    9.35   
-2.55   3.43    9.14   
-2.46   3.43    8.93   
-2.38   3.43    8.74   
-2.30   3.43    8.55   
-2.22   3.43    8.37   
-2.14   3.43    8.19   
-2.06   3.43    8.02   
-1.98   3.43    7.86   
-1.90   3.43    7.70   
-1.82   3.43    7.55   
-1.74   3.43    7.41   
-1.66   3.43    7.27   
-1.58   3.43    7.14   
-1.49   3.43    7.01   
-1.41   3.43    6.90   
-1.33   3.43    6.79   
-1.25   3.43    6.68   
-1.17   3.43    6.58   
-1.09   3.43    6.49   
-1.01   3.43    6.41   
-0.93   3.43    6.33   
-0.85   3.43    6.26   
-0.77   3.43    6.19   
-0.69   3.43    6.13   
-0.61   3.43    6.08   
-0.53   3.43    6.04   
-0.44   3.43    6.00   
-0.36   3.43    5.96   
-0.28   3.43    5.94   
-0.20   3.43    5.92   
-0.12   3.43    5.90   
-0.04   3.43    5.90   
0.04    3.43    5.90   
0.12    3.43    5.90   
0.20    3.43    5.92   
0.28    3.43    5.94   
0.36    3.43    5.96   
0.44    3.43    6.00   
0.53    3.43    6.04   
0.61    3.43    6.08   
0.69    3.43    6.13   
0.77    3.43    6.19   
0.85    3.43    6.26   
0.93    3.43    6.33   
1.01    3.43    6.41   
1.09    3.43    6.49   
1.17    3.43    6.58   
1.25    3.43    6.68   
1.33    3.43    6.79   
1.41    3.43    6.90   
1.49    3.43    7.01   
1.58    3.43    7.14   
1.66    3.43    7.27   
1.74    3.43    7.41   
1.82    3.43    7.55   
1.90    3.43    7.70   
1.98    3.43    7.86   
2.06    3.43    8.02   
2.14    3.43    8.19   
2.22    3.43    8.37   
2.30    3.43    8.55   
2.38    3.43    8.74   
2.46    3.43    8.93   
2.55    3.43    9.14   
2.63    3.43    9.35   
2.71    3.43    9.56   
2.79    3.43    9.78   
2.87    3.43    10.01  
2.95    3.43    10.25  
3.03    3.43    10.49  
3.11    3.43    10.74  
3.19    3.43    10.99  
3.27    3.43    11.25  
3.35    3.43    11.52  
3.43    3.43    11.79  
3.52    3.43    12.08  
3.60    3.43    12.36  
3.68    3.43    12.66  
3.76    3.43    12.96  
3.84    3.43    13.26  
3.92    3.43    13.58  
4.00    3.43    13.90  
-4.00   3.52    14.18  
-3.92   3.52    13.86  
-3.84   3.52    13.54  
-3.76   3.52    13.24  
-3.68   3.52    12.94  
-3.60   3.52    12.64  
-3.52   3.52    12.36  
-3.43   3.52    12.08  
-3.35   3.52    11.80  
-3.27   3.52    11.53  
-3.19   3.52    11.27  
-3.11   3.52    11.02  
-3.03   3.52    10.77  
-2.95   3.52    10.53  
-2.87   3.52    10.29  
-2.79   3.52    10.06  
-2.71   3.52    9.84   
-2.63   3.52    9.63   
-2.55   3.52    9.42   
-2.46   3.52    9.22   
-2.38   3.52    9.02   
-2.30   3.52    8.83   
-2.22   3.52    8.65   
-2.14   3.52    8.47   
-2.06   3.52    8.30   
-1.98   3.52    8.14   
-1.90   3.52    7.98   
-1.82   3.52    7.83   
-1.74   3.52    7.69   
-1.66   3.52    7.55   
-1.58   3.52    7.42   
-1.49   3.52    7.30   
-1.41   3.52    7.18   
-1.33   3.52    7.07   
-1.25   3.52    6.96   
-1.17   3.52    6.86   
-1.09   3.52    6.77   
-1.01   3.52    6.69   
-0.93   3.52    6.61   
-0.85   3.52    6.54   
-0.77   3.52    6.47   
-0.69   3.52    6.41   
-0.61   3.52    6.36   
-0.53   3.52    6.32   
-0.44   3.52    6.28   
-0.36   3.52    6.24   
-0.28   3.52    6.22   
-0.20   3.52    6.20   
-0.12   3.52    6.19   
-0.04   3.52    6.18   
0.04    3.52    6.18   
0.12    3.52    6.19   
0.20    3.52    6.20   
0.28    3.52    6.22   
0.36    3.52    6.24   
0.44    3.52    6.28   
0.53    3.52    6.32   
0.61    3.52    6.36   
0.69    3.52    6.41   
0.77    3.52    6.47   
0.85    3.52    6.54   
0.93    3.52    6.61   
1.01    3.52    6.69   
1.09    3.52    6.77   
1.17    3.52    6.86   
1.25    3.52    6.96   
1.33    3.52    7.07   
1.41    3.52    7.18   
1.49    3.52    7.30   
1.58    3.52    7.42   
1.66    3.52    7.55   
1.74    3.52    7.69   
1.82    3.52    7.83   
1.90    3.52    7.98   
1.98    3.52    8.14   
2.06    3.52    8.30   
2.14    3.52    8.47   
2.22    3.52    8.65   
2.30    3.52    8.83   
2.38    3.52    9.02   
2.46    3.52    9.22   
2.55    3.52    9.42   
2.63    3.52    9.63   
2.71    3.52    9.84   
2.79    3.52    10.06  
2.87    3.52    10.29  
2.95    3.52    10.53  
3.03    3.52    10.77  
3.11    3.52    11.02  
3.19    3.52    11.27  
3.27    3.52    11.53  
3.35    3.52    11.80  
3.43    3.52    12.08  
3.52    3.52    12.36  
3.60    3.52    12.64  
3.68    3.52    12.94  
3.76    3.52    13.24  
3.84    3.52    13.54  
3.92    3.52    13.86  
4.00    3.52    14.18  
-4.00   3.60    14.47  
-3.92   3.60    14.15  
-3.84   3.60    13.83  
-3.76   3.60    13.53  
-3.68   3.60    13.22  
-3.60   3.60    12.93  
-3.52   3.60    12.64  
-3.43   3.60    12.36  
-3.35   3.60    12.09  
-3.27   3.60    11.82  
-3.19   3.60    11.56  
-3.11   3.60    11.30  
-3.03   3.60    11.06  
-2.95   3.60    10.82  
-2.87   3.60    10.58  
-2.79   3.60    10.35  
-2.71   3.60    10.13  
-2.63   3.60    9.91   
-2.55   3.60    9.71   
-2.46   3.60    9.50   
-2.38   3.60    9.31   
-2.30   3.60    9.12   
-2.22   3.60    8.93   
-2.14   3.60    8.76   
-2.06   3.60    8.59   
-1.98   3.60    8.43   
-1.90   3.60    8.27   
-1.82   3.60    8.12   
-1.74   3.60    7.97   
-1.66   3.60    7.84   
-1.58   3.60    7.71   
-1.49   3.60    7.58   
-1.41   3.60    7.47   
-1.33   3.60    7.35   
-1.25   3.60    7.25   
-1.17   3.60    7.15   
-1.09   3.60    7.06   
-1.01   3.60    6.98   
-0.93   3.60    6.90   
-0.85   3.60    6.83   
-0.77   3.60    6.76   
-0.69   3.60    6.70   
-0.61   3.60    6.65   
-0.53   3.60    6.60   
-0.44   3.60    6.56   
-0.36   3.60    6.53   
-0.28   3.60    6.51   
-0.20   3.60    6.49   
-0.12   3.60    6.47   
-0.04   3.60    6.47   
0.04    3.60    6.47   
0.12    3.60    6.47   
0.20    3.60    6.49   
0.28    3.60    6.51   
0.36    3.60    6.53   
0.44    3.60    6.56   
0.53    3.60    6.60   
0.61    3.60    6.65   
0.69    3.60    6.70   
0.77    3.60    6.76   
0.85    3.60    6.83   
0.93    3.60    6.90   
1.01    3.60    6.98   
1.09    3.60    7.06   
1.17    3.60    7.15   
1.25    3.60    7.25   
1.33    3.60    7.35   
1.41    3.60    7.47   
1.49    3.60    7.58   
1.58    3.60    7.71   
1.66    3.60    7.84   
1.74    3.60    7.97   
1.82    3.60    8.12   
1.90    3.60    8.27   
1.98    3.60    8.43   
2.06    3.60    8.59   
2.14    3.60    8.76   
2.22    3.60    8.93   
2.30    3.60    9.12   
2.38    3.60    9.31   
2.46    3.60    9.50   
2.55    3.60    9.71   
2.63    3.60    9.91   
2.71    3.60    10.13  
2.79    3.60    10.35  
2.87    3.60    10.58  
2.95    3.60    10.82  
3.03    3.60    11.06  
3.11    3.60    11.30  
3.19    3.60    11.56  
3.27    3.60    11.82  
3.35    3.60    12.09  
3.43    3.60    12.36  
3.52    3.60    12.64  
3.60    3.60    12.93  
3.68    3.60    13.22  
3.76    3.60    13.53  
3.84    3.60    13.83  
3.92    3.60    14.15  
4.00    3.60    14.47  
-4.00   3.68    14.76  
-3.92   3.68    14.44  
-3.84   3.68    14.13  
-3.76   3.68    13.82  
-3.68   3.68    13.52  
-3.60   3.68    13.22  
-3.52   3.68    12.94  
-3.43   3.68    12.66  
-3.35   3.68    12.38  
-3.27   3.68    12.11  
-3.19   3.68    11.85  
-3.11   3.68    11.60  
-3.03   3.68    11.35  
-2.95   3.68    11.11  
-2.87   3.68    10.87  
-2.79   3.68    10.65  
-2.71   3.68    10.42  
-2.63   3.68    10.21  
-2.55   3.68    10.00  
-2.46   3.68    9.80   
-2.38   3.68    9.60   
-2.30   3.68    9.41   
-2.22   3.68    9.23   
-2.14   3.68    9.05   
-2.06   3.68    8.88   
-1.98   3.68    8.72   
-1.90   3.68    8.56   
-1.82   3.68    8.41   
-1.74   3.68    8.27   
-1.66   3.68    8.13   
-1.58   3.68    8.00   
-1.49   3.68    7.88   
-1.41   3.68    7.76   
-1.33   3.68    7.65   
-1.25   3.68    7.54   
-1.17   3.68    7.45   
-1.09   3.68    7.35   
-1.01   3.68    7.27   
-0.93   3.68    7.19   
-0.85   3.68    7.12   
-0.77   3.68    7.05   
-0.69   3.68    7.00   
-0.61   3.68    6.94   
-0.53   3.68    6.90   
-0.44   3.68    6.86   
-0.36   3.68    6.83   
-0.28   3.68    6.80   
-0.20   3.68    6.78   
-0.12   3.68    6.77   
-0.04   3.68    6.76   
0.04    3.68    6.76   
0.12    3.68    6.77   
0.20    3.68    6.78   
0.28    3.68    6.80   
0.36    3.68    6.83   
0.44    3.68    6.86   
0.53    3.68    6.90   
0.61    3.68    6.94   
0.69    3.68    7.00   
0.77    3.68    7.05   
0.85    3.68    7.12   
0.93    3.68    7.19   
1.01    3.68    7.27   
1.09    3.68    7.35   
1.17    3.68    7.45   
1.25    3.68    7.54   
1.33    3.68    7.65   
1.41    3.68    7.76   
1.49    3.68    7.88   
1.58    3.68    8.00   
1.66    3.68    8.13   
1.74    3.68    8.27   
1.82    3.68    8.41   
1.90    3.68    8.56   
1.98    3.68    8.72   
2.06    3.68    8.88   
2.14    3.68    9.05   
2.22    3.68    9.23   
2.30    3.68    9.41   
2.38    3.68    9.60   
2.46    3.68    9.80   
2.55    3.68    10.00  
2.63    3.68    10.21  
2.71    3.68    10.42  
2.79    3.68    10.65  
2.87    3.68    10.87  
2.95    3.68    11.11  
3.03    3.68    11.35  
3.11    3.68    11.60  
3.19    3.68    11.85  
3.27    3.68    12.11  
3.35    3.68    12.38  
3.43    3.68    12.66  
3.52    3.68    12.94  
3.60    3.68    13.22  
3.68    3.68    13.52  
3.76    3.68    13.82  
3.84    3.68    14.13  
3.92    3.68    14.44  
4.00    3.68    14.76  
-4.00   3.76    15.06  
-3.92   3.76    14.74  
-3.84   3.76    14.43  
-3.76   3.76    14.12  
-3.68   3.76    13.82  
-3.60   3.76    13.53  
-3.52   3.76    13.24  
-3.43   3.76    12.96  
-3.35   3.76    12.68  
-3.27   3.76    12.42  
-3.19   3.76    12.15  
-3.11   3.76    11.90  
-3.03   3.76    11.65  
-2.95   3.76    11.41  
-2.87   3.76    11.17  
-2.79   3.76    10.95  
-2.71   3.76    10.72  
-2.63   3.76    10.51  
-2.55   3.76    10.30  
-2.46   3.76    10.10  
-2.38   3.76    9.90   
-2.30   3.76    9.71   
-2.22   3.76    9.53   
-2.14   3.76    9.35   
-2.06   3.76    9.18   
-1.98   3.76    9.02   
-1.90   3.76    8.86   
-1.82   3.76    8.71   
-1.74   3.76    8.57   
-1.66   3.76    8.43   
-1.58   3.76    8.30   
-1.49   3.76    8.18   
-1.41   3.76    8.06   
-1.33   3.76    7.95   
-1.25   3.76    7.84   
-1.17   3.76    7.75   
-1.09   3.76    7.65   
-1.01   3.76    7.57   
-0.93   3.76    7.49   
-0.85   3.76    7.42   
-0.77   3.76    7.35   
-0.69   3.76    7.30   
-0.61   3.76    7.24   
-0.53   3.76    7.20   
-0.44   3.76    7.16   
-0.36   3.76    7.13   
-0.28   3.76    7.10   
-0.20   3.76    7.08   
-0.12   3.76    7.07   
-0.04   3.76    7.06   
0.04    3.76    7.06   
0.12    3.76    7.07   
0.20    3.76    7.08   
0.28    3.76    7.10   
0.36    3.76    7.13   
0.44    3.76    7.16   
0.53    3.76    7.20   
0.61    3.76    7.24   
0.69    3.76    7.30   
0.77    3.76    7.35   
0.85    3.76    7.42   
0.93    3.76    7.49   
1.01    3.76    7.57   
1.09    3.76    7.65   
1.17    3.76    7.75   
1.25    3.76    7.84   
1.33    3.76    7.95   
1.41    3.76    8.06   
1.49    3.76    8.18   
1.58    3.76    8.30   
1.66    3.76    8.43   
1.74    3.76    8.57   
1.82    3.76    8.71   
1.90    3.76    8.86   
1.98    3.76    9.02   
2.06    3.76    9.18   
2.14    3.76    9.35   
2.22    3.76    9.53   
2.30    3.76    9.71   
2.38    3.76    9.90   
2.46    3.76    10.10  
2.55    3.76    10.30  
2.63    3.76    10.51  
2.71    3.76    10.72  
2.79    3.76    10.95  
2.87    3.76    11.17  
2.95    3.76    11.41  
3.03    3.76    11.65  
3.11    3.76    11.90  
3.19    3.76    12.15  
3.27    3.76    12.42  
3.35    3.76    12.68  
3.43    3.76    12.96  
3.52    3.76    13.24  
3.60    3.76    13.53  
3.68    3.76    13.82  
3.76    3.76    14.12  
3.84    3.76    14.43  
3.92    3.76    14.74  
4.00    3.76    15.06  
-4.00   3.84    15.37  
-3.92   3.84    15.05  
-3.84   3.84    14.73  
-3.76   3.84    14.43  
-3.68   3.84    14.13  
-3.60   3.84    13.83  
-3.52   3.84    13.54  
-3.43   3.84    13.26  
-3.35   3.84    12.99  
-3.27   3.84    12.72  
-3.19   3.84    12.46  
-3.11   3.84    12.21  
-3.03   3.84    11.96  
-2.95   3.84    11.72  
-2.87   3.84    11.48  
-2.79   3.84    11.25  
-2.71   3.84    11.03  
-2.63   3.84    10.82  
-2.55   3.84    10.61  
-2.46   3.84    10.40  
-2.38   3.84    10.21  
-2.30   3.84    10.02  
-2.22   3.84    9.84   
-2.14   3.84    9.66   
-2.06   3.84    9.49   
-1.98   3.84    9.33   
-1.90   3.84    9.17   
-1.82   3.84    9.02   
-1.74   3.84    8.88   
-1.66   3.84    8.74   
-1.58   3.84    8.61   
-1.49   3.84    8.48   
-1.41   3.84    8.37   
-1.33   3.84    8.26   
-1.25   3.84    8.15   
-1.17   3.84    8.05   
-1.09   3.84    7.96   
-1.01   3.84    7.88   
-0.93   3.84    7.80   
-0.85   3.84    7.73   
-0.77   3.84    7.66   
-0.69   3.84    7.60   
-0.61   3.84    7.55   
-0.53   3.84    7.50   
-0.44   3.84    7.47   
-0.36   3.84    7.43   
-0.28   3.84    7.41   
-0.20   3.84    7.39   
-0.12   3.84    7.37   
-0.04   3.84    7.37   
0.04    3.84    7.37   
0.12    3.84    7.37   
0.20    3.84    7.39   
0.28    3.84    7.41   
0.36    3.84    7.43   
0.44    3.84    7.47   
0.53    3.84    7.50   
0.61    3.84    7.55   
0.69    3.84    7.60   
0.77    3.84    7.66   
0.85    3.84    7.73   
0.93    3.84    7.80   
1.01    3.84    7.88   
1.09    3.84    7.96   
1.17    3.84    8.05   
1.25    3.84    8.15   
1.33    3.84    8.26   
1.41    3.84    8.37   
1.49    3.84    8.48   
1.58    3.84    8.61   
1.66    3.84    8.74   
1.74    3.84    8.88   
1.82    3.84    9.02   
1.90    3.84    9.17   
1.98    3.84    9.33   
2.06    3.84    9.49   
2.14    3.84    9.66   
2.22    3.84    9.84   
2.30    3.84    10.02  
2.38    3.84    10.21  
2.46    3.84    10.40  
2.55    3.84    10.61  
2.63    3.84    10.82  
2.71    3.84    11.03  
2.79    3.84    11.25  
2.87    3.84    11.48  
2.95    3.84    11.72  
3.03    3.84    11.96  
3.11    3.84    12.21  
3.19    3.84    12.46  
3.27    3.84    12.72  
3.35    3.84    12.99  
3.43    3.84    13.26  
3.52    3.84    13.54  
3.60    3.84    13.83  
3.68    3.84    14.13  
3.76    3.84    14.43  
3.84    3.84    14.73  
3.92    3.84    15.05  
4.00    3.84    15.37  
-4.00   3.92    15.68  
-3.92   3.92    15.36  
-3.84   3.92    15.05  
-3.76   3.92    14.74  
-3.68   3.92    14.44  
-3.60   3.92    14.15  
-3.52   3.92    13.86  
-3.43   3.92    13.58  
-3.35   3.92    13.30  
-3.27   3.92    13.04  
-3.19   3.92    12.77  
-3.11   3.92    12.52  
-3.03   3.92    12.27  
-2.95   3.92    12.03  
-2.87   3.92    11.79  
-2.79   3.92    11.57  
-2.71   3.92    11.34  
-2.63   3.92    11.13  
-2.55   3.92    10.92  
-2.46   3.92    10.72  
-2.38   3.92    10.52  
-2.30   3.92    10.33  
-2.22   3.92    10.15  
-2.14   3.92    9.97   
-2.06   3.92    9.80   
-1.98   3.92    9.64   
-1.90   3.92    9.48   
-1.82   3.92    9.33   
-1.74   3.92    9.19   
-1.66   3.92    9.05   
-1.58   3.92    8.92   
-1.49   3.92    8.80   
-1.41   3.92    8.68   
-1.33   3.92    8.57   
-1.25   3.92    8.46   
-1.17   3.92    8.37   
-1.09   3.92    8.28   
-1.01   3.92    8.19   
-0.93   3.92    8.11   
-0.85   3.92    8.04   
-0.77   3.92    7.97   
-0.69   3.92    7.92   
-0.61   3.92    7.86   
-0.53   3.92    7.82   
-0.44   3.92    7.78   
-0.36   3.92    7.75   
-0.28   3.92    7.72   
-0.20   3.92    7.70   
-0.12   3.92    7.69   
-0.04   3.92    7.68   
0.04    3.92    7.68   
0.12    3.92    7.69   
0.20    3.92    7.70   
0.28    3.92    7.72   
0.36    3.92    7.75   
0.44    3.92    7.78   
0.53    3.92    7.82   
0.61    3.92    7.86   
0.69    3.92    7.92   
0.77    3.92    7.97   
0.85    3.92    8.04   
0.93    3.92    8.11   
1.01    3.92    8.19   
1.09    3.92    8.28   
1.17    3.92    8.37   
1.25    3.92    8.46   
1.33    3.92    8.57   
1.41    3.92    8.68   
1.49    3.92    8.80   
1.58    3.92    8.92   
1.66    3.92    9.05   
1.74    3.92    9.19   
1.82    3.92    9.33   
1.90    3.92    9.48   
1.98    3.92    9.64   
2.06    3.92    9.80   
2.14    3.92    9.97   
2.22    3.92    10.15  
2.30    3.92    10.33  
2.38    3.92    10.52  
2.46    3.92    10.72  
2.55    3.92    10.92  
2.63    3.92    11.13  
2.71    3.92    11.34  
2.79    3.92    11.57  
2.87    3.92    11.79  
2.95    3.92    12.03  
3.03    3.92    12.27  
3.11    3.92    12.52  
3.19    3.92    12.77  
3.27    3.92    13.04  
3.35    3.92    13.30  
3.43    3.92    13.58  
3.52    3.92    13.86  
3.60    3.92    14.15  
3.68    3.92    14.44  
3.76    3.92    14.74  
3.84    3.92    15.05  
3.92    3.92    15.36  
4.00    3.92    15.68  
-4.00   4.00    16.00  
-3.92   4.00    15.68  
-3.84   4.00    15.37  
-3.76   4.00    15.06  
-3.68   4.00    14.76  
-3.60   4.00    14.47  
-3.52   4.00    14.18  
-3.43   4.00    13.90  
-3.35   4.00    13.62  
-3.27   4.00    13.36  
-3.19   4.00    13.09  
-3.11   4.00    12.84  
-3.03   4.00    12.59  
-2.95   4.00    12.35  
-2.87   4.00    12.11  
-2.79   4.00    11.89  
-2.71   4.00    11.66  
-2.63   4.00    11.45  
-2.55   4.00    11.24  
-2.46   4.00    11.04  
-2.38   4.00    10.84  
-2.30   4.00    10.65  
-2.22   4.00    10.47  
-2.14   4.00    10.29  
-2.06   4.00    10.12  
-1.98   4.00    9.96   
-1.90   4.00    9.80   
-1.82   4.00    9.65   
-1.74   4.00    9.51   
-1.66   4.00    9.37   
-1.58   4.00    9.24   
-1.49   4.00    9.12   
-1.41   4.00    9.00   
-1.33   4.00    8.89   
-1.25   4.00    8.78   
-1.17   4.00    8.69   
-1.09   4.00    8.60   
-1.01   4.00    8.51   
-0.93   4.00    8.43   
-0.85   4.00    8.36   
-0.77   4.00    8.29   
-0.69   4.00    8.24   
-0.61   4.00    8.18   
-0.53   4.00    8.14   
-0.44   4.00    8.10   
-0.36   4.00    8.07   
-0.28   4.00    8.04   
-0.20   4.00    8.02   
-0.12   4.00    8.01   
-0.04   4.00    8.00   
0.04    4.00    8.00   
0.12    4.00    8.01   
0.20    4.00    8.02   
0.28    4.00    8.04   
0.36    4.00    8.07   
0.44    4.00    8.10   
0.53    4.00    8.14   
0.61    4.00    8.18   
0.69    4.00    8.24   
0.77    4.00    8.29   
0.85    4.00    8.36   
0.93    4.00    8.43   
1.01    4.00    8.51   
1.09    4.00    8.60   
1.17    4.00    8.69   
1.25    4.00    8.78   
1.33    4.00    8.89   
1.41    4.00    9.00   
1.49    4.00    9.12   
1.58    4.00    9.24   
1.66    4.00    9.37   
1.74    4.00    9.51   
1.82    4.00    9.65   
1.90    4.00    9.80   
1.98    4.00    9.96   
2.06    4.00    10.12  
2.14    4.00    10.29  
2.22    4.00    10.47  
2.30    4.00    10.65  
2.38    4.00    10.84  
2.46    4.00    11.04  
2.55    4.00    11.24  
2.63    4.00    11.45  
2.71    4.00    11.66  
2.79    4.00    11.89  
2.87    4.00    12.11  
2.95    4.00    12.35  
3.03    4.00    12.59  
3.11    4.00    12.84  
3.19    4.00    13.09  
3.27    4.00    13.36  
3.35    4.00    13.62  
3.43    4.00    13.90  
3.52    4.00    14.18  
3.60    4.00    14.47  
3.68    4.00    14.76  
3.76    4.00    15.06  
3.84    4.00    15.37  
3.92    4.00    15.68  
4.00    4.00    16.00  
