-4.00   -4.00   32.00  
-3.92   -4.00   31.36  
-3.84   -4.00   30.73  
-3.76   -4.00   30.12  
-3.68   -4.00   29.52  
-3.60   -4.00   28.93  
-3.52   -4.00   28.36  
-3.43   -4.00   27.79  
-3.35   -4.00   27.25  
-3.27   -4.00   26.71  
-3.19   -4.00   26.19  
-3.11   -4.00   25.68  
-3.03   -4.00   25.18  
-2.95   -4.00   24.70  
-2.87   -4.00   24.23  
-2.79   -4.00   23.77  
-2.71   -4.00   23.33  
-2.63   -4.00   22.90  
-2.55   -4.00   22.48  
-2.46   -4.00   22.07  
-2.38   -4.00   21.68  
-2.30   -4.00   21.30  
-2.22   -4.00   20.94  
-2.14   -4.00   20.59  
-2.06   -4.00   20.25  
-1.98   -4.00   19.92  
-1.90   -4.00   19.61  
-1.82   -4.00   19.31  
-1.74   -4.00   19.02  
-1.66   -4.00   18.74  
-1.58   -4.00   18.48  
-1.49   -4.00   18.23  
-1.41   -4.00   18.00  
-1.33   -4.00   17.78  
-1.25   -4.00   17.57  
-1.17   -4.00   17.37  
-1.09   -4.00   17.19  
-1.01   -4.00   17.02  
-0.93   -4.00   16.86  
-0.85   -4.00   16.72  
-0.77   -4.00   16.59  
-0.69   -4.00   16.47  
-0.61   -4.00   16.37  
-0.53   -4.00   16.28  
-0.44   -4.00   16.20  
-0.36   -4.00   16.13  
-0.28   -4.00   16.08  
-0.20   -4.00   16.04  
-0.12   -4.00   16.01  
-0.04   -4.00   16.00  
0.04    -4.00   16.00  
0.12    -4.00   16.01  
0.20    -4.00   16.04  
0.28    -4.00   16.08  
0.36    -4.00   16.13  
0.44    -4.00   16.20  
0.53    -4.00   16.28  
0.61    -4.00   16.37  
0.69    -4.00   16.47  
0.77    -4.00   16.59  
0.85    -4.00   16.72  
0.93    -4.00   16.86  
1.01    -4.00   17.02  
1.09    -4.00   17.19  
1.17    -4.00   17.37  
1.25    -4.00   17.57  
1.33    -4.00   17.78  
1.41    -4.00   18.00  
1.49    -4.00   18.23  
1.58    -4.00   18.48  
1.66    -4.00   18.74  
1.74    -4.00   19.02  
1.82    -4.00   19.31  
1.90    -4.00   19.61  
1.98    -4.00   19.92  
2.06    -4.00   20.25  
2.14    -4.00   20.59  
2.22    -4.00   20.94  
2.30    -4.00   21.30  
2.38    -4.00   21.68  
2.46    -4.00   22.07  
2.55    -4.00   22.48  
2.63    -4.00   22.90  
2.71    -4.00   23.33  
2.79    -4.00   23.77  
2.87    -4.00   24.23  
2.95    -4.00   24.70  
3.03    -4.00   25.18  
3.11    -4.00   25.68  
3.19    -4.00   26.19  
3.27    -4.00   26.71  
3.35    -4.00   27.25  
3.43    -4.00   27.79  
3.52    -4.00   28.36  
3.60    -4.00   28.93  
3.68    -4.00   29.52  
3.76    -4.00   30.12  
3.84    -4.00   30.73  
3.92    -4.00   31.36  
4.00    -4.00   32.00  
-4.00   -3.92   31.36  
-3.92   -3.92   30.72  
-3.84   -3.92   30.09  
-3.76   -3.92   29.48  
-3.68   -3.92   28.88  
-3.60   -3.92   28.29  
-3.52   -3.92   27.72  
-3.43   -3.92   27.15  
-3.35   -3.92   26.61  
-3.27   -3.92   26.07  
-3.19   -3.92   25.55  
-3.11   -3.92   25.04  
-3.03   -3.92   24.54  
-2.95   -3.92   24.06  
-2.87   -3.92   23.59  
-2.79   -3.92   23.13  
-2.71   -3.92   22.69  
-2.63   -3.92   22.26  
-2.55   -3.92   21.84  
-2.46   -3.92   21.43  
-2.38   -3.92   21.04  
-2.30   -3.92   20.66  
-2.22   -3.92   20.30  
-2.14   -3.92   19.95  
-2.06   -3.92   19.61  
-1.98   -3.92   19.28  
-1.90   -3.92   18.97  
-1.82   -3.92   18.67  
-1.74   -3.92   18.38  
-1.66   -3.92   18.10  
-1.58   -3.92   17.84  
-1.49   -3.92   17.59  
-1.41   -3.92   17.36  
-1.33   -3.92   17.14  
-1.25   -3.92   16.93  
-1.17   -3.92   16.73  
-1.09   -3.92   16.55  
-1.01   -3.92   16.38  
-0.93   -3.92   16.22  
-0.85   -3.92   16.08  
-0.77   -3.92   15.95  
-0.69   -3.92   15.83  
-0.61   -3.92   15.73  
-0.53   -3.92   15.64  
-0.44   -3.92   15.56  
-0.36   -3.92   15.49  
-0.28   -3.92   15.44  
-0.20   -3.92   15.40  
-0.12   -3.92   15.37  
-0.04   -3.92   15.36  
0.04    -3.92   15.36  
0.12    -3.92   15.37  
0.20    -3.92   15.40  
0.28    -3.92   15.44  
0.36    -3.92   15.49  
0.44    -3.92   15.56  
0.53    -3.92   15.64  
0.61    -3.92   15.73  
0.69    -3.92   15.83  
0.77    -3.92   15.95  
0.85    -3.92   16.08  
0.93    -3.92   16.22  
1.01    -3.92   16.38  
1.09    -3.92   16.55  
1.17    -3.92   16.73  
1.25    -3.92   16.93  
1.33    -3.92   17.14  
1.41    -3.92   17.36  
1.49    -3.92   17.59  
1.58    -3.92   17.84  
1.66    -3.92   18.10  
1.74    -3.92   18.38  
1.82    -3.92   18.67  
1.90    -3.92   18.97  
1.98    -3.92   19.28  
2.06    -3.92   19.61  
2.14    -3.92   19.95  
2.22    -3.92   20.30  
2.30    -3.92   20.66  
2.38    -3.92   21.04  
2.46    -3.92   21.43  
2.55    -3.92   21.84  
2.63    -3.92   22.26  
2.71    -3.92   22.69  
2.79    -3.92   23.13  
2.87    -3.92   23.59  
2.95    -3.92   24.06  
3.03    -3.92   24.54  
3.11    -3.92   25.04  
3.19    -3.92   25.55  
3.27    -3.92   26.07  
3.35    -3.92   26.61  
3.43    -3.92   27.15  
3.52    -3.92   27.72  
3.60    -3.92   28.29  
3.68    -3.92   28.88  
3.76    -3.92   29.48  
3.84    -3.92   30.09  
3.92    -3.92   30.72  
4.00    -3.92   31.36  
-4.00   -3.84   30.73  
-3.92   -3.84   30.09  
-3.84   -3.84   29.47  
-3.76   -3.84   28.85  
-3.68   -3.84   28.25  
-3.60   -3.84   27.66  
-3.52   -3.84   27.09  
-3.43   -3.84   26.53  
-3.35   -3.84   25.98  
-3.27   -3.84   25.44  
-3.19   -3.84   24.92  
-3.11   -3.84   24.41  
-3.03   -3.84   23.92  
-2.95   -3.84   23.43  
-2.87   -3.84   22.96  
-2.79   -3.84   22.51  
-2.71   -3.84   22.06  
-2.63   -3.84   21.63  
-2.55   -3.84   21.21  
-2.46   -3.84   20.81  
-2.38   -3.84   20.42  
-2.30   -3.84   20.04  
-2.22   -3.84   19.67  
-2.14   -3.84   19.32  
-2.06   -3.84   18.98  
-1.98   -3.84   18.65  
-1.90   -3.84   18.34  
-1.82   -3.84   18.04  
-1.74   -3.84   17.75  
-1.66   -3.84   17.48  
-1.58   -3.84   17.22  
-1.49   -3.84   16.97  
-1.41   -3.84   16.73  
-1.33   -3.84   16.51  
-1.25   -3.84   16.30  
-1.17   -3.84   16.11  
-1.09   -3.84   15.92  
-1.01   -3.84   15.75  
-0.93   -3.84   15.60  
-0.85   -3.84   15.45  
-0.77   -3.84   15.32  
-0.69   -3.84   15.20  
-0.61   -3.84   15.10  
-0.53   -3.84   15.01  
-0.44   -3.84   14.93  
-0.36   -3.84   14.87  
-0.28   -3.84   14.81  
-0.20   -3.84   14.77  
-0.12   -3.84   14.75  
-0.04   -3.84   14.73  
0.04    -3.84   14.73  
0.12    -3.84   14.75  
0.20    -3.84   14.77  
0.28    -3.84   14.81  
0.36    -3.84   14.87  
0.44    -3.84   14.93  
0.53    -3.84   15.01  
0.61    -3.84   15.10  
0.69    -3.84   15.20  
0.77    -3.84   15.32  
0.85    -3.84   15.45  
0.93    -3.84   15.60  
1.01    -3.84   15.75  
1.09    -3.84   15.92  
1.17    -3.84   16.11  
1.25    -3.84   16.30  
1.33    -3.84   16.51  
1.41    -3.84   16.73  
1.49    -3.84   16.97  
1.58    -3.84   17.22  
1.66    -3.84   17.48  
1.74    -3.84   17.75  
1.82    -3.84   18.04  
1.90    -3.84   18.34  
1.98    -3.84   18.65  
2.06    -3.84   18.98  
2.14    -3.84   19.32  
2.22    -3.84   19.67  
2.30    -3.84   20.04  
2.38    -3.84   20.42  
2.46    -3.84   20.81  
2.55    -3.84   21.21  
2.63    -3.84   21.63  
2.71    -3.84   22.06  
2.79    -3.84   22.51  
2.87    -3.84   22.96  
2.95    -3.84   23.43  
3.03    -3.84   23.92  
3.11    -3.84   24.41  
3.19    -3.84   24.92  
3.27    -3.84   25.44  
3.35    -3.84   25.98  
3.43    -3.84   26.53  
3.52    -3.84   27.09  
3.60    -3.84   27.66  
3.68    -3.84   28.25  
3.76    -3.84   28.85  
3.84    -3.84   29.47  
3.92    -3.84   30.09  
4.00    -3.84   30.73  
-4.00   -3.76   30.12  
-3.92   -3.76   29.48  
-3.84   -3.76   28.85  
-3.76   -3.76   28.24  
-3.68   -3.76   27.64  
-3.60   -3.76   27.05  
-3.52   -3.76   26.48  
-3.43   -3.76   25.91  
-3.35   -3.76   25.37  
-3.27   -3.76   24.83  
-3.19   -3.76   24.31  
-3.11   -3.76   23.80  
-3.03   -3.76   23.30  
-2.95   -3.76   22.82  
-2.87   -3.76   22.35  
-2.79   -3.76   21.89  
-2.71   -3.76   21.45  
-2.63   -3.76   21.02  
-2.55   -3.76   20.60  
-2.46   -3.76   20.19  
-2.38   -3.76   19.80  
-2.30   -3.76   19.42  
-2.22   -3.76   19.06  
-2.14   -3.76   18.71  
-2.06   -3.76   18.37  
-1.98   -3.76   18.04  
-1.90   -3.76   17.73  
-1.82   -3.76   17.43  
-1.74   -3.76   17.14  
-1.66   -3.76   16.86  
-1.58   -3.76   16.60  
-1.49   -3.76   16.35  
-1.41   -3.76   16.12  
-1.33   -3.76   15.90  
-1.25   -3.76   15.69  
-1.17   -3.76   15.49  
-1.09   -3.76   15.31  
-1.01   -3.76   15.14  
-0.93   -3.76   14.98  
-0.85   -3.76   14.84  
-0.77   -3.76   14.71  
-0.69   -3.76   14.59  
-0.61   -3.76   14.49  
-0.53   -3.76   14.40  
-0.44   -3.76   14.32  
-0.36   -3.76   14.25  
-0.28   -3.76   14.20  
-0.20   -3.76   14.16  
-0.12   -3.76   14.13  
-0.04   -3.76   14.12  
0.04    -3.76   14.12  
0.12    -3.76   14.13  
0.20    -3.76   14.16  
0.28    -3.76   14.20  
0.36    -3.76   14.25  
0.44    -3.76   14.32  
0.53    -3.76   14.40  
0.61    -3.76   14.49  
0.69    -3.76   14.59  
0.77    -3.76   14.71  
0.85    -3.76   14.84  
0.93    -3.76   14.98  
1.01    -3.76   15.14  
1.09    -3.76   15.31  
1.17    -3.76   15.49  
1.25    -3.76   15.69  
1.33    -3.76   15.90  
1.41    -3.76   16.12  
1.49    -3.76   16.35  
1.58    -3.76   16.60  
1.66    -3.76   16.86  
1.74    -3.76   17.14  
1.82    -3.76   17.43  
1.90    -3.76   17.73  
1.98    -3.76   18.04  
2.06    -3.76   18.37  
2.14    -3.76   18.71  
2.22    -3.76   19.06  
2.30    -3.76   19.42  
2.38    -3.76   19.80  
2.46    -3.76   20.19  
2.55    -3.76   20.60  
2.63    -3.76   21.02  
2.71    -3.76   21.45  
2.79    -3.76   21.89  
2.87    -3.76   22.35  
2.95    -3.76   22.82  
3.03    -3.76   23.30  
3.11    -3.76   23.80  
3.19    -3.76   24.31  
3.27    -3.76   24.83  
3.35    -3.76   25.37  
3.43    -3.76   25.91  
3.52    -3.76   26.48  
3.60    -3.76   27.05  
3.68    -3.76   27.64  
3.76    -3.76   28.24  
3.84    -3.76   28.85  
3.92    -3.76   29.48  
4.00    -3.76   30.12  
-4.00   -3.68   29.52  
-3.92   -3.68   28.88  
-3.84   -3.68   28.25  
-3.76   -3.68   27.64  
-3.68   -3.68   27.04  
-3.60   -3.68   26.45  
-3.52   -3.68   25.87  
-3.43   -3.68   25.31  
-3.35   -3.68   24.76  
-3.27   -3.68   24.23  
-3.19   -3.68   23.71  
-3.11   -3.68   23.20  
-3.03   -3.68   22.70  
-2.95   -3.68   22.22  
-2.87   -3.68   21.75  
-2.79   -3.68   21.29  
-2.71   -3.68   20.85  
-2.63   -3.68   20.42  
-2.55   -3.68   20.00  
-2.46   -3.68   19.59  
-2.38   -3.68   19.20  
-2.30   -3.68   18.82  
-2.22   -3.68   18.46  
-2.14   -3.68   18.10  
-2.06   -3.68   17.76  
-1.98   -3.68   17.44  
-1.90   -3.68   17.12  
-1.82   -3.68   16.82  
-1.74   -3.68   16.54  
-1.66   -3.68   16.26  
-1.58   -3.68   16.00  
-1.49   -3.68   15.75  
-1.41   -3.68   15.52  
-1.33   -3.68   15.30  
-1.25   -3.68   15.09  
-1.17   -3.68   14.89  
-1.09   -3.68   14.71  
-1.01   -3.68   14.54  
-0.93   -3.68   14.38  
-0.85   -3.68   14.24  
-0.77   -3.68   14.11  
-0.69   -3.68   13.99  
-0.61   -3.68   13.89  
-0.53   -3.68   13.79  
-0.44   -3.68   13.72  
-0.36   -3.68   13.65  
-0.28   -3.68   13.60  
-0.20   -3.68   13.56  
-0.12   -3.68   13.53  
-0.04   -3.68   13.52  
0.04    -3.68   13.52  
0.12    -3.68   13.53  
0.20    -3.68   13.56  
0.28    -3.68   13.60  
0.36    -3.68   13.65  
0.44    -3.68   13.72  
0.53    -3.68   13.79  
0.61    -3.68   13.89  
0.69    -3.68   13.99  
0.77    -3.68   14.11  
0.85    -3.68   14.24  
0.93    -3.68   14.38  
1.01    -3.68   14.54  
1.09    -3.68   14.71  
1.17    -3.68   14.89  
1.25    -3.68   15.09  
1.33    -3.68   15.30  
1.41    -3.68   15.52  
1.49    -3.68   15.75  
1.58    -3.68   16.00  
1.66    -3.68   16.26  
1.74    -3.68   16.54  
1.82    -3.68   16.82  
1.90    -3.68   17.12  
1.98    -3.68   17.44  
2.06    -3.68   17.76  
2.14    -3.68   18.10  
2.22    -3.68   18.46  
2.30    -3.68   18.82  
2.38    -3.68   19.20  
2.46    -3.68   19.59  
2.55    -3.68   20.00  
2.63    -3.68   20.42  
2.71    -3.68   20.85  
2.79    -3.68   21.29  
2.87    -3.68   21.75  
2.95    -3.68   22.22  
3.03    -3.68   22.70  
3.11    -3.68   23.20  
3.19    -3.68   23.71  
3.27    -3.68   24.23  
3.35    -3.68   24.76  
3.43    -3.68   25.31  
3.52    -3.68   25.87  
3.60    -3.68   26.45  
3.68    -3.68   27.04  
3.76    -3.68   27.64  
3.84    -3.68   28.25  
3.92    -3.68   28.88  
4.00    -3.68   29.52  
-4.00   -3.60   28.93  
-3.92   -3.60   28.29  
-3.84   -3.60   27.66  
-3.76   -3.60   27.05  
-3.68   -3.60   26.45  
-3.60   -3.60   25.86  
-3.52   -3.60   25.29  
-3.43   -3.60   24.73  
-3.35   -3.60   24.18  
-3.27   -3.60   23.64  
-3.19   -3.60   23.12  
-3.11   -3.60   22.61  
-3.03   -3.60   22.11  
-2.95   -3.60   21.63  
-2.87   -3.60   21.16  
-2.79   -3.60   20.70  
-2.71   -3.60   20.26  
-2.63   -3.60   19.83  
-2.55   -3.60   19.41  
-2.46   -3.60   19.01  
-2.38   -3.60   18.61  
-2.30   -3.60   18.23  
-2.22   -3.60   17.87  
-2.14   -3.60   17.52  
-2.06   -3.60   17.18  
-1.98   -3.60   16.85  
-1.90   -3.60   16.54  
-1.82   -3.60   16.24  
-1.74   -3.60   15.95  
-1.66   -3.60   15.68  
-1.58   -3.60   15.41  
-1.49   -3.60   15.17  
-1.41   -3.60   14.93  
-1.33   -3.60   14.71  
-1.25   -3.60   14.50  
-1.17   -3.60   14.30  
-1.09   -3.60   14.12  
-1.01   -3.60   13.95  
-0.93   -3.60   13.79  
-0.85   -3.60   13.65  
-0.77   -3.60   13.52  
-0.69   -3.60   13.40  
-0.61   -3.60   13.30  
-0.53   -3.60   13.21  
-0.44   -3.60   13.13  
-0.36   -3.60   13.06  
-0.28   -3.60   13.01  
-0.20   -3.60   12.97  
-0.12   -3.60   12.95  
-0.04   -3.60   12.93  
0.04    -3.60   12.93  
0.12    -3.60   12.95  
0.20    -3.60   12.97  
0.28    -3.60   13.01  
0.36    -3.60   13.06  
0.44    -3.60   13.13  
0.53    -3.60   13.21  
0.61    -3.60   13.30  
0.69    -3.60   13.40  
0.77    -3.60   13.52  
0.85    -3.60   13.65  
0.93    -3.60   13.79  
1.01    -3.60   13.95  
1.09    -3.60   14.12  
1.17    -3.60   14.30  
1.25    -3.60   14.50  
1.33    -3.60   14.71  
1.41    -3.60   14.93  
1.49    -3.60   15.17  
1.58    -3.60   15.41  
1.66    -3.60   15.68  
1.74    -3.60   15.95  
1.82    -3.60   16.24  
1.90    -3.60   16.54  
1.98    -3.60   16.85  
2.06    -3.60   17.18  
2.14    -3.60   17.52  
2.22    -3.60   17.87  
2.30    -3.60   18.23  
2.38    -3.60   18.61  
2.46    -3.60   19.01  
2.55    -3.60   19.41  
2.63    -3.60   19.83  
2.71    -3.60   20.26  
2.79    -3.60   20.70  
2.87    -3.60   21.16  
2.95    -3.60   21.63  
3.03    -3.60   22.11  
3.11    -3.60   22.61  
3.19    -3.60   23.12  
3.27    -3.60   23.64  
3.35    -3.60   24.18  
3.43    -3.60   24.73  
3.52    -3.60   25.29  
3.60    -3.60   25.86  
3.68    -3.60   26.45  
3.76    -3.60   27.05  
3.84    -3.60   27.66  
3.92    -3.60   28.29  
4.00    -3.60   28.93  
-4.00   -3.52   28.36  
-3.92   -3.52   27.72  
-3.84   -3.52   27.09  
-3.76   -3.52   26.48  
-3.68   -3.52   25.87  
-3.60   -3.52   25.29  
-3.52   -3.52   24.71  
-3.43   -3.52   24.15  
-3.35   -3.52   23.60  
-3.27   -3.52   23.07  
-3.19   -3.52   22.54  
-3.11   -3.52   22.04  
-3.03   -3.52   21.54  
-2.95   -3.52   21.06  
-2.87   -3.52   20.59  
-2.79   -3.52   20.13  
-2.71   -3.52   19.68  
-2.63   -3.52   19.25  
-2.55   -3.52   18.84  
-2.46   -3.52   18.43  
-2.38   -3.52   18.04  
-2.30   -3.52   17.66  
-2.22   -3.52   17.29  
-2.14   -3.52   16.94  
-2.06   -3.52   16.60  
-1.98   -3.52   16.28  
-1.90   -3.52   15.96  
-1.82   -3.52   15.66  
-1.74   -3.52   15.37  
-1.66   -3.52   15.10  
-1.58   -3.52   14.84  
-1.49   -3.52   14.59  
-1.41   -3.52   14.36  
-1.33   -3.52   14.13  
-1.25   -3.52   13.93  
-1.17   -3.52   13.73  
-1.09   -3.52   13.55  
-1.01   -3.52   13.38  
-0.93   -3.52   13.22  
-0.85   -3.52   13.08  
-0.77   -3.52   12.95  
-0.69   -3.52   12.83  
-0.61   -3.52   12.72  
-0.53   -3.52   12.63  
-0.44   -3.52   12.55  
-0.36   -3.52   12.49  
-0.28   -3.52   12.44  
-0.20   -3.52   12.40  
-0.12   -3.52   12.37  
-0.04   -3.52   12.36  
0.04    -3.52   12.36  
0.12    -3.52   12.37  
0.20    -3.52   12.40  
0.28    -3.52   12.44  
0.36    -3.52   12.49  
0.44    -3.52   12.55  
0.53    -3.52   12.63  
0.61    -3.52   12.72  
0.69    -3.52   12.83  
0.77    -3.52   12.95  
0.85    -3.52   13.08  
0.93    -3.52   13.22  
1.01    -3.52   13.38  
1.09    -3.52   13.55  
1.17    -3.52   13.73  
1.25    -3.52   13.93  
1.33    -3.52   14.13  
1.41    -3.52   14.36  
1.49    -3.52   14.59  
1.58    -3.52   14.84  
1.66    -3.52   15.10  
1.74    -3.52   15.37  
1.82    -3.52   15.66  
1.90    -3.52   15.96  
1.98    -3.52   16.28  
2.06    -3.52   16.60  
2.14    -3.52   16.94  
2.22    -3.52   17.29  
2.30    -3.52   17.66  
2.38    -3.52   18.04  
2.46    -3.52   18.43  
2.55    -3.52   18.84  
2.63    -3.52   19.25  
2.71    -3.52   19.68  
2.79    -3.52   20.13  
2.87    -3.52   20.59  
2.95    -3.52   21.06  
3.03    -3.52   21.54  
3.11    -3.52   22.04  
3.19    -3.52   22.54  
3.27    -3.52   23.07  
3.35    -3.52   23.60  
3.43    -3.52   24.15  
3.52    -3.52   24.71  
3.60    -3.52   25.29  
3.68    -3.52   25.87  
3.76    -3.52   26.48  
3.84    -3.52   27.09  
3.92    -3.52   27.72  
4.00    -3.52   28.36  
-4.00   -3.43   27.79  
-3.92   -3.43   27.15  
-3.84   -3.43   26.53  
-3.76   -3.43   25.91  
-3.68   -3.43   25.31  
-3.60   -3.43   24.73  
-3.52   -3.43   24.15  
-3.43   -3.43   23.59  
-3.35   -3.43   23.04  
-3.27   -3.43   22.51  
-3.19   -3.43   21.98  
-3.11   -3.43   21.47  
-3.03   -3.43   20.98  
-2.95   -3.43   20.49  
-2.87   -3.43   20.02  
-2.79   -3.43   19.57  
-2.71   -3.43   19.12  
-2.63   -3.43   18.69  
-2.55   -3.43   18.27  
-2.46   -3.43   17.87  
-2.38   -3.43   17.48  
-2.30   -3.43   17.10  
-2.22   -3.43   16.73  
-2.14   -3.43   16.38  
-2.06   -3.43   16.04  
-1.98   -3.43   15.71  
-1.90   -3.43   15.40  
-1.82   -3.43   15.10  
-1.74   -3.43   14.81  
-1.66   -3.43   14.54  
-1.58   -3.43   14.28  
-1.49   -3.43   14.03  
-1.41   -3.43   13.79  
-1.33   -3.43   13.57  
-1.25   -3.43   13.36  
-1.17   -3.43   13.17  
-1.09   -3.43   12.98  
-1.01   -3.43   12.82  
-0.93   -3.43   12.66  
-0.85   -3.43   12.51  
-0.77   -3.43   12.38  
-0.69   -3.43   12.27  
-0.61   -3.43   12.16  
-0.53   -3.43   12.07  
-0.44   -3.43   11.99  
-0.36   -3.43   11.93  
-0.28   -3.43   11.87  
-0.20   -3.43   11.84  
-0.12   -3.43   11.81  
-0.04   -3.43   11.80  
0.04    -3.43   11.80  
0.12    -3.43   11.81  
0.20    -3.43   11.84  
0.28    -3.43   11.87  
0.36    -3.43   11.93  
0.44    -3.43   11.99  
0.53    -3.43   12.07  
0.61    -3.43   12.16  
0.69    -3.43   12.27  
0.77    -3.43   12.38  
0.85    -3.43   12.51  
0.93    -3.43   12.66  
1.01    -3.43   12.82  
1.09    -3.43   12.98  
1.17    -3.43   13.17  
1.25    -3.43   13.36  
1.33    -3.43   13.57  
1.41    -3.43   13.79  
1.49    -3.43   14.03  
1.58    -3.43   14.28  
1.66    -3.43   14.54  
1.74    -3.43   14.81  
1.82    -3.43   15.10  
1.90    -3.43   15.40  
1.98    -3.43   15.71  
2.06    -3.43   16.04  
2.14    -3.43   16.38  
2.22    -3.43   16.73  
2.30    -3.43   17.10  
2.38    -3.43   17.48  
2.46    -3.43   17.87  
2.55    -3.43   18.27  
2.63    -3.43   18.69  
2.71    -3.43   19.12  
2.79    -3.43   19.57  
2.87    -3.43   20.02  
2.95    -3.43   20.49  
3.03    -3.43   20.98  
3.11    -3.43   21.47  
3.19    -3.43   21.98  
3.27    -3.43   22.51  
3.35    -3.43   23.04  
3.43    -3.43   23.59  
3.52    -3.43   24.15  
3.60    -3.43   24.73  
3.68    -3.43   25.31  
3.76    -3.43   25.91  
3.84    -3.43   26.53  
3.92    -3.43   27.15  
4.00    -3.43   27.79  
-4.00   -3.35   27.25  
-3.92   -3.35   26.61  
-3.84   -3.35   25.98  
-3.76   -3.35   25.37  
-3.68   -3.35   24.76  
-3.60   -3.35   24.18  
-3.52   -3.35   23.60  
-3.43   -3.35   23.04  
-3.35   -3.35   22.49  
-3.27   -3.35   21.96  
-3.19   -3.35   21.43  
-3.11   -3.35   20.93  
-3.03   -3.35   20.43  
-2.95   -3.35   19.95  
-2.87   -3.35   19.48  
-2.79   -3.35   19.02  
-2.71   -3.35   18.57  
-2.63   -3.35   18.14  
-2.55   -3.35   17.73  
-2.46   -3.35   17.32  
-2.38   -3.35   16.93  
-2.30   -3.35   16.55  
-2.22   -3.35   16.18  
-2.14   -3.35   15.83  
-2.06   -3.35   15.49  
-1.98   -3.35   15.17  
-1.90   -3.35   14.85  
-1.82   -3.35   14.55  
-1.74   -3.35   14.26  
-1.66   -3.35   13.99  
-1.58   -3.35   13.73  
-1.49   -3.35   13.48  
-1.41   -3.35   13.25  
-1.33   -3.35   13.02  
-1.25   -3.35   12.82  
-1.17   -3.35   12.62  
-1.09   -3.35   12.44  
-1.01   -3.35   12.27  
-0.93   -3.35   12.11  
-0.85   -3.35   11.97  
-0.77   -3.35   11.84  
-0.69   -3.35   11.72  
-0.61   -3.35   11.61  
-0.53   -3.35   11.52  
-0.44   -3.35   11.44  
-0.36   -3.35   11.38  
-0.28   -3.35   11.33  
-0.20   -3.35   11.29  
-0.12   -3.35   11.26  
-0.04   -3.35   11.25  
0.04    -3.35   11.25  
0.12    -3.35   11.26  
0.20    -3.35   11.29  
0.28    -3.35   11.33  
0.36    -3.35   11.38  
0.44    -3.35   11.44  
0.53    -3.35   11.52  
0.61    -3.35   11.61  
0.69    -3.35   11.72  
0.77    -3.35   11.84  
0.85    -3.35   11.97  
0.93    -3.35   12.11  
1.01    -3.35   12.27  
1.09    -3.35   12.44  
1.17    -3.35   12.62  
1.25    -3.35   12.82  
1.33    -3.35   13.02  
1.41    -3.35   13.25  
1.49    -3.35   13.48  
1.58    -3.35   13.73  
1.66    -3.35   13.99  
1.74    -3.35   14.26  
1.82    -3.35   14.55  
1.90    -3.35   14.85  
1.98    -3.35   15.17  
2.06    -3.35   15.49  
2.14    -3.35   15.83  
2.22    -3.35   16.18  
2.30    -3.35   16.55  
2.38    -3.35   16.93  
2.46    -3.35   17.32  
2.55    -3.35   17.73  
2.63    -3.35   18.14  
2.71    -3.35   18.57  
2.79    -3.35   19.02  
2.87    -3.35   19.48  
2.95    -3.35   19.95  
3.03    -3.35   20.43  
3.11    -3.35   20.93  
3.19    -3.35   21.43  
3.27    -3.35   21.96  
3.35    -3.35   22.49  
3.43    -3.35   23.04  
3.52    -3.35   23.60  
3.60    -3.35   24.18  
3.68    -3.35   24.76  
3.76    -3.35   25.37  
3.84    -3.35   25.98  
3.92    -3.35   26.61  
4.00    -3.35   27.25  
-4.00   -3.27   26.71  
-3.92   -3.27   26.07  
-3.84   -3.27   25.44  
-3.76   -3.27   24.83  
-3.68   -3.27   24.23  
-3.60   -3.27   23.64  
-3.52   -3.27   23.07  
-3.43   -3.27   22.51  
-3.35   -3.27   21.96  
-3.27   -3.27   21.42  
-3.19   -3.27   20.90  
-3.11   -3.27   20.39  
-3.03   -3.27   19.89  
-2.95   -3.27   19.41  
-2.87   -3.27   18.94  
-2.79   -3.27   18.48  
-2.71   -3.27   18.04  
-2.63   -3.27   17.61  
-2.55   -3.27   17.19  
-2.46   -3.27   16.79  
-2.38   -3.27   16.39  
-2.30   -3.27   16.01  
-2.22   -3.27   15.65  
-2.14   -3.27   15.30  
-2.06   -3.27   14.96  
-1.98   -3.27   14.63  
-1.90   -3.27   14.32  
-1.82   -3.27   14.02  
-1.74   -3.27   13.73  
-1.66   -3.27   13.45  
-1.58   -3.27   13.19  
-1.49   -3.27   12.95  
-1.41   -3.27   12.71  
-1.33   -3.27   12.49  
-1.25   -3.27   12.28  
-1.17   -3.27   12.08  
-1.09   -3.27   11.90  
-1.01   -3.27   11.73  
-0.93   -3.27   11.57  
-0.85   -3.27   11.43  
-0.77   -3.27   11.30  
-0.69   -3.27   11.18  
-0.61   -3.27   11.08  
-0.53   -3.27   10.99  
-0.44   -3.27   10.91  
-0.36   -3.27   10.84  
-0.28   -3.27   10.79  
-0.20   -3.27   10.75  
-0.12   -3.27   10.73  
-0.04   -3.27   10.71  
0.04    -3.27   10.71  
0.12    -3.27   10.73  
0.20    -3.27   10.75  
0.28    -3.27   10.79  
0.36    -3.27   10.84  
0.44    -3.27   10.91  
0.53    -3.27   10.99  
0.61    -3.27   11.08  
0.69    -3.27   11.18  
0.77    -3.27   11.30  
0.85    -3.27   11.43  
0.93    -3.27   11.57  
1.01    -3.27   11.73  
1.09    -3.27   11.90  
1.17    -3.27   12.08  
1.25    -3.27   12.28  
1.33    -3.27   12.49  
1.41    -3.27   12.71  
1.49    -3.27   12.95  
1.58    -3.27   13.19  
1.66    -3.27   13.45  
1.74    -3.27   13.73  
1.82    -3.27   14.02  
1.90    -3.27   14.32  
1.98    -3.27   14.63  
2.06    -3.27   14.96  
2.14    -3.27   15.30  
2.22    -3.27   15.65  
2.30    -3.27   16.01  
2.38    -3.27   16.39  
2.46    -3.27   16.79  
2.55    -3.27   17.19  
2.63    -3.27   17.61  
2.71    -3.27   18.04  
2.79    -3.27   18.48  
2.87    -3.27   18.94  
2.95    -3.27   19.41  
3.03    -3.27   19.89  
3.11    -3.27   20.39  
3.19    -3.27   20.90  
3.27    -3.27   21.42  
3.35    -3.27   21.96  
3.43    -3.27   22.51  
3.52    -3.27   23.07  
3.60    -3.27   23.64  
3.68    -3.27   24.23  
3.76    -3.27   24.83  
3.84    -3.27   25.44  
3.92    -3.27   26.07  
4.00    -3.27   26.71  
-4.00   -3.19   26.19  
-3.92   -3.19   25.55  
-3.84   -3.19   24.92  
-3.76   -3.19   24.31  
-3.68   -3.19   23.71  
-3.60   -3.19   23.12  
-3.52   -3.19   22.54  
-3.43   -3.19   21.98  
-3.35   -3.19   21.43  
-3.27   -3.19   20.90  
-3.19   -3.19   20.38  
-3.11   -3.19   19.87  
-3.03   -3.19   19.37  
-2.95   -3.19   18.89  
-2.87   -3.19   18.42  
-2.79   -3.19   17.96  
-2.71   -3.19   17.52  
-2.63   -3.19   17.09  
-2.55   -3.19   16.67  
-2.46   -3.19   16.26  
-2.38   -3.19   15.87  
-2.30   -3.19   15.49  
-2.22   -3.19   15.13  
-2.14   -3.19   14.77  
-2.06   -3.19   14.43  
-1.98   -3.19   14.11  
-1.90   -3.19   13.79  
-1.82   -3.19   13.49  
-1.74   -3.19   13.21  
-1.66   -3.19   12.93  
-1.58   -3.19   12.67  
-1.49   -3.19   12.42  
-1.41   -3.19   12.19  
-1.33   -3.19   11.97  
-1.25   -3.19   11.76  
-1.17   -3.19   11.56  
-1.09   -3.19   11.38  
-1.01   -3.19   11.21  
-0.93   -3.19   11.05  
-0.85   -3.19   10.91  
-0.77   -3.19   10.78  
-0.69   -3.19   10.66  
-0.61   -3.19   10.56  
-0.53   -3.19   10.46  
-0.44   -3.19   10.39  
-0.36   -3.19   10.32  
-0.28   -3.19   10.27  
-0.20   -3.19   10.23  
-0.12   -3.19   10.20  
-0.04   -3.19   10.19  
0.04    -3.19   10.19  
0.12    -3.19   10.20  
0.20    -3.19   10.23  
0.28    -3.19   10.27  
0.36    -3.19   10.32  
0.44    -3.19   10.39  
0.53    -3.19   10.46  
0.61    -3.19   10.56  
0.69    -3.19   10.66  
0.77    -3.19   10.78  
0.85    -3.19   10.91  
0.93    -3.19   11.05  
1.01    -3.19   11.21  
1.09    -3.19   11.38  
1.17    -3.19   11.56  
1.25    -3.19   11.76  
1.33    -3.19   11.97  
1.41    -3.19   12.19  
1.49    -3.19   12.42  
1.58    -3.19   12.67  
1.66    -3.19   12.93  
1.74    -3.19   13.21  
1.82    -3.19   13.49  
1.90    -3.19   13.79  
1.98    -3.19   14.11  
2.06    -3.19   14.43  
2.14    -3.19   14.77  
2.22    -3.19   15.13  
2.30    -3.19   15.49  
2.38    -3.19   15.87  
2.46    -3.19   16.26  
2.55    -3.19   16.67  
2.63    -3.19   17.09  
2.71    -3.19   17.52  
2.79    -3.19   17.96  
2.87    -3.19   18.42  
2.95    -3.19   18.89  
3.03    -3.19   19.37  
3.11    -3.19   19.87  
3.19    -3.19   20.38  
3.27    -3.19   20.90  
3.35    -3.19   21.43  
3.43    -3.19   21.98  
3.52    -3.19   22.54  
3.60    -3.19   23.12  
3.68    -3.19   23.71  
3.76    -3.19   24.31  
3.84    -3.19   24.92  
3.92    -3.19   25.55  
4.00    -3.19   26.19  
-4.00   -3.11   25.68  
-3.92   -3.11   25.04  
-3.84   -3.11   24.41  
-3.76   -3.11   23.80  
-3.68   -3.11   23.20  
-3.60   -3.11   22.61  
-3.52   -3.11   22.04  
-3.43   -3.11   21.47  
-3.35   -3.11   20.93  
-3.27   -3.11   20.39  
-3.19   -3.11   19.87  
-3.11   -3.11   19.36  
-3.03   -3.11   18.86  
-2.95   -3.11   18.38  
-2.87   -3.11   17.91  
-2.79   -3.11   17.45  
-2.71   -3.11   17.01  
-2.63   -3.11   16.58  
-2.55   -3.11   16.16  
-2.46   -3.11   15.75  
-2.38   -3.11   15.36  
-2.30   -3.11   14.98  
-2.22   -3.11   14.62  
-2.14   -3.11   14.26  
-2.06   -3.11   13.93  
-1.98   -3.11   13.60  
-1.90   -3.11   13.29  
-1.82   -3.11   12.98  
-1.74   -3.11   12.70  
-1.66   -3.11   12.42  
-1.58   -3.11   12.16  
-1.49   -3.11   11.91  
-1.41   -3.11   11.68  
-1.33   -3.11   11.46  
-1.25   -3.11   11.25  
-1.17   -3.11   11.05  
-1.09   -3.11   10.87  
-1.01   -3.11   10.70  
-0.93   -3.11   10.54  
-0.85   -3.11   10.40  
-0.77   -3.11   10.27  
-0.69   -3.11   10.15  
-0.61   -3.11   10.05  
-0.53   -3.11   9.95   
-0.44   -3.11   9.88   
-0.36   -3.11   9.81   
-0.28   -3.11   9.76   
-0.20   -3.11   9.72   
-0.12   -3.11   9.69   
-0.04   -3.11   9.68   
0.04    -3.11   9.68   
0.12    -3.11   9.69   
0.20    -3.11   9.72   
0.28    -3.11   9.76   
0.36    -3.11   9.81   
0.44    -3.11   9.88   
0.53    -3.11   9.95   
0.61    -3.11   10.05  
0.69    -3.11   10.15  
0.77    -3.11   10.27  
0.85    -3.11   10.40  
0.93    -3.11   10.54  
1.01    -3.11   10.70  
1.09    -3.11   10.87  
1.17    -3.11   11.05  
1.25    -3.11   11.25  
1.33    -3.11   11.46  
1.41    -3.11   11.68  
1.49    -3.11   11.91  
1.58    -3.11   12.16  
1.66    -3.11   12.42  
1.74    -3.11   12.70  
1.82    -3.11   12.98  
1.90    -3.11   13.29  
1.98    -3.11   13.60  
2.06    -3.11   13.93  
2.14    -3.11   14.26  
2.22    -3.11   14.62  
2.30    -3.11   14.98  
2.38    -3.11   15.36  
2.46    -3.11   15.75  
2.55    -3.11   16.16  
2.63    -3.11   16.58  
2.71    -3.11   17.01  
2.79    -3.11   17.45  
2.87    -3.11   17.91  
2.95    -3.11   18.38  
3.03    -3.11   18.86  
3.11    -3.11   19.36  
3.19    -3.11   19.87  
3.27    -3.11   20.39  
3.35    -3.11   20.93  
3.43    -3.11   21.47  
3.52    -3.11   22.04  
3.60    -3.11   22.61  
3.68    -3.11   23.20  
3.76    -3.11   23.80  
3.84    -3.11   24.41  
3.92    -3.11   25.04  
4.00    -3.11   25.68  
-4.00   -3.03   25.18  
-3.92   -3.03   24.54  
-3.84   -3.03   23.92  
-3.76   -3.03   23.30  
-3.68   -3.03   22.70  
-3.60   -3.03   22.11  
-3.52   -3.03   21.54  
-3.43   -3.03   20.98  
-3.35   -3.03   20.43  
-3.27   -3.03   19.89  
-3.19   -3.03   19.37  
-3.11   -3.03   18.86  
-3.03   -3.03   18.37  
-2.95   -3.03   17.88  
-2.87   -3.03   17.41  
-2.79   -3.03   16.96  
-2.71   -3.03   16.51  
-2.63   -3.03   16.08  
-2.55   -3.03   15.66  
-2.46   -3.03   15.26  
-2.38   -3.03   14.87  
-2.30   -3.03   14.49  
-2.22   -3.03   14.12  
-2.14   -3.03   13.77  
-2.06   -3.03   13.43  
-1.98   -3.03   13.10  
-1.90   -3.03   12.79  
-1.82   -3.03   12.49  
-1.74   -3.03   12.20  
-1.66   -3.03   11.93  
-1.58   -3.03   11.67  
-1.49   -3.03   11.42  
-1.41   -3.03   11.18  
-1.33   -3.03   10.96  
-1.25   -3.03   10.75  
-1.17   -3.03   10.56  
-1.09   -3.03   10.37  
-1.01   -3.03   10.20  
-0.93   -3.03   10.05  
-0.85   -3.03   9.90   
-0.77   -3.03   9.77   
-0.69   -3.03   9.65   
-0.61   -3.03   9.55   
-0.53   -3.03   9.46   
-0.44   -3.03   9.38   
-0.36   -3.03   9.31   
-0.28   -3.03   9.26   
-0.20   -3.03   9.22   
-0.12   -3.03   9.20   
-0.04   -3.03   9.18   
0.04    -3.03   9.18   
0.12    -3.03   9.20   
0.20    -3.03   9.22   
0.28    -3.03   9.26   
0.36    -3.03   9.31   
0.44    -3.03   9.38   
0.53    -3.03   9.46   
0.61    -3.03   9.55   
0.69    -3.03   9.65   
0.77    -3.03   9.77   
0.85    -3.03   9.90   
0.93    -3.03   10.05  
1.01    -3.03   10.20  
1.09    -3.03   10.37  
1.17    -3.03   10.56  
1.25    -3.03   10.75  
1.33    -3.03   10.96  
1.41    -3.03   11.18  
1.49    -3.03   11.42  
1.58    -3.03   11.67  
1.66    -3.03   11.93  
1.74    -3.03   12.20  
1.82    -3.03   12.49  
1.90    -3.03   12.79  
1.98    -3.03   13.10  
2.06    -3.03   13.43  
2.14    -3.03   13.77  
2.22    -3.03   14.12  
2.30    -3.03   14.49  
2.38    -3.03   14.87  
2.46    -3.03   15.26  
2.55    -3.03   15.66  
2.63    -3.03   16.08  
2.71    -3.03   16.51  
2.79    -3.03   16.96  
2.87    -3.03   17.41  
2.95    -3.03   17.88  
3.03    -3.03   18.37  
3.11    -3.03   18.86  
3.19    -3.03   19.37  
3.27    -3.03   19.89  
3.35    -3.03   20.43  
3.43    -3.03   20.98  
3.52    -3.03   21.54  
3.60    -3.03   22.11  
3.68    -3.03   22.70  
3.76    -3.03   23.30  
3.84    -3.03   23.92  
3.92    -3.03   24.54  
4.00    -3.03   25.18  
-4.00   -2.95   24.70  
-3.92   -2.95   24.06  
-3.84   -2.95   23.43  
-3.76   -2.95   22.82  
-3.68   -2.95   22.22  
-3.60   -2.95   21.63  
-3.52   -2.95   21.06  
-3.43   -2.95   20.49  
-3.35   -2.95   19.95  
-3.27   -2.95   19.41  
-3.19   -2.95   18.89  
-3.11   -2.95   18.38  
-3.03   -2.95   17.88  
-2.95   -2.95   17.40  
-2.87   -2.95   16.93  
-2.79   -2.95   16.47  
-2.71   -2.95   16.03  
-2.63   -2.95   15.60  
-2.55   -2.95   15.18  
-2.46   -2.95   14.77  
-2.38   -2.95   14.38  
-2.30   -2.95   14.00  
-2.22   -2.95   13.64  
-2.14   -2.95   13.29  
-2.06   -2.95   12.95  
-1.98   -2.95   12.62  
-1.90   -2.95   12.31  
-1.82   -2.95   12.01  
-1.74   -2.95   11.72  
-1.66   -2.95   11.44  
-1.58   -2.95   11.18  
-1.49   -2.95   10.93  
-1.41   -2.95   10.70  
-1.33   -2.95   10.48  
-1.25   -2.95   10.27  
-1.17   -2.95   10.07  
-1.09   -2.95   9.89   
-1.01   -2.95   9.72   
-0.93   -2.95   9.56   
-0.85   -2.95   9.42   
-0.77   -2.95   9.29   
-0.69   -2.95   9.17   
-0.61   -2.95   9.07   
-0.53   -2.95   8.98   
-0.44   -2.95   8.90   
-0.36   -2.95   8.83   
-0.28   -2.95   8.78   
-0.20   -2.95   8.74   
-0.12   -2.95   8.71   
-0.04   -2.95   8.70   
0.04    -2.95   8.70   
0.12    -2.95   8.71   
0.20    -2.95   8.74   
0.28    -2.95   8.78   
0.36    -2.95   8.83   
0.44    -2.95   8.90   
0.53    -2.95   8.98   
0.61    -2.95   9.07   
0.69    -2.95   9.17   
0.77    -2.95   9.29   
0.85    -2.95   9.42   
0.93    -2.95   9.56   
1.01    -2.95   9.72   
1.09    -2.95   9.89   
1.17    -2.95   10.07  
1.25    -2.95   10.27  
1.33    -2.95   10.48  
1.41    -2.95   10.70  
1.49    -2.95   10.93  
1.58    -2.95   11.18  
1.66    -2.95   11.44  
1.74    -2.95   11.72  
1.82    -2.95   12.01  
1.90    -2.95   12.31  
1.98    -2.95   12.62  
2.06    -2.95   12.95  
2.14    -2.95   13.29  
2.22    -2.95   13.64  
2.30    -2.95   14.00  
2.38    -2.95   14.38  
2.46    -2.95   14.77  
2.55    -2.95   15.18  
2.63    -2.95   15.60  
2.71    -2.95   16.03  
2.79    -2.95   16.47  
2.87    -2.95   16.93  
2.95    -2.95   17.40  
3.03    -2.95   17.88  
3.11    -2.95   18.38  
3.19    -2.95   18.89  
3.27    -2.95   19.41  
3.35    -2.95   19.95  
3.43    -2.95   20.49  
3.52    -2.95   21.06  
3.60    -2.95   21.63  
3.68    -2.95   22.22  
3.76    -2.95   22.82  
3.84    -2.95   23.43  
3.92    -2.95   24.06  
4.00    -2.95   24.70  
-4.00   -2.87   24.23  
-3.92   -2.87   23.59  
-3.84   -2.87   22.96  
-3.76   -2.87   22.35  
-3.68   -2.87   21.75  
-3.60   -2.87   21.16  
-3.52   -2.87   20.59  
-3.43   -2.87   20.02  
-3.35   -2.87   19.48  
-3.27   -2.87   18.94  
-3.19   -2.87   18.42  
-3.11   -2.87   17.91  
-3.03   -2.87   17.41  
-2.95   -2.87   16.93  
-2.87   -2.87   16.46  
-2.79   -2.87   16.00  
-2.71   -2.87   15.56  
-2.63   -2.87   15.13  
-2.55   -2.87   14.71  
-2.46   -2.87   14.30  
-2.38   -2.87   13.91  
-2.30   -2.87   13.53  
-2.22   -2.87   13.17  
-2.14   -2.87   12.82  
-2.06   -2.87   12.48  
-1.98   -2.87   12.15  
-1.90   -2.87   11.84  
-1.82   -2.87   11.54  
-1.74   -2.87   11.25  
-1.66   -2.87   10.97  
-1.58   -2.87   10.71  
-1.49   -2.87   10.46  
-1.41   -2.87   10.23  
-1.33   -2.87   10.01  
-1.25   -2.87   9.80   
-1.17   -2.87   9.60   
-1.09   -2.87   9.42   
-1.01   -2.87   9.25   
-0.93   -2.87   9.09   
-0.85   -2.87   8.95   
-0.77   -2.87   8.82   
-0.69   -2.87   8.70   
-0.61   -2.87   8.60   
-0.53   -2.87   8.51   
-0.44   -2.87   8.43   
-0.36   -2.87   8.36   
-0.28   -2.87   8.31   
-0.20   -2.87   8.27   
-0.12   -2.87   8.24   
-0.04   -2.87   8.23   
0.04    -2.87   8.23   
0.12    -2.87   8.24   
0.20    -2.87   8.27   
0.28    -2.87   8.31   
0.36    -2.87   8.36   
0.44    -2.87   8.43   
0.53    -2.87   8.51   
0.61    -2.87   8.60   
0.69    -2.87   8.70   
0.77    -2.87   8.82   
0.85    -2.87   8.95   
0.93    -2.87   9.09   
1.01    -2.87   9.25   
1.09    -2.87   9.42   
1.17    -2.87   9.60   
1.25    -2.87   9.80   
1.33    -2.87   10.01  
1.41    -2.87   10.23  
1.49    -2.87   10.46  
1.58    -2.87   10.71  
1.66    -2.87   10.97  
1.74    -2.87   11.25  
1.82    -2.87   11.54  
1.90    -2.87   11.84  
1.98    -2.87   12.15  
2.06    -2.87   12.48  
2.14    -2.87   12.82  
2.22    -2.87   13.17  
2.30    -2.87   13.53  
2.38    -2.87   13.91  
2.46    -2.87   14.30  
2.55    -2.87   14.71  
2.63    -2.87   15.13  
2.71    -2.87   15.56  
2.79    -2.87   16.00  
2.87    -2.87   16.46  
2.95    -2.87   16.93  
3.03    -2.87   17.41  
3.11    -2.87   17.91  
3.19    -2.87   18.42  
3.27    -2.87   18.94  
3.35    -2.87   19.48  
3.43    -2.87   20.02  
3.52    -2.87   20.59  
3.60    -2.87   21.16  
3.68    -2.87   21.75  
3.76    -2.87   22.35  
3.84    -2.87   22.96  
3.92    -2.87   23.59  
4.00    -2.87   24.23  
-4.00   -2.79   23.77  
-3.92   -2.79   23.13  
-3.84   -2.79   22.51  
-3.76   -2.79   21.89  
-3.68   -2.79   21.29  
-3.60   -2.79   20.70  
-3.52   -2.79   20.13  
-3.43   -2.79   19.57  
-3.35   -2.79   19.02  
-3.27   -2.79   18.48  
-3.19   -2.79   17.96  
-3.11   -2.79   17.45  
-3.03   -2.79   16.96  
-2.95   -2.79   16.47  
-2.87   -2.79   16.00  
-2.79   -2.79   15.54  
-2.71   -2.79   15.10  
-2.63   -2.79   14.67  
-2.55   -2.79   14.25  
-2.46   -2.79   13.85  
-2.38   -2.79   13.45  
-2.30   -2.79   13.08  
-2.22   -2.79   12.71  
-2.14   -2.79   12.36  
-2.06   -2.79   12.02  
-1.98   -2.79   11.69  
-1.90   -2.79   11.38  
-1.82   -2.79   11.08  
-1.74   -2.79   10.79  
-1.66   -2.79   10.52  
-1.58   -2.79   10.26  
-1.49   -2.79   10.01  
-1.41   -2.79   9.77   
-1.33   -2.79   9.55   
-1.25   -2.79   9.34   
-1.17   -2.79   9.15   
-1.09   -2.79   8.96   
-1.01   -2.79   8.79   
-0.93   -2.79   8.64   
-0.85   -2.79   8.49   
-0.77   -2.79   8.36   
-0.69   -2.79   8.24   
-0.61   -2.79   8.14   
-0.53   -2.79   8.05   
-0.44   -2.79   7.97   
-0.36   -2.79   7.90   
-0.28   -2.79   7.85   
-0.20   -2.79   7.81   
-0.12   -2.79   7.79   
-0.04   -2.79   7.77   
0.04    -2.79   7.77   
0.12    -2.79   7.79   
0.20    -2.79   7.81   
0.28    -2.79   7.85   
0.36    -2.79   7.90   
0.44    -2.79   7.97   
0.53    -2.79   8.05   
0.61    -2.79   8.14   
0.69    -2.79   8.24   
0.77    -2.79   8.36   
0.85    -2.79   8.49   
0.93    -2.79   8.64   
1.01    -2.79   8.79   
1.09    -2.79   8.96   
1.17    -2.79   9.15   
1.25    -2.79   9.34   
1.33    -2.79   9.55   
1.41    -2.79   9.77   
1.49    -2.79   10.01  
1.58    -2.79   10.26  
1.66    -2.79   10.52  
1.74    -2.79   10.79  
1.82    -2.79   11.08  
1.90    -2.79   11.38  
1.98    -2.79   11.69  
2.06    -2.79   12.02  
2.14    -2.79   12.36  
2.22    -2.79   12.71  
2.30    -2.79   13.08  
2.38    -2.79   13.45  
2.46    -2.79   13.85  
2.55    -2.79   14.25  
2.63    -2.79   14.67  
2.71    -2.79   15.10  
2.79    -2.79   15.54  
2.87    -2.79   16.00  
2.95    -2.79   16.47  
3.03    -2.79   16.96  
3.11    -2.79   17.45  
3.19    -2.79   17.96  
3.27    -2.79   18.48  
3.35    -2.79   19.02  
3.43    -2.79   19.57  
3.52    -2.79   20.13  
3.60    -2.79   20.70  
3.68    -2.79   21.29  
3.76    -2.79   21.89  
3.84    -2.79   22.51  
3.92    -2.79   23.13  
4.00    -2.79   23.77  
-4.00   -2.71   23.33  
-3.92   -2.71   22.69  
-3.84   -2.71   22.06  
-3.76   -2.71   21.45  
-3.68   -2.71   20.85  
-3.60   -2.71   20.26  
-3.52   -2.71   19.68  
-3.43   -2.71   19.12  
-3.35   -2.71   18.57  
-3.27   -2.71   18.04  
-3.19   -2.71   17.52  
-3.11   -2.71   17.01  
-3.03   -2.71   16.51  
-2.95   -2.71   16.03  
-2.87   -2.71   15.56  
-2.79   -2.71   15.10  
-2.71   -2.71   14.66  
-2.63   -2.71   14.23  
-2.55   -2.71   13.81  
-2.46   -2.71   13.40  
-2.38   -2.71   13.01  
-2.30   -2.71   12.63  
-2.22   -2.71   12.27  
-2.14   -2.71   11.91  
-2.06   -2.71   11.57  
-1.98   -2.71   11.25  
-1.90   -2.71   10.93  
-1.82   -2.71   10.63  
-1.74   -2.71   10.35  
-1.66   -2.71   10.07  
-1.58   -2.71   9.81   
-1.49   -2.71   9.56   
-1.41   -2.71   9.33   
-1.33   -2.71   9.11   
-1.25   -2.71   8.90   
-1.17   -2.71   8.70   
-1.09   -2.71   8.52   
-1.01   -2.71   8.35   
-0.93   -2.71   8.19   
-0.85   -2.71   8.05   
-0.77   -2.71   7.92   
-0.69   -2.71   7.80   
-0.61   -2.71   7.70   
-0.53   -2.71   7.60   
-0.44   -2.71   7.53   
-0.36   -2.71   7.46   
-0.28   -2.71   7.41   
-0.20   -2.71   7.37   
-0.12   -2.71   7.34   
-0.04   -2.71   7.33   
0.04    -2.71   7.33   
0.12    -2.71   7.34   
0.20    -2.71   7.37   
0.28    -2.71   7.41   
0.36    -2.71   7.46   
0.44    -2.71   7.53   
0.53    -2.71   7.60   
0.61    -2.71   7.70   
0.69    -2.71   7.80   
0.77    -2.71   7.92   
0.85    -2.71   8.05   
0.93    -2.71   8.19   
1.01    -2.71   8.35   
1.09    -2.71   8.52   
1.17    -2.71   8.70   
1.25    -2.71   8.90   
1.33    -2.71   9.11   
1.41    -2.71   9.33   
1.49    -2.71   9.56   
1.58    -2.71   9.81   
1.66    -2.71   10.07  
1.74    -2.71   10.35  
1.82    -2.71   10.63  
1.90    -2.71   10.93  
1.98    -2.71   11.25  
2.06    -2.71   11.57  
2.14    -2.71   11.91  
2.22    -2.71   12.27  
2.30    -2.71   12.63  
2.38    -2.71   13.01  
2.46    -2.71   13.40  
2.55    -2.71   13.81  
2.63    -2.71   14.23  
2.71    -2.71   14.66  
2.79    -2.71   15.10  
2.87    -2.71   15.56  
2.95    -2.71   16.03  
3.03    -2.71   16.51  
3.11    -2.71   17.01  
3.19    -2.71   17.52  
3.27    -2.71   18.04  
3.35    -2.71   18.57  
3.43    -2.71   19.12  
3.52    -2.71   19.68  
3.60    -2.71   20.26  
3.68    -2.71   20.85  
3.76    -2.71   21.45  
3.84    -2.71   22.06  
3.92    -2.71   22.69  
4.00    -2.71   23.33  
-4.00   -2.63   22.90  
-3.92   -2.63   22.26  
-3.84   -2.63   21.63  
-3.76   -2.63   21.02  
-3.68   -2.63   20.42  
-3.60   -2.63   19.83  
-3.52   -2.63   19.25  
-3.43   -2.63   18.69  
-3.35   -2.63   18.14  
-3.27   -2.63   17.61  
-3.19   -2.63   17.09  
-3.11   -2.63   16.58  
-3.03   -2.63   16.08  
-2.95   -2.63   15.60  
-2.87   -2.63   15.13  
-2.79   -2.63   14.67  
-2.71   -2.63   14.23  
-2.63   -2.63   13.79  
-2.55   -2.63   13.38  
-2.46   -2.63   12.97  
-2.38   -2.63   12.58  
-2.30   -2.63   12.20  
-2.22   -2.63   11.84  
-2.14   -2.63   11.48  
-2.06   -2.63   11.14  
-1.98   -2.63   10.82  
-1.90   -2.63   10.50  
-1.82   -2.63   10.20  
-1.74   -2.63   9.92   
-1.66   -2.63   9.64   
-1.58   -2.63   9.38   
-1.49   -2.63   9.13   
-1.41   -2.63   8.90   
-1.33   -2.63   8.68   
-1.25   -2.63   8.47   
-1.17   -2.63   8.27   
-1.09   -2.63   8.09   
-1.01   -2.63   7.92   
-0.93   -2.63   7.76   
-0.85   -2.63   7.62   
-0.77   -2.63   7.49   
-0.69   -2.63   7.37   
-0.61   -2.63   7.26   
-0.53   -2.63   7.17   
-0.44   -2.63   7.09   
-0.36   -2.63   7.03   
-0.28   -2.63   6.98   
-0.20   -2.63   6.94   
-0.12   -2.63   6.91   
-0.04   -2.63   6.90   
0.04    -2.63   6.90   
0.12    -2.63   6.91   
0.20    -2.63   6.94   
0.28    -2.63   6.98   
0.36    -2.63   7.03   
0.44    -2.63   7.09   
0.53    -2.63   7.17   
0.61    -2.63   7.26   
0.69    -2.63   7.37   
0.77    -2.63   7.49   
0.85    -2.63   7.62   
0.93    -2.63   7.76   
1.01    -2.63   7.92   
1.09    -2.63   8.09   
1.17    -2.63   8.27   
1.25    -2.63   8.47   
1.33    -2.63   8.68   
1.41    -2.63   8.90   
1.49    -2.63   9.13   
1.58    -2.63   9.38   
1.66    -2.63   9.64   
1.74    -2.63   9.92   
1.82    -2.63   10.20  
1.90    -2.63   10.50  
1.98    -2.63   10.82  
2.06    -2.63   11.14  
2.14    -2.63   11.48  
2.22    -2.63   11.84  
2.30    -2.63   12.20  
2.38    -2.63   12.58  
2.46    -2.63   12.97  
2.55    -2.63   13.38  
2.63    -2.63   13.79  
2.71    -2.63   14.23  
2.79    -2.63   14.67  
2.87    -2.63   15.13  
2.95    -2.63   15.60  
3.03    -2.63   16.08  
3.11    -2.63   16.58  
3.19    -2.63   17.09  
3.27    -2.63   17.61  
3.35    -2.63   18.14  
3.43    -2.63   18.69  
3.52    -2.63   19.25  
3.60    -2.63   19.83  
3.68    -2.63   20.42  
3.76    -2.63   21.02  
3.84    -2.63   21.63  
3.92    -2.63   22.26  
4.00    -2.63   22.90  
-4.00   -2.55   22.48  
-3.92   -2.55   21.84  
-3.84   -2.55   21.21  
-3.76   -2.55   20.60  
-3.68   -2.55   20.00  
-3.60   -2.55   19.41  
-3.52   -2.55   18.84  
-3.43   -2.55   18.27  
-3.35   -2.55   17.73  
-3.27   -2.55   17.19  
-3.19   -2.55   16.67  
-3.11   -2.55   16.16  
-3.03   -2.55   15.66  
-2.95   -2.55   15.18  
-2.87   -2.55   14.71  
-2.79   -2.55   14.25  
-2.71   -2.55   13.81  
-2.63   -2.55   13.38  
-2.55   -2.55   12.96  
-2.46   -2.55   12.55  
-2.38   -2.55   12.16  
-2.30   -2.55   11.78  
-2.22   -2.55   11.42  
-2.14   -2.55   11.06  
-2.06   -2.55   10.73  
-1.98   -2.55   10.40  
-1.90   -2.55   10.09  
-1.82   -2.55   9.79   
-1.74   -2.55   9.50   
-1.66   -2.55   9.22   
-1.58   -2.55   8.96   
-1.49   -2.55   8.71   
-1.41   -2.55   8.48   
-1.33   -2.55   8.26   
-1.25   -2.55   8.05   
-1.17   -2.55   7.85   
-1.09   -2.55   7.67   
-1.01   -2.55   7.50   
-0.93   -2.55   7.34   
-0.85   -2.55   7.20   
-0.77   -2.55   7.07   
-0.69   -2.55   6.95   
-0.61   -2.55   6.85   
-0.53   -2.55   6.76   
-0.44   -2.55   6.68   
-0.36   -2.55   6.61   
-0.28   -2.55   6.56   
-0.20   -2.55   6.52   
-0.12   -2.55   6.49   
-0.04   -2.55   6.48   
0.04    -2.55   6.48   
0.12    -2.55   6.49   
0.20    -2.55   6.52   
0.28    -2.55   6.56   
0.36    -2.55   6.61   
0.44    -2.55   6.68   
0.53    -2.55   6.76   
0.61    -2.55   6.85   
0.69    -2.55   6.95   
0.77    -2.55   7.07   
0.85    -2.55   7.20   
0.93    -2.55   7.34   
1.01    -2.55   7.50   
1.09    -2.55   7.67   
1.17    -2.55   7.85   
1.25    -2.55   8.05   
1.33    -2.55   8.26   
1.41    -2.55   8.48   
1.49    -2.55   8.71   
1.58    -2.55   8.96   
1.66    -2.55   9.22   
1.74    -2.55   9.50   
1.82    -2.55   9.79   
1.90    -2.55   10.09  
1.98    -2.55   10.40  
2.06    -2.55   10.73  
2.14    -2.55   11.06  
2.22    -2.55   11.42  
2.30    -2.55   11.78  
2.38    -2.55   12.16  
2.46    -2.55   12.55  
2.55    -2.55   12.96  
2.63    -2.55   13.38  
2.71    -2.55   13.81  
2.79    -2.55   14.25  
2.87    -2.55   14.71  
2.95    -2.55   15.18  
3.03    -2.55   15.66  
3.11    -2.55   16.16  
3.19    -2.55   16.67  
3.27    -2.55   17.19  
3.35    -2.55   17.73  
3.43    -2.55   18.27  
3.52    -2.55   18.84  
3.60    -2.55   19.41  
3.68    -2.55   20.00  
3.76    -2.55   20.60  
3.84    -2.55   21.21  
3.92    -2.55   21.84  
4.00    -2.55   22.48  
-4.00   -2.46   22.07  
-3.92   -2.46   21.43  
-3.84   -2.46   20.81  
-3.76   -2.46   20.19  
-3.68   -2.46   19.59  
-3.60   -2.46   19.01  
-3.52   -2.46   18.43  
-3.43   -2.46   17.87  
-3.35   -2.46   17.32  
-3.27   -2.46   16.79  
-3.19   -2.46   16.26  
-3.11   -2.46   15.75  
-3.03   -2.46   15.26  
-2.95   -2.46   14.77  
-2.87   -2.46   14.30  
-2.79   -2.46   13.85  
-2.71   -2.46   13.40  
-2.63   -2.46   12.97  
-2.55   -2.46   12.55  
-2.46   -2.46   12.15  
-2.38   -2.46   11.76  
-2.30   -2.46   11.38  
-2.22   -2.46   11.01  
-2.14   -2.46   10.66  
-2.06   -2.46   10.32  
-1.98   -2.46   9.99   
-1.90   -2.46   9.68   
-1.82   -2.46   9.38   
-1.74   -2.46   9.09   
-1.66   -2.46   8.82   
-1.58   -2.46   8.56   
-1.49   -2.46   8.31   
-1.41   -2.46   8.07   
-1.33   -2.46   7.85   
-1.25   -2.46   7.64   
-1.17   -2.46   7.45   
-1.09   -2.46   7.26   
-1.01   -2.46   7.09   
-0.93   -2.46   6.94   
-0.85   -2.46   6.79   
-0.77   -2.46   6.66   
-0.69   -2.46   6.55   
-0.61   -2.46   6.44   
-0.53   -2.46   6.35   
-0.44   -2.46   6.27   
-0.36   -2.46   6.21   
-0.28   -2.46   6.15   
-0.20   -2.46   6.12   
-0.12   -2.46   6.09   
-0.04   -2.46   6.08   
0.04    -2.46   6.08   
0.12    -2.46   6.09   
0.20    -2.46   6.12   
0.28    -2.46   6.15   
0.36    -2.46   6.21   
0.44    -2.46   6.27   
0.53    -2.46   6.35   
0.61    -2.46   6.44   
0.69    -2.46   6.55   
0.77    -2.46   6.66   
0.85    -2.46   6.79   
0.93    -2.46   6.94   
1.01    -2.46   7.09   
1.09    -2.46   7.26   
1.17    -2.46   7.45   
1.25    -2.46   7.64   
1.33    -2.46   7.85   
1.41    -2.46   8.07   
1.49    -2.46   8.31   
1.58    -2.46   8.56   
1.66    -2.46   8.82   
1.74    -2.46   9.09   
1.82    -2.46   9.38   
1.90    -2.46   9.68   
1.98    -2.46   9.99   
2.06    -2.46   10.32  
2.14    -2.46   10.66  
2.22    -2.46   11.01  
2.30    -2.46   11.38  
2.38    -2.46   11.76  
2.46    -2.46   12.15  
2.55    -2.46   12.55  
2.63    -2.46   12.97  
2.71    -2.46   13.40  
2.79    -2.46   13.85  
2.87    -2.46   14.30  
2.95    -2.46   14.77  
3.03    -2.46   15.26  
3.11    -2.46   15.75  
3.19    -2.46   16.26  
3.27    -2.46   16.79  
3.35    -2.46   17.32  
3.43    -2.46   17.87  
3.52    -2.46   18.43  
3.60    -2.46   19.01  
3.68    -2.46   19.59  
3.76    -2.46   20.19  
3.84    -2.46   20.81  
3.92    -2.46   21.43  
4.00    -2.46   22.07  
-4.00   -2.38   21.68  
-3.92   -2.38   21.04  
-3.84   -2.38   20.42  
-3.76   -2.38   19.80  
-3.68   -2.38   19.20  
-3.60   -2.38   18.61  
-3.52   -2.38   18.04  
-3.43   -2.38   17.48  
-3.35   -2.38   16.93  
-3.27   -2.38   16.39  
-3.19   -2.38   15.87  
-3.11   -2.38   15.36  
-3.03   -2.38   14.87  
-2.95   -2.38   14.38  
-2.87   -2.38   13.91  
-2.79   -2.38   13.45  
-2.71   -2.38   13.01  
-2.63   -2.38   12.58  
-2.55   -2.38   12.16  
-2.46   -2.38   11.76  
-2.38   -2.38   11.37  
-2.30   -2.38   10.99  
-2.22   -2.38   10.62  
-2.14   -2.38   10.27  
-2.06   -2.38   9.93   
-1.98   -2.38   9.60   
-1.90   -2.38   9.29   
-1.82   -2.38   8.99   
-1.74   -2.38   8.70   
-1.66   -2.38   8.43   
-1.58   -2.38   8.17   
-1.49   -2.38   7.92   
-1.41   -2.38   7.68   
-1.33   -2.38   7.46   
-1.25   -2.38   7.25   
-1.17   -2.38   7.06   
-1.09   -2.38   6.87   
-1.01   -2.38   6.70   
-0.93   -2.38   6.55   
-0.85   -2.38   6.40   
-0.77   -2.38   6.27   
-0.69   -2.38   6.15   
-0.61   -2.38   6.05   
-0.53   -2.38   5.96   
-0.44   -2.38   5.88   
-0.36   -2.38   5.81   
-0.28   -2.38   5.76   
-0.20   -2.38   5.72   
-0.12   -2.38   5.70   
-0.04   -2.38   5.68   
0.04    -2.38   5.68   
0.12    -2.38   5.70   
0.20    -2.38   5.72   
0.28    -2.38   5.76   
0.36    -2.38   5.81   
0.44    -2.38   5.88   
0.53    -2.38   5.96   
0.61    -2.38   6.05   
0.69    -2.38   6.15   
0.77    -2.38   6.27   
0.85    -2.38   6.40   
0.93    -2.38   6.55   
1.01    -2.38   6.70   
1.09    -2.38   6.87   
1.17    -2.38   7.06   
1.25    -2.38   7.25   
1.33    -2.38   7.46   
1.41    -2.38   7.68   
1.49    -2.38   7.92   
1.58    -2.38   8.17   
1.66    -2.38   8.43   
1.74    -2.38   8.70   
1.82    -2.38   8.99   
1.90    -2.38   9.29   
1.98    -2.38   9.60   
2.06    -2.38   9.93   
2.14    -2.38   10.27  
2.22    -2.38   10.62  
2.30    -2.38   10.99  
2.38    -2.38   11.37  
2.46    -2.38   11.76  
2.55    -2.38   12.16  
2.63    -2.38   12.58  
2.71    -2.38   13.01  
2.79    -2.38   13.45  
2.87    -2.38   13.91  
2.95    -2.38   14.38  
3.03    -2.38   14.87  
3.11    -2.38   15.36  
3.19    -2.38   15.87  
3.27    -2.38   16.39  
3.35    -2.38   16.93  
3.43    -2.38   17.48  
3.52    -2.38   18.04  
3.60    -2.38   18.61  
3.68    -2.38   19.20  
3.76    -2.38   19.80  
3.84    -2.38   20.42  
3.92    -2.38   21.04  
4.00    -2.38   21.68  
-4.00   -2.30   21.30  
-3.92   -2.30   20.66  
-3.84   -2.30   20.04  
-3.76   -2.30   19.42  
-3.68   -2.30   18.82  
-3.60   -2.30   18.23  
-3.52   -2.30   17.66  
-3.43   -2.30   17.10  
-3.35   -2.30   16.55  
-3.27   -2.30   16.01  
-3.19   -2.30   15.49  
-3.11   -2.30   14.98  
-3.03   -2.30   14.49  
-2.95   -2.30   14.00  
-2.87   -2.30   13.53  
-2.79   -2.30   13.08  
-2.71   -2.30   12.63  
-2.63   -2.30   12.20  
-2.55   -2.30   11.78  
-2.46   -2.30   11.38  
-2.38   -2.30   10.99  
-2.30   -2.30   10.61  
-2.22   -2.30   10.24  
-2.14   -2.30   9.89   
-2.06   -2.30   9.55   
-1.98   -2.30   9.22   
-1.90   -2.30   8.91   
-1.82   -2.30   8.61   
-1.74   -2.30   8.32   
-1.66   -2.30   8.05   
-1.58   -2.30   7.79   
-1.49   -2.30   7.54   
-1.41   -2.30   7.30   
-1.33   -2.30   7.08   
-1.25   -2.30   6.87   
-1.17   -2.30   6.68   
-1.09   -2.30   6.49   
-1.01   -2.30   6.32   
-0.93   -2.30   6.17   
-0.85   -2.30   6.02   
-0.77   -2.30   5.89   
-0.69   -2.30   5.78   
-0.61   -2.30   5.67   
-0.53   -2.30   5.58   
-0.44   -2.30   5.50   
-0.36   -2.30   5.44   
-0.28   -2.30   5.38   
-0.20   -2.30   5.34   
-0.12   -2.30   5.32   
-0.04   -2.30   5.31   
0.04    -2.30   5.31   
0.12    -2.30   5.32   
0.20    -2.30   5.34   
0.28    -2.30   5.38   
0.36    -2.30   5.44   
0.44    -2.30   5.50   
0.53    -2.30   5.58   
0.61    -2.30   5.67   
0.69    -2.30   5.78   
0.77    -2.30   5.89   
0.85    -2.30   6.02   
0.93    -2.30   6.17   
1.01    -2.30   6.32   
1.09    -2.30   6.49   
1.17    -2.30   6.68   
1.25    -2.30   6.87   
1.33    -2.30   7.08   
1.41    -2.30   7.30   
1.49    -2.30   7.54   
1.58    -2.30   7.79   
1.66    -2.30   8.05   
1.74    -2.30   8.32   
1.82    -2.30   8.61   
1.90    -2.30   8.91   
1.98    -2.30   9.22   
2.06    -2.30   9.55   
2.14    -2.30   9.89   
2.22    -2.30   10.24  
2.30    -2.30   10.61  
2.38    -2.30   10.99  
2.46    -2.30   11.38  
2.55    -2.30   11.78  
2.63    -2.30   12.20  
2.71    -2.30   12.63  
2.79    -2.30   13.08  
2.87    -2.30   13.53  
2.95    -2.30   14.00  
3.03    -2.30   14.49  
3.11    -2.30   14.98  
3.19    -2.30   15.49  
3.27    -2.30   16.01  
3.35    -2.30   16.55  
3.43    -2.30   17.10  
3.52    -2.30   17.66  
3.60    -2.30   18.23  
3.68    -2.30   18.82  
3.76    -2.30   19.42  
3.84    -2.30   20.04  
3.92    -2.30   20.66  
4.00    -2.30   21.30  
-4.00   -2.22   20.94  
-3.92   -2.22   20.30  
-3.84   -2.22   19.67  
-3.76   -2.22   19.06  
-3.68   -2.22   18.46  
-3.60   -2.22   17.87  
-3.52   -2.22   17.29  
-3.43   -2.22   16.73  
-3.35   -2.22   16.18  
-3.27   -2.22   15.65  
-3.19   -2.22   15.13  
-3.11   -2.22   14.62  
-3.03   -2.22   14.12  
-2.95   -2.22   13.64  
-2.87   -2.22   13.17  
-2.79   -2.22   12.71  
-2.71   -2.22   12.27  
-2.63   -2.22   11.84  
-2.55   -2.22   11.42  
-2.46   -2.22   11.01  
-2.38   -2.22   10.62  
-2.30   -2.22   10.24  
-2.22   -2.22   9.88   
-2.14   -2.22   9.52   
-2.06   -2.22   9.18   
-1.98   -2.22   8.86   
-1.90   -2.22   8.54   
-1.82   -2.22   8.24   
-1.74   -2.22   7.96   
-1.66   -2.22   7.68   
-1.58   -2.22   7.42   
-1.49   -2.22   7.17   
-1.41   -2.22   6.94   
-1.33   -2.22   6.72   
-1.25   -2.22   6.51   
-1.17   -2.22   6.31   
-1.09   -2.22   6.13   
-1.01   -2.22   5.96   
-0.93   -2.22   5.80   
-0.85   -2.22   5.66   
-0.77   -2.22   5.53   
-0.69   -2.22   5.41   
-0.61   -2.22   5.31   
-0.53   -2.22   5.21   
-0.44   -2.22   5.14   
-0.36   -2.22   5.07   
-0.28   -2.22   5.02   
-0.20   -2.22   4.98   
-0.12   -2.22   4.95   
-0.04   -2.22   4.94   
0.04    -2.22   4.94   
0.12    -2.22   4.95   
0.20    -2.22   4.98   
0.28    -2.22   5.02   
0.36    -2.22   5.07   
0.44    -2.22   5.14   
0.53    -2.22   5.21   
0.61    -2.22   5.31   
0.69    -2.22   5.41   
0.77    -2.22   5.53   
0.85    -2.22   5.66   
0.93    -2.22   5.80   
1.01    -2.22   5.96   
1.09    -2.22   6.13   
1.17    -2.22   6.31   
1.25    -2.22   6.51   
1.33    -2.22   6.72   
1.41    -2.22   6.94   
1.49    -2.22   7.17   
1.58    -2.22   7.42   
1.66    -2.22   7.68   
1.74    -2.22   7.96   
1.82    -2.22   8.24   
1.90    -2.22   8.54   
1.98    -2.22   8.86   
2.06    -2.22   9.18   
2.14    -2.22   9.52   
2.22    -2.22   9.88   
2.30    -2.22   10.24  
2.38    -2.22   10.62  
2.46    -2.22   11.01  
2.55    -2.22   11.42  
2.63    -2.22   11.84  
2.71    -2.22   12.27  
2.79    -2.22   12.71  
2.87    -2.22   13.17  
2.95    -2.22   13.64  
3.03    -2.22   14.12  
3.11    -2.22   14.62  
3.19    -2.22   15.13  
3.27    -2.22   15.65  
3.35    -2.22   16.18  
3.43    -2.22   16.73  
3.52    -2.22   17.29  
3.60    -2.22   17.87  
3.68    -2.22   18.46  
3.76    -2.22   19.06  
3.84    -2.22   19.67  
3.92    -2.22   20.30  
4.00    -2.22   20.94  
-4.00   -2.14   20.59  
-3.92   -2.14   19.95  
-3.84   -2.14   19.32  
-3.76   -2.14   18.71  
-3.68   -2.14   18.10  
-3.60   -2.14   17.52  
-3.52   -2.14   16.94  
-3.43   -2.14   16.38  
-3.35   -2.14   15.83  
-3.27   -2.14   15.30  
-3.19   -2.14   14.77  
-3.11   -2.14   14.26  
-3.03   -2.14   13.77  
-2.95   -2.14   13.29  
-2.87   -2.14   12.82  
-2.79   -2.14   12.36  
-2.71   -2.14   11.91  
-2.63   -2.14   11.48  
-2.55   -2.14   11.06  
-2.46   -2.14   10.66  
-2.38   -2.14   10.27  
-2.30   -2.14   9.89   
-2.22   -2.14   9.52   
-2.14   -2.14   9.17   
-2.06   -2.14   8.83   
-1.98   -2.14   8.51   
-1.90   -2.14   8.19   
-1.82   -2.14   7.89   
-1.74   -2.14   7.60   
-1.66   -2.14   7.33   
-1.58   -2.14   7.07   
-1.49   -2.14   6.82   
-1.41   -2.14   6.59   
-1.33   -2.14   6.36   
-1.25   -2.14   6.15   
-1.17   -2.14   5.96   
-1.09   -2.14   5.78   
-1.01   -2.14   5.61   
-0.93   -2.14   5.45   
-0.85   -2.14   5.31   
-0.77   -2.14   5.17   
-0.69   -2.14   5.06   
-0.61   -2.14   4.95   
-0.53   -2.14   4.86   
-0.44   -2.14   4.78   
-0.36   -2.14   4.72   
-0.28   -2.14   4.67   
-0.20   -2.14   4.63   
-0.12   -2.14   4.60   
-0.04   -2.14   4.59   
0.04    -2.14   4.59   
0.12    -2.14   4.60   
0.20    -2.14   4.63   
0.28    -2.14   4.67   
0.36    -2.14   4.72   
0.44    -2.14   4.78   
0.53    -2.14   4.86   
0.61    -2.14   4.95   
0.69    -2.14   5.06   
0.77    -2.14   5.17   
0.85    -2.14   5.31   
0.93    -2.14   5.45   
1.01    -2.14   5.61   
1.09    -2.14   5.78   
1.17    -2.14   5.96   
1.25    -2.14   6.15   
1.33    -2.14   6.36   
1.41    -2.14   6.59   
1.49    -2.14   6.82   
1.58    -2.14   7.07   
1.66    -2.14   7.33   
1.74    -2.14   7.60   
1.82    -2.14   7.89   
1.90    -2.14   8.19   
1.98    -2.14   8.51   
2.06    -2.14   8.83   
2.14    -2.14   9.17   
2.22    -2.14   9.52   
2.30    -2.14   9.89   
2.38    -2.14   10.27  
2.46    -2.14   10.66  
2.55    -2.14   11.06  
2.63    -2.14   11.48  
2.71    -2.14   11.91  
2.79    -2.14   12.36  
2.87    -2.14   12.82  
2.95    -2.14   13.29  
3.03    -2.14   13.77  
3.11    -2.14   14.26  
3.19    -2.14   14.77  
3.27    -2.14   15.30  
3.35    -2.14   15.83  
3.43    -2.14   16.38  
3.52    -2.14   16.94  
3.60    -2.14   17.52  
3.68    -2.14   18.10  
3.76    -2.14   18.71  
3.84    -2.14   19.32  
3.92    -2.14   19.95  
4.00    -2.14   20.59  
-4.00   -2.06   20.25  
-3.92   -2.06   19.61  
-3.84   -2.06   18.98  
-3.76   -2.06   18.37  
-3.68   -2.06   17.76  
-3.60   -2.06   17.18  
-3.52   -2.06   16.60  
-3.43   -2.06   16.04  
-3.35   -2.06   15.49  
-3.27   -2.06   14.96  
-3.19   -2.06   14.43  
-3.11   -2.06   13.93  
-3.03   -2.06   13.43  
-2.95   -2.06   12.95  
-2.87   -2.06   12.48  
-2.79   -2.06   12.02  
-2.71   -2.06   11.57  
-2.63   -2.06   11.14  
-2.55   -2.06   10.73  
-2.46   -2.06   10.32  
-2.38   -2.06   9.93   
-2.30   -2.06   9.55   
-2.22   -2.06   9.18   
-2.14   -2.06   8.83   
-2.06   -2.06   8.49   
-1.98   -2.06   8.17   
-1.90   -2.06   7.85   
-1.82   -2.06   7.55   
-1.74   -2.06   7.26   
-1.66   -2.06   6.99   
-1.58   -2.06   6.73   
-1.49   -2.06   6.48   
-1.41   -2.06   6.25   
-1.33   -2.06   6.02   
-1.25   -2.06   5.81   
-1.17   -2.06   5.62   
-1.09   -2.06   5.44   
-1.01   -2.06   5.27   
-0.93   -2.06   5.11   
-0.85   -2.06   4.97   
-0.77   -2.06   4.84   
-0.69   -2.06   4.72   
-0.61   -2.06   4.61   
-0.53   -2.06   4.52   
-0.44   -2.06   4.44   
-0.36   -2.06   4.38   
-0.28   -2.06   4.33   
-0.20   -2.06   4.29   
-0.12   -2.06   4.26   
-0.04   -2.06   4.25   
0.04    -2.06   4.25   
0.12    -2.06   4.26   
0.20    -2.06   4.29   
0.28    -2.06   4.33   
0.36    -2.06   4.38   
0.44    -2.06   4.44   
0.53    -2.06   4.52   
0.61    -2.06   4.61   
0.69    -2.06   4.72   
0.77    -2.06   4.84   
0.85    -2.06   4.97   
0.93    -2.06   5.11   
1.01    -2.06   5.27   
1.09    -2.06   5.44   
1.17    -2.06   5.62   
1.25    -2.06   5.81   
1.33    -2.06   6.02   
1.41    -2.06   6.25   
1.49    -2.06   6.48   
1.58    -2.06   6.73   
1.66    -2.06   6.99   
1.74    -2.06   7.26   
1.82    -2.06   7.55   
1.90    -2.06   7.85   
1.98    -2.06   8.17   
2.06    -2.06   8.49   
2.14    -2.06   8.83   
2.22    -2.06   9.18   
2.30    -2.06   9.55   
2.38    -2.06   9.93   
2.46    -2.06   10.32  
2.55    -2.06   10.73  
2.63    -2.06   11.14  
2.71    -2.06   11.57  
2.79    -2.06   12.02  
2.87    -2.06   12.48  
2.95    -2.06   12.95  
3.03    -2.06   13.43  
3.11    -2.06   13.93  
3.19    -2.06   14.43  
3.27    -2.06   14.96  
3.35    -2.06   15.49  
3.43    -2.06   16.04  
3.52    -2.06   16.60  
3.60    -2.06   17.18  
3.68    -2.06   17.76  
3.76    -2.06   18.37  
3.84    -2.06   18.98  
3.92    -2.06   19.61  
4.00    -2.06   20.25  
-4.00   -1.98   19.92  
-3.92   -1.98   19.28  
-3.84   -1.98   18.65  
-3.76   -1.98   18.04  
-3.68   -1.98   17.44  
-3.60   -1.98   16.85  
-3.52   -1.98   16.28  
-3.43   -1.98   15.71  
-3.35   -1.98   15.17  
-3.27   -1.98   14.63  
-3.19   -1.98   14.11  
-3.11   -1.98   13.60  
-3.03   -1.98   13.10  
-2.95   -1.98   12.62  
-2.87   -1.98   12.15  
-2.79   -1.98   11.69  
-2.71   -1.98   11.25  
-2.63   -1.98   10.82  
-2.55   -1.98   10.40  
-2.46   -1.98   9.99   
-2.38   -1.98   9.60   
-2.30   -1.98   9.22   
-2.22   -1.98   8.86   
-2.14   -1.98   8.51   
-2.06   -1.98   8.17   
-1.98   -1.98   7.84   
-1.90   -1.98   7.53   
-1.82   -1.98   7.23   
-1.74   -1.98   6.94   
-1.66   -1.98   6.66   
-1.58   -1.98   6.40   
-1.49   -1.98   6.15   
-1.41   -1.98   5.92   
-1.33   -1.98   5.70   
-1.25   -1.98   5.49   
-1.17   -1.98   5.29   
-1.09   -1.98   5.11   
-1.01   -1.98   4.94   
-0.93   -1.98   4.78   
-0.85   -1.98   4.64   
-0.77   -1.98   4.51   
-0.69   -1.98   4.39   
-0.61   -1.98   4.29   
-0.53   -1.98   4.20   
-0.44   -1.98   4.12   
-0.36   -1.98   4.05   
-0.28   -1.98   4.00   
-0.20   -1.98   3.96   
-0.12   -1.98   3.93   
-0.04   -1.98   3.92   
0.04    -1.98   3.92   
0.12    -1.98   3.93   
0.20    -1.98   3.96   
0.28    -1.98   4.00   
0.36    -1.98   4.05   
0.44    -1.98   4.12   
0.53    -1.98   4.20   
0.61    -1.98   4.29   
0.69    -1.98   4.39   
0.77    -1.98   4.51   
0.85    -1.98   4.64   
0.93    -1.98   4.78   
1.01    -1.98   4.94   
1.09    -1.98   5.11   
1.17    -1.98   5.29   
1.25    -1.98   5.49   
1.33    -1.98   5.70   
1.41    -1.98   5.92   
1.49    -1.98   6.15   
1.58    -1.98   6.40   
1.66    -1.98   6.66   
1.74    -1.98   6.94   
1.82    -1.98   7.23   
1.90    -1.98   7.53   
1.98    -1.98   7.84   
2.06    -1.98   8.17   
2.14    -1.98   8.51   
2.22    -1.98   8.86   
2.30    -1.98   9.22   
2.38    -1.98   9.60   
2.46    -1.98   9.99   
2.55    -1.98   10.40  
2.63    -1.98   10.82  
2.71    -1.98   11.25  
2.79    -1.98   11.69  
2.87    -1.98   12.15  
2.95    -1.98   12.62  
3.03    -1.98   13.10  
3.11    -1.98   13.60  
3.19    -1.98   14.11  
3.27    -1.98   14.63  
3.35    -1.98   15.17  
3.43    -1.98   15.71  
3.52    -1.98   16.28  
3.60    -1.98   16.85  
3.68    -1.98   17.44  
3.76    -1.98   18.04  
3.84    -1.98   18.65  
3.92    -1.98   19.28  
4.00    -1.98   19.92  
-4.00   -1.90   19.61  
-3.92   -1.90   18.97  
-3.84   -1.90   18.34  
-3.76   -1.90   17.73  
-3.68   -1.90   17.12  
-3.60   -1.90   16.54  
-3.52   -1.90   15.96  
-3.43   -1.90   15.40  
-3.35   -1.90   14.85  
-3.27   -1.90   14.32  
-3.19   -1.90   13.79  
-3.11   -1.90   13.29  
-3.03   -1.90   12.79  
-2.95   -1.90   12.31  
-2.87   -1.90   11.84  
-2.79   -1.90   11.38  
-2.71   -1.90   10.93  
-2.63   -1.90   10.50  
-2.55   -1.90   10.09  
-2.46   -1.90   9.68   
-2.38   -1.90   9.29   
-2.30   -1.90   8.91   
-2.22   -1.90   8.54   
-2.14   -1.90   8.19   
-2.06   -1.90   7.85   
-1.98   -1.90   7.53   
-1.90   -1.90   7.21   
-1.82   -1.90   6.91   
-1.74   -1.90   6.62   
-1.66   -1.90   6.35   
-1.58   -1.90   6.09   
-1.49   -1.90   5.84   
-1.41   -1.90   5.61   
-1.33   -1.90   5.38   
-1.25   -1.90   5.17   
-1.17   -1.90   4.98   
-1.09   -1.90   4.80   
-1.01   -1.90   4.63   
-0.93   -1.90   4.47   
-0.85   -1.90   4.33   
-0.77   -1.90   4.20   
-0.69   -1.90   4.08   
-0.61   -1.90   3.97   
-0.53   -1.90   3.88   
-0.44   -1.90   3.80   
-0.36   -1.90   3.74   
-0.28   -1.90   3.69   
-0.20   -1.90   3.65   
-0.12   -1.90   3.62   
-0.04   -1.90   3.61   
0.04    -1.90   3.61   
0.12    -1.90   3.62   
0.20    -1.90   3.65   
0.28    -1.90   3.69   
0.36    -1.90   3.74   
0.44    -1.90   3.80   
0.53    -1.90   3.88   
0.61    -1.90   3.97   
0.69    -1.90   4.08   
0.77    -1.90   4.20   
0.85    -1.90   4.33   
0.93    -1.90   4.47   
1.01    -1.90   4.63   
1.09    -1.90   4.80   
1.17    -1.90   4.98   
1.25    -1.90   5.17   
1.33    -1.90   5.38   
1.41    -1.90   5.61   
1.49    -1.90   5.84   
1.58    -1.90   6.09   
1.66    -1.90   6.35   
1.74    -1.90   6.62   
1.82    -1.90   6.91   
1.90    -1.90   7.21   
1.98    -1.90   7.53   
2.06    -1.90   7.85   
2.14    -1.90   8.19   
2.22    -1.90   8.54   
2.30    -1.90   8.91   
2.38    -1.90   9.29   
2.46    -1.90   9.68   
2.55    -1.90   10.09  
2.63    -1.90   10.50  
2.71    -1.90   10.93  
2.79    -1.90   11.38  
2.87    -1.90   11.84  
2.95    -1.90   12.31  
3.03    -1.90   12.79  
3.11    -1.90   13.29  
3.19    -1.90   13.79  
3.27    -1.90   14.32  
3.35    -1.90   14.85  
3.43    -1.90   15.40  
3.52    -1.90   15.96  
3.60    -1.90   16.54  
3.68    -1.90   17.12  
3.76    -1.90   17.73  
3.84    -1.90   18.34  
3.92    -1.90   18.97  
4.00    -1.90   19.61  
-4.00   -1.82   19.31  
-3.92   -1.82   18.67  
-3.84   -1.82   18.04  
-3.76   -1.82   17.43  
-3.68   -1.82   16.82  
-3.60   -1.82   16.24  
-3.52   -1.82   15.66  
-3.43   -1.82   15.10  
-3.35   -1.82   14.55  
-3.27   -1.82   14.02  
-3.19   -1.82   13.49  
-3.11   -1.82   12.98  
-3.03   -1.82   12.49  
-2.95   -1.82   12.01  
-2.87   -1.82   11.54  
-2.79   -1.82   11.08  
-2.71   -1.82   10.63  
-2.63   -1.82   10.20  
-2.55   -1.82   9.79   
-2.46   -1.82   9.38   
-2.38   -1.82   8.99   
-2.30   -1.82   8.61   
-2.22   -1.82   8.24   
-2.14   -1.82   7.89   
-2.06   -1.82   7.55   
-1.98   -1.82   7.23   
-1.90   -1.82   6.91   
-1.82   -1.82   6.61   
-1.74   -1.82   6.32   
-1.66   -1.82   6.05   
-1.58   -1.82   5.79   
-1.49   -1.82   5.54   
-1.41   -1.82   5.31   
-1.33   -1.82   5.08   
-1.25   -1.82   4.87   
-1.17   -1.82   4.68   
-1.09   -1.82   4.50   
-1.01   -1.82   4.33   
-0.93   -1.82   4.17   
-0.85   -1.82   4.03   
-0.77   -1.82   3.90   
-0.69   -1.82   3.78   
-0.61   -1.82   3.67   
-0.53   -1.82   3.58   
-0.44   -1.82   3.50   
-0.36   -1.82   3.44   
-0.28   -1.82   3.39   
-0.20   -1.82   3.35   
-0.12   -1.82   3.32   
-0.04   -1.82   3.31   
0.04    -1.82   3.31   
0.12    -1.82   3.32   
0.20    -1.82   3.35   
0.28    -1.82   3.39   
0.36    -1.82   3.44   
0.44    -1.82   3.50   
0.53    -1.82   3.58   
0.61    -1.82   3.67   
0.69    -1.82   3.78   
0.77    -1.82   3.90   
0.85    -1.82   4.03   
0.93    -1.82   4.17   
1.01    -1.82   4.33   
1.09    -1.82   4.50   
1.17    -1.82   4.68   
1.25    -1.82   4.87   
1.33    -1.82   5.08   
1.41    -1.82   5.31   
1.49    -1.82   5.54   
1.58    -1.82   5.79   
1.66    -1.82   6.05   
1.74    -1.82   6.32   
1.82    -1.82   6.61   
1.90    -1.82   6.91   
1.98    -1.82   7.23   
2.06    -1.82   7.55   
2.14    -1.82   7.89   
2.22    -1.82   8.24   
2.30    -1.82   8.61   
2.38    -1.82   8.99   
2.46    -1.82   9.38   
2.55    -1.82   9.79   
2.63    -1.82   10.20  
2.71    -1.82   10.63  
2.79    -1.82   11.08  
2.87    -1.82   11.54  
2.95    -1.82   12.01  
3.03    -1.82   12.49  
3.11    -1.82   12.98  
3.19    -1.82   13.49  
3.27    -1.82   14.02  
3.35    -1.82   14.55  
3.43    -1.82   15.10  
3.52    -1.82   15.66  
3.60    -1.82   16.24  
3.68    -1.82   16.82  
3.76    -1.82   17.43  
3.84    -1.82   18.04  
3.92    -1.82   18.67  
4.00    -1.82   19.31  
-4.00   -1.74   19.02  
-3.92   -1.74   18.38  
-3.84   -1.74   17.75  
-3.76   -1.74   17.14  
-3.68   -1.74   16.54  
-3.60   -1.74   15.95  
-3.52   -1.74   15.37  
-3.43   -1.74   14.81  
-3.35   -1.74   14.26  
-3.27   -1.74   13.73  
-3.19   -1.74   13.21  
-3.11   -1.74   12.70  
-3.03   -1.74   12.20  
-2.95   -1.74   11.72  
-2.87   -1.74   11.25  
-2.79   -1.74   10.79  
-2.71   -1.74   10.35  
-2.63   -1.74   9.92   
-2.55   -1.74   9.50   
-2.46   -1.74   9.09   
-2.38   -1.74   8.70   
-2.30   -1.74   8.32   
-2.22   -1.74   7.96   
-2.14   -1.74   7.60   
-2.06   -1.74   7.26   
-1.98   -1.74   6.94   
-1.90   -1.74   6.62   
-1.82   -1.74   6.32   
-1.74   -1.74   6.04   
-1.66   -1.74   5.76   
-1.58   -1.74   5.50   
-1.49   -1.74   5.25   
-1.41   -1.74   5.02   
-1.33   -1.74   4.80   
-1.25   -1.74   4.59   
-1.17   -1.74   4.39   
-1.09   -1.74   4.21   
-1.01   -1.74   4.04   
-0.93   -1.74   3.88   
-0.85   -1.74   3.74   
-0.77   -1.74   3.61   
-0.69   -1.74   3.49   
-0.61   -1.74   3.39   
-0.53   -1.74   3.29   
-0.44   -1.74   3.22   
-0.36   -1.74   3.15   
-0.28   -1.74   3.10   
-0.20   -1.74   3.06   
-0.12   -1.74   3.03   
-0.04   -1.74   3.02   
0.04    -1.74   3.02   
0.12    -1.74   3.03   
0.20    -1.74   3.06   
0.28    -1.74   3.10   
0.36    -1.74   3.15   
0.44    -1.74   3.22   
0.53    -1.74   3.29   
0.61    -1.74   3.39   
0.69    -1.74   3.49   
0.77    -1.74   3.61   
0.85    -1.74   3.74   
0.93    -1.74   3.88   
1.01    -1.74   4.04   
1.09    -1.74   4.21   
1.17    -1.74   4.39   
1.25    -1.74   4.59   
1.33    -1.74   4.80   
1.41    -1.74   5.02   
1.49    -1.74   5.25   
1.58    -1.74   5.50   
1.66    -1.74   5.76   
1.74    -1.74   6.04   
1.82    -1.74   6.32   
1.90    -1.74   6.62   
1.98    -1.74   6.94   
2.06    -1.74   7.26   
2.14    -1.74   7.60   
2.22    -1.74   7.96   
2.30    -1.74   8.32   
2.38    -1.74   8.70   
2.46    -1.74   9.09   
2.55    -1.74   9.50   
2.63    -1.74   9.92   
2.71    -1.74   10.35  
2.79    -1.74   10.79  
2.87    -1.74   11.25  
2.95    -1.74   11.72  
3.03    -1.74   12.20  
3.11    -1.74   12.70  
3.19    -1.74   13.21  
3.27    -1.74   13.73  
3.35    -1.74   14.26  
3.43    -1.74   14.81  
3.52    -1.74   15.37  
3.60    -1.74   15.95  
3.68    -1.74   16.54  
3.76    -1.74   17.14  
3.84    -1.74   17.75  
3.92    -1.74   18.38  
4.00    -1.74   19.02  
-4.00   -1.66   18.74  
-3.92   -1.66   18.10  
-3.84   -1.66   17.48  
-3.76   -1.66   16.86  
-3.68   -1.66   16.26  
-3.60   -1.66   15.68  
-3.52   -1.66   15.10  
-3.43   -1.66   14.54  
-3.35   -1.66   13.99  
-3.27   -1.66   13.45  
-3.19   -1.66   12.93  
-3.11   -1.66   12.42  
-3.03   -1.66   11.93  
-2.95   -1.66   11.44  
-2.87   -1.66   10.97  
-2.79   -1.66   10.52  
-2.71   -1.66   10.07  
-2.63   -1.66   9.64   
-2.55   -1.66   9.22   
-2.46   -1.66   8.82   
-2.38   -1.66   8.43   
-2.30   -1.66   8.05   
-2.22   -1.66   7.68   
-2.14   -1.66   7.33   
-2.06   -1.66   6.99   
-1.98   -1.66   6.66   
-1.90   -1.66   6.35   
-1.82   -1.66   6.05   
-1.74   -1.66   5.76   
-1.66   -1.66   5.49   
-1.58   -1.66   5.23   
-1.49   -1.66   4.98   
-1.41   -1.66   4.74   
-1.33   -1.66   4.52   
-1.25   -1.66   4.31   
-1.17   -1.66   4.12   
-1.09   -1.66   3.93   
-1.01   -1.66   3.76   
-0.93   -1.66   3.61   
-0.85   -1.66   3.46   
-0.77   -1.66   3.33   
-0.69   -1.66   3.22   
-0.61   -1.66   3.11   
-0.53   -1.66   3.02   
-0.44   -1.66   2.94   
-0.36   -1.66   2.88   
-0.28   -1.66   2.82   
-0.20   -1.66   2.79   
-0.12   -1.66   2.76   
-0.04   -1.66   2.75   
0.04    -1.66   2.75   
0.12    -1.66   2.76   
0.20    -1.66   2.79   
0.28    -1.66   2.82   
0.36    -1.66   2.88   
0.44    -1.66   2.94   
0.53    -1.66   3.02   
0.61    -1.66   3.11   
0.69    -1.66   3.22   
0.77    -1.66   3.33   
0.85    -1.66   3.46   
0.93    -1.66   3.61   
1.01    -1.66   3.76   
1.09    -1.66   3.93   
1.17    -1.66   4.12   
1.25    -1.66   4.31   
1.33    -1.66   4.52   
1.41    -1.66   4.74   
1.49    -1.66   4.98   
1.58    -1.66   5.23   
1.66    -1.66   5.49   
1.74    -1.66   5.76   
1.82    -1.66   6.05   
1.90    -1.66   6.35   
1.98    -1.66   6.66   
2.06    -1.66   6.99   
2.14    -1.66   7.33   
2.22    -1.66   7.68   
2.30    -1.66   8.05   
2.38    -1.66   8.43   
2.46    -1.66   8.82   
2.55    -1.66   9.22   
2.63    -1.66   9.64   
2.71    -1.66   10.07  
2.79    -1.66   10.52  
2.87    -1.66   10.97  
2.95    -1.66   11.44  
3.03    -1.66   11.93  
3.11    -1.66   12.42  
3.19    -1.66   12.93  
3.27    -1.66   13.45  
3.35    -1.66   13.99  
3.43    -1.66   14.54  
3.52    -1.66   15.10  
3.60    -1.66   15.68  
3.68    -1.66   16.26  
3.76    -1.66   16.86  
3.84    -1.66   17.48  
3.92    -1.66   18.10  
4.00    -1.66   18.74  
-4.00   -1.58   18.48  
-3.92   -1.58   17.84  
-3.84   -1.58   17.22  
-3.76   -1.58   16.60  
-3.68   -1.58   16.00  
-3.60   -1.58   15.41  
-3.52   -1.58   14.84  
-3.43   -1.58   14.28  
-3.35   -1.58   13.73  
-3.27   -1.58   13.19  
-3.19   -1.58   12.67  
-3.11   -1.58   12.16  
-3.03   -1.58   11.67  
-2.95   -1.58   11.18  
-2.87   -1.58   10.71  
-2.79   -1.58   10.26  
-2.71   -1.58   9.81   
-2.63   -1.58   9.38   
-2.55   -1.58   8.96   
-2.46   -1.58   8.56   
-2.38   -1.58   8.17   
-2.30   -1.58   7.79   
-2.22   -1.58   7.42   
-2.14   -1.58   7.07   
-2.06   -1.58   6.73   
-1.98   -1.58   6.40   
-1.90   -1.58   6.09   
-1.82   -1.58   5.79   
-1.74   -1.58   5.50   
-1.66   -1.58   5.23   
-1.58   -1.58   4.97   
-1.49   -1.58   4.72   
-1.41   -1.58   4.48   
-1.33   -1.58   4.26   
-1.25   -1.58   4.05   
-1.17   -1.58   3.86   
-1.09   -1.58   3.67   
-1.01   -1.58   3.50   
-0.93   -1.58   3.35   
-0.85   -1.58   3.20   
-0.77   -1.58   3.07   
-0.69   -1.58   2.95   
-0.61   -1.58   2.85   
-0.53   -1.58   2.76   
-0.44   -1.58   2.68   
-0.36   -1.58   2.62   
-0.28   -1.58   2.56   
-0.20   -1.58   2.52   
-0.12   -1.58   2.50   
-0.04   -1.58   2.48   
0.04    -1.58   2.48   
0.12    -1.58   2.50   
0.20    -1.58   2.52   
0.28    -1.58   2.56   
0.36    -1.58   2.62   
0.44    -1.58   2.68   
0.53    -1.58   2.76   
0.61    -1.58   2.85   
0.69    -1.58   2.95   
0.77    -1.58   3.07   
0.85    -1.58   3.20   
0.93    -1.58   3.35   
1.01    -1.58   3.50   
1.09    -1.58   3.67   
1.17    -1.58   3.86   
1.25    -1.58   4.05   
1.33    -1.58   4.26   
1.41    -1.58   4.48   
1.49    -1.58   4.72   
1.58    -1.58   4.97   
1.66    -1.58   5.23   
1.74    -1.58   5.50   
1.82    -1.58   5.79   
1.90    -1.58   6.09   
1.98    -1.58   6.40   
2.06    -1.58   6.73   
2.14    -1.58   7.07   
2.22    -1.58   7.42   
2.30    -1.58   7.79   
2.38    -1.58   8.17   
2.46    -1.58   8.56   
2.55    -1.58   8.96   
2.63    -1.58   9.38   
2.71    -1.58   9.81   
2.79    -1.58   10.26  
2.87    -1.58   10.71  
2.95    -1.58   11.18  
3.03    -1.58   11.67  
3.11    -1.58   12.16  
3.19    -1.58   12.67  
3.27    -1.58   13.19  
3.35    -1.58   13.73  
3.43    -1.58   14.28  
3.52    -1.58   14.84  
3.60    -1.58   15.41  
3.68    -1.58   16.00  
3.76    -1.58   16.60  
3.84    -1.58   17.22  
3.92    -1.58   17.84  
4.00    -1.58   18.48  
-4.00   -1.49   18.23  
-3.92   -1.49   17.59  
-3.84   -1.49   16.97  
-3.76   -1.49   16.35  
-3.68   -1.49   15.75  
-3.60   -1.49   15.17  
-3.52   -1.49   14.59  
-3.43   -1.49   14.03  
-3.35   -1.49   13.48  
-3.27   -1.49   12.95  
-3.19   -1.49   12.42  
-3.11   -1.49   11.91  
-3.03   -1.49   11.42  
-2.95   -1.49   10.93  
-2.87   -1.49   10.46  
-2.79   -1.49   10.01  
-2.71   -1.49   9.56   
-2.63   -1.49   9.13   
-2.55   -1.49   8.71   
-2.46   -1.49   8.31   
-2.38   -1.49   7.92   
-2.30   -1.49   7.54   
-2.22   -1.49   7.17   
-2.14   -1.49   6.82   
-2.06   -1.49   6.48   
-1.98   -1.49   6.15   
-1.90   -1.49   5.84   
-1.82   -1.49   5.54   
-1.74   -1.49   5.25   
-1.66   -1.49   4.98   
-1.58   -1.49   4.72   
-1.49   -1.49   4.47   
-1.41   -1.49   4.23   
-1.33   -1.49   4.01   
-1.25   -1.49   3.80   
-1.17   -1.49   3.61   
-1.09   -1.49   3.42   
-1.01   -1.49   3.26   
-0.93   -1.49   3.10   
-0.85   -1.49   2.95   
-0.77   -1.49   2.82   
-0.69   -1.49   2.71   
-0.61   -1.49   2.60   
-0.53   -1.49   2.51   
-0.44   -1.49   2.43   
-0.36   -1.49   2.37   
-0.28   -1.49   2.31   
-0.20   -1.49   2.28   
-0.12   -1.49   2.25   
-0.04   -1.49   2.24   
0.04    -1.49   2.24   
0.12    -1.49   2.25   
0.20    -1.49   2.28   
0.28    -1.49   2.31   
0.36    -1.49   2.37   
0.44    -1.49   2.43   
0.53    -1.49   2.51   
0.61    -1.49   2.60   
0.69    -1.49   2.71   
0.77    -1.49   2.82   
0.85    -1.49   2.95   
0.93    -1.49   3.10   
1.01    -1.49   3.26   
1.09    -1.49   3.42   
1.17    -1.49   3.61   
1.25    -1.49   3.80   
1.33    -1.49   4.01   
1.41    -1.49   4.23   
1.49    -1.49   4.47   
1.58    -1.49   4.72   
1.66    -1.49   4.98   
1.74    -1.49   5.25   
1.82    -1.49   5.54   
1.90    -1.49   5.84   
1.98    -1.49   6.15   
2.06    -1.49   6.48   
2.14    -1.49   6.82   
2.22    -1.49   7.17   
2.30    -1.49   7.54   
2.38    -1.49   7.92   
2.46    -1.49   8.31   
2.55    -1.49   8.71   
2.63    -1.49   9.13   
2.71    -1.49   9.56   
2.79    -1.49   10.01  
2.87    -1.49   10.46  
2.95    -1.49   10.93  
3.03    -1.49   11.42  
3.11    -1.49   11.91  
3.19    -1.49   12.42  
3.27    -1.49   12.95  
3.35    -1.49   13.48  
3.43    -1.49   14.03  
3.52    -1.49   14.59  
3.60    -1.49   15.17  
3.68    -1.49   15.75  
3.76    -1.49   16.35  
3.84    -1.49   16.97  
3.92    -1.49   17.59  
4.00    -1.49   18.23  
-4.00   -1.41   18.00  
-3.92   -1.41   17.36  
-3.84   -1.41   16.73  
-3.76   -1.41   16.12  
-3.68   -1.41   15.52  
-3.60   -1.41   14.93  
-3.52   -1.41   14.36  
-3.43   -1.41   13.79  
-3.35   -1.41   13.25  
-3.27   -1.41   12.71  
-3.19   -1.41   12.19  
-3.11   -1.41   11.68  
-3.03   -1.41   11.18  
-2.95   -1.41   10.70  
-2.87   -1.41   10.23  
-2.79   -1.41   9.77   
-2.71   -1.41   9.33   
-2.63   -1.41   8.90   
-2.55   -1.41   8.48   
-2.46   -1.41   8.07   
-2.38   -1.41   7.68   
-2.30   -1.41   7.30   
-2.22   -1.41   6.94   
-2.14   -1.41   6.59   
-2.06   -1.41   6.25   
-1.98   -1.41   5.92   
-1.90   -1.41   5.61   
-1.82   -1.41   5.31   
-1.74   -1.41   5.02   
-1.66   -1.41   4.74   
-1.58   -1.41   4.48   
-1.49   -1.41   4.23   
-1.41   -1.41   4.00   
-1.33   -1.41   3.78   
-1.25   -1.41   3.57   
-1.17   -1.41   3.37   
-1.09   -1.41   3.19   
-1.01   -1.41   3.02   
-0.93   -1.41   2.86   
-0.85   -1.41   2.72   
-0.77   -1.41   2.59   
-0.69   -1.41   2.47   
-0.61   -1.41   2.37   
-0.53   -1.41   2.28   
-0.44   -1.41   2.20   
-0.36   -1.41   2.13   
-0.28   -1.41   2.08   
-0.20   -1.41   2.04   
-0.12   -1.41   2.01   
-0.04   -1.41   2.00   
0.04    -1.41   2.00   
0.12    -1.41   2.01   
0.20    -1.41   2.04   
0.28    -1.41   2.08   
0.36    -1.41   2.13   
0.44    -1.41   2.20   
0.53    -1.41   2.28   
0.61    -1.41   2.37   
0.69    -1.41   2.47   
0.77    -1.41   2.59   
0.85    -1.41   2.72   
0.93    -1.41   2.86   
1.01    -1.41   3.02   
1.09    -1.41   3.19   
1.17    -1.41   3.37   
1.25    -1.41   3.57   
1.33    -1.41   3.78   
1.41    -1.41   4.00   
1.49    -1.41   4.23   
1.58    -1.41   4.48   
1.66    -1.41   4.74   
1.74    -1.41   5.02   
1.82    -1.41   5.31   
1.90    -1.41   5.61   
1.98    -1.41   5.92   
2.06    -1.41   6.25   
2.14    -1.41   6.59   
2.22    -1.41   6.94   
2.30    -1.41   7.30   
2.38    -1.41   7.68   
2.46    -1.41   8.07   
2.55    -1.41   8.48   
2.63    -1.41   8.90   
2.71    -1.41   9.33   
2.79    -1.41   9.77   
2.87    -1.41   10.23  
2.95    -1.41   10.70  
3.03    -1.41   11.18  
3.11    -1.41   11.68  
3.19    -1.41   12.19  
3.27    -1.41   12.71  
3.35    -1.41   13.25  
3.43    -1.41   13.79  
3.52    -1.41   14.36  
3.60    -1.41   14.93  
3.68    -1.41   15.52  
3.76    -1.41   16.12  
3.84    -1.41   16.73  
3.92    -1.41   17.36  
4.00    -1.41   18.00  
-4.00   -1.33   17.78  
-3.92   -1.33   17.14  
-3.84   -1.33   16.51  
-3.76   -1.33   15.90  
-3.68   -1.33   15.30  
-3.60   -1.33   14.71  
-3.52   -1.33   14.13  
-3.43   -1.33   13.57  
-3.35   -1.33   13.02  
-3.27   -1.33   12.49  
-3.19   -1.33   11.97  
-3.11   -1.33   11.46  
-3.03   -1.33   10.96  
-2.95   -1.33   10.48  
-2.87   -1.33   10.01  
-2.79   -1.33   9.55   
-2.71   -1.33   9.11   
-2.63   -1.33   8.68   
-2.55   -1.33   8.26   
-2.46   -1.33   7.85   
-2.38   -1.33   7.46   
-2.30   -1.33   7.08   
-2.22   -1.33   6.72   
-2.14   -1.33   6.36   
-2.06   -1.33   6.02   
-1.98   -1.33   5.70   
-1.90   -1.33   5.38   
-1.82   -1.33   5.08   
-1.74   -1.33   4.80   
-1.66   -1.33   4.52   
-1.58   -1.33   4.26   
-1.49   -1.33   4.01   
-1.41   -1.33   3.78   
-1.33   -1.33   3.56   
-1.25   -1.33   3.35   
-1.17   -1.33   3.15   
-1.09   -1.33   2.97   
-1.01   -1.33   2.80   
-0.93   -1.33   2.64   
-0.85   -1.33   2.50   
-0.77   -1.33   2.37   
-0.69   -1.33   2.25   
-0.61   -1.33   2.15   
-0.53   -1.33   2.05   
-0.44   -1.33   1.98   
-0.36   -1.33   1.91   
-0.28   -1.33   1.86   
-0.20   -1.33   1.82   
-0.12   -1.33   1.79   
-0.04   -1.33   1.78   
0.04    -1.33   1.78   
0.12    -1.33   1.79   
0.20    -1.33   1.82   
0.28    -1.33   1.86   
0.36    -1.33   1.91   
0.44    -1.33   1.98   
0.53    -1.33   2.05   
0.61    -1.33   2.15   
0.69    -1.33   2.25   
0.77    -1.33   2.37   
0.85    -1.33   2.50   
0.93    -1.33   2.64   
1.01    -1.33   2.80   
1.09    -1.33   2.97   
1.17    -1.33   3.15   
1.25    -1.33   3.35   
1.33    -1.33   3.56   
1.41    -1.33   3.78   
1.49    -1.33   4.01   
1.58    -1.33   4.26   
1.66    -1.33   4.52   
1.74    -1.33   4.80   
1.82    -1.33   5.08   
1.90    -1.33   5.38   
1.98    -1.33   5.70   
2.06    -1.33   6.02   
2.14    -1.33   6.36   
2.22    -1.33   6.72   
2.30    -1.33   7.08   
2.38    -1.33   7.46   
2.46    -1.33   7.85   
2.55    -1.33   8.26   
2.63    -1.33   8.68   
2.71    -1.33   9.11   
2.79    -1.33   9.55   
2.87    -1.33   10.01  
2.95    -1.33   10.48  
3.03    -1.33   10.96  
3.11    -1.33   11.46  
3.19    -1.33   11.97  
3.27    -1.33   12.49  
3.35    -1.33   13.02  
3.43    -1.33   13.57  
3.52    -1.33   14.13  
3.60    -1.33   14.71  
3.68    -1.33   15.30  
3.76    -1.33   15.90  
3.84    -1.33   16.51  
3.92    -1.33   17.14  
4.00    -1.33   17.78  
-4.00   -1.25   17.57  
-3.92   -1.25   16.93  
-3.84   -1.25   16.30  
-3.76   -1.25   15.69  
-3.68   -1.25   15.09  
-3.60   -1.25   14.50  
-3.52   -1.25   13.93  
-3.43   -1.25   13.36  
-3.35   -1.25   12.82  
-3.27   -1.25   12.28  
-3.19   -1.25   11.76  
-3.11   -1.25   11.25  
-3.03   -1.25   10.75  
-2.95   -1.25   10.27  
-2.87   -1.25   9.80   
-2.79   -1.25   9.34   
-2.71   -1.25   8.90   
-2.63   -1.25   8.47   
-2.55   -1.25   8.05   
-2.46   -1.25   7.64   
-2.38   -1.25   7.25   
-2.30   -1.25   6.87   
-2.22   -1.25   6.51   
-2.14   -1.25   6.15   
-2.06   -1.25   5.81   
-1.98   -1.25   5.49   
-1.90   -1.25   5.17   
-1.82   -1.25   4.87   
-1.74   -1.25   4.59   
-1.66   -1.25   4.31   
-1.58   -1.25   4.05   
-1.49   -1.25   3.80   
-1.41   -1.25   3.57   
-1.33   -1.25   3.35   
-1.25   -1.25   3.14   
-1.17   -1.25   2.94   
-1.09   -1.25   2.76   
-1.01   -1.25   2.59   
-0.93   -1.25   2.43   
-0.85   -1.25   2.29   
-0.77   -1.25   2.16   
-0.69   -1.25   2.04   
-0.61   -1.25   1.94   
-0.53   -1.25   1.84   
-0.44   -1.25   1.77   
-0.36   -1.25   1.70   
-0.28   -1.25   1.65   
-0.20   -1.25   1.61   
-0.12   -1.25   1.58   
-0.04   -1.25   1.57   
0.04    -1.25   1.57   
0.12    -1.25   1.58   
0.20    -1.25   1.61   
0.28    -1.25   1.65   
0.36    -1.25   1.70   
0.44    -1.25   1.77   
0.53    -1.25   1.84   
0.61    -1.25   1.94   
0.69    -1.25   2.04   
0.77    -1.25   2.16   
0.85    -1.25   2.29   
0.93    -1.25   2.43   
1.01    -1.25   2.59   
1.09    -1.25   2.76   
1.17    -1.25   2.94   
1.25    -1.25   3.14   
1.33    -1.25   3.35   
1.41    -1.25   3.57   
1.49    -1.25   3.80   
1.58    -1.25   4.05   
1.66    -1.25   4.31   
1.74    -1.25   4.59   
1.82    -1.25   4.87   
1.90    -1.25   5.17   
1.98    -1.25   5.49   
2.06    -1.25   5.81   
2.14    -1.25   6.15   
2.22    -1.25   6.51   
2.30    -1.25   6.87   
2.38    -1.25   7.25   
2.46    -1.25   7.64   
2.55    -1.25   8.05   
2.63    -1.25   8.47   
2.71    -1.25   8.90   
2.79    -1.25   9.34   
2.87    -1.25   9.80   
2.95    -1.25   10.27  
3.03    -1.25   10.75  
3.11    -1.25   11.25  
3.19    -1.25   11.76  
3.27    -1.25   12.28  
3.35    -1.25   12.82  
3.43    -1.25   13.36  
3.52    -1.25   13.93  
3.60    -1.25   14.50  
3.68    -1.25   15.09  
3.76    -1.25   15.69  
3.84    -1.25   16.30  
3.92    -1.25   16.93  
4.00    -1.25   17.57  
-4.00   -1.17   17.37  
-3.92   -1.17   16.73  
-3.84   -1.17   16.11  
-3.76   -1.17   15.49  
-3.68   -1.17   14.89  
-3.60   -1.17   14.30  
-3.52   -1.17   13.73  
-3.43   -1.17   13.17  
-3.35   -1.17   12.62  
-3.27   -1.17   12.08  
-3.19   -1.17   11.56  
-3.11   -1.17   11.05  
-3.03   -1.17   10.56  
-2.95   -1.17   10.07  
-2.87   -1.17   9.60   
-2.79   -1.17   9.15   
-2.71   -1.17   8.70   
-2.63   -1.17   8.27   
-2.55   -1.17   7.85   
-2.46   -1.17   7.45   
-2.38   -1.17   7.06   
-2.30   -1.17   6.68   
-2.22   -1.17   6.31   
-2.14   -1.17   5.96   
-2.06   -1.17   5.62   
-1.98   -1.17   5.29   
-1.90   -1.17   4.98   
-1.82   -1.17   4.68   
-1.74   -1.17   4.39   
-1.66   -1.17   4.12   
-1.58   -1.17   3.86   
-1.49   -1.17   3.61   
-1.41   -1.17   3.37   
-1.33   -1.17   3.15   
-1.25   -1.17   2.94   
-1.17   -1.17   2.75   
-1.09   -1.17   2.56   
-1.01   -1.17   2.39   
-0.93   -1.17   2.24   
-0.85   -1.17   2.09   
-0.77   -1.17   1.96   
-0.69   -1.17   1.84   
-0.61   -1.17   1.74   
-0.53   -1.17   1.65   
-0.44   -1.17   1.57   
-0.36   -1.17   1.51   
-0.28   -1.17   1.45   
-0.20   -1.17   1.41   
-0.12   -1.17   1.39   
-0.04   -1.17   1.37   
0.04    -1.17   1.37   
0.12    -1.17   1.39   
0.20    -1.17   1.41   
0.28    -1.17   1.45   
0.36    -1.17   1.51   
0.44    -1.17   1.57   
0.53    -1.17   1.65   
0.61    -1.17   1.74   
0.69    -1.17   1.84   
0.77    -1.17   1.96   
0.85    -1.17   2.09   
0.93    -1.17   2.24   
1.01    -1.17   2.39   
1.09    -1.17   2.56   
1.17    -1.17   2.75   
1.25    -1.17   2.94   
1.33    -1.17   3.15   
1.41    -1.17   3.37   
1.49    -1.17   3.61   
1.58    -1.17   3.86   
1.66    -1.17   4.12   
1.74    -1.17   4.39   
1.82    -1.17   4.68   
1.90    -1.17   4.98   
1.98    -1.17   5.29   
2.06    -1.17   5.62   
2.14    -1.17   5.96   
2.22    -1.17   6.31   
2.30    -1.17   6.68   
2.38    -1.17   7.06   
2.46    -1.17   7.45   
2.55    -1.17   7.85   
2.63    -1.17   8.27   
2.71    -1.17   8.70   
2.79    -1.17   9.15   
2.87    -1.17   9.60   
2.95    -1.17   10.07  
3.03    -1.17   10.56  
3.11    -1.17   11.05  
3.19    -1.17   11.56  
3.27    -1.17   12.08  
3.35    -1.17   12.62  
3.43    -1.17   13.17  
3.52    -1.17   13.73  
3.60    -1.17   14.30  
3.68    -1.17   14.89  
3.76    -1.17   15.49  
3.84    -1.17   16.11  
3.92    -1.17   16.73  
4.00    -1.17   17.37  
-4.00   -1.09   17.19  
-3.92   -1.09   16.55  
-3.84   -1.09   15.92  
-3.76   -1.09   15.31  
-3.68   -1.09   14.71  
-3.60   -1.09   14.12  
-3.52   -1.09   13.55  
-3.43   -1.09   12.98  
-3.35   -1.09   12.44  
-3.27   -1.09   11.90  
-3.19   -1.09   11.38  
-3.11   -1.09   10.87  
-3.03   -1.09   10.37  
-2.95   -1.09   9.89   
-2.87   -1.09   9.42   
-2.79   -1.09   8.96   
-2.71   -1.09   8.52   
-2.63   -1.09   8.09   
-2.55   -1.09   7.67   
-2.46   -1.09   7.26   
-2.38   -1.09   6.87   
-2.30   -1.09   6.49   
-2.22   -1.09   6.13   
-2.14   -1.09   5.78   
-2.06   -1.09   5.44   
-1.98   -1.09   5.11   
-1.90   -1.09   4.80   
-1.82   -1.09   4.50   
-1.74   -1.09   4.21   
-1.66   -1.09   3.93   
-1.58   -1.09   3.67   
-1.49   -1.09   3.42   
-1.41   -1.09   3.19   
-1.33   -1.09   2.97   
-1.25   -1.09   2.76   
-1.17   -1.09   2.56   
-1.09   -1.09   2.38   
-1.01   -1.09   2.21   
-0.93   -1.09   2.05   
-0.85   -1.09   1.91   
-0.77   -1.09   1.78   
-0.69   -1.09   1.66   
-0.61   -1.09   1.56   
-0.53   -1.09   1.47   
-0.44   -1.09   1.39   
-0.36   -1.09   1.32   
-0.28   -1.09   1.27   
-0.20   -1.09   1.23   
-0.12   -1.09   1.20   
-0.04   -1.09   1.19   
0.04    -1.09   1.19   
0.12    -1.09   1.20   
0.20    -1.09   1.23   
0.28    -1.09   1.27   
0.36    -1.09   1.32   
0.44    -1.09   1.39   
0.53    -1.09   1.47   
0.61    -1.09   1.56   
0.69    -1.09   1.66   
0.77    -1.09   1.78   
0.85    -1.09   1.91   
0.93    -1.09   2.05   
1.01    -1.09   2.21   
1.09    -1.09   2.38   
1.17    -1.09   2.56   
1.25    -1.09   2.76   
1.33    -1.09   2.97   
1.41    -1.09   3.19   
1.49    -1.09   3.42   
1.58    -1.09   3.67   
1.66    -1.09   3.93   
1.74    -1.09   4.21   
1.82    -1.09   4.50   
1.90    -1.09   4.80   
1.98    -1.09   5.11   
2.06    -1.09   5.44   
2.14    -1.09   5.78   
2.22    -1.09   6.13   
2.30    -1.09   6.49   
2.38    -1.09   6.87   
2.46    -1.09   7.26   
2.55    -1.09   7.67   
2.63    -1.09   8.09   
2.71    -1.09   8.52   
2.79    -1.09   8.96   
2.87    -1.09   9.42   
2.95    -1.09   9.89   
3.03    -1.09   10.37  
3.11    -1.09   10.87  
3.19    -1.09   11.38  
3.27    -1.09   11.90  
3.35    -1.09   12.44  
3.43    -1.09   12.98  
3.52    -1.09   13.55  
3.60    -1.09   14.12  
3.68    -1.09   14.71  
3.76    -1.09   15.31  
3.84    -1.09   15.92  
3.92    -1.09   16.55  
4.00    -1.09   17.19  
-4.00   -1.01   17.02  
-3.92   -1.01   16.38  
-3.84   -1.01   15.75  
-3.76   -1.01   15.14  
-3.68   -1.01   14.54  
-3.60   -1.01   13.95  
-3.52   -1.01   13.38  
-3.43   -1.01   12.82  
-3.35   -1.01   12.27  
-3.27   -1.01   11.73  
-3.19   -1.01   11.21  
-3.11   -1.01   10.70  
-3.03   -1.01   10.20  
-2.95   -1.01   9.72   
-2.87   -1.01   9.25   
-2.79   -1.01   8.79   
-2.71   -1.01   8.35   
-2.63   -1.01   7.92   
-2.55   -1.01   7.50   
-2.46   -1.01   7.09   
-2.38   -1.01   6.70   
-2.30   -1.01   6.32   
-2.22   -1.01   5.96   
-2.14   -1.01   5.61   
-2.06   -1.01   5.27   
-1.98   -1.01   4.94   
-1.90   -1.01   4.63   
-1.82   -1.01   4.33   
-1.74   -1.01   4.04   
-1.66   -1.01   3.76   
-1.58   -1.01   3.50   
-1.49   -1.01   3.26   
-1.41   -1.01   3.02   
-1.33   -1.01   2.80   
-1.25   -1.01   2.59   
-1.17   -1.01   2.39   
-1.09   -1.01   2.21   
-1.01   -1.01   2.04   
-0.93   -1.01   1.88   
-0.85   -1.01   1.74   
-0.77   -1.01   1.61   
-0.69   -1.01   1.49   
-0.61   -1.01   1.39   
-0.53   -1.01   1.30   
-0.44   -1.01   1.22   
-0.36   -1.01   1.15   
-0.28   -1.01   1.10   
-0.20   -1.01   1.06   
-0.12   -1.01   1.03   
-0.04   -1.01   1.02   
0.04    -1.01   1.02   
0.12    -1.01   1.03   
0.20    -1.01   1.06   
0.28    -1.01   1.10   
0.36    -1.01   1.15   
0.44    -1.01   1.22   
0.53    -1.01   1.30   
0.61    -1.01   1.39   
0.69    -1.01   1.49   
0.77    -1.01   1.61   
0.85    -1.01   1.74   
0.93    -1.01   1.88   
1.01    -1.01   2.04   
1.09    -1.01   2.21   
1.17    -1.01   2.39   
1.25    -1.01   2.59   
1.33    -1.01   2.80   
1.41    -1.01   3.02   
1.49    -1.01   3.26   
1.58    -1.01   3.50   
1.66    -1.01   3.76   
1.74    -1.01   4.04   
1.82    -1.01   4.33   
1.90    -1.01   4.63   
1.98    -1.01   4.94   
2.06    -1.01   5.27   
2.14    -1.01   5.61   
2.22    -1.01   5.96   
2.30    -1.01   6.32   
2.38    -1.01   6.70   
2.46    -1.01   7.09   
2.55    -1.01   7.50   
2.63    -1.01   7.92   
2.71    -1.01   8.35   
2.79    -1.01   8.79   
2.87    -1.01   9.25   
2.95    -1.01   9.72   
3.03    -1.01   10.20  
3.11    -1.01   10.70  
3.19    -1.01   11.21  
3.27    -1.01   11.73  
3.35    -1.01   12.27  
3.43    -1.01   12.82  
3.52    -1.01   13.38  
3.60    -1.01   13.95  
3.68    -1.01   14.54  
3.76    -1.01   15.14  
3.84    -1.01   15.75  
3.92    -1.01   16.38  
4.00    -1.01   17.02  
-4.00   -0.93   16.86  
-3.92   -0.93   16.22  
-3.84   -0.93   15.60  
-3.76   -0.93   14.98  
-3.68   -0.93   14.38  
-3.60   -0.93   13.79  
-3.52   -0.93   13.22  
-3.43   -0.93   12.66  
-3.35   -0.93   12.11  
-3.27   -0.93   11.57  
-3.19   -0.93   11.05  
-3.11   -0.93   10.54  
-3.03   -0.93   10.05  
-2.95   -0.93   9.56   
-2.87   -0.93   9.09   
-2.79   -0.93   8.64   
-2.71   -0.93   8.19   
-2.63   -0.93   7.76   
-2.55   -0.93   7.34   
-2.46   -0.93   6.94   
-2.38   -0.93   6.55   
-2.30   -0.93   6.17   
-2.22   -0.93   5.80   
-2.14   -0.93   5.45   
-2.06   -0.93   5.11   
-1.98   -0.93   4.78   
-1.90   -0.93   4.47   
-1.82   -0.93   4.17   
-1.74   -0.93   3.88   
-1.66   -0.93   3.61   
-1.58   -0.93   3.35   
-1.49   -0.93   3.10   
-1.41   -0.93   2.86   
-1.33   -0.93   2.64   
-1.25   -0.93   2.43   
-1.17   -0.93   2.24   
-1.09   -0.93   2.05   
-1.01   -0.93   1.88   
-0.93   -0.93   1.73   
-0.85   -0.93   1.58   
-0.77   -0.93   1.45   
-0.69   -0.93   1.34   
-0.61   -0.93   1.23   
-0.53   -0.93   1.14   
-0.44   -0.93   1.06   
-0.36   -0.93   1.00   
-0.28   -0.93   0.94   
-0.20   -0.93   0.90   
-0.12   -0.93   0.88   
-0.04   -0.93   0.87   
0.04    -0.93   0.87   
0.12    -0.93   0.88   
0.20    -0.93   0.90   
0.28    -0.93   0.94   
0.36    -0.93   1.00   
0.44    -0.93   1.06   
0.53    -0.93   1.14   
0.61    -0.93   1.23   
0.69    -0.93   1.34   
0.77    -0.93   1.45   
0.85    -0.93   1.58   
0.93    -0.93   1.73   
1.01    -0.93   1.88   
1.09    -0.93   2.05   
1.17    -0.93   2.24   
1.25    -0.93   2.43   
1.33    -0.93   2.64   
1.41    -0.93   2.86   
1.49    -0.93   3.10   
1.58    -0.93   3.35   
1.66    -0.93   3.61   
1.74    -0.93   3.88   
1.82    -0.93   4.17   
1.90    -0.93   4.47   
1.98    -0.93   4.78   
2.06    -0.93   5.11   
2.14    -0.93   5.45   
2.22    -0.93   5.80   
2.30    -0.93   6.17   
2.38    -0.93   6.55   
2.46    -0.93   6.94   
2.55    -0.93   7.34   
2.63    -0.93   7.76   
2.71    -0.93   8.19   
2.79    -0.93   8.64   
2.87    -0.93   9.09   
2.95    -0.93   9.56   
3.03    -0.93   10.05  
3.11    -0.93   10.54  
3.19    -0.93   11.05  
3.27    -0.93   11.57  
3.35    -0.93   12.11  
3.43    -0.93   12.66  
3.52    -0.93   13.22  
3.60    -0.93   13.79  
3.68    -0.93   14.38  
3.76    -0.93   14.98  
3.84    -0.93   15.60  
3.92    -0.93   16.22  
4.00    -0.93   16.86  
-4.00   -0.85   16.72  
-3.92   -0.85   16.08  
-3.84   -0.85   15.45  
-3.76   -0.85   14.84  
-3.68   -0.85   14.24  
-3.60   -0.85   13.65  
-3.52   -0.85   13.08  
-3.43   -0.85   12.51  
-3.35   -0.85   11.97  
-3.27   -0.85   11.43  
-3.19   -0.85   10.91  
-3.11   -0.85   10.40  
-3.03   -0.85   9.90   
-2.95   -0.85   9.42   
-2.87   -0.85   8.95   
-2.79   -0.85   8.49   
-2.71   -0.85   8.05   
-2.63   -0.85   7.62   
-2.55   -0.85   7.20   
-2.46   -0.85   6.79   
-2.38   -0.85   6.40   
-2.30   -0.85   6.02   
-2.22   -0.85   5.66   
-2.14   -0.85   5.31   
-2.06   -0.85   4.97   
-1.98   -0.85   4.64   
-1.90   -0.85   4.33   
-1.82   -0.85   4.03   
-1.74   -0.85   3.74   
-1.66   -0.85   3.46   
-1.58   -0.85   3.20   
-1.49   -0.85   2.95   
-1.41   -0.85   2.72   
-1.33   -0.85   2.50   
-1.25   -0.85   2.29   
-1.17   -0.85   2.09   
-1.09   -0.85   1.91   
-1.01   -0.85   1.74   
-0.93   -0.85   1.58   
-0.85   -0.85   1.44   
-0.77   -0.85   1.31   
-0.69   -0.85   1.19   
-0.61   -0.85   1.09   
-0.53   -0.85   1.00   
-0.44   -0.85   0.92   
-0.36   -0.85   0.85   
-0.28   -0.85   0.80   
-0.20   -0.85   0.76   
-0.12   -0.85   0.73   
-0.04   -0.85   0.72   
0.04    -0.85   0.72   
0.12    -0.85   0.73   
0.20    -0.85   0.76   
0.28    -0.85   0.80   
0.36    -0.85   0.85   
0.44    -0.85   0.92   
0.53    -0.85   1.00   
0.61    -0.85   1.09   
0.69    -0.85   1.19   
0.77    -0.85   1.31   
0.85    -0.85   1.44   
0.93    -0.85   1.58   
1.01    -0.85   1.74   
1.09    -0.85   1.91   
1.17    -0.85   2.09   
1.25    -0.85   2.29   
1.33    -0.85   2.50   
1.41    -0.85   2.72   
1.49    -0.85   2.95   
1.58    -0.85   3.20   
1.66    -0.85   3.46   
1.74    -0.85   3.74   
1.82    -0.85   4.03   
1.90    -0.85   4.33   
1.98    -0.85   4.64   
2.06    -0.85   4.97   
2.14    -0.85   5.31   
2.22    -0.85   5.66   
2.30    -0.85   6.02   
2.38    -0.85   6.40   
2.46    -0.85   6.79   
2.55    -0.85   7.20   
2.63    -0.85   7.62   
2.71    -0.85   8.05   
2.79    -0.85   8.49   
2.87    -0.85   8.95   
2.95    -0.85   9.42   
3.03    -0.85   9.90   
3.11    -0.85   10.40  
3.19    -0.85   10.91  
3.27    -0.85   11.43  
3.35    -0.85   11.97  
3.43    -0.85   12.51  
3.52    -0.85   13.08  
3.60    -0.85   13.65  
3.68    -0.85   14.24  
3.76    -0.85   14.84  
3.84    -0.85   15.45  
3.92    -0.85   16.08  
4.00    -0.85   16.72  
-4.00   -0.77   16.59  
-3.92   -0.77   15.95  
-3.84   -0.77   15.32  
-3.76   -0.77   14.71  
-3.68   -0.77   14.11  
-3.60   -0.77   13.52  
-3.52   -0.77   12.95  
-3.43   -0.77   12.38  
-3.35   -0.77   11.84  
-3.27   -0.77   11.30  
-3.19   -0.77   10.78  
-3.11   -0.77   10.27  
-3.03   -0.77   9.77   
-2.95   -0.77   9.29   
-2.87   -0.77   8.82   
-2.79   -0.77   8.36   
-2.71   -0.77   7.92   
-2.63   -0.77   7.49   
-2.55   -0.77   7.07   
-2.46   -0.77   6.66   
-2.38   -0.77   6.27   
-2.30   -0.77   5.89   
-2.22   -0.77   5.53   
-2.14   -0.77   5.17   
-2.06   -0.77   4.84   
-1.98   -0.77   4.51   
-1.90   -0.77   4.20   
-1.82   -0.77   3.90   
-1.74   -0.77   3.61   
-1.66   -0.77   3.33   
-1.58   -0.77   3.07   
-1.49   -0.77   2.82   
-1.41   -0.77   2.59   
-1.33   -0.77   2.37   
-1.25   -0.77   2.16   
-1.17   -0.77   1.96   
-1.09   -0.77   1.78   
-1.01   -0.77   1.61   
-0.93   -0.77   1.45   
-0.85   -0.77   1.31   
-0.77   -0.77   1.18   
-0.69   -0.77   1.06   
-0.61   -0.77   0.96   
-0.53   -0.77   0.87   
-0.44   -0.77   0.79   
-0.36   -0.77   0.72   
-0.28   -0.77   0.67   
-0.20   -0.77   0.63   
-0.12   -0.77   0.60   
-0.04   -0.77   0.59   
0.04    -0.77   0.59   
0.12    -0.77   0.60   
0.20    -0.77   0.63   
0.28    -0.77   0.67   
0.36    -0.77   0.72   
0.44    -0.77   0.79   
0.53    -0.77   0.87   
0.61    -0.77   0.96   
0.69    -0.77   1.06   
0.77    -0.77   1.18   
0.85    -0.77   1.31   
0.93    -0.77   1.45   
1.01    -0.77   1.61   
1.09    -0.77   1.78   
1.17    -0.77   1.96   
1.25    -0.77   2.16   
1.33    -0.77   2.37   
1.41    -0.77   2.59   
1.49    -0.77   2.82   
1.58    -0.77   3.07   
1.66    -0.77   3.33   
1.74    -0.77   3.61   
1.82    -0.77   3.90   
1.90    -0.77   4.20   
1.98    -0.77   4.51   
2.06    -0.77   4.84   
2.14    -0.77   5.17   
2.22    -0.77   5.53   
2.30    -0.77   5.89   
2.38    -0.77   6.27   
2.46    -0.77   6.66   
2.55    -0.77   7.07   
2.63    -0.77   7.49   
2.71    -0.77   7.92   
2.79    -0.77   8.36   
2.87    -0.77   8.82   
2.95    -0.77   9.29   
3.03    -0.77   9.77   
3.11    -0.77   10.27  
3.19    -0.77   10.78  
3.27    -0.77   11.30  
3.35    -0.77   11.84  
3.43    -0.77   12.38  
3.52    -0.77   12.95  
3.60    -0.77   13.52  
3.68    -0.77   14.11  
3.76    -0.77   14.71  
3.84    -0.77   15.32  
3.92    -0.77   15.95  
4.00    -0.77   16.59  
-4.00   -0.69   16.47  
-3.92   -0.69   15.83  
-3.84   -0.69   15.20  
-3.76   -0.69   14.59  
-3.68   -0.69   13.99  
-3.60   -0.69   13.40  
-3.52   -0.69   12.83  
-3.43   -0.69   12.27  
-3.35   -0.69   11.72  
-3.27   -0.69   11.18  
-3.19   -0.69   10.66  
-3.11   -0.69   10.15  
-3.03   -0.69   9.65   
-2.95   -0.69   9.17   
-2.87   -0.69   8.70   
-2.79   -0.69   8.24   
-2.71   -0.69   7.80   
-2.63   -0.69   7.37   
-2.55   -0.69   6.95   
-2.46   -0.69   6.55   
-2.38   -0.69   6.15   
-2.30   -0.69   5.78   
-2.22   -0.69   5.41   
-2.14   -0.69   5.06   
-2.06   -0.69   4.72   
-1.98   -0.69   4.39   
-1.90   -0.69   4.08   
-1.82   -0.69   3.78   
-1.74   -0.69   3.49   
-1.66   -0.69   3.22   
-1.58   -0.69   2.95   
-1.49   -0.69   2.71   
-1.41   -0.69   2.47   
-1.33   -0.69   2.25   
-1.25   -0.69   2.04   
-1.17   -0.69   1.84   
-1.09   -0.69   1.66   
-1.01   -0.69   1.49   
-0.93   -0.69   1.34   
-0.85   -0.69   1.19   
-0.77   -0.69   1.06   
-0.69   -0.69   0.94   
-0.61   -0.69   0.84   
-0.53   -0.69   0.75   
-0.44   -0.69   0.67   
-0.36   -0.69   0.60   
-0.28   -0.69   0.55   
-0.20   -0.69   0.51   
-0.12   -0.69   0.49   
-0.04   -0.69   0.47   
0.04    -0.69   0.47   
0.12    -0.69   0.49   
0.20    -0.69   0.51   
0.28    -0.69   0.55   
0.36    -0.69   0.60   
0.44    -0.69   0.67   
0.53    -0.69   0.75   
0.61    -0.69   0.84   
0.69    -0.69   0.94   
0.77    -0.69   1.06   
0.85    -0.69   1.19   
0.93    -0.69   1.34   
1.01    -0.69   1.49   
1.09    -0.69   1.66   
1.17    -0.69   1.84   
1.25    -0.69   2.04   
1.33    -0.69   2.25   
1.41    -0.69   2.47   
1.49    -0.69   2.71   
1.58    -0.69   2.95   
1.66    -0.69   3.22   
1.74    -0.69   3.49   
1.82    -0.69   3.78   
1.90    -0.69   4.08   
1.98    -0.69   4.39   
2.06    -0.69   4.72   
2.14    -0.69   5.06   
2.22    -0.69   5.41   
2.30    -0.69   5.78   
2.38    -0.69   6.15   
2.46    -0.69   6.55   
2.55    -0.69   6.95   
2.63    -0.69   7.37   
2.71    -0.69   7.80   
2.79    -0.69   8.24   
2.87    -0.69   8.70   
2.95    -0.69   9.17   
3.03    -0.69   9.65   
3.11    -0.69   10.15  
3.19    -0.69   10.66  
3.27    -0.69   11.18  
3.35    -0.69   11.72  
3.43    -0.69   12.27  
3.52    -0.69   12.83  
3.60    -0.69   13.40  
3.68    -0.69   13.99  
3.76    -0.69   14.59  
3.84    -0.69   15.20  
3.92    -0.69   15.83  
4.00    -0.69   16.47  
-4.00   -0.61   16.37  
-3.92   -0.61   15.73  
-3.84   -0.61   15.10  
-3.76   -0.61   14.49  
-3.68   -0.61   13.89  
-3.60   -0.61   13.30  
-3.52   -0.61   12.72  
-3.43   -0.61   12.16  
-3.35   -0.61   11.61  
-3.27   -0.61   11.08  
-3.19   -0.61   10.56  
-3.11   -0.61   10.05  
-3.03   -0.61   9.55   
-2.95   -0.61   9.07   
-2.87   -0.61   8.60   
-2.79   -0.61   8.14   
-2.71   -0.61   7.70   
-2.63   -0.61   7.26   
-2.55   -0.61   6.85   
-2.46   -0.61   6.44   
-2.38   -0.61   6.05   
-2.30   -0.61   5.67   
-2.22   -0.61   5.31   
-2.14   -0.61   4.95   
-2.06   -0.61   4.61   
-1.98   -0.61   4.29   
-1.90   -0.61   3.97   
-1.82   -0.61   3.67   
-1.74   -0.61   3.39   
-1.66   -0.61   3.11   
-1.58   -0.61   2.85   
-1.49   -0.61   2.60   
-1.41   -0.61   2.37   
-1.33   -0.61   2.15   
-1.25   -0.61   1.94   
-1.17   -0.61   1.74   
-1.09   -0.61   1.56   
-1.01   -0.61   1.39   
-0.93   -0.61   1.23   
-0.85   -0.61   1.09   
-0.77   -0.61   0.96   
-0.69   -0.61   0.84   
-0.61   -0.61   0.73   
-0.53   -0.61   0.64   
-0.44   -0.61   0.56   
-0.36   -0.61   0.50   
-0.28   -0.61   0.45   
-0.20   -0.61   0.41   
-0.12   -0.61   0.38   
-0.04   -0.61   0.37   
0.04    -0.61   0.37   
0.12    -0.61   0.38   
0.20    -0.61   0.41   
0.28    -0.61   0.45   
0.36    -0.61   0.50   
0.44    -0.61   0.56   
0.53    -0.61   0.64   
0.61    -0.61   0.73   
0.69    -0.61   0.84   
0.77    -0.61   0.96   
0.85    -0.61   1.09   
0.93    -0.61   1.23   
1.01    -0.61   1.39   
1.09    -0.61   1.56   
1.17    -0.61   1.74   
1.25    -0.61   1.94   
1.33    -0.61   2.15   
1.41    -0.61   2.37   
1.49    -0.61   2.60   
1.58    -0.61   2.85   
1.66    -0.61   3.11   
1.74    -0.61   3.39   
1.82    -0.61   3.67   
1.90    -0.61   3.97   
1.98    -0.61   4.29   
2.06    -0.61   4.61   
2.14    -0.61   4.95   
2.22    -0.61   5.31   
2.30    -0.61   5.67   
2.38    -0.61   6.05   
2.46    -0.61   6.44   
2.55    -0.61   6.85   
2.63    -0.61   7.26   
2.71    -0.61   7.70   
2.79    -0.61   8.14   
2.87    -0.61   8.60   
2.95    -0.61   9.07   
3.03    -0.61   9.55   
3.11    -0.61   10.05  
3.19    -0.61   10.56  
3.27    -0.61   11.08  
3.35    -0.61   11.61  
3.43    -0.61   12.16  
3.52    -0.61   12.72  
3.60    -0.61   13.30  
3.68    -0.61   13.89  
3.76    -0.61   14.49  
3.84    -0.61   15.10  
3.92    -0.61   15.73  
4.00    -0.61   16.37  
-4.00   -0.53   16.28  
-3.92   -0.53   15.64  
-3.84   -0.53   15.01  
-3.76   -0.53   14.40  
-3.68   -0.53   13.79  
-3.60   -0.53   13.21  
-3.52   -0.53   12.63  
-3.43   -0.53   12.07  
-3.35   -0.53   11.52  
-3.27   -0.53   10.99  
-3.19   -0.53   10.46  
-3.11   -0.53   9.95   
-3.03   -0.53   9.46   
-2.95   -0.53   8.98   
-2.87   -0.53   8.51   
-2.79   -0.53   8.05   
-2.71   -0.53   7.60   
-2.63   -0.53   7.17   
-2.55   -0.53   6.76   
-2.46   -0.53   6.35   
-2.38   -0.53   5.96   
-2.30   -0.53   5.58   
-2.22   -0.53   5.21   
-2.14   -0.53   4.86   
-2.06   -0.53   4.52   
-1.98   -0.53   4.20   
-1.90   -0.53   3.88   
-1.82   -0.53   3.58   
-1.74   -0.53   3.29   
-1.66   -0.53   3.02   
-1.58   -0.53   2.76   
-1.49   -0.53   2.51   
-1.41   -0.53   2.28   
-1.33   -0.53   2.05   
-1.25   -0.53   1.84   
-1.17   -0.53   1.65   
-1.09   -0.53   1.47   
-1.01   -0.53   1.30   
-0.93   -0.53   1.14   
-0.85   -0.53   1.00   
-0.77   -0.53   0.87   
-0.69   -0.53   0.75   
-0.61   -0.53   0.64   
-0.53   -0.53   0.55   
-0.44   -0.53   0.47   
-0.36   -0.53   0.41   
-0.28   -0.53   0.36   
-0.20   -0.53   0.32   
-0.12   -0.53   0.29   
-0.04   -0.53   0.28   
0.04    -0.53   0.28   
0.12    -0.53   0.29   
0.20    -0.53   0.32   
0.28    -0.53   0.36   
0.36    -0.53   0.41   
0.44    -0.53   0.47   
0.53    -0.53   0.55   
0.61    -0.53   0.64   
0.69    -0.53   0.75   
0.77    -0.53   0.87   
0.85    -0.53   1.00   
0.93    -0.53   1.14   
1.01    -0.53   1.30   
1.09    -0.53   1.47   
1.17    -0.53   1.65   
1.25    -0.53   1.84   
1.33    -0.53   2.05   
1.41    -0.53   2.28   
1.49    -0.53   2.51   
1.58    -0.53   2.76   
1.66    -0.53   3.02   
1.74    -0.53   3.29   
1.82    -0.53   3.58   
1.90    -0.53   3.88   
1.98    -0.53   4.20   
2.06    -0.53   4.52   
2.14    -0.53   4.86   
2.22    -0.53   5.21   
2.30    -0.53   5.58   
2.38    -0.53   5.96   
2.46    -0.53   6.35   
2.55    -0.53   6.76   
2.63    -0.53   7.17   
2.71    -0.53   7.60   
2.79    -0.53   8.05   
2.87    -0.53   8.51   
2.95    -0.53   8.98   
3.03    -0.53   9.46   
3.11    -0.53   9.95   
3.19    -0.53   10.46  
3.27    -0.53   10.99  
3.35    -0.53   11.52  
3.43    -0.53   12.07  
3.52    -0.53   12.63  
3.60    -0.53   13.21  
3.68    -0.53   13.79  
3.76    -0.53   14.40  
3.84    -0.53   15.01  
3.92    -0.53   15.64  
4.00    -0.53   16.28  
-4.00   -0.44   16.20  
-3.92   -0.44   15.56  
-3.84   -0.44   14.93  
-3.76   -0.44   14.32  
-3.68   -0.44   13.72  
-3.60   -0.44   13.13  
-3.52   -0.44   12.55  
-3.43   -0.44   11.99  
-3.35   -0.44   11.44  
-3.27   -0.44   10.91  
-3.19   -0.44   10.39  
-3.11   -0.44   9.88   
-3.03   -0.44   9.38   
-2.95   -0.44   8.90   
-2.87   -0.44   8.43   
-2.79   -0.44   7.97   
-2.71   -0.44   7.53   
-2.63   -0.44   7.09   
-2.55   -0.44   6.68   
-2.46   -0.44   6.27   
-2.38   -0.44   5.88   
-2.30   -0.44   5.50   
-2.22   -0.44   5.14   
-2.14   -0.44   4.78   
-2.06   -0.44   4.44   
-1.98   -0.44   4.12   
-1.90   -0.44   3.80   
-1.82   -0.44   3.50   
-1.74   -0.44   3.22   
-1.66   -0.44   2.94   
-1.58   -0.44   2.68   
-1.49   -0.44   2.43   
-1.41   -0.44   2.20   
-1.33   -0.44   1.98   
-1.25   -0.44   1.77   
-1.17   -0.44   1.57   
-1.09   -0.44   1.39   
-1.01   -0.44   1.22   
-0.93   -0.44   1.06   
-0.85   -0.44   0.92   
-0.77   -0.44   0.79   
-0.69   -0.44   0.67   
-0.61   -0.44   0.56   
-0.53   -0.44   0.47   
-0.44   -0.44   0.40   
-0.36   -0.44   0.33   
-0.28   -0.44   0.28   
-0.20   -0.44   0.24   
-0.12   -0.44   0.21   
-0.04   -0.44   0.20   
0.04    -0.44   0.20   
0.12    -0.44   0.21   
0.20    -0.44   0.24   
0.28    -0.44   0.28   
0.36    -0.44   0.33   
0.44    -0.44   0.40   
0.53    -0.44   0.47   
0.61    -0.44   0.56   
0.69    -0.44   0.67   
0.77    -0.44   0.79   
0.85    -0.44   0.92   
0.93    -0.44   1.06   
1.01    -0.44   1.22   
1.09    -0.44   1.39   
1.17    -0.44   1.57   
1.25    -0.44   1.77   
1.33    -0.44   1.98   
1.41    -0.44   2.20   
1.49    -0.44   2.43   
1.58    -0.44   2.68   
1.66    -0.44   2.94   
1.74    -0.44   3.22   
1.82    -0.44   3.50   
1.90    -0.44   3.80   
1.98    -0.44   4.12   
2.06    -0.44   4.44   
2.14    -0.44   4.78   
2.22    -0.44   5.14   
2.30    -0.44   5.50   
2.38    -0.44   5.88   
2.46    -0.44   6.27   
2.55    -0.44   6.68   
2.63    -0.44   7.09   
2.71    -0.44   7.53   
2.79    -0.44   7.97   
2.87    -0.44   8.43   
2.95    -0.44   8.90   
3.03    -0.44   9.38   
3.11    -0.44   9.88   
3.19    -0.44   10.39  
3.27    -0.44   10.91  
3.35    -0.44   11.44  
3.43    -0.44   11.99  
3.52    -0.44   12.55  
3.60    -0.44   13.13  
3.68    -0.44   13.72  
3.76    -0.44   14.32  
3.84    -0.44   14.93  
3.92    -0.44   15.56  
4.00    -0.44   16.20  
-4.00   -0.36   16.13  
-3.92   -0.36   15.49  
-3.84   -0.36   14.87  
-3.76   -0.36   14.25  
-3.68   -0.36   13.65  
-3.60   -0.36   13.06  
-3.52   -0.36   12.49  
-3.43   -0.36   11.93  
-3.35   -0.36   11.38  
-3.27   -0.36   10.84  
-3.19   -0.36   10.32  
-3.11   -0.36   9.81   
-3.03   -0.36   9.31   
-2.95   -0.36   8.83   
-2.87   -0.36   8.36   
-2.79   -0.36   7.90   
-2.71   -0.36   7.46   
-2.63   -0.36   7.03   
-2.55   -0.36   6.61   
-2.46   -0.36   6.21   
-2.38   -0.36   5.81   
-2.30   -0.36   5.44   
-2.22   -0.36   5.07   
-2.14   -0.36   4.72   
-2.06   -0.36   4.38   
-1.98   -0.36   4.05   
-1.90   -0.36   3.74   
-1.82   -0.36   3.44   
-1.74   -0.36   3.15   
-1.66   -0.36   2.88   
-1.58   -0.36   2.62   
-1.49   -0.36   2.37   
-1.41   -0.36   2.13   
-1.33   -0.36   1.91   
-1.25   -0.36   1.70   
-1.17   -0.36   1.51   
-1.09   -0.36   1.32   
-1.01   -0.36   1.15   
-0.93   -0.36   1.00   
-0.85   -0.36   0.85   
-0.77   -0.36   0.72   
-0.69   -0.36   0.60   
-0.61   -0.36   0.50   
-0.53   -0.36   0.41   
-0.44   -0.36   0.33   
-0.36   -0.36   0.26   
-0.28   -0.36   0.21   
-0.20   -0.36   0.17   
-0.12   -0.36   0.15   
-0.04   -0.36   0.13   
0.04    -0.36   0.13   
0.12    -0.36   0.15   
0.20    -0.36   0.17   
0.28    -0.36   0.21   
0.36    -0.36   0.26   
0.44    -0.36   0.33   
0.53    -0.36   0.41   
0.61    -0.36   0.50   
0.69    -0.36   0.60   
0.77    -0.36   0.72   
0.85    -0.36   0.85   
0.93    -0.36   1.00   
1.01    -0.36   1.15   
1.09    -0.36   1.32   
1.17    -0.36   1.51   
1.25    -0.36   1.70   
1.33    -0.36   1.91   
1.41    -0.36   2.13   
1.49    -0.36   2.37   
1.58    -0.36   2.62   
1.66    -0.36   2.88   
1.74    -0.36   3.15   
1.82    -0.36   3.44   
1.90    -0.36   3.74   
1.98    -0.36   4.05   
2.06    -0.36   4.38   
2.14    -0.36   4.72   
2.22    -0.36   5.07   
2.30    -0.36   5.44   
2.38    -0.36   5.81   
2.46    -0.36   6.21   
2.55    -0.36   6.61   
2.63    -0.36   7.03   
2.71    -0.36   7.46   
2.79    -0.36   7.90   
2.87    -0.36   8.36   
2.95    -0.36   8.83   
3.03    -0.36   9.31   
3.11    -0.36   9.81   
3.19    -0.36   10.32  
3.27    -0.36   10.84  
3.35    -0.36   11.38  
3.43    -0.36   11.93  
3.52    -0.36   12.49  
3.60    -0.36   13.06  
3.68    -0.36   13.65  
3.76    -0.36   14.25  
3.84    -0.36   14.87  
3.92    -0.36   15.49  
4.00    -0.36   16.13  
-4.00   -0.28   16.08  
-3.92   -0.28   15.44  
-3.84   -0.28   14.81  
-3.76   -0.28   14.20  
-3.68   -0.28   13.60  
-3.60   -0.28   13.01  
-3.52   -0.28   12.44  
-3.43   -0.28   11.87  
-3.35   -0.28   11.33  
-3.27   -0.28   10.79  
-3.19   -0.28   10.27  
-3.11   -0.28   9.76   
-3.03   -0.28   9.26   
-2.95   -0.28   8.78   
-2.87   -0.28   8.31   
-2.79   -0.28   7.85   
-2.71   -0.28   7.41   
-2.63   -0.28   6.98   
-2.55   -0.28   6.56   
-2.46   -0.28   6.15   
-2.38   -0.28   5.76   
-2.30   -0.28   5.38   
-2.22   -0.28   5.02   
-2.14   -0.28   4.67   
-2.06   -0.28   4.33   
-1.98   -0.28   4.00   
-1.90   -0.28   3.69   
-1.82   -0.28   3.39   
-1.74   -0.28   3.10   
-1.66   -0.28   2.82   
-1.58   -0.28   2.56   
-1.49   -0.28   2.31   
-1.41   -0.28   2.08   
-1.33   -0.28   1.86   
-1.25   -0.28   1.65   
-1.17   -0.28   1.45   
-1.09   -0.28   1.27   
-1.01   -0.28   1.10   
-0.93   -0.28   0.94   
-0.85   -0.28   0.80   
-0.77   -0.28   0.67   
-0.69   -0.28   0.55   
-0.61   -0.28   0.45   
-0.53   -0.28   0.36   
-0.44   -0.28   0.28   
-0.36   -0.28   0.21   
-0.28   -0.28   0.16   
-0.20   -0.28   0.12   
-0.12   -0.28   0.09   
-0.04   -0.28   0.08   
0.04    -0.28   0.08   
0.12    -0.28   0.09   
0.20    -0.28   0.12   
0.28    -0.28   0.16   
0.36    -0.28   0.21   
0.44    -0.28   0.28   
0.53    -0.28   0.36   
0.61    -0.28   0.45   
0.69    -0.28   0.55   
0.77    -0.28   0.67   
0.85    -0.28   0.80   
0.93    -0.28   0.94   
1.01    -0.28   1.10   
1.09    -0.28   1.27   
1.17    -0.28   1.45   
1.25    -0.28   1.65   
1.33    -0.28   1.86   
1.41    -0.28   2.08   
1.49    -0.28   2.31   
1.58    -0.28   2.56   
1.66    -0.28   2.82   
1.74    -0.28   3.10   
1.82    -0.28   3.39   
1.90    -0.28   3.69   
1.98    -0.28   4.00   
2.06    -0.28   4.33   
2.14    -0.28   4.67   
2.22    -0.28   5.02   
2.30    -0.28   5.38   
2.38    -0.28   5.76   
2.46    -0.28   6.15   
2.55    -0.28   6.56   
2.63    -0.28   6.98   
2.71    -0.28   7.41   
2.79    -0.28   7.85   
2.87    -0.28   8.31   
2.95    -0.28   8.78   
3.03    -0.28   9.26   
3.11    -0.28   9.76   
3.19    -0.28   10.27  
3.27    -0.28   10.79  
3.35    -0.28   11.33  
3.43    -0.28   11.87  
3.52    -0.28   12.44  
3.60    -0.28   13.01  
3.68    -0.28   13.60  
3.76    -0.28   14.20  
3.84    -0.28   14.81  
3.92    -0.28   15.44  
4.00    -0.28   16.08  
-4.00   -0.20   16.04  
-3.92   -0.20   15.40  
-3.84   -0.20   14.77  
-3.76   -0.20   14.16  
-3.68   -0.20   13.56  
-3.60   -0.20   12.97  
-3.52   -0.20   12.40  
-3.43   -0.20   11.84  
-3.35   -0.20   11.29  
-3.27   -0.20   10.75  
-3.19   -0.20   10.23  
-3.11   -0.20   9.72   
-3.03   -0.20   9.22   
-2.95   -0.20   8.74   
-2.87   -0.20   8.27   
-2.79   -0.20   7.81   
-2.71   -0.20   7.37   
-2.63   -0.20   6.94   
-2.55   -0.20   6.52   
-2.46   -0.20   6.12   
-2.38   -0.20   5.72   
-2.30   -0.20   5.34   
-2.22   -0.20   4.98   
-2.14   -0.20   4.63   
-2.06   -0.20   4.29   
-1.98   -0.20   3.96   
-1.90   -0.20   3.65   
-1.82   -0.20   3.35   
-1.74   -0.20   3.06   
-1.66   -0.20   2.79   
-1.58   -0.20   2.52   
-1.49   -0.20   2.28   
-1.41   -0.20   2.04   
-1.33   -0.20   1.82   
-1.25   -0.20   1.61   
-1.17   -0.20   1.41   
-1.09   -0.20   1.23   
-1.01   -0.20   1.06   
-0.93   -0.20   0.90   
-0.85   -0.20   0.76   
-0.77   -0.20   0.63   
-0.69   -0.20   0.51   
-0.61   -0.20   0.41   
-0.53   -0.20   0.32   
-0.44   -0.20   0.24   
-0.36   -0.20   0.17   
-0.28   -0.20   0.12   
-0.20   -0.20   0.08   
-0.12   -0.20   0.06   
-0.04   -0.20   0.04   
0.04    -0.20   0.04   
0.12    -0.20   0.06   
0.20    -0.20   0.08   
0.28    -0.20   0.12   
0.36    -0.20   0.17   
0.44    -0.20   0.24   
0.53    -0.20   0.32   
0.61    -0.20   0.41   
0.69    -0.20   0.51   
0.77    -0.20   0.63   
0.85    -0.20   0.76   
0.93    -0.20   0.90   
1.01    -0.20   1.06   
1.09    -0.20   1.23   
1.17    -0.20   1.41   
1.25    -0.20   1.61   
1.33    -0.20   1.82   
1.41    -0.20   2.04   
1.49    -0.20   2.28   
1.58    -0.20   2.52   
1.66    -0.20   2.79   
1.74    -0.20   3.06   
1.82    -0.20   3.35   
1.90    -0.20   3.65   
1.98    -0.20   3.96   
2.06    -0.20   4.29   
2.14    -0.20   4.63   
2.22    -0.20   4.98   
2.30    -0.20   5.34   
2.38    -0.20   5.72   
2.46    -0.20   6.12   
2.55    -0.20   6.52   
2.63    -0.20   6.94   
2.71    -0.20   7.37   
2.79    -0.20   7.81   
2.87    -0.20   8.27   
2.95    -0.20   8.74   
3.03    -0.20   9.22   
3.11    -0.20   9.72   
3.19    -0.20   10.23  
3.27    -0.20   10.75  
3.35    -0.20   11.29  
3.43    -0.20   11.84  
3.52    -0.20   12.40  
3.60    -0.20   12.97  
3.68    -0.20   13.56  
3.76    -0.20   14.16  
3.84    -0.20   14.77  
3.92    -0.20   15.40  
4.00    -0.20   16.04  
-4.00   -0.12   16.01  
-3.92   -0.12   15.37  
-3.84   -0.12   14.75  
-3.76   -0.12   14.13  
-3.68   -0.12   13.53  
-3.60   -0.12   12.95  
-3.52   -0.12   12.37  
-3.43   -0.12   11.81  
-3.35   -0.12   11.26  
-3.27   -0.12   10.73  
-3.19   -0.12   10.20  
-3.11   -0.12   9.69   
-3.03   -0.12   9.20   
-2.95   -0.12   8.71   
-2.87   -0.12   8.24   
-2.79   -0.12   7.79   
-2.71   -0.12   7.34   
-2.63   -0.12   6.91   
-2.55   -0.12   6.49   
-2.46   -0.12   6.09   
-2.38   -0.12   5.70   
-2.30   -0.12   5.32   
-2.22   -0.12   4.95   
-2.14   -0.12   4.60   
-2.06   -0.12   4.26   
-1.98   -0.12   3.93   
-1.90   -0.12   3.62   
-1.82   -0.12   3.32   
-1.74   -0.12   3.03   
-1.66   -0.12   2.76   
-1.58   -0.12   2.50   
-1.49   -0.12   2.25   
-1.41   -0.12   2.01   
-1.33   -0.12   1.79   
-1.25   -0.12   1.58   
-1.17   -0.12   1.39   
-1.09   -0.12   1.20   
-1.01   -0.12   1.03   
-0.93   -0.12   0.88   
-0.85   -0.12   0.73   
-0.77   -0.12   0.60   
-0.69   -0.12   0.49   
-0.61   -0.12   0.38   
-0.53   -0.12   0.29   
-0.44   -0.12   0.21   
-0.36   -0.12   0.15   
-0.28   -0.12   0.09   
-0.20   -0.12   0.06   
-0.12   -0.12   0.03   
-0.04   -0.12   0.02   
0.04    -0.12   0.02   
0.12    -0.12   0.03   
0.20    -0.12   0.06   
0.28    -0.12   0.09   
0.36    -0.12   0.15   
0.44    -0.12   0.21   
0.53    -0.12   0.29   
0.61    -0.12   0.38   
0.69    -0.12   0.49   
0.77    -0.12   0.60   
0.85    -0.12   0.73   
0.93    -0.12   0.88   
1.01    -0.12   1.03   
1.09    -0.12   1.20   
1.17    -0.12   1.39   
1.25    -0.12   1.58   
1.33    -0.12   1.79   
1.41    -0.12   2.01   
1.49    -0.12   2.25   
1.58    -0.12   2.50   
1.66    -0.12   2.76   
1.74    -0.12   3.03   
1.82    -0.12   3.32   
1.90    -0.12   3.62   
1.98    -0.12   3.93   
2.06    -0.12   4.26   
2.14    -0.12   4.60   
2.22    -0.12   4.95   
2.30    -0.12   5.32   
2.38    -0.12   5.70   
2.46    -0.12   6.09   
2.55    -0.12   6.49   
2.63    -0.12   6.91   
2.71    -0.12   7.34   
2.79    -0.12   7.79   
2.87    -0.12   8.24   
2.95    -0.12   8.71   
3.03    -0.12   9.20   
3.11    -0.12   9.69   
3.19    -0.12   10.20  
3.27    -0.12   10.73  
3.35    -0.12   11.26  
3.43    -0.12   11.81  
3.52    -0.12   12.37  
3.60    -0.12   12.95  
3.68    -0.12   13.53  
3.76    -0.12   14.13  
3.84    -0.12   14.75  
3.92    -0.12   15.37  
4.00    -0.12   16.01  
-4.00   -0.04   16.00  
-3.92   -0.04   15.36  
-3.84   -0.04   14.73  
-3.76   -0.04   14.12  
-3.68   -0.04   13.52  
-3.60   -0.04   12.93  
-3.52   -0.04   12.36  
-3.43   -0.04   11.80  
-3.35   -0.04   11.25  
-3.27   -0.04   10.71  
-3.19   -0.04   10.19  
-3.11   -0.04   9.68   
-3.03   -0.04   9.18   
-2.95   -0.04   8.70   
-2.87   -0.04   8.23   
-2.79   -0.04   7.77   
-2.71   -0.04   7.33   
-2.63   -0.04   6.90   
-2.55   -0.04   6.48   
-2.46   -0.04   6.08   
-2.38   -0.04   5.68   
-2.30   -0.04   5.31   
-2.22   -0.04   4.94   
-2.14   -0.04   4.59   
-2.06   -0.04   4.25   
-1.98   -0.04   3.92   
-1.90   -0.04   3.61   
-1.82   -0.04   3.31   
-1.74   -0.04   3.02   
-1.66   -0.04   2.75   
-1.58   -0.04   2.48   
-1.49   -0.04   2.24   
-1.41   -0.04   2.00   
-1.33   -0.04   1.78   
-1.25   -0.04   1.57   
-1.17   -0.04   1.37   
-1.09   -0.04   1.19   
-1.01   -0.04   1.02   
-0.93   -0.04   0.87   
-0.85   -0.04   0.72   
-0.77   -0.04   0.59   
-0.69   -0.04   0.47   
-0.61   -0.04   0.37   
-0.53   -0.04   0.28   
-0.44   -0.04   0.20   
-0.36   -0.04   0.13   
-0.28   -0.04   0.08   
-0.20   -0.04   0.04   
-0.12   -0.04   0.02   
-0.04   -0.04   0.00   
0.04    -0.04   0.00   
0.12    -0.04   0.02   
0.20    -0.04   0.04   
0.28    -0.04   0.08   
0.36    -0.04   0.13   
0.44    -0.04   0.20   
0.53    -0.04   0.28   
0.61    -0.04   0.37   
0.69    -0.04   0.47   
0.77    -0.04   0.59   
0.85    -0.04   0.72   
0.93    -0.04   0.87   
1.01    -0.04   1.02   
1.09    -0.04   1.19   
1.17    -0.04   1.37   
1.25    -0.04   1.57   
1.33    -0.04   1.78   
1.41    -0.04   2.00   
1.49    -0.04   2.24   
1.58    -0.04   2.48   
1.66    -0.04   2.75   
1.74    -0.04   3.02   
1.82    -0.04   3.31   
1.90    -0.04   3.61   
1.98    -0.04   3.92   
2.06    -0.04   4.25   
2.14    -0.04   4.59   
2.22    -0.04   4.94   
2.30    -0.04   5.31   
2.38    -0.04   5.68   
2.46    -0.04   6.08   
2.55    -0.04   6.48   
2.63    -0.04   6.90   
2.71    -0.04   7.33   
2.79    -0.04   7.77   
2.87    -0.04   8.23   
2.95    -0.04   8.70   
3.03    -0.04   9.18   
3.11    -0.04   9.68   
3.19    -0.04   10.19  
3.27    -0.04   10.71  
3.35    -0.04   11.25  
3.43    -0.04   11.80  
3.52    -0.04   12.36  
3.60    -0.04   12.93  
3.68    -0.04   13.52  
3.76    -0.04   14.12  
3.84    -0.04   14.73  
3.92    -0.04   15.36  
4.00    -0.04   16.00  
-4.00   0.04    16.00  
-3.92   0.04    15.36  
-3.84   0.04    14.73  
-3.76   0.04    14.12  
-3.68   0.04    13.52  
-3.60   0.04    12.93  
-3.52   0.04    12.36  
-3.43   0.04    11.80  
-3.35   0.04    11.25  
-3.27   0.04    10.71  
-3.19   0.04    10.19  
-3.11   0.04    9.68   
-3.03   0.04    9.18   
-2.95   0.04    8.70   
-2.87   0.04    8.23   
-2.79   0.04    7.77   
-2.71   0.04    7.33   
-2.63   0.04    6.90   
-2.55   0.04    6.48   
-2.46   0.04    6.08   
-2.38   0.04    5.68   
-2.30   0.04    5.31   
-2.22   0.04    4.94   
-2.14   0.04    4.59   
-2.06   0.04    4.25   
-1.98   0.04    3.92   
-1.90   0.04    3.61   
-1.82   0.04    3.31   
-1.74   0.04    3.02   
-1.66   0.04    2.75   
-1.58   0.04    2.48   
-1.49   0.04    2.24   
-1.41   0.04    2.00   
-1.33   0.04    1.78   
-1.25   0.04    1.57   
-1.17   0.04    1.37   
-1.09   0.04    1.19   
-1.01   0.04    1.02   
-0.93   0.04    0.87   
-0.85   0.04    0.72   
-0.77   0.04    0.59   
-0.69   0.04    0.47   
-0.61   0.04    0.37   
-0.53   0.04    0.28   
-0.44   0.04    0.20   
-0.36   0.04    0.13   
-0.28   0.04    0.08   
-0.20   0.04    0.04   
-0.12   0.04    0.02   
-0.04   0.04    0.00   
0.04    0.04    0.00   
0.12    0.04    0.02   
0.20    0.04    0.04   
0.28    0.04    0.08   
0.36    0.04    0.13   
0.44    0.04    0.20   
0.53    0.04    0.28   
0.61    0.04    0.37   
0.69    0.04    0.47   
0.77    0.04    0.59   
0.85    0.04    0.72   
0.93    0.04    0.87   
1.01    0.04    1.02   
1.09    0.04    1.19   
1.17    0.04    1.37   
1.25    0.04    1.57   
1.33    0.04    1.78   
1.41    0.04    2.00   
1.49    0.04    2.24   
1.58    0.04    2.48   
1.66    0.04    2.75   
1.74    0.04    3.02   
1.82    0.04    3.31   
1.90    0.04    3.61   
1.98    0.04    3.92   
2.06    0.04    4.25   
2.14    0.04    4.59   
2.22    0.04    4.94   
2.30    0.04    5.31   
2.38    0.04    5.68   
2.46    0.04    6.08   
2.55    0.04    6.48   
2.63    0.04    6.90   
2.71    0.04    7.33   
2.79    0.04    7.77   
2.87    0.04    8.23   
2.95    0.04    8.70   
3.03    0.04    9.18   
3.11    0.04    9.68   
3.19    0.04    10.19  
3.27    0.04    10.71  
3.35    0.04    11.25  
3.43    0.04    11.80  
3.52    0.04    12.36  
3.60    0.04    12.93  
3.68    0.04    13.52  
3.76    0.04    14.12  
3.84    0.04    14.73  
3.92    0.04    15.36  
4.00    0.04    16.00  
-4.00   0.12    16.01  
-3.92   0.12    15.37  
-3.84   0.12    14.75  
-3.76   0.12    14.13  
-3.68   0.12    13.53  
-3.60   0.12    12.95  
-3.52   0.12    12.37  
-3.43   0.12    11.81  
-3.35   0.12    11.26  
-3.27   0.12    10.73  
-3.19   0.12    10.20  
-3.11   0.12    9.69   
-3.03   0.12    9.20   
-2.95   0.12    8.71   
-2.87   0.12    8.24   
-2.79   0.12    7.79   
-2.71   0.12    7.34   
-2.63   0.12    6.91   
-2.55   0.12    6.49   
-2.46   0.12    6.09   
-2.38   0.12    5.70   
-2.30   0.12    5.32   
-2.22   0.12    4.95   
-2.14   0.12    4.60   
-2.06   0.12    4.26   
-1.98   0.12    3.93   
-1.90   0.12    3.62   
-1.82   0.12    3.32   
-1.74   0.12    3.03   
-1.66   0.12    2.76   
-1.58   0.12    2.50   
-1.49   0.12    2.25   
-1.41   0.12    2.01   
-1.33   0.12    1.79   
-1.25   0.12    1.58   
-1.17   0.12    1.39   
-1.09   0.12    1.20   
-1.01   0.12    1.03   
-0.93   0.12    0.88   
-0.85   0.12    0.73   
-0.77   0.12    0.60   
-0.69   0.12    0.49   
-0.61   0.12    0.38   
-0.53   0.12    0.29   
-0.44   0.12    0.21   
-0.36   0.12    0.15   
-0.28   0.12    0.09   
-0.20   0.12    0.06   
-0.12   0.12    0.03   
-0.04   0.12    0.02   
0.04    0.12    0.02   
0.12    0.12    0.03   
0.20    0.12    0.06   
0.28    0.12    0.09   
0.36    0.12    0.15   
0.44    0.12    0.21   
0.53    0.12    0.29   
0.61    0.12    0.38   
0.69    0.12    0.49   
0.77    0.12    0.60   
0.85    0.12    0.73   
0.93    0.12    0.88   
1.01    0.12    1.03   
1.09    0.12    1.20   
1.17    0.12    1.39   
1.25    0.12    1.58   
1.33    0.12    1.79   
1.41    0.12    2.01   
1.49    0.12    2.25   
1.58    0.12    2.50   
1.66    0.12    2.76   
1.74    0.12    3.03   
1.82    0.12    3.32   
1.90    0.12    3.62   
1.98    0.12    3.93   
2.06    0.12    4.26   
2.14    0.12    4.60   
2.22    0.12    4.95   
2.30    0.12    5.32   
2.38    0.12    5.70   
2.46    0.12    6.09   
2.55    0.12    6.49   
2.63    0.12    6.91   
2.71    0.12    7.34   
2.79    0.12    7.79   
2.87    0.12    8.24   
2.95    0.12    8.71   
3.03    0.12    9.20   
3.11    0.12    9.69   
3.19    0.12    10.20  
3.27    0.12    10.73  
3.35    0.12    11.26  
3.43    0.12    11.81  
3.52    0.12    12.37  
3.60    0.12    12.95  
3.68    0.12    13.53  
3.76    0.12    14.13  
3.84    0.12    14.75  
3.92    0.12    15.37  
4.00    0.12    16.01  
-4.00   0.20    16.04  
-3.92   0.20    15.40  
-3.84   0.20    14.77  
-3.76   0.20    14.16  
-3.68   0.20    13.56  
-3.60   0.20    12.97  
-3.52   0.20    12.40  
-3.43   0.20    11.84  
-3.35   0.20    11.29  
-3.27   0.20    10.75  
-3.19   0.20    10.23  
-3.11   0.20    9.72   
-3.03   0.20    9.22   
-2.95   0.20    8.74   
-2.87   0.20    8.27   
-2.79   0.20    7.81   
-2.71   0.20    7.37   
-2.63   0.20    6.94   
-2.55   0.20    6.52   
-2.46   0.20    6.12   
-2.38   0.20    5.72   
-2.30   0.20    5.34   
-2.22   0.20    4.98   
-2.14   0.20    4.63   
-2.06   0.20    4.29   
-1.98   0.20    3.96   
-1.90   0.20    3.65   
-1.82   0.20    3.35   
-1.74   0.20    3.06   
-1.66   0.20    2.79   
-1.58   0.20    2.52   
-1.49   0.20    2.28   
-1.41   0.20    2.04   
-1.33   0.20    1.82   
-1.25   0.20    1.61   
-1.17   0.20    1.41   
-1.09   0.20    1.23   
-1.01   0.20    1.06   
-0.93   0.20    0.90   
-0.85   0.20    0.76   
-0.77   0.20    0.63   
-0.69   0.20    0.51   
-0.61   0.20    0.41   
-0.53   0.20    0.32   
-0.44   0.20    0.24   
-0.36   0.20    0.17   
-0.28   0.20    0.12   
-0.20   0.20    0.08   
-0.12   0.20    0.06   
-0.04   0.20    0.04   
0.04    0.20    0.04   
0.12    0.20    0.06   
0.20    0.20    0.08   
0.28    0.20    0.12   
0.36    0.20    0.17   
0.44    0.20    0.24   
0.53    0.20    0.32   
0.61    0.20    0.41   
0.69    0.20    0.51   
0.77    0.20    0.63   
0.85    0.20    0.76   
0.93    0.20    0.90   
1.01    0.20    1.06   
1.09    0.20    1.23   
1.17    0.20    1.41   
1.25    0.20    1.61   
1.33    0.20    1.82   
1.41    0.20    2.04   
1.49    0.20    2.28   
1.58    0.20    2.52   
1.66    0.20    2.79   
1.74    0.20    3.06   
1.82    0.20    3.35   
1.90    0.20    3.65   
1.98    0.20    3.96   
2.06    0.20    4.29   
2.14    0.20    4.63   
2.22    0.20    4.98   
2.30    0.20    5.34   
2.38    0.20    5.72   
2.46    0.20    6.12   
2.55    0.20    6.52   
2.63    0.20    6.94   
2.71    0.20    7.37   
2.79    0.20    7.81   
2.87    0.20    8.27   
2.95    0.20    8.74   
3.03    0.20    9.22   
3.11    0.20    9.72   
3.19    0.20    10.23  
3.27    0.20    10.75  
3.35    0.20    11.29  
3.43    0.20    11.84  
3.52    0.20    12.40  
3.60    0.20    12.97  
3.68    0.20    13.56  
3.76    0.20    14.16  
3.84    0.20    14.77  
3.92    0.20    15.40  
4.00    0.20    16.04  
-4.00   0.28    16.08  
-3.92   0.28    15.44  
-3.84   0.28    14.81  
-3.76   0.28    14.20  
-3.68   0.28    13.60  
-3.60   0.28    13.01  
-3.52   0.28    12.44  
-3.43   0.28    11.87  
-3.35   0.28    11.33  
-3.27   0.28    10.79  
-3.19   0.28    10.27  
-3.11   0.28    9.76   
-3.03   0.28    9.26   
-2.95   0.28    8.78   
-2.87   0.28    8.31   
-2.79   0.28    7.85   
-2.71   0.28    7.41   
-2.63   0.28    6.98   
-2.55   0.28    6.56   
-2.46   0.28    6.15   
-2.38   0.28    5.76   
-2.30   0.28    5.38   
-2.22   0.28    5.02   
-2.14   0.28    4.67   
-2.06   0.28    4.33   
-1.98   0.28    4.00   
-1.90   0.28    3.69   
-1.82   0.28    3.39   
-1.74   0.28    3.10   
-1.66   0.28    2.82   
-1.58   0.28    2.56   
-1.49   0.28    2.31   
-1.41   0.28    2.08   
-1.33   0.28    1.86   
-1.25   0.28    1.65   
-1.17   0.28    1.45   
-1.09   0.28    1.27   
-1.01   0.28    1.10   
-0.93   0.28    0.94   
-0.85   0.28    0.80   
-0.77   0.28    0.67   
-0.69   0.28    0.55   
-0.61   0.28    0.45   
-0.53   0.28    0.36   
-0.44   0.28    0.28   
-0.36   0.28    0.21   
-0.28   0.28    0.16   
-0.20   0.28    0.12   
-0.12   0.28    0.09   
-0.04   0.28    0.08   
0.04    0.28    0.08   
0.12    0.28    0.09   
0.20    0.28    0.12   
0.28    0.28    0.16   
0.36    0.28    0.21   
0.44    0.28    0.28   
0.53    0.28    0.36   
0.61    0.28    0.45   
0.69    0.28    0.55   
0.77    0.28    0.67   
0.85    0.28    0.80   
0.93    0.28    0.94   
1.01    0.28    1.10   
1.09    0.28    1.27   
1.17    0.28    1.45   
1.25    0.28    1.65   
1.33    0.28    1.86   
1.41    0.28    2.08   
1.49    0.28    2.31   
1.58    0.28    2.56   
1.66    0.28    2.82   
1.74    0.28    3.10   
1.82    0.28    3.39   
1.90    0.28    3.69   
1.98    0.28    4.00   
2.06    0.28    4.33   
2.14    0.28    4.67   
2.22    0.28    5.02   
2.30    0.28    5.38   
2.38    0.28    5.76   
2.46    0.28    6.15   
2.55    0.28    6.56   
2.63    0.28    6.98   
2.71    0.28    7.41   
2.79    0.28    7.85   
2.87    0.28    8.31   
2.95    0.28    8.78   
3.03    0.28    9.26   
3.11    0.28    9.76   
3.19    0.28    10.27  
3.27    0.28    10.79  
3.35    0.28    11.33  
3.43    0.28    11.87  
3.52    0.28    12.44  
3.60    0.28    13.01  
3.68    0.28    13.60  
3.76    0.28    14.20  
3.84    0.28    14.81  
3.92    0.28    15.44  
4.00    0.28    16.08  
-4.00   0.36    16.13  
-3.92   0.36    15.49  
-3.84   0.36    14.87  
-3.76   0.36    14.25  
-3.68   0.36    13.65  
-3.60   0.36    13.06  
-3.52   0.36    12.49  
-3.43   0.36    11.93  
-3.35   0.36    11.38  
-3.27   0.36    10.84  
-3.19   0.36    10.32  
-3.11   0.36    9.81   
-3.03   0.36    9.31   
-2.95   0.36    8.83   
-2.87   0.36    8.36   
-2.79   0.36    7.90   
-2.71   0.36    7.46   
-2.63   0.36    7.03   
-2.55   0.36    6.61   
-2.46   0.36    6.21   
-2.38   0.36    5.81   
-2.30   0.36    5.44   
-2.22   0.36    5.07   
-2.14   0.36    4.72   
-2.06   0.36    4.38   
-1.98   0.36    4.05   
-1.90   0.36    3.74   
-1.82   0.36    3.44   
-1.74   0.36    3.15   
-1.66   0.36    2.88   
-1.58   0.36    2.62   
-1.49   0.36    2.37   
-1.41   0.36    2.13   
-1.33   0.36    1.91   
-1.25   0.36    1.70   
-1.17   0.36    1.51   
-1.09   0.36    1.32   
-1.01   0.36    1.15   
-0.93   0.36    1.00   
-0.85   0.36    0.85   
-0.77   0.36    0.72   
-0.69   0.36    0.60   
-0.61   0.36    0.50   
-0.53   0.36    0.41   
-0.44   0.36    0.33   
-0.36   0.36    0.26   
-0.28   0.36    0.21   
-0.20   0.36    0.17   
-0.12   0.36    0.15   
-0.04   0.36    0.13   
0.04    0.36    0.13   
0.12    0.36    0.15   
0.20    0.36    0.17   
0.28    0.36    0.21   
0.36    0.36    0.26   
0.44    0.36    0.33   
0.53    0.36    0.41   
0.61    0.36    0.50   
0.69    0.36    0.60   
0.77    0.36    0.72   
0.85    0.36    0.85   
0.93    0.36    1.00   
1.01    0.36    1.15   
1.09    0.36    1.32   
1.17    0.36    1.51   
1.25    0.36    1.70   
1.33    0.36    1.91   
1.41    0.36    2.13   
1.49    0.36    2.37   
1.58    0.36    2.62   
1.66    0.36    2.88   
1.74    0.36    3.15   
1.82    0.36    3.44   
1.90    0.36    3.74   
1.98    0.36    4.05   
2.06    0.36    4.38   
2.14    0.36    4.72   
2.22    0.36    5.07   
2.30    0.36    5.44   
2.38    0.36    5.81   
2.46    0.36    6.21   
2.55    0.36    6.61   
2.63    0.36    7.03   
2.71    0.36    7.46   
2.79    0.36    7.90   
2.87    0.36    8.36   
2.95    0.36    8.83   
3.03    0.36    9.31   
3.11    0.36    9.81   
3.19    0.36    10.32  
3.27    0.36    10.84  
3.35    0.36    11.38  
3.43    0.36    11.93  
3.52    0.36    12.49  
3.60    0.36    13.06  
3.68    0.36    13.65  
3.76    0.36    14.25  
3.84    0.36    14.87  
3.92    0.36    15.49  
4.00    0.36    16.13  
-4.00   0.44    16.20  
-3.92   0.44    15.56  
-3.84   0.44    14.93  
-3.76   0.44    14.32  
-3.68   0.44    13.72  
-3.60   0.44    13.13  
-3.52   0.44    12.55  
-3.43   0.44    11.99  
-3.35   0.44    11.44  
-3.27   0.44    10.91  
-3.19   0.44    10.39  
-3.11   0.44    9.88   
-3.03   0.44    9.38   
-2.95   0.44    8.90   
-2.87   0.44    8.43   
-2.79   0.44    7.97   
-2.71   0.44    7.53   
-2.63   0.44    7.09   
-2.55   0.44    6.68   
-2.46   0.44    6.27   
-2.38   0.44    5.88   
-2.30   0.44    5.50   
-2.22   0.44    5.14   
-2.14   0.44    4.78   
-2.06   0.44    4.44   
-1.98   0.44    4.12   
-1.90   0.44    3.80   
-1.82   0.44    3.50   
-1.74   0.44    3.22   
-1.66   0.44    2.94   
-1.58   0.44    2.68   
-1.49   0.44    2.43   
-1.41   0.44    2.20   
-1.33   0.44    1.98   
-1.25   0.44    1.77   
-1.17   0.44    1.57   
-1.09   0.44    1.39   
-1.01   0.44    1.22   
-0.93   0.44    1.06   
-0.85   0.44    0.92   
-0.77   0.44    0.79   
-0.69   0.44    0.67   
-0.61   0.44    0.56   
-0.53   0.44    0.47   
-0.44   0.44    0.40   
-0.36   0.44    0.33   
-0.28   0.44    0.28   
-0.20   0.44    0.24   
-0.12   0.44    0.21   
-0.04   0.44    0.20   
0.04    0.44    0.20   
0.12    0.44    0.21   
0.20    0.44    0.24   
0.28    0.44    0.28   
0.36    0.44    0.33   
0.44    0.44    0.40   
0.53    0.44    0.47   
0.61    0.44    0.56   
0.69    0.44    0.67   
0.77    0.44    0.79   
0.85    0.44    0.92   
0.93    0.44    1.06   
1.01    0.44    1.22   
1.09    0.44    1.39   
1.17    0.44    1.57   
1.25    0.44    1.77   
1.33    0.44    1.98   
1.41    0.44    2.20   
1.49    0.44    2.43   
1.58    0.44    2.68   
1.66    0.44    2.94   
1.74    0.44    3.22   
1.82    0.44    3.50   
1.90    0.44    3.80   
1.98    0.44    4.12   
2.06    0.44    4.44   
2.14    0.44    4.78   
2.22    0.44    5.14   
2.30    0.44    5.50   
2.38    0.44    5.88   
2.46    0.44    6.27   
2.55    0.44    6.68   
2.63    0.44    7.09   
2.71    0.44    7.53   
2.79    0.44    7.97   
2.87    0.44    8.43   
2.95    0.44    8.90   
3.03    0.44    9.38   
3.11    0.44    9.88   
3.19    0.44    10.39  
3.27    0.44    10.91  
3.35    0.44    11.44  
3.43    0.44    11.99  
3.52    0.44    12.55  
3.60    0.44    13.13  
3.68    0.44    13.72  
3.76    0.44    14.32  
3.84    0.44    14.93  
3.92    0.44    15.56  
4.00    0.44    16.20  
-4.00   0.53    16.28  
-3.92   0.53    15.64  
-3.84   0.53    15.01  
-3.76   0.53    14.40  
-3.68   0.53    13.79  
-3.60   0.53    13.21  
-3.52   0.53    12.63  
-3.43   0.53    12.07  
-3.35   0.53    11.52  
-3.27   0.53    10.99  
-3.19   0.53    10.46  
-3.11   0.53    9.95   
-3.03   0.53    9.46   
-2.95   0.53    8.98   
-2.87   0.53    8.51   
-2.79   0.53    8.05   
-2.71   0.53    7.60   
-2.63   0.53    7.17   
-2.55   0.53    6.76   
-2.46   0.53    6.35   
-2.38   0.53    5.96   
-2.30   0.53    5.58   
-2.22   0.53    5.21   
-2.14   0.53    4.86   
-2.06   0.53    4.52   
-1.98   0.53    4.20   
-1.90   0.53    3.88   
-1.82   0.53    3.58   
-1.74   0.53    3.29   
-1.66   0.53    3.02   
-1.58   0.53    2.76   
-1.49   0.53    2.51   
-1.41   0.53    2.28   
-1.33   0.53    2.05   
-1.25   0.53    1.84   
-1.17   0.53    1.65   
-1.09   0.53    1.47   
-1.01   0.53    1.30   
-0.93   0.53    1.14   
-0.85   0.53    1.00   
-0.77   0.53    0.87   
-0.69   0.53    0.75   
-0.61   0.53    0.64   
-0.53   0.53    0.55   
-0.44   0.53    0.47   
-0.36   0.53    0.41   
-0.28   0.53    0.36   
-0.20   0.53    0.32   
-0.12   0.53    0.29   
-0.04   0.53    0.28   
0.04    0.53    0.28   
0.12    0.53    0.29   
0.20    0.53    0.32   
0.28    0.53    0.36   
0.36    0.53    0.41   
0.44    0.53    0.47   
0.53    0.53    0.55   
0.61    0.53    0.64   
0.69    0.53    0.75   
0.77    0.53    0.87   
0.85    0.53    1.00   
0.93    0.53    1.14   
1.01    0.53    1.30   
1.09    0.53    1.47   
1.17    0.53    1.65   
1.25    0.53    1.84   
1.33    0.53    2.05   
1.41    0.53    2.28   
1.49    0.53    2.51   
1.58    0.53    2.76   
1.66    0.53    3.02   
1.74    0.53    3.29   
1.82    0.53    3.58   
1.90    0.53    3.88   
1.98    0.53    4.20   
2.06    0.53    4.52   
2.14    0.53    4.86   
2.22    0.53    5.21   
2.30    0.53    5.58   
2.38    0.53    5.96   
2.46    0.53    6.35   
2.55    0.53    6.76   
2.63    0.53    7.17   
2.71    0.53    7.60   
2.79    0.53    8.05   
2.87    0.53    8.51   
2.95    0.53    8.98   
3.03    0.53    9.46   
3.11    0.53    9.95   
3.19    0.53    10.46  
3.27    0.53    10.99  
3.35    0.53    11.52  
3.43    0.53    12.07  
3.52    0.53    12.63  
3.60    0.53    13.21  
3.68    0.53    13.79  
3.76    0.53    14.40  
3.84    0.53    15.01  
3.92    0.53    15.64  
4.00    0.53    16.28  
-4.00   0.61    16.37  
-3.92   0.61    15.73  
-3.84   0.61    15.10  
-3.76   0.61    14.49  
-3.68   0.61    13.89  
-3.60   0.61    13.30  
-3.52   0.61    12.72  
-3.43   0.61    12.16  
-3.35   0.61    11.61  
-3.27   0.61    11.08  
-3.19   0.61    10.56  
-3.11   0.61    10.05  
-3.03   0.61    9.55   
-2.95   0.61    9.07   
-2.87   0.61    8.60   
-2.79   0.61    8.14   
-2.71   0.61    7.70   
-2.63   0.61    7.26   
-2.55   0.61    6.85   
-2.46   0.61    6.44   
-2.38   0.61    6.05   
-2.30   0.61    5.67   
-2.22   0.61    5.31   
-2.14   0.61    4.95   
-2.06   0.61    4.61   
-1.98   0.61    4.29   
-1.90   0.61    3.97   
-1.82   0.61    3.67   
-1.74   0.61    3.39   
-1.66   0.61    3.11   
-1.58   0.61    2.85   
-1.49   0.61    2.60   
-1.41   0.61    2.37   
-1.33   0.61    2.15   
-1.25   0.61    1.94   
-1.17   0.61    1.74   
-1.09   0.61    1.56   
-1.01   0.61    1.39   
-0.93   0.61    1.23   
-0.85   0.61    1.09   
-0.77   0.61    0.96   
-0.69   0.61    0.84   
-0.61   0.61    0.73   
-0.53   0.61    0.64   
-0.44   0.61    0.56   
-0.36   0.61    0.50   
-0.28   0.61    0.45   
-0.20   0.61    0.41   
-0.12   0.61    0.38   
-0.04   0.61    0.37   
0.04    0.61    0.37   
0.12    0.61    0.38   
0.20    0.61    0.41   
0.28    0.61    0.45   
0.36    0.61    0.50   
0.44    0.61    0.56   
0.53    0.61    0.64   
0.61    0.61    0.73   
0.69    0.61    0.84   
0.77    0.61    0.96   
0.85    0.61    1.09   
0.93    0.61    1.23   
1.01    0.61    1.39   
1.09    0.61    1.56   
1.17    0.61    1.74   
1.25    0.61    1.94   
1.33    0.61    2.15   
1.41    0.61    2.37   
1.49    0.61    2.60   
1.58    0.61    2.85   
1.66    0.61    3.11   
1.74    0.61    3.39   
1.82    0.61    3.67   
1.90    0.61    3.97   
1.98    0.61    4.29   
2.06    0.61    4.61   
2.14    0.61    4.95   
2.22    0.61    5.31   
2.30    0.61    5.67   
2.38    0.61    6.05   
2.46    0.61    6.44   
2.55    0.61    6.85   
2.63    0.61    7.26   
2.71    0.61    7.70   
2.79    0.61    8.14   
2.87    0.61    8.60   
2.95    0.61    9.07   
3.03    0.61    9.55   
3.11    0.61    10.05  
3.19    0.61    10.56  
3.27    0.61    11.08  
3.35    0.61    11.61  
3.43    0.61    12.16  
3.52    0.61    12.72  
3.60    0.61    13.30  
3.68    0.61    13.89  
3.76    0.61    14.49  
3.84    0.61    15.10  
3.92    0.61    15.73  
4.00    0.61    16.37  
-4.00   0.69    16.47  
-3.92   0.69    15.83  
-3.84   0.69    15.20  
-3.76   0.69    14.59  
-3.68   0.69    13.99  
-3.60   0.69    13.40  
-3.52   0.69    12.83  
-3.43   0.69    12.27  
-3.35   0.69    11.72  
-3.27   0.69    11.18  
-3.19   0.69    10.66  
-3.11   0.69    10.15  
-3.03   0.69    9.65   
-2.95   0.69    9.17   
-2.87   0.69    8.70   
-2.79   0.69    8.24   
-2.71   0.69    7.80   
-2.63   0.69    7.37   
-2.55   0.69    6.95   
-2.46   0.69    6.55   
-2.38   0.69    6.15   
-2.30   0.69    5.78   
-2.22   0.69    5.41   
-2.14   0.69    5.06   
-2.06   0.69    4.72   
-1.98   0.69    4.39   
-1.90   0.69    4.08   
-1.82   0.69    3.78   
-1.74   0.69    3.49   
-1.66   0.69    3.22   
-1.58   0.69    2.95   
-1.49   0.69    2.71   
-1.41   0.69    2.47   
-1.33   0.69    2.25   
-1.25   0.69    2.04   
-1.17   0.69    1.84   
-1.09   0.69    1.66   
-1.01   0.69    1.49   
-0.93   0.69    1.34   
-0.85   0.69    1.19   
-0.77   0.69    1.06   
-0.69   0.69    0.94   
-0.61   0.69    0.84   
-0.53   0.69    0.75   
-0.44   0.69    0.67   
-0.36   0.69    0.60   
-0.28   0.69    0.55   
-0.20   0.69    0.51   
-0.12   0.69    0.49   
-0.04   0.69    0.47   
0.04    0.69    0.47   
0.12    0.69    0.49   
0.20    0.69    0.51   
0.28    0.69    0.55   
0.36    0.69    0.60   
0.44    0.69    0.67   
0.53    0.69    0.75   
0.61    0.69    0.84   
0.69    0.69    0.94   
0.77    0.69    1.06   
0.85    0.69    1.19   
0.93    0.69    1.34   
1.01    0.69    1.49   
1.09    0.69    1.66   
1.17    0.69    1.84   
1.25    0.69    2.04   
1.33    0.69    2.25   
1.41    0.69    2.47   
1.49    0.69    2.71   
1.58    0.69    2.95   
1.66    0.69    3.22   
1.74    0.69    3.49   
1.82    0.69    3.78   
1.90    0.69    4.08   
1.98    0.69    4.39   
2.06    0.69    4.72   
2.14    0.69    5.06   
2.22    0.69    5.41   
2.30    0.69    5.78   
2.38    0.69    6.15   
2.46    0.69    6.55   
2.55    0.69    6.95   
2.63    0.69    7.37   
2.71    0.69    7.80   
2.79    0.69    8.24   
2.87    0.69    8.70   
2.95    0.69    9.17   
3.03    0.69    9.65   
3.11    0.69    10.15  
3.19    0.69    10.66  
3.27    0.69    11.18  
3.35    0.69    11.72  
3.43    0.69    12.27  
3.52    0.69    12.83  
3.60    0.69    13.40  
3.68    0.69    13.99  
3.76    0.69    14.59  
3.84    0.69    15.20  
3.92    0.69    15.83  
4.00    0.69    16.47  
-4.00   0.77    16.59  
-3.92   0.77    15.95  
-3.84   0.77    15.32  
-3.76   0.77    14.71  
-3.68   0.77    14.11  
-3.60   0.77    13.52  
-3.52   0.77    12.95  
-3.43   0.77    12.38  
-3.35   0.77    11.84  
-3.27   0.77    11.30  
-3.19   0.77    10.78  
-3.11   0.77    10.27  
-3.03   0.77    9.77   
-2.95   0.77    9.29   
-2.87   0.77    8.82   
-2.79   0.77    8.36   
-2.71   0.77    7.92   
-2.63   0.77    7.49   
-2.55   0.77    7.07   
-2.46   0.77    6.66   
-2.38   0.77    6.27   
-2.30   0.77    5.89   
-2.22   0.77    5.53   
-2.14   0.77    5.17   
-2.06   0.77    4.84   
-1.98   0.77    4.51   
-1.90   0.77    4.20   
-1.82   0.77    3.90   
-1.74   0.77    3.61   
-1.66   0.77    3.33   
-1.58   0.77    3.07   
-1.49   0.77    2.82   
-1.41   0.77    2.59   
-1.33   0.77    2.37   
-1.25   0.77    2.16   
-1.17   0.77    1.96   
-1.09   0.77    1.78   
-1.01   0.77    1.61   
-0.93   0.77    1.45   
-0.85   0.77    1.31   
-0.77   0.77    1.18   
-0.69   0.77    1.06   
-0.61   0.77    0.96   
-0.53   0.77    0.87   
-0.44   0.77    0.79   
-0.36   0.77    0.72   
-0.28   0.77    0.67   
-0.20   0.77    0.63   
-0.12   0.77    0.60   
-0.04   0.77    0.59   
0.04    0.77    0.59   
0.12    0.77    0.60   
0.20    0.77    0.63   
0.28    0.77    0.67   
0.36    0.77    0.72   
0.44    0.77    0.79   
0.53    0.77    0.87   
0.61    0.77    0.96   
0.69    0.77    1.06   
0.77    0.77    1.18   
0.85    0.77    1.31   
0.93    0.77    1.45   
1.01    0.77    1.61   
1.09    0.77    1.78   
1.17    0.77    1.96   
1.25    0.77    2.16   
1.33    0.77    2.37   
1.41    0.77    2.59   
1.49    0.77    2.82   
1.58    0.77    3.07   
1.66    0.77    3.33   
1.74    0.77    3.61   
1.82    0.77    3.90   
1.90    0.77    4.20   
1.98    0.77    4.51   
2.06    0.77    4.84   
2.14    0.77    5.17   
2.22    0.77    5.53   
2.30    0.77    5.89   
2.38    0.77    6.27   
2.46    0.77    6.66   
2.55    0.77    7.07   
2.63    0.77    7.49   
2.71    0.77    7.92   
2.79    0.77    8.36   
2.87    0.77    8.82   
2.95    0.77    9.29   
3.03    0.77    9.77   
3.11    0.77    10.27  
3.19    0.77    10.78  
3.27    0.77    11.30  
3.35    0.77    11.84  
3.43    0.77    12.38  
3.52    0.77    12.95  
3.60    0.77    13.52  
3.68    0.77    14.11  
3.76    0.77    14.71  
3.84    0.77    15.32  
3.92    0.77    15.95  
4.00    0.77    16.59  
-4.00   0.85    16.72  
-3.92   0.85    16.08  
-3.84   0.85    15.45  
-3.76   0.85    14.84  
-3.68   0.85    14.24  
-3.60   0.85    13.65  
-3.52   0.85    13.08  
-3.43   0.85    12.51  
-3.35   0.85    11.97  
-3.27   0.85    11.43  
-3.19   0.85    10.91  
-3.11   0.85    10.40  
-3.03   0.85    9.90   
-2.95   0.85    9.42   
-2.87   0.85    8.95   
-2.79   0.85    8.49   
-2.71   0.85    8.05   
-2.63   0.85    7.62   
-2.55   0.85    7.20   
-2.46   0.85    6.79   
-2.38   0.85    6.40   
-2.30   0.85    6.02   
-2.22   0.85    5.66   
-2.14   0.85    5.31   
-2.06   0.85    4.97   
-1.98   0.85    4.64   
-1.90   0.85    4.33   
-1.82   0.85    4.03   
-1.74   0.85    3.74   
-1.66   0.85    3.46   
-1.58   0.85    3.20   
-1.49   0.85    2.95   
-1.41   0.85    2.72   
-1.33   0.85    2.50   
-1.25   0.85    2.29   
-1.17   0.85    2.09   
-1.09   0.85    1.91   
-1.01   0.85    1.74   
-0.93   0.85    1.58   
-0.85   0.85    1.44   
-0.77   0.85    1.31   
-0.69   0.85    1.19   
-0.61   0.85    1.09   
-0.53   0.85    1.00   
-0.44   0.85    0.92   
-0.36   0.85    0.85   
-0.28   0.85    0.80   
-0.20   0.85    0.76   
-0.12   0.85    0.73   
-0.04   0.85    0.72   
0.04    0.85    0.72   
0.12    0.85    0.73   
0.20    0.85    0.76   
0.28    0.85    0.80   
0.36    0.85    0.85   
0.44    0.85    0.92   
0.53    0.85    1.00   
0.61    0.85    1.09   
0.69    0.85    1.19   
0.77    0.85    1.31   
0.85    0.85    1.44   
0.93    0.85    1.58   
1.01    0.85    1.74   
1.09    0.85    1.91   
1.17    0.85    2.09   
1.25    0.85    2.29   
1.33    0.85    2.50   
1.41    0.85    2.72   
1.49    0.85    2.95   
1.58    0.85    3.20   
1.66    0.85    3.46   
1.74    0.85    3.74   
1.82    0.85    4.03   
1.90    0.85    4.33   
1.98    0.85    4.64   
2.06    0.85    4.97   
2.14    0.85    5.31   
2.22    0.85    5.66   
2.30    0.85    6.02   
2.38    0.85    6.40   
2.46    0.85    6.79   
2.55    0.85    7.20   
2.63    0.85    7.62   
2.71    0.85    8.05   
2.79    0.85    8.49   
2.87    0.85    8.95   
2.95    0.85    9.42   
3.03    0.85    9.90   
3.11    0.85    10.40  
3.19    0.85    10.91  
3.27    0.85    11.43  
3.35    0.85    11.97  
3.43    0.85    12.51  
3.52    0.85    13.08  
3.60    0.85    13.65  
3.68    0.85    14.24  
3.76    0.85    14.84  
3.84    0.85    15.45  
3.92    0.85    16.08  
4.00    0.85    16.72  
-4.00   0.93    16.86  
-3.92   0.93    16.22  
-3.84   0.93    15.60  
-3.76   0.93    14.98  
-3.68   0.93    14.38  
-3.60   0.93    13.79  
-3.52   0.93    13.22  
-3.43   0.93    12.66  
-3.35   0.93    12.11  
-3.27   0.93    11.57  
-3.19   0.93    11.05  
-3.11   0.93    10.54  
-3.03   0.93    10.05  
-2.95   0.93    9.56   
-2.87   0.93    9.09   
-2.79   0.93    8.64   
-2.71   0.93    8.19   
-2.63   0.93    7.76   
-2.55   0.93    7.34   
-2.46   0.93    6.94   
-2.38   0.93    6.55   
-2.30   0.93    6.17   
-2.22   0.93    5.80   
-2.14   0.93    5.45   
-2.06   0.93    5.11   
-1.98   0.93    4.78   
-1.90   0.93    4.47   
-1.82   0.93    4.17   
-1.74   0.93    3.88   
-1.66   0.93    3.61   
-1.58   0.93    3.35   
-1.49   0.93    3.10   
-1.41   0.93    2.86   
-1.33   0.93    2.64   
-1.25   0.93    2.43   
-1.17   0.93    2.24   
-1.09   0.93    2.05   
-1.01   0.93    1.88   
-0.93   0.93    1.73   
-0.85   0.93    1.58   
-0.77   0.93    1.45   
-0.69   0.93    1.34   
-0.61   0.93    1.23   
-0.53   0.93    1.14   
-0.44   0.93    1.06   
-0.36   0.93    1.00   
-0.28   0.93    0.94   
-0.20   0.93    0.90   
-0.12   0.93    0.88   
-0.04   0.93    0.87   
0.04    0.93    0.87   
0.12    0.93    0.88   
0.20    0.93    0.90   
0.28    0.93    0.94   
0.36    0.93    1.00   
0.44    0.93    1.06   
0.53    0.93    1.14   
0.61    0.93    1.23   
0.69    0.93    1.34   
0.77    0.93    1.45   
0.85    0.93    1.58   
0.93    0.93    1.73   
1.01    0.93    1.88   
1.09    0.93    2.05   
1.17    0.93    2.24   
1.25    0.93    2.43   
1.33    0.93    2.64   
1.41    0.93    2.86   
1.49    0.93    3.10   
1.58    0.93    3.35   
1.66    0.93    3.61   
1.74    0.93    3.88   
1.82    0.93    4.17   
1.90    0.93    4.47   
1.98    0.93    4.78   
2.06    0.93    5.11   
2.14    0.93    5.45   
2.22    0.93    5.80   
2.30    0.93    6.17   
2.38    0.93    6.55   
2.46    0.93    6.94   
2.55    0.93    7.34   
2.63    0.93    7.76   
2.71    0.93    8.19   
2.79    0.93    8.64   
2.87    0.93    9.09   
2.95    0.93    9.56   
3.03    0.93    10.05  
3.11    0.93    10.54  
3.19    0.93    11.05  
3.27    0.93    11.57  
3.35    0.93    12.11  
3.43    0.93    12.66  
3.52    0.93    13.22  
3.60    0.93    13.79  
3.68    0.93    14.38  
3.76    0.93    14.98  
3.84    0.93    15.60  
3.92    0.93    16.22  
4.00    0.93    16.86  
-4.00   1.01    17.02  
-3.92   1.01    16.38  
-3.84   1.01    15.75  
-3.76   1.01    15.14  
-3.68   1.01    14.54  
-3.60   1.01    13.95  
-3.52   1.01    13.38  
-3.43   1.01    12.82  
-3.35   1.01    12.27  
-3.27   1.01    11.73  
-3.19   1.01    11.21  
-3.11   1.01    10.70  
-3.03   1.01    10.20  
-2.95   1.01    9.72   
-2.87   1.01    9.25   
-2.79   1.01    8.79   
-2.71   1.01    8.35   
-2.63   1.01    7.92   
-2.55   1.01    7.50   
-2.46   1.01    7.09   
-2.38   1.01    6.70   
-2.30   1.01    6.32   
-2.22   1.01    5.96   
-2.14   1.01    5.61   
-2.06   1.01    5.27   
-1.98   1.01    4.94   
-1.90   1.01    4.63   
-1.82   1.01    4.33   
-1.74   1.01    4.04   
-1.66   1.01    3.76   
-1.58   1.01    3.50   
-1.49   1.01    3.26   
-1.41   1.01    3.02   
-1.33   1.01    2.80   
-1.25   1.01    2.59   
-1.17   1.01    2.39   
-1.09   1.01    2.21   
-1.01   1.01    2.04   
-0.93   1.01    1.88   
-0.85   1.01    1.74   
-0.77   1.01    1.61   
-0.69   1.01    1.49   
-0.61   1.01    1.39   
-0.53   1.01    1.30   
-0.44   1.01    1.22   
-0.36   1.01    1.15   
-0.28   1.01    1.10   
-0.20   1.01    1.06   
-0.12   1.01    1.03   
-0.04   1.01    1.02   
0.04    1.01    1.02   
0.12    1.01    1.03   
0.20    1.01    1.06   
0.28    1.01    1.10   
0.36    1.01    1.15   
0.44    1.01    1.22   
0.53    1.01    1.30   
0.61    1.01    1.39   
0.69    1.01    1.49   
0.77    1.01    1.61   
0.85    1.01    1.74   
0.93    1.01    1.88   
1.01    1.01    2.04   
1.09    1.01    2.21   
1.17    1.01    2.39   
1.25    1.01    2.59   
1.33    1.01    2.80   
1.41    1.01    3.02   
1.49    1.01    3.26   
1.58    1.01    3.50   
1.66    1.01    3.76   
1.74    1.01    4.04   
1.82    1.01    4.33   
1.90    1.01    4.63   
1.98    1.01    4.94   
2.06    1.01    5.27   
2.14    1.01    5.61   
2.22    1.01    5.96   
2.30    1.01    6.32   
2.38    1.01    6.70   
2.46    1.01    7.09   
2.55    1.01    7.50   
2.63    1.01    7.92   
2.71    1.01    8.35   
2.79    1.01    8.79   
2.87    1.01    9.25   
2.95    1.01    9.72   
3.03    1.01    10.20  
3.11    1.01    10.70  
3.19    1.01    11.21  
3.27    1.01    11.73  
3.35    1.01    12.27  
3.43    1.01    12.82  
3.52    1.01    13.38  
3.60    1.01    13.95  
3.68    1.01    14.54  
3.76    1.01    15.14  
3.84    1.01    15.75  
3.92    1.01    16.38  
4.00    1.01    17.02  
-4.00   1.09    17.19  
-3.92   1.09    16.55  
-3.84   1.09    15.92  
-3.76   1.09    15.31  
-3.68   1.09    14.71  
-3.60   1.09    14.12  
-3.52   1.09    13.55  
-3.43   1.09    12.98  
-3.35   1.09    12.44  
-3.27   1.09    11.90  
-3.19   1.09    11.38  
-3.11   1.09    10.87  
-3.03   1.09    10.37  
-2.95   1.09    9.89   
-2.87   1.09    9.42   
-2.79   1.09    8.96   
-2.71   1.09    8.52   
-2.63   1.09    8.09   
-2.55   1.09    7.67   
-2.46   1.09    7.26   
-2.38   1.09    6.87   
-2.30   1.09    6.49   
-2.22   1.09    6.13   
-2.14   1.09    5.78   
-2.06   1.09    5.44   
-1.98   1.09    5.11   
-1.90   1.09    4.80   
-1.82   1.09    4.50   
-1.74   1.09    4.21   
-1.66   1.09    3.93   
-1.58   1.09    3.67   
-1.49   1.09    3.42   
-1.41   1.09    3.19   
-1.33   1.09    2.97   
-1.25   1.09    2.76   
-1.17   1.09    2.56   
-1.09   1.09    2.38   
-1.01   1.09    2.21   
-0.93   1.09    2.05   
-0.85   1.09    1.91   
-0.77   1.09    1.78   
-0.69   1.09    1.66   
-0.61   1.09    1.56   
-0.53   1.09    1.47   
-0.44   1.09    1.39   
-0.36   1.09    1.32   
-0.28   1.09    1.27   
-0.20   1.09    1.23   
-0.12   1.09    1.20   
-0.04   1.09    1.19   
0.04    1.09    1.19   
0.12    1.09    1.20   
0.20    1.09    1.23   
0.28    1.09    1.27   
0.36    1.09    1.32   
0.44    1.09    1.39   
0.53    1.09    1.47   
0.61    1.09    1.56   
0.69    1.09    1.66   
0.77    1.09    1.78   
0.85    1.09    1.91   
0.93    1.09    2.05   
1.01    1.09    2.21   
1.09    1.09    2.38   
1.17    1.09    2.56   
1.25    1.09    2.76   
1.33    1.09    2.97   
1.41    1.09    3.19   
1.49    1.09    3.42   
1.58    1.09    3.67   
1.66    1.09    3.93   
1.74    1.09    4.21   
1.82    1.09    4.50   
1.90    1.09    4.80   
1.98    1.09    5.11   
2.06    1.09    5.44   
2.14    1.09    5.78   
2.22    1.09    6.13   
2.30    1.09    6.49   
2.38    1.09    6.87   
2.46    1.09    7.26   
2.55    1.09    7.67   
2.63    1.09    8.09   
2.71    1.09    8.52   
2.79    1.09    8.96   
2.87    1.09    9.42   
2.95    1.09    9.89   
3.03    1.09    10.37  
3.11    1.09    10.87  
3.19    1.09    11.38  
3.27    1.09    11.90  
3.35    1.09    12.44  
3.43    1.09    12.98  
3.52    1.09    13.55  
3.60    1.09    14.12  
3.68    1.09    14.71  
3.76    1.09    15.31  
3.84    1.09    15.92  
3.92    1.09    16.55  
4.00    1.09    17.19  
-4.00   1.17    17.37  
-3.92   1.17    16.73  
-3.84   1.17    16.11  
-3.76   1.17    15.49  
-3.68   1.17    14.89  
-3.60   1.17    14.30  
-3.52   1.17    13.73  
-3.43   1.17    13.17  
-3.35   1.17    12.62  
-3.27   1.17    12.08  
-3.19   1.17    11.56  
-3.11   1.17    11.05  
-3.03   1.17    10.56  
-2.95   1.17    10.07  
-2.87   1.17    9.60   
-2.79   1.17    9.15   
-2.71   1.17    8.70   
-2.63   1.17    8.27   
-2.55   1.17    7.85   
-2.46   1.17    7.45   
-2.38   1.17    7.06   
-2.30   1.17    6.68   
-2.22   1.17    6.31   
-2.14   1.17    5.96   
-2.06   1.17    5.62   
-1.98   1.17    5.29   
-1.90   1.17    4.98   
-1.82   1.17    4.68   
-1.74   1.17    4.39   
-1.66   1.17    4.12   
-1.58   1.17    3.86   
-1.49   1.17    3.61   
-1.41   1.17    3.37   
-1.33   1.17    3.15   
-1.25   1.17    2.94   
-1.17   1.17    2.75   
-1.09   1.17    2.56   
-1.01   1.17    2.39   
-0.93   1.17    2.24   
-0.85   1.17    2.09   
-0.77   1.17    1.96   
-0.69   1.17    1.84   
-0.61   1.17    1.74   
-0.53   1.17    1.65   
-0.44   1.17    1.57   
-0.36   1.17    1.51   
-0.28   1.17    1.45   
-0.20   1.17    1.41   
-0.12   1.17    1.39   
-0.04   1.17    1.37   
0.04    1.17    1.37   
0.12    1.17    1.39   
0.20    1.17    1.41   
0.28    1.17    1.45   
0.36    1.17    1.51   
0.44    1.17    1.57   
0.53    1.17    1.65   
0.61    1.17    1.74   
0.69    1.17    1.84   
0.77    1.17    1.96   
0.85    1.17    2.09   
0.93    1.17    2.24   
1.01    1.17    2.39   
1.09    1.17    2.56   
1.17    1.17    2.75   
1.25    1.17    2.94   
1.33    1.17    3.15   
1.41    1.17    3.37   
1.49    1.17    3.61   
1.58    1.17    3.86   
1.66    1.17    4.12   
1.74    1.17    4.39   
1.82    1.17    4.68   
1.90    1.17    4.98   
1.98    1.17    5.29   
2.06    1.17    5.62   
2.14    1.17    5.96   
2.22    1.17    6.31   
2.30    1.17    6.68   
2.38    1.17    7.06   
2.46    1.17    7.45   
2.55    1.17    7.85   
2.63    1.17    8.27   
2.71    1.17    8.70   
2.79    1.17    9.15   
2.87    1.17    9.60   
2.95    1.17    10.07  
3.03    1.17    10.56  
3.11    1.17    11.05  
3.19    1.17    11.56  
3.27    1.17    12.08  
3.35    1.17    12.62  
3.43    1.17    13.17  
3.52    1.17    13.73  
3.60    1.17    14.30  
3.68    1.17    14.89  
3.76    1.17    15.49  
3.84    1.17    16.11  
3.92    1.17    16.73  
4.00    1.17    17.37  
-4.00   1.25    17.57  
-3.92   1.25    16.93  
-3.84   1.25    16.30  
-3.76   1.25    15.69  
-3.68   1.25    15.09  
-3.60   1.25    14.50  
-3.52   1.25    13.93  
-3.43   1.25    13.36  
-3.35   1.25    12.82  
-3.27   1.25    12.28  
-3.19   1.25    11.76  
-3.11   1.25    11.25  
-3.03   1.25    10.75  
-2.95   1.25    10.27  
-2.87   1.25    9.80   
-2.79   1.25    9.34   
-2.71   1.25    8.90   
-2.63   1.25    8.47   
-2.55   1.25    8.05   
-2.46   1.25    7.64   
-2.38   1.25    7.25   
-2.30   1.25    6.87   
-2.22   1.25    6.51   
-2.14   1.25    6.15   
-2.06   1.25    5.81   
-1.98   1.25    5.49   
-1.90   1.25    5.17   
-1.82   1.25    4.87   
-1.74   1.25    4.59   
-1.66   1.25    4.31   
-1.58   1.25    4.05   
-1.49   1.25    3.80   
-1.41   1.25    3.57   
-1.33   1.25    3.35   
-1.25   1.25    3.14   
-1.17   1.25    2.94   
-1.09   1.25    2.76   
-1.01   1.25    2.59   
-0.93   1.25    2.43   
-0.85   1.25    2.29   
-0.77   1.25    2.16   
-0.69   1.25    2.04   
-0.61   1.25    1.94   
-0.53   1.25    1.84   
-0.44   1.25    1.77   
-0.36   1.25    1.70   
-0.28   1.25    1.65   
-0.20   1.25    1.61   
-0.12   1.25    1.58   
-0.04   1.25    1.57   
0.04    1.25    1.57   
0.12    1.25    1.58   
0.20    1.25    1.61   
0.28    1.25    1.65   
0.36    1.25    1.70   
0.44    1.25    1.77   
0.53    1.25    1.84   
0.61    1.25    1.94   
0.69    1.25    2.04   
0.77    1.25    2.16   
0.85    1.25    2.29   
0.93    1.25    2.43   
1.01    1.25    2.59   
1.09    1.25    2.76   
1.17    1.25    2.94   
1.25    1.25    3.14   
1.33    1.25    3.35   
1.41    1.25    3.57   
1.49    1.25    3.80   
1.58    1.25    4.05   
1.66    1.25    4.31   
1.74    1.25    4.59   
1.82    1.25    4.87   
1.90    1.25    5.17   
1.98    1.25    5.49   
2.06    1.25    5.81   
2.14    1.25    6.15   
2.22    1.25    6.51   
2.30    1.25    6.87   
2.38    1.25    7.25   
2.46    1.25    7.64   
2.55    1.25    8.05   
2.63    1.25    8.47   
2.71    1.25    8.90   
2.79    1.25    9.34   
2.87    1.25    9.80   
2.95    1.25    10.27  
3.03    1.25    10.75  
3.11    1.25    11.25  
3.19    1.25    11.76  
3.27    1.25    12.28  
3.35    1.25    12.82  
3.43    1.25    13.36  
3.52    1.25    13.93  
3.60    1.25    14.50  
3.68    1.25    15.09  
3.76    1.25    15.69  
3.84    1.25    16.30  
3.92    1.25    16.93  
4.00    1.25    17.57  
-4.00   1.33    17.78  
-3.92   1.33    17.14  
-3.84   1.33    16.51  
-3.76   1.33    15.90  
-3.68   1.33    15.30  
-3.60   1.33    14.71  
-3.52   1.33    14.13  
-3.43   1.33    13.57  
-3.35   1.33    13.02  
-3.27   1.33    12.49  
-3.19   1.33    11.97  
-3.11   1.33    11.46  
-3.03   1.33    10.96  
-2.95   1.33    10.48  
-2.87   1.33    10.01  
-2.79   1.33    9.55   
-2.71   1.33    9.11   
-2.63   1.33    8.68   
-2.55   1.33    8.26   
-2.46   1.33    7.85   
-2.38   1.33    7.46   
-2.30   1.33    7.08   
-2.22   1.33    6.72   
-2.14   1.33    6.36   
-2.06   1.33    6.02   
-1.98   1.33    5.70   
-1.90   1.33    5.38   
-1.82   1.33    5.08   
-1.74   1.33    4.80   
-1.66   1.33    4.52   
-1.58   1.33    4.26   
-1.49   1.33    4.01   
-1.41   1.33    3.78   
-1.33   1.33    3.56   
-1.25   1.33    3.35   
-1.17   1.33    3.15   
-1.09   1.33    2.97   
-1.01   1.33    2.80   
-0.93   1.33    2.64   
-0.85   1.33    2.50   
-0.77   1.33    2.37   
-0.69   1.33    2.25   
-0.61   1.33    2.15   
-0.53   1.33    2.05   
-0.44   1.33    1.98   
-0.36   1.33    1.91   
-0.28   1.33    1.86   
-0.20   1.33    1.82   
-0.12   1.33    1.79   
-0.04   1.33    1.78   
0.04    1.33    1.78   
0.12    1.33    1.79   
0.20    1.33    1.82   
0.28    1.33    1.86   
0.36    1.33    1.91   
0.44    1.33    1.98   
0.53    1.33    2.05   
0.61    1.33    2.15   
0.69    1.33    2.25   
0.77    1.33    2.37   
0.85    1.33    2.50   
0.93    1.33    2.64   
1.01    1.33    2.80   
1.09    1.33    2.97   
1.17    1.33    3.15   
1.25    1.33    3.35   
1.33    1.33    3.56   
1.41    1.33    3.78   
1.49    1.33    4.01   
1.58    1.33    4.26   
1.66    1.33    4.52   
1.74    1.33    4.80   
1.82    1.33    5.08   
1.90    1.33    5.38   
1.98    1.33    5.70   
2.06    1.33    6.02   
2.14    1.33    6.36   
2.22    1.33    6.72   
2.30    1.33    7.08   
2.38    1.33    7.46   
2.46    1.33    7.85   
2.55    1.33    8.26   
2.63    1.33    8.68   
2.71    1.33    9.11   
2.79    1.33    9.55   
2.87    1.33    10.01  
2.95    1.33    10.48  
3.03    1.33    10.96  
3.11    1.33    11.46  
3.19    1.33    11.97  
3.27    1.33    12.49  
3.35    1.33    13.02  
3.43    1.33    13.57  
3.52    1.33    14.13  
3.60    1.33    14.71  
3.68    1.33    15.30  
3.76    1.33    15.90  
3.84    1.33    16.51  
3.92    1.33    17.14  
4.00    1.33    17.78  
-4.00   1.41    18.00  
-3.92   1.41    17.36  
-3.84   1.41    16.73  
-3.76   1.41    16.12  
-3.68   1.41    15.52  
-3.60   1.41    14.93  
-3.52   1.41    14.36  
-3.43   1.41    13.79  
-3.35   1.41    13.25  
-3.27   1.41    12.71  
-3.19   1.41    12.19  
-3.11   1.41    11.68  
-3.03   1.41    11.18  
-2.95   1.41    10.70  
-2.87   1.41    10.23  
-2.79   1.41    9.77   
-2.71   1.41    9.33   
-2.63   1.41    8.90   
-2.55   1.41    8.48   
-2.46   1.41    8.07   
-2.38   1.41    7.68   
-2.30   1.41    7.30   
-2.22   1.41    6.94   
-2.14   1.41    6.59   
-2.06   1.41    6.25   
-1.98   1.41    5.92   
-1.90   1.41    5.61   
-1.82   1.41    5.31   
-1.74   1.41    5.02   
-1.66   1.41    4.74   
-1.58   1.41    4.48   
-1.49   1.41    4.23   
-1.41   1.41    4.00   
-1.33   1.41    3.78   
-1.25   1.41    3.57   
-1.17   1.41    3.37   
-1.09   1.41    3.19   
-1.01   1.41    3.02   
-0.93   1.41    2.86   
-0.85   1.41    2.72   
-0.77   1.41    2.59   
-0.69   1.41    2.47   
-0.61   1.41    2.37   
-0.53   1.41    2.28   
-0.44   1.41    2.20   
-0.36   1.41    2.13   
-0.28   1.41    2.08   
-0.20   1.41    2.04   
-0.12   1.41    2.01   
-0.04   1.41    2.00   
0.04    1.41    2.00   
0.12    1.41    2.01   
0.20    1.41    2.04   
0.28    1.41    2.08   
0.36    1.41    2.13   
0.44    1.41    2.20   
0.53    1.41    2.28   
0.61    1.41    2.37   
0.69    1.41    2.47   
0.77    1.41    2.59   
0.85    1.41    2.72   
0.93    1.41    2.86   
1.01    1.41    3.02   
1.09    1.41    3.19   
1.17    1.41    3.37   
1.25    1.41    3.57   
1.33    1.41    3.78   
1.41    1.41    4.00   
1.49    1.41    4.23   
1.58    1.41    4.48   
1.66    1.41    4.74   
1.74    1.41    5.02   
1.82    1.41    5.31   
1.90    1.41    5.61   
1.98    1.41    5.92   
2.06    1.41    6.25   
2.14    1.41    6.59   
2.22    1.41    6.94   
2.30    1.41    7.30   
2.38    1.41    7.68   
2.46    1.41    8.07   
2.55    1.41    8.48   
2.63    1.41    8.90   
2.71    1.41    9.33   
2.79    1.41    9.77   
2.87    1.41    10.23  
2.95    1.41    10.70  
3.03    1.41    11.18  
3.11    1.41    11.68  
3.19    1.41    12.19  
3.27    1.41    12.71  
3.35    1.41    13.25  
3.43    1.41    13.79  
3.52    1.41    14.36  
3.60    1.41    14.93  
3.68    1.41    15.52  
3.76    1.41    16.12  
3.84    1.41    16.73  
3.92    1.41    17.36  
4.00    1.41    18.00  
-4.00   1.49    18.23  
-3.92   1.49    17.59  
-3.84   1.49    16.97  
-3.76   1.49    16.35  
-3.68   1.49    15.75  
-3.60   1.49    15.17  
-3.52   1.49    14.59  
-3.43   1.49    14.03  
-3.35   1.49    13.48  
-3.27   1.49    12.95  
-3.19   1.49    12.42  
-3.11   1.49    11.91  
-3.03   1.49    11.42  
-2.95   1.49    10.93  
-2.87   1.49    10.46  
-2.79   1.49    10.01  
-2.71   1.49    9.56   
-2.63   1.49    9.13   
-2.55   1.49    8.71   
-2.46   1.49    8.31   
-2.38   1.49    7.92   
-2.30   1.49    7.54   
-2.22   1.49    7.17   
-2.14   1.49    6.82   
-2.06   1.49    6.48   
-1.98   1.49    6.15   
-1.90   1.49    5.84   
-1.82   1.49    5.54   
-1.74   1.49    5.25   
-1.66   1.49    4.98   
-1.58   1.49    4.72   
-1.49   1.49    4.47   
-1.41   1.49    4.23   
-1.33   1.49    4.01   
-1.25   1.49    3.80   
-1.17   1.49    3.61   
-1.09   1.49    3.42   
-1.01   1.49    3.26   
-0.93   1.49    3.10   
-0.85   1.49    2.95   
-0.77   1.49    2.82   
-0.69   1.49    2.71   
-0.61   1.49    2.60   
-0.53   1.49    2.51   
-0.44   1.49    2.43   
-0.36   1.49    2.37   
-0.28   1.49    2.31   
-0.20   1.49    2.28   
-0.12   1.49    2.25   
-0.04   1.49    2.24   
0.04    1.49    2.24   
0.12    1.49    2.25   
0.20    1.49    2.28   
0.28    1.49    2.31   
0.36    1.49    2.37   
0.44    1.49    2.43   
0.53    1.49    2.51   
0.61    1.49    2.60   
0.69    1.49    2.71   
0.77    1.49    2.82   
0.85    1.49    2.95   
0.93    1.49    3.10   
1.01    1.49    3.26   
1.09    1.49    3.42   
1.17    1.49    3.61   
1.25    1.49    3.80   
1.33    1.49    4.01   
1.41    1.49    4.23   
1.49    1.49    4.47   
1.58    1.49    4.72   
1.66    1.49    4.98   
1.74    1.49    5.25   
1.82    1.49    5.54   
1.90    1.49    5.84   
1.98    1.49    6.15   
2.06    1.49    6.48   
2.14    1.49    6.82   
2.22    1.49    7.17   
2.30    1.49    7.54   
2.38    1.49    7.92   
2.46    1.49    8.31   
2.55    1.49    8.71   
2.63    1.49    9.13   
2.71    1.49    9.56   
2.79    1.49    10.01  
2.87    1.49    10.46  
2.95    1.49    10.93  
3.03    1.49    11.42  
3.11    1.49    11.91  
3.19    1.49    12.42  
3.27    1.49    12.95  
3.35    1.49    13.48  
3.43    1.49    14.03  
3.52    1.49    14.59  
3.60    1.49    15.17  
3.68    1.49    15.75  
3.76    1.49    16.35  
3.84    1.49    16.97  
3.92    1.49    17.59  
4.00    1.49    18.23  
-4.00   1.58    18.48  
-3.92   1.58    17.84  
-3.84   1.58    17.22  
-3.76   1.58    16.60  
-3.68   1.58    16.00  
-3.60   1.58    15.41  
-3.52   1.58    14.84  
-3.43   1.58    14.28  
-3.35   1.58    13.73  
-3.27   1.58    13.19  
-3.19   1.58    12.67  
-3.11   1.58    12.16  
-3.03   1.58    11.67  
-2.95   1.58    11.18  
-2.87   1.58    10.71  
-2.79   1.58    10.26  
-2.71   1.58    9.81   
-2.63   1.58    9.38   
-2.55   1.58    8.96   
-2.46   1.58    8.56   
-2.38   1.58    8.17   
-2.30   1.58    7.79   
-2.22   1.58    7.42   
-2.14   1.58    7.07   
-2.06   1.58    6.73   
-1.98   1.58    6.40   
-1.90   1.58    6.09   
-1.82   1.58    5.79   
-1.74   1.58    5.50   
-1.66   1.58    5.23   
-1.58   1.58    4.97   
-1.49   1.58    4.72   
-1.41   1.58    4.48   
-1.33   1.58    4.26   
-1.25   1.58    4.05   
-1.17   1.58    3.86   
-1.09   1.58    3.67   
-1.01   1.58    3.50   
-0.93   1.58    3.35   
-0.85   1.58    3.20   
-0.77   1.58    3.07   
-0.69   1.58    2.95   
-0.61   1.58    2.85   
-0.53   1.58    2.76   
-0.44   1.58    2.68   
-0.36   1.58    2.62   
-0.28   1.58    2.56   
-0.20   1.58    2.52   
-0.12   1.58    2.50   
-0.04   1.58    2.48   
0.04    1.58    2.48   
0.12    1.58    2.50   
0.20    1.58    2.52   
0.28    1.58    2.56   
0.36    1.58    2.62   
0.44    1.58    2.68   
0.53    1.58    2.76   
0.61    1.58    2.85   
0.69    1.58    2.95   
0.77    1.58    3.07   
0.85    1.58    3.20   
0.93    1.58    3.35   
1.01    1.58    3.50   
1.09    1.58    3.67   
1.17    1.58    3.86   
1.25    1.58    4.05   
1.33    1.58    4.26   
1.41    1.58    4.48   
1.49    1.58    4.72   
1.58    1.58    4.97   
1.66    1.58    5.23   
1.74    1.58    5.50   
1.82    1.58    5.79   
1.90    1.58    6.09   
1.98    1.58    6.40   
2.06    1.58    6.73   
2.14    1.58    7.07   
2.22    1.58    7.42   
2.30    1.58    7.79   
2.38    1.58    8.17   
2.46    1.58    8.56   
2.55    1.58    8.96   
2.63    1.58    9.38   
2.71    1.58    9.81   
2.79    1.58    10.26  
2.87    1.58    10.71  
2.95    1.58    11.18  
3.03    1.58    11.67  
3.11    1.58    12.16  
3.19    1.58    12.67  
3.27    1.58    13.19  
3.35    1.58    13.73  
3.43    1.58    14.28  
3.52    1.58    14.84  
3.60    1.58    15.41  
3.68    1.58    16.00  
3.76    1.58    16.60  
3.84    1.58    17.22  
3.92    1.58    17.84  
4.00    1.58    18.48  
-4.00   1.66    18.74  
-3.92   1.66    18.10  
-3.84   1.66    17.48  
-3.76   1.66    16.86  
-3.68   1.66    16.26  
-3.60   1.66    15.68  
-3.52   1.66    15.10  
-3.43   1.66    14.54  
-3.35   1.66    13.99  
-3.27   1.66    13.45  
-3.19   1.66    12.93  
-3.11   1.66    12.42  
-3.03   1.66    11.93  
-2.95   1.66    11.44  
-2.87   1.66    10.97  
-2.79   1.66    10.52  
-2.71   1.66    10.07  
-2.63   1.66    9.64   
-2.55   1.66    9.22   
-2.46   1.66    8.82   
-2.38   1.66    8.43   
-2.30   1.66    8.05   
-2.22   1.66    7.68   
-2.14   1.66    7.33   
-2.06   1.66    6.99   
-1.98   1.66    6.66   
-1.90   1.66    6.35   
-1.82   1.66    6.05   
-1.74   1.66    5.76   
-1.66   1.66    5.49   
-1.58   1.66    5.23   
-1.49   1.66    4.98   
-1.41   1.66    4.74   
-1.33   1.66    4.52   
-1.25   1.66    4.31   
-1.17   1.66    4.12   
-1.09   1.66    3.93   
-1.01   1.66    3.76   
-0.93   1.66    3.61   
-0.85   1.66    3.46   
-0.77   1.66    3.33   
-0.69   1.66    3.22   
-0.61   1.66    3.11   
-0.53   1.66    3.02   
-0.44   1.66    2.94   
-0.36   1.66    2.88   
-0.28   1.66    2.82   
-0.20   1.66    2.79   
-0.12   1.66    2.76   
-0.04   1.66    2.75   
0.04    1.66    2.75   
0.12    1.66    2.76   
0.20    1.66    2.79   
0.28    1.66    2.82   
0.36    1.66    2.88   
0.44    1.66    2.94   
0.53    1.66    3.02   
0.61    1.66    3.11   
0.69    1.66    3.22   
0.77    1.66    3.33   
0.85    1.66    3.46   
0.93    1.66    3.61   
1.01    1.66    3.76   
1.09    1.66    3.93   
1.17    1.66    4.12   
1.25    1.66    4.31   
1.33    1.66    4.52   
1.41    1.66    4.74   
1.49    1.66    4.98   
1.58    1.66    5.23   
1.66    1.66    5.49   
1.74    1.66    5.76   
1.82    1.66    6.05   
1.90    1.66    6.35   
1.98    1.66    6.66   
2.06    1.66    6.99   
2.14    1.66    7.33   
2.22    1.66    7.68   
2.30    1.66    8.05   
2.38    1.66    8.43   
2.46    1.66    8.82   
2.55    1.66    9.22   
2.63    1.66    9.64   
2.71    1.66    10.07  
2.79    1.66    10.52  
2.87    1.66    10.97  
2.95    1.66    11.44  
3.03    1.66    11.93  
3.11    1.66    12.42  
3.19    1.66    12.93  
3.27    1.66    13.45  
3.35    1.66    13.99  
3.43    1.66    14.54  
3.52    1.66    15.10  
3.60    1.66    15.68  
3.68    1.66    16.26  
3.76    1.66    16.86  
3.84    1.66    17.48  
3.92    1.66    18.10  
4.00    1.66    18.74  
-4.00   1.74    19.02  
-3.92   1.74    18.38  
-3.84   1.74    17.75  
-3.76   1.74    17.14  
-3.68   1.74    16.54  
-3.60   1.74    15.95  
-3.52   1.74    15.37  
-3.43   1.74    14.81  
-3.35   1.74    14.26  
-3.27   1.74    13.73  
-3.19   1.74    13.21  
-3.11   1.74    12.70  
-3.03   1.74    12.20  
-2.95   1.74    11.72  
-2.87   1.74    11.25  
-2.79   1.74    10.79  
-2.71   1.74    10.35  
-2.63   1.74    9.92   
-2.55   1.74    9.50   
-2.46   1.74    9.09   
-2.38   1.74    8.70   
-2.30   1.74    8.32   
-2.22   1.74    7.96   
-2.14   1.74    7.60   
-2.06   1.74    7.26   
-1.98   1.74    6.94   
-1.90   1.74    6.62   
-1.82   1.74    6.32   
-1.74   1.74    6.04   
-1.66   1.74    5.76   
-1.58   1.74    5.50   
-1.49   1.74    5.25   
-1.41   1.74    5.02   
-1.33   1.74    4.80   
-1.25   1.74    4.59   
-1.17   1.74    4.39   
-1.09   1.74    4.21   
-1.01   1.74    4.04   
-0.93   1.74    3.88   
-0.85   1.74    3.74   
-0.77   1.74    3.61   
-0.69   1.74    3.49   
-0.61   1.74    3.39   
-0.53   1.74    3.29   
-0.44   1.74    3.22   
-0.36   1.74    3.15   
-0.28   1.74    3.10   
-0.20   1.74    3.06   
-0.12   1.74    3.03   
-0.04   1.74    3.02   
0.04    1.74    3.02   
0.12    1.74    3.03   
0.20    1.74    3.06   
0.28    1.74    3.10   
0.36    1.74    3.15   
0.44    1.74    3.22   
0.53    1.74    3.29   
0.61    1.74    3.39   
0.69    1.74    3.49   
0.77    1.74    3.61   
0.85    1.74    3.74   
0.93    1.74    3.88   
1.01    1.74    4.04   
1.09    1.74    4.21   
1.17    1.74    4.39   
1.25    1.74    4.59   
1.33    1.74    4.80   
1.41    1.74    5.02   
1.49    1.74    5.25   
1.58    1.74    5.50   
1.66    1.74    5.76   
1.74    1.74    6.04   
1.82    1.74    6.32   
1.90    1.74    6.62   
1.98    1.74    6.94   
2.06    1.74    7.26   
2.14    1.74    7.60   
2.22    1.74    7.96   
2.30    1.74    8.32   
2.38    1.74    8.70   
2.46    1.74    9.09   
2.55    1.74    9.50   
2.63    1.74    9.92   
2.71    1.74    10.35  
2.79    1.74    10.79  
2.87    1.74    11.25  
2.95    1.74    11.72  
3.03    1.74    12.20  
3.11    1.74    12.70  
3.19    1.74    13.21  
3.27    1.74    13.73  
3.35    1.74    14.26  
3.43    1.74    14.81  
3.52    1.74    15.37  
3.60    1.74    15.95  
3.68    1.74    16.54  
3.76    1.74    17.14  
3.84    1.74    17.75  
3.92    1.74    18.38  
4.00    1.74    19.02  
-4.00   1.82    19.31  
-3.92   1.82    18.67  
-3.84   1.82    18.04  
-3.76   1.82    17.43  
-3.68   1.82    16.82  
-3.60   1.82    16.24  
-3.52   1.82    15.66  
-3.43   1.82    15.10  
-3.35   1.82    14.55  
-3.27   1.82    14.02  
-3.19   1.82    13.49  
-3.11   1.82    12.98  
-3.03   1.82    12.49  
-2.95   1.82    12.01  
-2.87   1.82    11.54  
-2.79   1.82    11.08  
-2.71   1.82    10.63  
-2.63   1.82    10.20  
-2.55   1.82    9.79   
-2.46   1.82    9.38   
-2.38   1.82    8.99   
-2.30   1.82    8.61   
-2.22   1.82    8.24   
-2.14   1.82    7.89   
-2.06   1.82    7.55   
-1.98   1.82    7.23   
-1.90   1.82    6.91   
-1.82   1.82    6.61   
-1.74   1.82    6.32   
-1.66   1.82    6.05   
-1.58   1.82    5.79   
-1.49   1.82    5.54   
-1.41   1.82    5.31   
-1.33   1.82    5.08   
-1.25   1.82    4.87   
-1.17   1.82    4.68   
-1.09   1.82    4.50   
-1.01   1.82    4.33   
-0.93   1.82    4.17   
-0.85   1.82    4.03   
-0.77   1.82    3.90   
-0.69   1.82    3.78   
-0.61   1.82    3.67   
-0.53   1.82    3.58   
-0.44   1.82    3.50   
-0.36   1.82    3.44   
-0.28   1.82    3.39   
-0.20   1.82    3.35   
-0.12   1.82    3.32   
-0.04   1.82    3.31   
0.04    1.82    3.31   
0.12    1.82    3.32   
0.20    1.82    3.35   
0.28    1.82    3.39   
0.36    1.82    3.44   
0.44    1.82    3.50   
0.53    1.82    3.58   
0.61    1.82    3.67   
0.69    1.82    3.78   
0.77    1.82    3.90   
0.85    1.82    4.03   
0.93    1.82    4.17   
1.01    1.82    4.33   
1.09    1.82    4.50   
1.17    1.82    4.68   
1.25    1.82    4.87   
1.33    1.82    5.08   
1.41    1.82    5.31   
1.49    1.82    5.54   
1.58    1.82    5.79   
1.66    1.82    6.05   
1.74    1.82    6.32   
1.82    1.82    6.61   
1.90    1.82    6.91   
1.98    1.82    7.23   
2.06    1.82    7.55   
2.14    1.82    7.89   
2.22    1.82    8.24   
2.30    1.82    8.61   
2.38    1.82    8.99   
2.46    1.82    9.38   
2.55    1.82    9.79   
2.63    1.82    10.20  
2.71    1.82    10.63  
2.79    1.82    11.08  
2.87    1.82    11.54  
2.95    1.82    12.01  
3.03    1.82    12.49  
3.11    1.82    12.98  
3.19    1.82    13.49  
3.27    1.82    14.02  
3.35    1.82    14.55  
3.43    1.82    15.10  
3.52    1.82    15.66  
3.60    1.82    16.24  
3.68    1.82    16.82  
3.76    1.82    17.43  
3.84    1.82    18.04  
3.92    1.82    18.67  
4.00    1.82    19.31  
-4.00   1.90    19.61  
-3.92   1.90    18.97  
-3.84   1.90    18.34  
-3.76   1.90    17.73  
-3.68   1.90    17.12  
-3.60   1.90    16.54  
-3.52   1.90    15.96  
-3.43   1.90    15.40  
-3.35   1.90    14.85  
-3.27   1.90    14.32  
-3.19   1.90    13.79  
-3.11   1.90    13.29  
-3.03   1.90    12.79  
-2.95   1.90    12.31  
-2.87   1.90    11.84  
-2.79   1.90    11.38  
-2.71   1.90    10.93  
-2.63   1.90    10.50  
-2.55   1.90    10.09  
-2.46   1.90    9.68   
-2.38   1.90    9.29   
-2.30   1.90    8.91   
-2.22   1.90    8.54   
-2.14   1.90    8.19   
-2.06   1.90    7.85   
-1.98   1.90    7.53   
-1.90   1.90    7.21   
-1.82   1.90    6.91   
-1.74   1.90    6.62   
-1.66   1.90    6.35   
-1.58   1.90    6.09   
-1.49   1.90    5.84   
-1.41   1.90    5.61   
-1.33   1.90    5.38   
-1.25   1.90    5.17   
-1.17   1.90    4.98   
-1.09   1.90    4.80   
-1.01   1.90    4.63   
-0.93   1.90    4.47   
-0.85   1.90    4.33   
-0.77   1.90    4.20   
-0.69   1.90    4.08   
-0.61   1.90    3.97   
-0.53   1.90    3.88   
-0.44   1.90    3.80   
-0.36   1.90    3.74   
-0.28   1.90    3.69   
-0.20   1.90    3.65   
-0.12   1.90    3.62   
-0.04   1.90    3.61   
0.04    1.90    3.61   
0.12    1.90    3.62   
0.20    1.90    3.65   
0.28    1.90    3.69   
0.36    1.90    3.74   
0.44    1.90    3.80   
0.53    1.90    3.88   
0.61    1.90    3.97   
0.69    1.90    4.08   
0.77    1.90    4.20   
0.85    1.90    4.33   
0.93    1.90    4.47   
1.01    1.90    4.63   
1.09    1.90    4.80   
1.17    1.90    4.98   
1.25    1.90    5.17   
1.33    1.90    5.38   
1.41    1.90    5.61   
1.49    1.90    5.84   
1.58    1.90    6.09   
1.66    1.90    6.35   
1.74    1.90    6.62   
1.82    1.90    6.91   
1.90    1.90    7.21   
1.98    1.90    7.53   
2.06    1.90    7.85   
2.14    1.90    8.19   
2.22    1.90    8.54   
2.30    1.90    8.91   
2.38    1.90    9.29   
2.46    1.90    9.68   
2.55    1.90    10.09  
2.63    1.90    10.50  
2.71    1.90    10.93  
2.79    1.90    11.38  
2.87    1.90    11.84  
2.95    1.90    12.31  
3.03    1.90    12.79  
3.11    1.90    13.29  
3.19    1.90    13.79  
3.27    1.90    14.32  
3.35    1.90    14.85  
3.43    1.90    15.40  
3.52    1.90    15.96  
3.60    1.90    16.54  
3.68    1.90    17.12  
3.76    1.90    17.73  
3.84    1.90    18.34  
3.92    1.90    18.97  
4.00    1.90    19.61  
-4.00   1.98    19.92  
-3.92   1.98    19.28  
-3.84   1.98    18.65  
-3.76   1.98    18.04  
-3.68   1.98    17.44  
-3.60   1.98    16.85  
-3.52   1.98    16.28  
-3.43   1.98    15.71  
-3.35   1.98    15.17  
-3.27   1.98    14.63  
-3.19   1.98    14.11  
-3.11   1.98    13.60  
-3.03   1.98    13.10  
-2.95   1.98    12.62  
-2.87   1.98    12.15  
-2.79   1.98    11.69  
-2.71   1.98    11.25  
-2.63   1.98    10.82  
-2.55   1.98    10.40  
-2.46   1.98    9.99   
-2.38   1.98    9.60   
-2.30   1.98    9.22   
-2.22   1.98    8.86   
-2.14   1.98    8.51   
-2.06   1.98    8.17   
-1.98   1.98    7.84   
-1.90   1.98    7.53   
-1.82   1.98    7.23   
-1.74   1.98    6.94   
-1.66   1.98    6.66   
-1.58   1.98    6.40   
-1.49   1.98    6.15   
-1.41   1.98    5.92   
-1.33   1.98    5.70   
-1.25   1.98    5.49   
-1.17   1.98    5.29   
-1.09   1.98    5.11   
-1.01   1.98    4.94   
-0.93   1.98    4.78   
-0.85   1.98    4.64   
-0.77   1.98    4.51   
-0.69   1.98    4.39   
-0.61   1.98    4.29   
-0.53   1.98    4.20   
-0.44   1.98    4.12   
-0.36   1.98    4.05   
-0.28   1.98    4.00   
-0.20   1.98    3.96   
-0.12   1.98    3.93   
-0.04   1.98    3.92   
0.04    1.98    3.92   
0.12    1.98    3.93   
0.20    1.98    3.96   
0.28    1.98    4.00   
0.36    1.98    4.05   
0.44    1.98    4.12   
0.53    1.98    4.20   
0.61    1.98    4.29   
0.69    1.98    4.39   
0.77    1.98    4.51   
0.85    1.98    4.64   
0.93    1.98    4.78   
1.01    1.98    4.94   
1.09    1.98    5.11   
1.17    1.98    5.29   
1.25    1.98    5.49   
1.33    1.98    5.70   
1.41    1.98    5.92   
1.49    1.98    6.15   
1.58    1.98    6.40   
1.66    1.98    6.66   
1.74    1.98    6.94   
1.82    1.98    7.23   
1.90    1.98    7.53   
1.98    1.98    7.84   
2.06    1.98    8.17   
2.14    1.98    8.51   
2.22    1.98    8.86   
2.30    1.98    9.22   
2.38    1.98    9.60   
2.46    1.98    9.99   
2.55    1.98    10.40  
2.63    1.98    10.82  
2.71    1.98    11.25  
2.79    1.98    11.69  
2.87    1.98    12.15  
2.95    1.98    12.62  
3.03    1.98    13.10  
3.11    1.98    13.60  
3.19    1.98    14.11  
3.27    1.98    14.63  
3.35    1.98    15.17  
3.43    1.98    15.71  
3.52    1.98    16.28  
3.60    1.98    16.85  
3.68    1.98    17.44  
3.76    1.98    18.04  
3.84    1.98    18.65  
3.92    1.98    19.28  
4.00    1.98    19.92  
-4.00   2.06    20.25  
-3.92   2.06    19.61  
-3.84   2.06    18.98  
-3.76   2.06    18.37  
-3.68   2.06    17.76  
-3.60   2.06    17.18  
-3.52   2.06    16.60  
-3.43   2.06    16.04  
-3.35   2.06    15.49  
-3.27   2.06    14.96  
-3.19   2.06    14.43  
-3.11   2.06    13.93  
-3.03   2.06    13.43  
-2.95   2.06    12.95  
-2.87   2.06    12.48  
-2.79   2.06    12.02  
-2.71   2.06    11.57  
-2.63   2.06    11.14  
-2.55   2.06    10.73  
-2.46   2.06    10.32  
-2.38   2.06    9.93   
-2.30   2.06    9.55   
-2.22   2.06    9.18   
-2.14   2.06    8.83   
-2.06   2.06    8.49   
-1.98   2.06    8.17   
-1.90   2.06    7.85   
-1.82   2.06    7.55   
-1.74   2.06    7.26   
-1.66   2.06    6.99   
-1.58   2.06    6.73   
-1.49   2.06    6.48   
-1.41   2.06    6.25   
-1.33   2.06    6.02   
-1.25   2.06    5.81   
-1.17   2.06    5.62   
-1.09   2.06    5.44   
-1.01   2.06    5.27   
-0.93   2.06    5.11   
-0.85   2.06    4.97   
-0.77   2.06    4.84   
-0.69   2.06    4.72   
-0.61   2.06    4.61   
-0.53   2.06    4.52   
-0.44   2.06    4.44   
-0.36   2.06    4.38   
-0.28   2.06    4.33   
-0.20   2.06    4.29   
-0.12   2.06    4.26   
-0.04   2.06    4.25   
0.04    2.06    4.25   
0.12    2.06    4.26   
0.20    2.06    4.29   
0.28    2.06    4.33   
0.36    2.06    4.38   
0.44    2.06    4.44   
0.53    2.06    4.52   
0.61    2.06    4.61   
0.69    2.06    4.72   
0.77    2.06    4.84   
0.85    2.06    4.97   
0.93    2.06    5.11   
1.01    2.06    5.27   
1.09    2.06    5.44   
1.17    2.06    5.62   
1.25    2.06    5.81   
1.33    2.06    6.02   
1.41    2.06    6.25   
1.49    2.06    6.48   
1.58    2.06    6.73   
1.66    2.06    6.99   
1.74    2.06    7.26   
1.82    2.06    7.55   
1.90    2.06    7.85   
1.98    2.06    8.17   
2.06    2.06    8.49   
2.14    2.06    8.83   
2.22    2.06    9.18   
2.30    2.06    9.55   
2.38    2.06    9.93   
2.46    2.06    10.32  
2.55    2.06    10.73  
2.63    2.06    11.14  
2.71    2.06    11.57  
2.79    2.06    12.02  
2.87    2.06    12.48  
2.95    2.06    12.95  
3.03    2.06    13.43  
3.11    2.06    13.93  
3.19    2.06    14.43  
3.27    2.06    14.96  
3.35    2.06    15.49  
3.43    2.06    16.04  
3.52    2.06    16.60  
3.60    2.06    17.18  
3.68    2.06    17.76  
3.76    2.06    18.37  
3.84    2.06    18.98  
3.92    2.06    19.61  
4.00    2.06    20.25  
-4.00   2.14    20.59  
-3.92   2.14    19.95  
-3.84   2.14    19.32  
-3.76   2.14    18.71  
-3.68   2.14    18.10  
-3.60   2.14    17.52  
-3.52   2.14    16.94  
-3.43   2.14    16.38  
-3.35   2.14    15.83  
-3.27   2.14    15.30  
-3.19   2.14    14.77  
-3.11   2.14    14.26  
-3.03   2.14    13.77  
-2.95   2.14    13.29  
-2.87   2.14    12.82  
-2.79   2.14    12.36  
-2.71   2.14    11.91  
-2.63   2.14    11.48  
-2.55   2.14    11.06  
-2.46   2.14    10.66  
-2.38   2.14    10.27  
-2.30   2.14    9.89   
-2.22   2.14    9.52   
-2.14   2.14    9.17   
-2.06   2.14    8.83   
-1.98   2.14    8.51   
-1.90   2.14    8.19   
-1.82   2.14    7.89   
-1.74   2.14    7.60   
-1.66   2.14    7.33   
-1.58   2.14    7.07   
-1.49   2.14    6.82   
-1.41   2.14    6.59   
-1.33   2.14    6.36   
-1.25   2.14    6.15   
-1.17   2.14    5.96   
-1.09   2.14    5.78   
-1.01   2.14    5.61   
-0.93   2.14    5.45   
-0.85   2.14    5.31   
-0.77   2.14    5.17   
-0.69   2.14    5.06   
-0.61   2.14    4.95   
-0.53   2.14    4.86   
-0.44   2.14    4.78   
-0.36   2.14    4.72   
-0.28   2.14    4.67   
-0.20   2.14    4.63   
-0.12   2.14    4.60   
-0.04   2.14    4.59   
0.04    2.14    4.59   
0.12    2.14    4.60   
0.20    2.14    4.63   
0.28    2.14    4.67   
0.36    2.14    4.72   
0.44    2.14    4.78   
0.53    2.14    4.86   
0.61    2.14    4.95   
0.69    2.14    5.06   
0.77    2.14    5.17   
0.85    2.14    5.31   
0.93    2.14    5.45   
1.01    2.14    5.61   
1.09    2.14    5.78   
1.17    2.14    5.96   
1.25    2.14    6.15   
1.33    2.14    6.36   
1.41    2.14    6.59   
1.49    2.14    6.82   
1.58    2.14    7.07   
1.66    2.14    7.33   
1.74    2.14    7.60   
1.82    2.14    7.89   
1.90    2.14    8.19   
1.98    2.14    8.51   
2.06    2.14    8.83   
2.14    2.14    9.17   
2.22    2.14    9.52   
2.30    2.14    9.89   
2.38    2.14    10.27  
2.46    2.14    10.66  
2.55    2.14    11.06  
2.63    2.14    11.48  
2.71    2.14    11.91  
2.79    2.14    12.36  
2.87    2.14    12.82  
2.95    2.14    13.29  
3.03    2.14    13.77  
3.11    2.14    14.26  
3.19    2.14    14.77  
3.27    2.14    15.30  
3.35    2.14    15.83  
3.43    2.14    16.38  
3.52    2.14    16.94  
3.60    2.14    17.52  
3.68    2.14    18.10  
3.76    2.14    18.71  
3.84    2.14    19.32  
3.92    2.14    19.95  
4.00    2.14    20.59  
-4.00   2.22    20.94  
-3.92   2.22    20.30  
-3.84   2.22    19.67  
-3.76   2.22    19.06  
-3.68   2.22    18.46  
-3.60   2.22    17.87  
-3.52   2.22    17.29  
-3.43   2.22    16.73  
-3.35   2.22    16.18  
-3.27   2.22    15.65  
-3.19   2.22    15.13  
-3.11   2.22    14.62  
-3.03   2.22    14.12  
-2.95   2.22    13.64  
-2.87   2.22    13.17  
-2.79   2.22    12.71  
-2.71   2.22    12.27  
-2.63   2.22    11.84  
-2.55   2.22    11.42  
-2.46   2.22    11.01  
-2.38   2.22    10.62  
-2.30   2.22    10.24  
-2.22   2.22    9.88   
-2.14   2.22    9.52   
-2.06   2.22    9.18   
-1.98   2.22    8.86   
-1.90   2.22    8.54   
-1.82   2.22    8.24   
-1.74   2.22    7.96   
-1.66   2.22    7.68   
-1.58   2.22    7.42   
-1.49   2.22    7.17   
-1.41   2.22    6.94   
-1.33   2.22    6.72   
-1.25   2.22    6.51   
-1.17   2.22    6.31   
-1.09   2.22    6.13   
-1.01   2.22    5.96   
-0.93   2.22    5.80   
-0.85   2.22    5.66   
-0.77   2.22    5.53   
-0.69   2.22    5.41   
-0.61   2.22    5.31   
-0.53   2.22    5.21   
-0.44   2.22    5.14   
-0.36   2.22    5.07   
-0.28   2.22    5.02   
-0.20   2.22    4.98   
-0.12   2.22    4.95   
-0.04   2.22    4.94   
0.04    2.22    4.94   
0.12    2.22    4.95   
0.20    2.22    4.98   
0.28    2.22    5.02   
0.36    2.22    5.07   
0.44    2.22    5.14   
0.53    2.22    5.21   
0.61    2.22    5.31   
0.69    2.22    5.41   
0.77    2.22    5.53   
0.85    2.22    5.66   
0.93    2.22    5.80   
1.01    2.22    5.96   
1.09    2.22    6.13   
1.17    2.22    6.31   
1.25    2.22    6.51   
1.33    2.22    6.72   
1.41    2.22    6.94   
1.49    2.22    7.17   
1.58    2.22    7.42   
1.66    2.22    7.68   
1.74    2.22    7.96   
1.82    2.22    8.24   
1.90    2.22    8.54   
1.98    2.22    8.86   
2.06    2.22    9.18   
2.14    2.22    9.52   
2.22    2.22    9.88   
2.30    2.22    10.24  
2.38    2.22    10.62  
2.46    2.22    11.01  
2.55    2.22    11.42  
2.63    2.22    11.84  
2.71    2.22    12.27  
2.79    2.22    12.71  
2.87    2.22    13.17  
2.95    2.22    13.64  
3.03    2.22    14.12  
3.11    2.22    14.62  
3.19    2.22    15.13  
3.27    2.22    15.65  
3.35    2.22    16.18  
3.43    2.22    16.73  
3.52    2.22    17.29  
3.60    2.22    17.87  
3.68    2.22    18.46  
3.76    2.22    19.06  
3.84    2.22    19.67  
3.92    2.22    20.30  
4.00    2.22    20.94  
-4.00   2.30    21.30  
-3.92   2.30    20.66  
-3.84   2.30    20.04  
-3.76   2.30    19.42  
-3.68   2.30    18.82  
-3.60   2.30    18.23  
-3.52   2.30    17.66  
-3.43   2.30    17.10  
-3.35   2.30    16.55  
-3.27   2.30    16.01  
-3.19   2.30    15.49  
-3.11   2.30    14.98  
-3.03   2.30    14.49  
-2.95   2.30    14.00  
-2.87   2.30    13.53  
-2.79   2.30    13.08  
-2.71   2.30    12.63  
-2.63   2.30    12.20  
-2.55   2.30    11.78  
-2.46   2.30    11.38  
-2.38   2.30    10.99  
-2.30   2.30    10.61  
-2.22   2.30    10.24  
-2.14   2.30    9.89   
-2.06   2.30    9.55   
-1.98   2.30    9.22   
-1.90   2.30    8.91   
-1.82   2.30    8.61   
-1.74   2.30    8.32   
-1.66   2.30    8.05   
-1.58   2.30    7.79   
-1.49   2.30    7.54   
-1.41   2.30    7.30   
-1.33   2.30    7.08   
-1.25   2.30    6.87   
-1.17   2.30    6.68   
-1.09   2.30    6.49   
-1.01   2.30    6.32   
-0.93   2.30    6.17   
-0.85   2.30    6.02   
-0.77   2.30    5.89   
-0.69   2.30    5.78   
-0.61   2.30    5.67   
-0.53   2.30    5.58   
-0.44   2.30    5.50   
-0.36   2.30    5.44   
-0.28   2.30    5.38   
-0.20   2.30    5.34   
-0.12   2.30    5.32   
-0.04   2.30    5.31   
0.04    2.30    5.31   
0.12    2.30    5.32   
0.20    2.30    5.34   
0.28    2.30    5.38   
0.36    2.30    5.44   
0.44    2.30    5.50   
0.53    2.30    5.58   
0.61    2.30    5.67   
0.69    2.30    5.78   
0.77    2.30    5.89   
0.85    2.30    6.02   
0.93    2.30    6.17   
1.01    2.30    6.32   
1.09    2.30    6.49   
1.17    2.30    6.68   
1.25    2.30    6.87   
1.33    2.30    7.08   
1.41    2.30    7.30   
1.49    2.30    7.54   
1.58    2.30    7.79   
1.66    2.30    8.05   
1.74    2.30    8.32   
1.82    2.30    8.61   
1.90    2.30    8.91   
1.98    2.30    9.22   
2.06    2.30    9.55   
2.14    2.30    9.89   
2.22    2.30    10.24  
2.30    2.30    10.61  
2.38    2.30    10.99  
2.46    2.30    11.38  
2.55    2.30    11.78  
2.63    2.30    12.20  
2.71    2.30    12.63  
2.79    2.30    13.08  
2.87    2.30    13.53  
2.95    2.30    14.00  
3.03    2.30    14.49  
3.11    2.30    14.98  
3.19    2.30    15.49  
3.27    2.30    16.01  
3.35    2.30    16.55  
3.43    2.30    17.10  
3.52    2.30    17.66  
3.60    2.30    18.23  
3.68    2.30    18.82  
3.76    2.30    19.42  
3.84    2.30    20.04  
3.92    2.30    20.66  
4.00    2.30    21.30  
-4.00   2.38    21.68  
-3.92   2.38    21.04  
-3.84   2.38    20.42  
-3.76   2.38    19.80  
-3.68   2.38    19.20  
-3.60   2.38    18.61  
-3.52   2.38    18.04  
-3.43   2.38    17.48  
-3.35   2.38    16.93  
-3.27   2.38    16.39  
-3.19   2.38    15.87  
-3.11   2.38    15.36  
-3.03   2.38    14.87  
-2.95   2.38    14.38  
-2.87   2.38    13.91  
-2.79   2.38    13.45  
-2.71   2.38    13.01  
-2.63   2.38    12.58  
-2.55   2.38    12.16  
-2.46   2.38    11.76  
-2.38   2.38    11.37  
-2.30   2.38    10.99  
-2.22   2.38    10.62  
-2.14   2.38    10.27  
-2.06   2.38    9.93   
-1.98   2.38    9.60   
-1.90   2.38    9.29   
-1.82   2.38    8.99   
-1.74   2.38    8.70   
-1.66   2.38    8.43   
-1.58   2.38    8.17   
-1.49   2.38    7.92   
-1.41   2.38    7.68   
-1.33   2.38    7.46   
-1.25   2.38    7.25   
-1.17   2.38    7.06   
-1.09   2.38    6.87   
-1.01   2.38    6.70   
-0.93   2.38    6.55   
-0.85   2.38    6.40   
-0.77   2.38    6.27   
-0.69   2.38    6.15   
-0.61   2.38    6.05   
-0.53   2.38    5.96   
-0.44   2.38    5.88   
-0.36   2.38    5.81   
-0.28   2.38    5.76   
-0.20   2.38    5.72   
-0.12   2.38    5.70   
-0.04   2.38    5.68   
0.04    2.38    5.68   
0.12    2.38    5.70   
0.20    2.38    5.72   
0.28    2.38    5.76   
0.36    2.38    5.81   
0.44    2.38    5.88   
0.53    2.38    5.96   
0.61    2.38    6.05   
0.69    2.38    6.15   
0.77    2.38    6.27   
0.85    2.38    6.40   
0.93    2.38    6.55   
1.01    2.38    6.70   
1.09    2.38    6.87   
1.17    2.38    7.06   
1.25    2.38    7.25   
1.33    2.38    7.46   
1.41    2.38    7.68   
1.49    2.38    7.92   
1.58    2.38    8.17   
1.66    2.38    8.43   
1.74    2.38    8.70   
1.82    2.38    8.99   
1.90    2.38    9.29   
1.98    2.38    9.60   
2.06    2.38    9.93   
2.14    2.38    10.27  
2.22    2.38    10.62  
2.30    2.38    10.99  
2.38    2.38    11.37  
2.46    2.38    11.76  
2.55    2.38    12.16  
2.63    2.38    12.58  
2.71    2.38    13.01  
2.79    2.38    13.45  
2.87    2.38    13.91  
2.95    2.38    14.38  
3.03    2.38    14.87  
3.11    2.38    15.36  
3.19    2.38    15.87  
3.27    2.38    16.39  
3.35    2.38    16.93  
3.43    2.38    17.48  
3.52    2.38    18.04  
3.60    2.38    18.61  
3.68    2.38    19.20  
3.76    2.38    19.80  
3.84    2.38    20.42  
3.92    2.38    21.04  
4.00    2.38    21.68  
-4.00   2.46    22.07  
-3.92   2.46    21.43  
-3.84   2.46    20.81  
-3.76   2.46    20.19  
-3.68   2.46    19.59  
-3.60   2.46    19.01  
-3.52   2.46    18.43  
-3.43   2.46    17.87  
-3.35   2.46    17.32  
-3.27   2.46    16.79  
-3.19   2.46    16.26  
-3.11   2.46    15.75  
-3.03   2.46    15.26  
-2.95   2.46    14.77  
-2.87   2.46    14.30  
-2.79   2.46    13.85  
-2.71   2.46    13.40  
-2.63   2.46    12.97  
-2.55   2.46    12.55  
-2.46   2.46    12.15  
-2.38   2.46    11.76  
-2.30   2.46    11.38  
-2.22   2.46    11.01  
-2.14   2.46    10.66  
-2.06   2.46    10.32  
-1.98   2.46    9.99   
-1.90   2.46    9.68   
-1.82   2.46    9.38   
-1.74   2.46    9.09   
-1.66   2.46    8.82   
-1.58   2.46    8.56   
-1.49   2.46    8.31   
-1.41   2.46    8.07   
-1.33   2.46    7.85   
-1.25   2.46    7.64   
-1.17   2.46    7.45   
-1.09   2.46    7.26   
-1.01   2.46    7.09   
-0.93   2.46    6.94   
-0.85   2.46    6.79   
-0.77   2.46    6.66   
-0.69   2.46    6.55   
-0.61   2.46    6.44   
-0.53   2.46    6.35   
-0.44   2.46    6.27   
-0.36   2.46    6.21   
-0.28   2.46    6.15   
-0.20   2.46    6.12   
-0.12   2.46    6.09   
-0.04   2.46    6.08   
0.04    2.46    6.08   
0.12    2.46    6.09   
0.20    2.46    6.12   
0.28    2.46    6.15   
0.36    2.46    6.21   
0.44    2.46    6.27   
0.53    2.46    6.35   
0.61    2.46    6.44   
0.69    2.46    6.55   
0.77    2.46    6.66   
0.85    2.46    6.79   
0.93    2.46    6.94   
1.01    2.46    7.09   
1.09    2.46    7.26   
1.17    2.46    7.45   
1.25    2.46    7.64   
1.33    2.46    7.85   
1.41    2.46    8.07   
1.49    2.46    8.31   
1.58    2.46    8.56   
1.66    2.46    8.82   
1.74    2.46    9.09   
1.82    2.46    9.38   
1.90    2.46    9.68   
1.98    2.46    9.99   
2.06    2.46    10.32  
2.14    2.46    10.66  
2.22    2.46    11.01  
2.30    2.46    11.38  
2.38    2.46    11.76  
2.46    2.46    12.15  
2.55    2.46    12.55  
2.63    2.46    12.97  
2.71    2.46    13.40  
2.79    2.46    13.85  
2.87    2.46    14.30  
2.95    2.46    14.77  
3.03    2.46    15.26  
3.11    2.46    15.75  
3.19    2.46    16.26  
3.27    2.46    16.79  
3.35    2.46    17.32  
3.43    2.46    17.87  
3.52    2.46    18.43  
3.60    2.46    19.01  
3.68    2.46    19.59  
3.76    2.46    20.19  
3.84    2.46    20.81  
3.92    2.46    21.43  
4.00    2.46    22.07  
-4.00   2.55    22.48  
-3.92   2.55    21.84  
-3.84   2.55    21.21  
-3.76   2.55    20.60  
-3.68   2.55    20.00  
-3.60   2.55    19.41  
-3.52   2.55    18.84  
-3.43   2.55    18.27  
-3.35   2.55    17.73  
-3.27   2.55    17.19  
-3.19   2.55    16.67  
-3.11   2.55    16.16  
-3.03   2.55    15.66  
-2.95   2.55    15.18  
-2.87   2.55    14.71  
-2.79   2.55    14.25  
-2.71   2.55    13.81  
-2.63   2.55    13.38  
-2.55   2.55    12.96  
-2.46   2.55    12.55  
-2.38   2.55    12.16  
-2.30   2.55    11.78  
-2.22   2.55    11.42  
-2.14   2.55    11.06  
-2.06   2.55    10.73  
-1.98   2.55    10.40  
-1.90   2.55    10.09  
-1.82   2.55    9.79   
-1.74   2.55    9.50   
-1.66   2.55    9.22   
-1.58   2.55    8.96   
-1.49   2.55    8.71   
-1.41   2.55    8.48   
-1.33   2.55    8.26   
-1.25   2.55    8.05   
-1.17   2.55    7.85   
-1.09   2.55    7.67   
-1.01   2.55    7.50   
-0.93   2.55    7.34   
-0.85   2.55    7.20   
-0.77   2.55    7.07   
-0.69   2.55    6.95   
-0.61   2.55    6.85   
-0.53   2.55    6.76   
-0.44   2.55    6.68   
-0.36   2.55    6.61   
-0.28   2.55    6.56   
-0.20   2.55    6.52   
-0.12   2.55    6.49   
-0.04   2.55    6.48   
0.04    2.55    6.48   
0.12    2.55    6.49   
0.20    2.55    6.52   
0.28    2.55    6.56   
0.36    2.55    6.61   
0.44    2.55    6.68   
0.53    2.55    6.76   
0.61    2.55    6.85   
0.69    2.55    6.95   
0.77    2.55    7.07   
0.85    2.55    7.20   
0.93    2.55    7.34   
1.01    2.55    7.50   
1.09    2.55    7.67   
1.17    2.55    7.85   
1.25    2.55    8.05   
1.33    2.55    8.26   
1.41    2.55    8.48   
1.49    2.55    8.71   
1.58    2.55    8.96   
1.66    2.55    9.22   
1.74    2.55    9.50   
1.82    2.55    9.79   
1.90    2.55    10.09  
1.98    2.55    10.40  
2.06    2.55    10.73  
2.14    2.55    11.06  
2.22    2.55    11.42  
2.30    2.55    11.78  
2.38    2.55    12.16  
2.46    2.55    12.55  
2.55    2.55    12.96  
2.63    2.55    13.38  
2.71    2.55    13.81  
2.79    2.55    14.25  
2.87    2.55    14.71  
2.95    2.55    15.18  
3.03    2.55    15.66  
3.11    2.55    16.16  
3.19    2.55    16.67  
3.27    2.55    17.19  
3.35    2.55    17.73  
3.43    2.55    18.27  
3.52    2.55    18.84  
3.60    2.55    19.41  
3.68    2.55    20.00  
3.76    2.55    20.60  
3.84    2.55    21.21  
3.92    2.55    21.84  
4.00    2.55    22.48  
-4.00   2.63    22.90  
-3.92   2.63    22.26  
-3.84   2.63    21.63  
-3.76   2.63    21.02  
-3.68   2.63    20.42  
-3.60   2.63    19.83  
-3.52   2.63    19.25  
-3.43   2.63    18.69  
-3.35   2.63    18.14  
-3.27   2.63    17.61  
-3.19   2.63    17.09  
-3.11   2.63    16.58  
-3.03   2.63    16.08  
-2.95   2.63    15.60  
-2.87   2.63    15.13  
-2.79   2.63    14.67  
-2.71   2.63    14.23  
-2.63   2.63    13.79  
-2.55   2.63    13.38  
-2.46   2.63    12.97  
-2.38   2.63    12.58  
-2.30   2.63    12.20  
-2.22   2.63    11.84  
-2.14   2.63    11.48  
-2.06   2.63    11.14  
-1.98   2.63    10.82  
-1.90   2.63    10.50  
-1.82   2.63    10.20  
-1.74   2.63    9.92   
-1.66   2.63    9.64   
-1.58   2.63    9.38   
-1.49   2.63    9.13   
-1.41   2.63    8.90   
-1.33   2.63    8.68   
-1.25   2.63    8.47   
-1.17   2.63    8.27   
-1.09   2.63    8.09   
-1.01   2.63    7.92   
-0.93   2.63    7.76   
-0.85   2.63    7.62   
-0.77   2.63    7.49   
-0.69   2.63    7.37   
-0.61   2.63    7.26   
-0.53   2.63    7.17   
-0.44   2.63    7.09   
-0.36   2.63    7.03   
-0.28   2.63    6.98   
-0.20   2.63    6.94   
-0.12   2.63    6.91   
-0.04   2.63    6.90   
0.04    2.63    6.90   
0.12    2.63    6.91   
0.20    2.63    6.94   
0.28    2.63    6.98   
0.36    2.63    7.03   
0.44    2.63    7.09   
0.53    2.63    7.17   
0.61    2.63    7.26   
0.69    2.63    7.37   
0.77    2.63    7.49   
0.85    2.63    7.62   
0.93    2.63    7.76   
1.01    2.63    7.92   
1.09    2.63    8.09   
1.17    2.63    8.27   
1.25    2.63    8.47   
1.33    2.63    8.68   
1.41    2.63    8.90   
1.49    2.63    9.13   
1.58    2.63    9.38   
1.66    2.63    9.64   
1.74    2.63    9.92   
1.82    2.63    10.20  
1.90    2.63    10.50  
1.98    2.63    10.82  
2.06    2.63    11.14  
2.14    2.63    11.48  
2.22    2.63    11.84  
2.30    2.63    12.20  
2.38    2.63    12.58  
2.46    2.63    12.97  
2.55    2.63    13.38  
2.63    2.63    13.79  
2.71    2.63    14.23  
2.79    2.63    14.67  
2.87    2.63    15.13  
2.95    2.63    15.60  
3.03    2.63    16.08  
3.11    2.63    16.58  
3.19    2.63    17.09  
3.27    2.63    17.61  
3.35    2.63    18.14  
3.43    2.63    18.69  
3.52    2.63    19.25  
3.60    2.63    19.83  
3.68    2.63    20.42  
3.76    2.63    21.02  
3.84    2.63    21.63  
3.92    2.63    22.26  
4.00    2.63    22.90  
-4.00   2.71    23.33  
-3.92   2.71    22.69  
-3.84   2.71    22.06  
-3.76   2.71    21.45  
-3.68   2.71    20.85  
-3.60   2.71    20.26  
-3.52   2.71    19.68  
-3.43   2.71    19.12  
-3.35   2.71    18.57  
-3.27   2.71    18.04  
-3.19   2.71    17.52  
-3.11   2.71    17.01  
-3.03   2.71    16.51  
-2.95   2.71    16.03  
-2.87   2.71    15.56  
-2.79   2.71    15.10  
-2.71   2.71    14.66  
-2.63   2.71    14.23  
-2.55   2.71    13.81  
-2.46   2.71    13.40  
-2.38   2.71    13.01  
-2.30   2.71    12.63  
-2.22   2.71    12.27  
-2.14   2.71    11.91  
-2.06   2.71    11.57  
-1.98   2.71    11.25  
-1.90   2.71    10.93  
-1.82   2.71    10.63  
-1.74   2.71    10.35  
-1.66   2.71    10.07  
-1.58   2.71    9.81   
-1.49   2.71    9.56   
-1.41   2.71    9.33   
-1.33   2.71    9.11   
-1.25   2.71    8.90   
-1.17   2.71    8.70   
-1.09   2.71    8.52   
-1.01   2.71    8.35   
-0.93   2.71    8.19   
-0.85   2.71    8.05   
-0.77   2.71    7.92   
-0.69   2.71    7.80   
-0.61   2.71    7.70   
-0.53   2.71    7.60   
-0.44   2.71    7.53   
-0.36   2.71    7.46   
-0.28   2.71    7.41   
-0.20   2.71    7.37   
-0.12   2.71    7.34   
-0.04   2.71    7.33   
0.04    2.71    7.33   
0.12    2.71    7.34   
0.20    2.71    7.37   
0.28    2.71    7.41   
0.36    2.71    7.46   
0.44    2.71    7.53   
0.53    2.71    7.60   
0.61    2.71    7.70   
0.69    2.71    7.80   
0.77    2.71    7.92   
0.85    2.71    8.05   
0.93    2.71    8.19   
1.01    2.71    8.35   
1.09    2.71    8.52   
1.17    2.71    8.70   
1.25    2.71    8.90   
1.33    2.71    9.11   
1.41    2.71    9.33   
1.49    2.71    9.56   
1.58    2.71    9.81   
1.66    2.71    10.07  
1.74    2.71    10.35  
1.82    2.71    10.63  
1.90    2.71    10.93  
1.98    2.71    11.25  
2.06    2.71    11.57  
2.14    2.71    11.91  
2.22    2.71    12.27  
2.30    2.71    12.63  
2.38    2.71    13.01  
2.46    2.71    13.40  
2.55    2.71    13.81  
2.63    2.71    14.23  
2.71    2.71    14.66  
2.79    2.71    15.10  
2.87    2.71    15.56  
2.95    2.71    16.03  
3.03    2.71    16.51  
3.11    2.71    17.01  
3.19    2.71    17.52  
3.27    2.71    18.04  
3.35    2.71    18.57  
3.43    2.71    19.12  
3.52    2.71    19.68  
3.60    2.71    20.26  
3.68    2.71    20.85  
3.76    2.71    21.45  
3.84    2.71    22.06  
3.92    2.71    22.69  
4.00    2.71    23.33  
-4.00   2.79    23.77  
-3.92   2.79    23.13  
-3.84   2.79    22.51  
-3.76   2.79    21.89  
-3.68   2.79    21.29  
-3.60   2.79    20.70  
-3.52   2.79    20.13  
-3.43   2.79    19.57  
-3.35   2.79    19.02  
-3.27   2.79    18.48  
-3.19   2.79    17.96  
-3.11   2.79    17.45  
-3.03   2.79    16.96  
-2.95   2.79    16.47  
-2.87   2.79    16.00  
-2.79   2.79    15.54  
-2.71   2.79    15.10  
-2.63   2.79    14.67  
-2.55   2.79    14.25  
-2.46   2.79    13.85  
-2.38   2.79    13.45  
-2.30   2.79    13.08  
-2.22   2.79    12.71  
-2.14   2.79    12.36  
-2.06   2.79    12.02  
-1.98   2.79    11.69  
-1.90   2.79    11.38  
-1.82   2.79    11.08  
-1.74   2.79    10.79  
-1.66   2.79    10.52  
-1.58   2.79    10.26  
-1.49   2.79    10.01  
-1.41   2.79    9.77   
-1.33   2.79    9.55   
-1.25   2.79    9.34   
-1.17   2.79    9.15   
-1.09   2.79    8.96   
-1.01   2.79    8.79   
-0.93   2.79    8.64   
-0.85   2.79    8.49   
-0.77   2.79    8.36   
-0.69   2.79    8.24   
-0.61   2.79    8.14   
-0.53   2.79    8.05   
-0.44   2.79    7.97   
-0.36   2.79    7.90   
-0.28   2.79    7.85   
-0.20   2.79    7.81   
-0.12   2.79    7.79   
-0.04   2.79    7.77   
0.04    2.79    7.77   
0.12    2.79    7.79   
0.20    2.79    7.81   
0.28    2.79    7.85   
0.36    2.79    7.90   
0.44    2.79    7.97   
0.53    2.79    8.05   
0.61    2.79    8.14   
0.69    2.79    8.24   
0.77    2.79    8.36   
0.85    2.79    8.49   
0.93    2.79    8.64   
1.01    2.79    8.79   
1.09    2.79    8.96   
1.17    2.79    9.15   
1.25    2.79    9.34   
1.33    2.79    9.55   
1.41    2.79    9.77   
1.49    2.79    10.01  
1.58    2.79    10.26  
1.66    2.79    10.52  
1.74    2.79    10.79  
1.82    2.79    11.08  
1.90    2.79    11.38  
1.98    2.79    11.69  
2.06    2.79    12.02  
2.14    2.79    12.36  
2.22    2.79    12.71  
2.30    2.79    13.08  
2.38    2.79    13.45  
2.46    2.79    13.85  
2.55    2.79    14.25  
2.63    2.79    14.67  
2.71    2.79    15.10  
2.79    2.79    15.54  
2.87    2.79    16.00  
2.95    2.79    16.47  
3.03    2.79    16.96  
3.11    2.79    17.45  
3.19    2.79    17.96  
3.27    2.79    18.48  
3.35    2.79    19.02  
3.43    2.79    19.57  
3.52    2.79    20.13  
3.60    2.79    20.70  
3.68    2.79    21.29  
3.76    2.79    21.89  
3.84    2.79    22.51  
3.92    2.79    23.13  
4.00    2.79    23.77  
-4.00   2.87    24.23  
-3.92   2.87    23.59  
-3.84   2.87    22.96  
-3.76   2.87    22.35  
-3.68   2.87    21.75  
-3.60   2.87    21.16  
-3.52   2.87    20.59  
-3.43   2.87    20.02  
-3.35   2.87    19.48  
-3.27   2.87    18.94  
-3.19   2.87    18.42  
-3.11   2.87    17.91  
-3.03   2.87    17.41  
-2.95   2.87    16.93  
-2.87   2.87    16.46  
-2.79   2.87    16.00  
-2.71   2.87    15.56  
-2.63   2.87    15.13  
-2.55   2.87    14.71  
-2.46   2.87    14.30  
-2.38   2.87    13.91  
-2.30   2.87    13.53  
-2.22   2.87    13.17  
-2.14   2.87    12.82  
-2.06   2.87    12.48  
-1.98   2.87    12.15  
-1.90   2.87    11.84  
-1.82   2.87    11.54  
-1.74   2.87    11.25  
-1.66   2.87    10.97  
-1.58   2.87    10.71  
-1.49   2.87    10.46  
-1.41   2.87    10.23  
-1.33   2.87    10.01  
-1.25   2.87    9.80   
-1.17   2.87    9.60   
-1.09   2.87    9.42   
-1.01   2.87    9.25   
-0.93   2.87    9.09   
-0.85   2.87    8.95   
-0.77   2.87    8.82   
-0.69   2.87    8.70   
-0.61   2.87    8.60   
-0.53   2.87    8.51   
-0.44   2.87    8.43   
-0.36   2.87    8.36   
-0.28   2.87    8.31   
-0.20   2.87    8.27   
-0.12   2.87    8.24   
-0.04   2.87    8.23   
0.04    2.87    8.23   
0.12    2.87    8.24   
0.20    2.87    8.27   
0.28    2.87    8.31   
0.36    2.87    8.36   
0.44    2.87    8.43   
0.53    2.87    8.51   
0.61    2.87    8.60   
0.69    2.87    8.70   
0.77    2.87    8.82   
0.85    2.87    8.95   
0.93    2.87    9.09   
1.01    2.87    9.25   
1.09    2.87    9.42   
1.17    2.87    9.60   
1.25    2.87    9.80   
1.33    2.87    10.01  
1.41    2.87    10.23  
1.49    2.87    10.46  
1.58    2.87    10.71  
1.66    2.87    10.97  
1.74    2.87    11.25  
1.82    2.87    11.54  
1.90    2.87    11.84  
1.98    2.87    12.15  
2.06    2.87    12.48  
2.14    2.87    12.82  
2.22    2.87    13.17  
2.30    2.87    13.53  
2.38    2.87    13.91  
2.46    2.87    14.30  
2.55    2.87    14.71  
2.63    2.87    15.13  
2.71    2.87    15.56  
2.79    2.87    16.00  
2.87    2.87    16.46  
2.95    2.87    16.93  
3.03    2.87    17.41  
3.11    2.87    17.91  
3.19    2.87    18.42  
3.27    2.87    18.94  
3.35    2.87    19.48  
3.43    2.87    20.02  
3.52    2.87    20.59  
3.60    2.87    21.16  
3.68    2.87    21.75  
3.76    2.87    22.35  
3.84    2.87    22.96  
3.92    2.87    23.59  
4.00    2.87    24.23  
-4.00   2.95    24.70  
-3.92   2.95    24.06  
-3.84   2.95    23.43  
-3.76   2.95    22.82  
-3.68   2.95    22.22  
-3.60   2.95    21.63  
-3.52   2.95    21.06  
-3.43   2.95    20.49  
-3.35   2.95    19.95  
-3.27   2.95    19.41  
-3.19   2.95    18.89  
-3.11   2.95    18.38  
-3.03   2.95    17.88  
-2.95   2.95    17.40  
-2.87   2.95    16.93  
-2.79   2.95    16.47  
-2.71   2.95    16.03  
-2.63   2.95    15.60  
-2.55   2.95    15.18  
-2.46   2.95    14.77  
-2.38   2.95    14.38  
-2.30   2.95    14.00  
-2.22   2.95    13.64  
-2.14   2.95    13.29  
-2.06   2.95    12.95  
-1.98   2.95    12.62  
-1.90   2.95    12.31  
-1.82   2.95    12.01  
-1.74   2.95    11.72  
-1.66   2.95    11.44  
-1.58   2.95    11.18  
-1.49   2.95    10.93  
-1.41   2.95    10.70  
-1.33   2.95    10.48  
-1.25   2.95    10.27  
-1.17   2.95    10.07  
-1.09   2.95    9.89   
-1.01   2.95    9.72   
-0.93   2.95    9.56   
-0.85   2.95    9.42   
-0.77   2.95    9.29   
-0.69   2.95    9.17   
-0.61   2.95    9.07   
-0.53   2.95    8.98   
-0.44   2.95    8.90   
-0.36   2.95    8.83   
-0.28   2.95    8.78   
-0.20   2.95    8.74   
-0.12   2.95    8.71   
-0.04   2.95    8.70   
0.04    2.95    8.70   
0.12    2.95    8.71   
0.20    2.95    8.74   
0.28    2.95    8.78   
0.36    2.95    8.83   
0.44    2.95    8.90   
0.53    2.95    8.98   
0.61    2.95    9.07   
0.69    2.95    9.17   
0.77    2.95    9.29   
0.85    2.95    9.42   
0.93    2.95    9.56   
1.01    2.95    9.72   
1.09    2.95    9.89   
1.17    2.95    10.07  
1.25    2.95    10.27  
1.33    2.95    10.48  
1.41    2.95    10.70  
1.49    2.95    10.93  
1.58    2.95    11.18  
1.66    2.95    11.44  
1.74    2.95    11.72  
1.82    2.95    12.01  
1.90    2.95    12.31  
1.98    2.95    12.62  
2.06    2.95    12.95  
2.14    2.95    13.29  
2.22    2.95    13.64  
2.30    2.95    14.00  
2.38    2.95    14.38  
2.46    2.95    14.77  
2.55    2.95    15.18  
2.63    2.95    15.60  
2.71    2.95    16.03  
2.79    2.95    16.47  
2.87    2.95    16.93  
2.95    2.95    17.40  
3.03    2.95    17.88  
3.11    2.95    18.38  
3.19    2.95    18.89  
3.27    2.95    19.41  
3.35    2.95    19.95  
3.43    2.95    20.49  
3.52    2.95    21.06  
3.60    2.95    21.63  
3.68    2.95    22.22  
3.76    2.95    22.82  
3.84    2.95    23.43  
3.92    2.95    24.06  
4.00    2.95    24.70  
-4.00   3.03    25.18  
-3.92   3.03    24.54  
-3.84   3.03    23.92  
-3.76   3.03    23.30  
-3.68   3.03    22.70  
-3.60   3.03    22.11  
-3.52   3.03    21.54  
-3.43   3.03    20.98  
-3.35   3.03    20.43  
-3.27   3.03    19.89  
-3.19   3.03    19.37  
-3.11   3.03    18.86  
-3.03   3.03    18.37  
-2.95   3.03    17.88  
-2.87   3.03    17.41  
-2.79   3.03    16.96  
-2.71   3.03    16.51  
-2.63   3.03    16.08  
-2.55   3.03    15.66  
-2.46   3.03    15.26  
-2.38   3.03    14.87  
-2.30   3.03    14.49  
-2.22   3.03    14.12  
-2.14   3.03    13.77  
-2.06   3.03    13.43  
-1.98   3.03    13.10  
-1.90   3.03    12.79  
-1.82   3.03    12.49  
-1.74   3.03    12.20  
-1.66   3.03    11.93  
-1.58   3.03    11.67  
-1.49   3.03    11.42  
-1.41   3.03    11.18  
-1.33   3.03    10.96  
-1.25   3.03    10.75  
-1.17   3.03    10.56  
-1.09   3.03    10.37  
-1.01   3.03    10.20  
-0.93   3.03    10.05  
-0.85   3.03    9.90   
-0.77   3.03    9.77   
-0.69   3.03    9.65   
-0.61   3.03    9.55   
-0.53   3.03    9.46   
-0.44   3.03    9.38   
-0.36   3.03    9.31   
-0.28   3.03    9.26   
-0.20   3.03    9.22   
-0.12   3.03    9.20   
-0.04   3.03    9.18   
0.04    3.03    9.18   
0.12    3.03    9.20   
0.20    3.03    9.22   
0.28    3.03    9.26   
0.36    3.03    9.31   
0.44    3.03    9.38   
0.53    3.03    9.46   
0.61    3.03    9.55   
0.69    3.03    9.65   
0.77    3.03    9.77   
0.85    3.03    9.90   
0.93    3.03    10.05  
1.01    3.03    10.20  
1.09    3.03    10.37  
1.17    3.03    10.56  
1.25    3.03    10.75  
1.33    3.03    10.96  
1.41    3.03    11.18  
1.49    3.03    11.42  
1.58    3.03    11.67  
1.66    3.03    11.93  
1.74    3.03    12.20  
1.82    3.03    12.49  
1.90    3.03    12.79  
1.98    3.03    13.10  
2.06    3.03    13.43  
2.14    3.03    13.77  
2.22    3.03    14.12  
2.30    3.03    14.49  
2.38    3.03    14.87  
2.46    3.03    15.26  
2.55    3.03    15.66  
2.63    3.03    16.08  
2.71    3.03    16.51  
2.79    3.03    16.96  
2.87    3.03    17.41  
2.95    3.03    17.88  
3.03    3.03    18.37  
3.11    3.03    18.86  
3.19    3.03    19.37  
3.27    3.03    19.89  
3.35    3.03    20.43  
3.43    3.03    20.98  
3.52    3.03    21.54  
3.60    3.03    22.11  
3.68    3.03    22.70  
3.76    3.03    23.30  
3.84    3.03    23.92  
3.92    3.03    24.54  
4.00    3.03    25.18  
-4.00   3.11    25.68  
-3.92   3.11    25.04  
-3.84   3.11    24.41  
-3.76   3.11    23.80  
-3.68   3.11    23.20  
-3.60   3.11    22.61  
-3.52   3.11    22.04  
-3.43   3.11    21.47  
-3.35   3.11    20.93  
-3.27   3.11    20.39  
-3.19   3.11    19.87  
-3.11   3.11    19.36  
-3.03   3.11    18.86  
-2.95   3.11    18.38  
-2.87   3.11    17.91  
-2.79   3.11    17.45  
-2.71   3.11    17.01  
-2.63   3.11    16.58  
-2.55   3.11    16.16  
-2.46   3.11    15.75  
-2.38   3.11    15.36  
-2.30   3.11    14.98  
-2.22   3.11    14.62  
-2.14   3.11    14.26  
-2.06   3.11    13.93  
-1.98   3.11    13.60  
-1.90   3.11    13.29  
-1.82   3.11    12.98  
-1.74   3.11    12.70  
-1.66   3.11    12.42  
-1.58   3.11    12.16  
-1.49   3.11    11.91  
-1.41   3.11    11.68  
-1.33   3.11    11.46  
-1.25   3.11    11.25  
-1.17   3.11    11.05  
-1.09   3.11    10.87  
-1.01   3.11    10.70  
-0.93   3.11    10.54  
-0.85   3.11    10.40  
-0.77   3.11    10.27  
-0.69   3.11    10.15  
-0.61   3.11    10.05  
-0.53   3.11    9.95   
-0.44   3.11    9.88   
-0.36   3.11    9.81   
-0.28   3.11    9.76   
-0.20   3.11    9.72   
-0.12   3.11    9.69   
-0.04   3.11    9.68   
0.04    3.11    9.68   
0.12    3.11    9.69   
0.20    3.11    9.72   
0.28    3.11    9.76   
0.36    3.11    9.81   
0.44    3.11    9.88   
0.53    3.11    9.95   
0.61    3.11    10.05  
0.69    3.11    10.15  
0.77    3.11    10.27  
0.85    3.11    10.40  
0.93    3.11    10.54  
1.01    3.11    10.70  
1.09    3.11    10.87  
1.17    3.11    11.05  
1.25    3.11    11.25  
1.33    3.11    11.46  
1.41    3.11    11.68  
1.49    3.11    11.91  
1.58    3.11    12.16  
1.66    3.11    12.42  
1.74    3.11    12.70  
1.82    3.11    12.98  
1.90    3.11    13.29  
1.98    3.11    13.60  
2.06    3.11    13.93  
2.14    3.11    14.26  
2.22    3.11    14.62  
2.30    3.11    14.98  
2.38    3.11    15.36  
2.46    3.11    15.75  
2.55    3.11    16.16  
2.63    3.11    16.58  
2.71    3.11    17.01  
2.79    3.11    17.45  
2.87    3.11    17.91  
2.95    3.11    18.38  
3.03    3.11    18.86  
3.11    3.11    19.36  
3.19    3.11    19.87  
3.27    3.11    20.39  
3.35    3.11    20.93  
3.43    3.11    21.47  
3.52    3.11    22.04  
3.60    3.11    22.61  
3.68    3.11    23.20  
3.76    3.11    23.80  
3.84    3.11    24.41  
3.92    3.11    25.04  
4.00    3.11    25.68  
-4.00   3.19    26.19  
-3.92   3.19    25.55  
-3.84   3.19    24.92  
-3.76   3.19    24.31  
-3.68   3.19    23.71  
-3.60   3.19    23.12  
-3.52   3.19    22.54  
-3.43   3.19    21.98  
-3.35   3.19    21.43  
-3.27   3.19    20.90  
-3.19   3.19    20.38  
-3.11   3.19    19.87  
-3.03   3.19    19.37  
-2.95   3.19    18.89  
-2.87   3.19    18.42  
-2.79   3.19    17.96  
-2.71   3.19    17.52  
-2.63   3.19    17.09  
-2.55   3.19    16.67  
-2.46   3.19    16.26  
-2.38   3.19    15.87  
-2.30   3.19    15.49  
-2.22   3.19    15.13  
-2.14   3.19    14.77  
-2.06   3.19    14.43  
-1.98   3.19    14.11  
-1.90   3.19    13.79  
-1.82   3.19    13.49  
-1.74   3.19    13.21  
-1.66   3.19    12.93  
-1.58   3.19    12.67  
-1.49   3.19    12.42  
-1.41   3.19    12.19  
-1.33   3.19    11.97  
-1.25   3.19    11.76  
-1.17   3.19    11.56  
-1.09   3.19    11.38  
-1.01   3.19    11.21  
-0.93   3.19    11.05  
-0.85   3.19    10.91  
-0.77   3.19    10.78  
-0.69   3.19    10.66  
-0.61   3.19    10.56  
-0.53   3.19    10.46  
-0.44   3.19    10.39  
-0.36   3.19    10.32  
-0.28   3.19    10.27  
-0.20   3.19    10.23  
-0.12   3.19    10.20  
-0.04   3.19    10.19  
0.04    3.19    10.19  
0.12    3.19    10.20  
0.20    3.19    10.23  
0.28    3.19    10.27  
0.36    3.19    10.32  
0.44    3.19    10.39  
0.53    3.19    10.46  
0.61    3.19    10.56  
0.69    3.19    10.66  
0.77    3.19    10.78  
0.85    3.19    10.91  
0.93    3.19    11.05  
1.01    3.19    11.21  
1.09    3.19    11.38  
1.17    3.19    11.56  
1.25    3.19    11.76  
1.33    3.19    11.97  
1.41    3.19    12.19  
1.49    3.19    12.42  
1.58    3.19    12.67  
1.66    3.19    12.93  
1.74    3.19    13.21  
1.82    3.19    13.49  
1.90    3.19    13.79  
1.98    3.19    14.11  
2.06    3.19    14.43  
2.14    3.19    14.77  
2.22    3.19    15.13  
2.30    3.19    15.49  
2.38    3.19    15.87  
2.46    3.19    16.26  
2.55    3.19    16.67  
2.63    3.19    17.09  
2.71    3.19    17.52  
2.79    3.19    17.96  
2.87    3.19    18.42  
2.95    3.19    18.89  
3.03    3.19    19.37  
3.11    3.19    19.87  
3.19    3.19    20.38  
3.27    3.19    20.90  
3.35    3.19    21.43  
3.43    3.19    21.98  
3.52    3.19    22.54  
3.60    3.19    23.12  
3.68    3.19    23.71  
3.76    3.19    24.31  
3.84    3.19    24.92  
3.92    3.19    25.55  
4.00    3.19    26.19  
-4.00   3.27    26.71  
-3.92   3.27    26.07  
-3.84   3.27    25.44  
-3.76   3.27    24.83  
-3.68   3.27    24.23  
-3.60   3.27    23.64  
-3.52   3.27    23.07  
-3.43   3.27    22.51  
-3.35   3.27    21.96  
-3.27   3.27    21.42  
-3.19   3.27    20.90  
-3.11   3.27    20.39  
-3.03   3.27    19.89  
-2.95   3.27    19.41  
-2.87   3.27    18.94  
-2.79   3.27    18.48  
-2.71   3.27    18.04  
-2.63   3.27    17.61  
-2.55   3.27    17.19  
-2.46   3.27    16.79  
-2.38   3.27    16.39  
-2.30   3.27    16.01  
-2.22   3.27    15.65  
-2.14   3.27    15.30  
-2.06   3.27    14.96  
-1.98   3.27    14.63  
-1.90   3.27    14.32  
-1.82   3.27    14.02  
-1.74   3.27    13.73  
-1.66   3.27    13.45  
-1.58   3.27    13.19  
-1.49   3.27    12.95  
-1.41   3.27    12.71  
-1.33   3.27    12.49  
-1.25   3.27    12.28  
-1.17   3.27    12.08  
-1.09   3.27    11.90  
-1.01   3.27    11.73  
-0.93   3.27    11.57  
-0.85   3.27    11.43  
-0.77   3.27    11.30  
-0.69   3.27    11.18  
-0.61   3.27    11.08  
-0.53   3.27    10.99  
-0.44   3.27    10.91  
-0.36   3.27    10.84  
-0.28   3.27    10.79  
-0.20   3.27    10.75  
-0.12   3.27    10.73  
-0.04   3.27    10.71  
0.04    3.27    10.71  
0.12    3.27    10.73  
0.20    3.27    10.75  
0.28    3.27    10.79  
0.36    3.27    10.84  
0.44    3.27    10.91  
0.53    3.27    10.99  
0.61    3.27    11.08  
0.69    3.27    11.18  
0.77    3.27    11.30  
0.85    3.27    11.43  
0.93    3.27    11.57  
1.01    3.27    11.73  
1.09    3.27    11.90  
1.17    3.27    12.08  
1.25    3.27    12.28  
1.33    3.27    12.49  
1.41    3.27    12.71  
1.49    3.27    12.95  
1.58    3.27    13.19  
1.66    3.27    13.45  
1.74    3.27    13.73  
1.82    3.27    14.02  
1.90    3.27    14.32  
1.98    3.27    14.63  
2.06    3.27    14.96  
2.14    3.27    15.30  
2.22    3.27    15.65  
2.30    3.27    16.01  
2.38    3.27    16.39  
2.46    3.27    16.79  
2.55    3.27    17.19  
2.63    3.27    17.61  
2.71    3.27    18.04  
2.79    3.27    18.48  
2.87    3.27    18.94  
2.95    3.27    19.41  
3.03    3.27    19.89  
3.11    3.27    20.39  
3.19    3.27    20.90  
3.27    3.27    21.42  
3.35    3.27    21.96  
3.43    3.27    22.51  
3.52    3.27    23.07  
3.60    3.27    23.64  
3.68    3.27    24.23  
3.76    3.27    24.83  
3.84    3.27    25.44  
3.92    3.27    26.07  
4.00    3.27    26.71  
-4.00   3.35    27.25  
-3.92   3.35    26.61  
-3.84   3.35    25.98  
-3.76   3.35    25.37  
-3.68   3.35    24.76  
-3.60   3.35    24.18  
-3.52   3.35    23.60  
-3.43   3.35    23.04  
-3.35   3.35    22.49  
-3.27   3.35    21.96  
-3.19   3.35    21.43  
-3.11   3.35    20.93  
-3.03   3.35    20.43  
-2.95   3.35    19.95  
-2.87   3.35    19.48  
-2.79   3.35    19.02  
-2.71   3.35    18.57  
-2.63   3.35    18.14  
-2.55   3.35    17.73  
-2.46   3.35    17.32  
-2.38   3.35    16.93  
-2.30   3.35    16.55  
-2.22   3.35    16.18  
-2.14   3.35    15.83  
-2.06   3.35    15.49  
-1.98   3.35    15.17  
-1.90   3.35    14.85  
-1.82   3.35    14.55  
-1.74   3.35    14.26  
-1.66   3.35    13.99  
-1.58   3.35    13.73  
-1.49   3.35    13.48  
-1.41   3.35    13.25  
-1.33   3.35    13.02  
-1.25   3.35    12.82  
-1.17   3.35    12.62  
-1.09   3.35    12.44  
-1.01   3.35    12.27  
-0.93   3.35    12.11  
-0.85   3.35    11.97  
-0.77   3.35    11.84  
-0.69   3.35    11.72  
-0.61   3.35    11.61  
-0.53   3.35    11.52  
-0.44   3.35    11.44  
-0.36   3.35    11.38  
-0.28   3.35    11.33  
-0.20   3.35    11.29  
-0.12   3.35    11.26  
-0.04   3.35    11.25  
0.04    3.35    11.25  
0.12    3.35    11.26  
0.20    3.35    11.29  
0.28    3.35    11.33  
0.36    3.35    11.38  
0.44    3.35    11.44  
0.53    3.35    11.52  
0.61    3.35    11.61  
0.69    3.35    11.72  
0.77    3.35    11.84  
0.85    3.35    11.97  
0.93    3.35    12.11  
1.01    3.35    12.27  
1.09    3.35    12.44  
1.17    3.35    12.62  
1.25    3.35    12.82  
1.33    3.35    13.02  
1.41    3.35    13.25  
1.49    3.35    13.48  
1.58    3.35    13.73  
1.66    3.35    13.99  
1.74    3.35    14.26  
1.82    3.35    14.55  
1.90    3.35    14.85  
1.98    3.35    15.17  
2.06    3.35    15.49  
2.14    3.35    15.83  
2.22    3.35    16.18  
2.30    3.35    16.55  
2.38    3.35    16.93  
2.46    3.35    17.32  
2.55    3.35    17.73  
2.63    3.35    18.14  
2.71    3.35    18.57  
2.79    3.35    19.02  
2.87    3.35    19.48  
2.95    3.35    19.95  
3.03    3.35    20.43  
3.11    3.35    20.93  
3.19    3.35    21.43  
3.27    3.35    21.96  
3.35    3.35    22.49  
3.43    3.35    23.04  
3.52    3.35    23.60  
3.60    3.35    24.18  
3.68    3.35    24.76  
3.76    3.35    25.37  
3.84    3.35    25.98  
3.92    3.35    26.61  
4.00    3.35    27.25  
-4.00   3.43    27.79  
-3.92   3.43    27.15  
-3.84   3.43    26.53  
-3.76   3.43    25.91  
-3.68   3.43    25.31  
-3.60   3.43    24.73  
-3.52   3.43    24.15  
-3.43   3.43    23.59  
-3.35   3.43    23.04  
-3.27   3.43    22.51  
-3.19   3.43    21.98  
-3.11   3.43    21.47  
-3.03   3.43    20.98  
-2.95   3.43    20.49  
-2.87   3.43    20.02  
-2.79   3.43    19.57  
-2.71   3.43    19.12  
-2.63   3.43    18.69  
-2.55   3.43    18.27  
-2.46   3.43    17.87  
-2.38   3.43    17.48  
-2.30   3.43    17.10  
-2.22   3.43    16.73  
-2.14   3.43    16.38  
-2.06   3.43    16.04  
-1.98   3.43    15.71  
-1.90   3.43    15.40  
-1.82   3.43    15.10  
-1.74   3.43    14.81  
-1.66   3.43    14.54  
-1.58   3.43    14.28  
-1.49   3.43    14.03  
-1.41   3.43    13.79  
-1.33   3.43    13.57  
-1.25   3.43    13.36  
-1.17   3.43    13.17  
-1.09   3.43    12.98  
-1.01   3.43    12.82  
-0.93   3.43    12.66  
-0.85   3.43    12.51  
-0.77   3.43    12.38  
-0.69   3.43    12.27  
-0.61   3.43    12.16  
-0.53   3.43    12.07  
-0.44   3.43    11.99  
-0.36   3.43    11.93  
-0.28   3.43    11.87  
-0.20   3.43    11.84  
-0.12   3.43    11.81  
-0.04   3.43    11.80  
0.04    3.43    11.80  
0.12    3.43    11.81  
0.20    3.43    11.84  
0.28    3.43    11.87  
0.36    3.43    11.93  
0.44    3.43    11.99  
0.53    3.43    12.07  
0.61    3.43    12.16  
0.69    3.43    12.27  
0.77    3.43    12.38  
0.85    3.43    12.51  
0.93    3.43    12.66  
1.01    3.43    12.82  
1.09    3.43    12.98  
1.17    3.43    13.17  
1.25    3.43    13.36  
1.33    3.43    13.57  
1.41    3.43    13.79  
1.49    3.43    14.03  
1.58    3.43    14.28  
1.66    3.43    14.54  
1.74    3.43    14.81  
1.82    3.43    15.10  
1.90    3.43    15.40  
1.98    3.43    15.71  
2.06    3.43    16.04  
2.14    3.43    16.38  
2.22    3.43    16.73  
2.30    3.43    17.10  
2.38    3.43    17.48  
2.46    3.43    17.87  
2.55    3.43    18.27  
2.63    3.43    18.69  
2.71    3.43    19.12  
2.79    3.43    19.57  
2.87    3.43    20.02  
2.95    3.43    20.49  
3.03    3.43    20.98  
3.11    3.43    21.47  
3.19    3.43    21.98  
3.27    3.43    22.51  
3.35    3.43    23.04  
3.43    3.43    23.59  
3.52    3.43    24.15  
3.60    3.43    24.73  
3.68    3.43    25.31  
3.76    3.43    25.91  
3.84    3.43    26.53  
3.92    3.43    27.15  
4.00    3.43    27.79  
-4.00   3.52    28.36  
-3.92   3.52    27.72  
-3.84   3.52    27.09  
-3.76   3.52    26.48  
-3.68   3.52    25.87  
-3.60   3.52    25.29  
-3.52   3.52    24.71  
-3.43   3.52    24.15  
-3.35   3.52    23.60  
-3.27   3.52    23.07  
-3.19   3.52    22.54  
-3.11   3.52    22.04  
-3.03   3.52    21.54  
-2.95   3.52    21.06  
-2.87   3.52    20.59  
-2.79   3.52    20.13  
-2.71   3.52    19.68  
-2.63   3.52    19.25  
-2.55   3.52    18.84  
-2.46   3.52    18.43  
-2.38   3.52    18.04  
-2.30   3.52    17.66  
-2.22   3.52    17.29  
-2.14   3.52    16.94  
-2.06   3.52    16.60  
-1.98   3.52    16.28  
-1.90   3.52    15.96  
-1.82   3.52    15.66  
-1.74   3.52    15.37  
-1.66   3.52    15.10  
-1.58   3.52    14.84  
-1.49   3.52    14.59  
-1.41   3.52    14.36  
-1.33   3.52    14.13  
-1.25   3.52    13.93  
-1.17   3.52    13.73  
-1.09   3.52    13.55  
-1.01   3.52    13.38  
-0.93   3.52    13.22  
-0.85   3.52    13.08  
-0.77   3.52    12.95  
-0.69   3.52    12.83  
-0.61   3.52    12.72  
-0.53   3.52    12.63  
-0.44   3.52    12.55  
-0.36   3.52    12.49  
-0.28   3.52    12.44  
-0.20   3.52    12.40  
-0.12   3.52    12.37  
-0.04   3.52    12.36  
0.04    3.52    12.36  
0.12    3.52    12.37  
0.20    3.52    12.40  
0.28    3.52    12.44  
0.36    3.52    12.49  
0.44    3.52    12.55  
0.53    3.52    12.63  
0.61    3.52    12.72  
0.69    3.52    12.83  
0.77    3.52    12.95  
0.85    3.52    13.08  
0.93    3.52    13.22  
1.01    3.52    13.38  
1.09    3.52    13.55  
1.17    3.52    13.73  
1.25    3.52    13.93  
1.33    3.52    14.13  
1.41    3.52    14.36  
1.49    3.52    14.59  
1.58    3.52    14.84  
1.66    3.52    15.10  
1.74    3.52    15.37  
1.82    3.52    15.66  
1.90    3.52    15.96  
1.98    3.52    16.28  
2.06    3.52    16.60  
2.14    3.52    16.94  
2.22    3.52    17.29  
2.30    3.52    17.66  
2.38    3.52    18.04  
2.46    3.52    18.43  
2.55    3.52    18.84  
2.63    3.52    19.25  
2.71    3.52    19.68  
2.79    3.52    20.13  
2.87    3.52    20.59  
2.95    3.52    21.06  
3.03    3.52    21.54  
3.11    3.52    22.04  
3.19    3.52    22.54  
3.27    3.52    23.07  
3.35    3.52    23.60  
3.43    3.52    24.15  
3.52    3.52    24.71  
3.60    3.52    25.29  
3.68    3.52    25.87  
3.76    3.52    26.48  
3.84    3.52    27.09  
3.92    3.52    27.72  
4.00    3.52    28.36  
-4.00   3.60    28.93  
-3.92   3.60    28.29  
-3.84   3.60    27.66  
-3.76   3.60    27.05  
-3.68   3.60    26.45  
-3.60   3.60    25.86  
-3.52   3.60    25.29  
-3.43   3.60    24.73  
-3.35   3.60    24.18  
-3.27   3.60    23.64  
-3.19   3.60    23.12  
-3.11   3.60    22.61  
-3.03   3.60    22.11  
-2.95   3.60    21.63  
-2.87   3.60    21.16  
-2.79   3.60    20.70  
-2.71   3.60    20.26  
-2.63   3.60    19.83  
-2.55   3.60    19.41  
-2.46   3.60    19.01  
-2.38   3.60    18.61  
-2.30   3.60    18.23  
-2.22   3.60    17.87  
-2.14   3.60    17.52  
-2.06   3.60    17.18  
-1.98   3.60    16.85  
-1.90   3.60    16.54  
-1.82   3.60    16.24  
-1.74   3.60    15.95  
-1.66   3.60    15.68  
-1.58   3.60    15.41  
-1.49   3.60    15.17  
-1.41   3.60    14.93  
-1.33   3.60    14.71  
-1.25   3.60    14.50  
-1.17   3.60    14.30  
-1.09   3.60    14.12  
-1.01   3.60    13.95  
-0.93   3.60    13.79  
-0.85   3.60    13.65  
-0.77   3.60    13.52  
-0.69   3.60    13.40  
-0.61   3.60    13.30  
-0.53   3.60    13.21  
-0.44   3.60    13.13  
-0.36   3.60    13.06  
-0.28   3.60    13.01  
-0.20   3.60    12.97  
-0.12   3.60    12.95  
-0.04   3.60    12.93  
0.04    3.60    12.93  
0.12    3.60    12.95  
0.20    3.60    12.97  
0.28    3.60    13.01  
0.36    3.60    13.06  
0.44    3.60    13.13  
0.53    3.60    13.21  
0.61    3.60    13.30  
0.69    3.60    13.40  
0.77    3.60    13.52  
0.85    3.60    13.65  
0.93    3.60    13.79  
1.01    3.60    13.95  
1.09    3.60    14.12  
1.17    3.60    14.30  
1.25    3.60    14.50  
1.33    3.60    14.71  
1.41    3.60    14.93  
1.49    3.60    15.17  
1.58    3.60    15.41  
1.66    3.60    15.68  
1.74    3.60    15.95  
1.82    3.60    16.24  
1.90    3.60    16.54  
1.98    3.60    16.85  
2.06    3.60    17.18  
2.14    3.60    17.52  
2.22    3.60    17.87  
2.30    3.60    18.23  
2.38    3.60    18.61  
2.46    3.60    19.01  
2.55    3.60    19.41  
2.63    3.60    19.83  
2.71    3.60    20.26  
2.79    3.60    20.70  
2.87    3.60    21.16  
2.95    3.60    21.63  
3.03    3.60    22.11  
3.11    3.60    22.61  
3.19    3.60    23.12  
3.27    3.60    23.64  
3.35    3.60    24.18  
3.43    3.60    24.73  
3.52    3.60    25.29  
3.60    3.60    25.86  
3.68    3.60    26.45  
3.76    3.60    27.05  
3.84    3.60    27.66  
3.92    3.60    28.29  
4.00    3.60    28.93  
-4.00   3.68    29.52  
-3.92   3.68    28.88  
-3.84   3.68    28.25  
-3.76   3.68    27.64  
-3.68   3.68    27.04  
-3.60   3.68    26.45  
-3.52   3.68    25.87  
-3.43   3.68    25.31  
-3.35   3.68    24.76  
-3.27   3.68    24.23  
-3.19   3.68    23.71  
-3.11   3.68    23.20  
-3.03   3.68    22.70  
-2.95   3.68    22.22  
-2.87   3.68    21.75  
-2.79   3.68    21.29  
-2.71   3.68    20.85  
-2.63   3.68    20.42  
-2.55   3.68    20.00  
-2.46   3.68    19.59  
-2.38   3.68    19.20  
-2.30   3.68    18.82  
-2.22   3.68    18.46  
-2.14   3.68    18.10  
-2.06   3.68    17.76  
-1.98   3.68    17.44  
-1.90   3.68    17.12  
-1.82   3.68    16.82  
-1.74   3.68    16.54  
-1.66   3.68    16.26  
-1.58   3.68    16.00  
-1.49   3.68    15.75  
-1.41   3.68    15.52  
-1.33   3.68    15.30  
-1.25   3.68    15.09  
-1.17   3.68    14.89  
-1.09   3.68    14.71  
-1.01   3.68    14.54  
-0.93   3.68    14.38  
-0.85   3.68    14.24  
-0.77   3.68    14.11  
-0.69   3.68    13.99  
-0.61   3.68    13.89  
-0.53   3.68    13.79  
-0.44   3.68    13.72  
-0.36   3.68    13.65  
-0.28   3.68    13.60  
-0.20   3.68    13.56  
-0.12   3.68    13.53  
-0.04   3.68    13.52  
0.04    3.68    13.52  
0.12    3.68    13.53  
0.20    3.68    13.56  
0.28    3.68    13.60  
0.36    3.68    13.65  
0.44    3.68    13.72  
0.53    3.68    13.79  
0.61    3.68    13.89  
0.69    3.68    13.99  
0.77    3.68    14.11  
0.85    3.68    14.24  
0.93    3.68    14.38  
1.01    3.68    14.54  
1.09    3.68    14.71  
1.17    3.68    14.89  
1.25    3.68    15.09  
1.33    3.68    15.30  
1.41    3.68    15.52  
1.49    3.68    15.75  
1.58    3.68    16.00  
1.66    3.68    16.26  
1.74    3.68    16.54  
1.82    3.68    16.82  
1.90    3.68    17.12  
1.98    3.68    17.44  
2.06    3.68    17.76  
2.14    3.68    18.10  
2.22    3.68    18.46  
2.30    3.68    18.82  
2.38    3.68    19.20  
2.46    3.68    19.59  
2.55    3.68    20.00  
2.63    3.68    20.42  
2.71    3.68    20.85  
2.79    3.68    21.29  
2.87    3.68    21.75  
2.95    3.68    22.22  
3.03    3.68    22.70  
3.11    3.68    23.20  
3.19    3.68    23.71  
3.27    3.68    24.23  
3.35    3.68    24.76  
3.43    3.68    25.31  
3.52    3.68    25.87  
3.60    3.68    26.45  
3.68    3.68    27.04  
3.76    3.68    27.64  
3.84    3.68    28.25  
3.92    3.68    28.88  
4.00    3.68    29.52  
-4.00   3.76    30.12  
-3.92   3.76    29.48  
-3.84   3.76    28.85  
-3.76   3.76    28.24  
-3.68   3.76    27.64  
-3.60   3.76    27.05  
-3.52   3.76    26.48  
-3.43   3.76    25.91  
-3.35   3.76    25.37  
-3.27   3.76    24.83  
-3.19   3.76    24.31  
-3.11   3.76    23.80  
-3.03   3.76    23.30  
-2.95   3.76    22.82  
-2.87   3.76    22.35  
-2.79   3.76    21.89  
-2.71   3.76    21.45  
-2.63   3.76    21.02  
-2.55   3.76    20.60  
-2.46   3.76    20.19  
-2.38   3.76    19.80  
-2.30   3.76    19.42  
-2.22   3.76    19.06  
-2.14   3.76    18.71  
-2.06   3.76    18.37  
-1.98   3.76    18.04  
-1.90   3.76    17.73  
-1.82   3.76    17.43  
-1.74   3.76    17.14  
-1.66   3.76    16.86  
-1.58   3.76    16.60  
-1.49   3.76    16.35  
-1.41   3.76    16.12  
-1.33   3.76    15.90  
-1.25   3.76    15.69  
-1.17   3.76    15.49  
-1.09   3.76    15.31  
-1.01   3.76    15.14  
-0.93   3.76    14.98  
-0.85   3.76    14.84  
-0.77   3.76    14.71  
-0.69   3.76    14.59  
-0.61   3.76    14.49  
-0.53   3.76    14.40  
-0.44   3.76    14.32  
-0.36   3.76    14.25  
-0.28   3.76    14.20  
-0.20   3.76    14.16  
-0.12   3.76    14.13  
-0.04   3.76    14.12  
0.04    3.76    14.12  
0.12    3.76    14.13  
0.20    3.76    14.16  
0.28    3.76    14.20  
0.36    3.76    14.25  
0.44    3.76    14.32  
0.53    3.76    14.40  
0.61    3.76    14.49  
0.69    3.76    14.59  
0.77    3.76    14.71  
0.85    3.76    14.84  
0.93    3.76    14.98  
1.01    3.76    15.14  
1.09    3.76    15.31  
1.17    3.76    15.49  
1.25    3.76    15.69  
1.33    3.76    15.90  
1.41    3.76    16.12  
1.49    3.76    16.35  
1.58    3.76    16.60  
1.66    3.76    16.86  
1.74    3.76    17.14  
1.82    3.76    17.43  
1.90    3.76    17.73  
1.98    3.76    18.04  
2.06    3.76    18.37  
2.14    3.76    18.71  
2.22    3.76    19.06  
2.30    3.76    19.42  
2.38    3.76    19.80  
2.46    3.76    20.19  
2.55    3.76    20.60  
2.63    3.76    21.02  
2.71    3.76    21.45  
2.79    3.76    21.89  
2.87    3.76    22.35  
2.95    3.76    22.82  
3.03    3.76    23.30  
3.11    3.76    23.80  
3.19    3.76    24.31  
3.27    3.76    24.83  
3.35    3.76    25.37  
3.43    3.76    25.91  
3.52    3.76    26.48  
3.60    3.76    27.05  
3.68    3.76    27.64  
3.76    3.76    28.24  
3.84    3.76    28.85  
3.92    3.76    29.48  
4.00    3.76    30.12  
-4.00   3.84    30.73  
-3.92   3.84    30.09  
-3.84   3.84    29.47  
-3.76   3.84    28.85  
-3.68   3.84    28.25  
-3.60   3.84    27.66  
-3.52   3.84    27.09  
-3.43   3.84    26.53  
-3.35   3.84    25.98  
-3.27   3.84    25.44  
-3.19   3.84    24.92  
-3.11   3.84    24.41  
-3.03   3.84    23.92  
-2.95   3.84    23.43  
-2.87   3.84    22.96  
-2.79   3.84    22.51  
-2.71   3.84    22.06  
-2.63   3.84    21.63  
-2.55   3.84    21.21  
-2.46   3.84    20.81  
-2.38   3.84    20.42  
-2.30   3.84    20.04  
-2.22   3.84    19.67  
-2.14   3.84    19.32  
-2.06   3.84    18.98  
-1.98   3.84    18.65  
-1.90   3.84    18.34  
-1.82   3.84    18.04  
-1.74   3.84    17.75  
-1.66   3.84    17.48  
-1.58   3.84    17.22  
-1.49   3.84    16.97  
-1.41   3.84    16.73  
-1.33   3.84    16.51  
-1.25   3.84    16.30  
-1.17   3.84    16.11  
-1.09   3.84    15.92  
-1.01   3.84    15.75  
-0.93   3.84    15.60  
-0.85   3.84    15.45  
-0.77   3.84    15.32  
-0.69   3.84    15.20  
-0.61   3.84    15.10  
-0.53   3.84    15.01  
-0.44   3.84    14.93  
-0.36   3.84    14.87  
-0.28   3.84    14.81  
-0.20   3.84    14.77  
-0.12   3.84    14.75  
-0.04   3.84    14.73  
0.04    3.84    14.73  
0.12    3.84    14.75  
0.20    3.84    14.77  
0.28    3.84    14.81  
0.36    3.84    14.87  
0.44    3.84    14.93  
0.53    3.84    15.01  
0.61    3.84    15.10  
0.69    3.84    15.20  
0.77    3.84    15.32  
0.85    3.84    15.45  
0.93    3.84    15.60  
1.01    3.84    15.75  
1.09    3.84    15.92  
1.17    3.84    16.11  
1.25    3.84    16.30  
1.33    3.84    16.51  
1.41    3.84    16.73  
1.49    3.84    16.97  
1.58    3.84    17.22  
1.66    3.84    17.48  
1.74    3.84    17.75  
1.82    3.84    18.04  
1.90    3.84    18.34  
1.98    3.84    18.65  
2.06    3.84    18.98  
2.14    3.84    19.32  
2.22    3.84    19.67  
2.30    3.84    20.04  
2.38    3.84    20.42  
2.46    3.84    20.81  
2.55    3.84    21.21  
2.63    3.84    21.63  
2.71    3.84    22.06  
2.79    3.84    22.51  
2.87    3.84    22.96  
2.95    3.84    23.43  
3.03    3.84    23.92  
3.11    3.84    24.41  
3.19    3.84    24.92  
3.27    3.84    25.44  
3.35    3.84    25.98  
3.43    3.84    26.53  
3.52    3.84    27.09  
3.60    3.84    27.66  
3.68    3.84    28.25  
3.76    3.84    28.85  
3.84    3.84    29.47  
3.92    3.84    30.09  
4.00    3.84    30.73  
-4.00   3.92    31.36  
-3.92   3.92    30.72  
-3.84   3.92    30.09  
-3.76   3.92    29.48  
-3.68   3.92    28.88  
-3.60   3.92    28.29  
-3.52   3.92    27.72  
-3.43   3.92    27.15  
-3.35   3.92    26.61  
-3.27   3.92    26.07  
-3.19   3.92    25.55  
-3.11   3.92    25.04  
-3.03   3.92    24.54  
-2.95   3.92    24.06  
-2.87   3.92    23.59  
-2.79   3.92    23.13  
-2.71   3.92    22.69  
-2.63   3.92    22.26  
-2.55   3.92    21.84  
-2.46   3.92    21.43  
-2.38   3.92    21.04  
-2.30   3.92    20.66  
-2.22   3.92    20.30  
-2.14   3.92    19.95  
-2.06   3.92    19.61  
-1.98   3.92    19.28  
-1.90   3.92    18.97  
-1.82   3.92    18.67  
-1.74   3.92    18.38  
-1.66   3.92    18.10  
-1.58   3.92    17.84  
-1.49   3.92    17.59  
-1.41   3.92    17.36  
-1.33   3.92    17.14  
-1.25   3.92    16.93  
-1.17   3.92    16.73  
-1.09   3.92    16.55  
-1.01   3.92    16.38  
-0.93   3.92    16.22  
-0.85   3.92    16.08  
-0.77   3.92    15.95  
-0.69   3.92    15.83  
-0.61   3.92    15.73  
-0.53   3.92    15.64  
-0.44   3.92    15.56  
-0.36   3.92    15.49  
-0.28   3.92    15.44  
-0.20   3.92    15.40  
-0.12   3.92    15.37  
-0.04   3.92    15.36  
0.04    3.92    15.36  
0.12    3.92    15.37  
0.20    3.92    15.40  
0.28    3.92    15.44  
0.36    3.92    15.49  
0.44    3.92    15.56  
0.53    3.92    15.64  
0.61    3.92    15.73  
0.69    3.92    15.83  
0.77    3.92    15.95  
0.85    3.92    16.08  
0.93    3.92    16.22  
1.01    3.92    16.38  
1.09    3.92    16.55  
1.17    3.92    16.73  
1.25    3.92    16.93  
1.33    3.92    17.14  
1.41    3.92    17.36  
1.49    3.92    17.59  
1.58    3.92    17.84  
1.66    3.92    18.10  
1.74    3.92    18.38  
1.82    3.92    18.67  
1.90    3.92    18.97  
1.98    3.92    19.28  
2.06    3.92    19.61  
2.14    3.92    19.95  
2.22    3.92    20.30  
2.30    3.92    20.66  
2.38    3.92    21.04  
2.46    3.92    21.43  
2.55    3.92    21.84  
2.63    3.92    22.26  
2.71    3.92    22.69  
2.79    3.92    23.13  
2.87    3.92    23.59  
2.95    3.92    24.06  
3.03    3.92    24.54  
3.11    3.92    25.04  
3.19    3.92    25.55  
3.27    3.92    26.07  
3.35    3.92    26.61  
3.43    3.92    27.15  
3.52    3.92    27.72  
3.60    3.92    28.29  
3.68    3.92    28.88  
3.76    3.92    29.48  
3.84    3.92    30.09  
3.92    3.92    30.72  
4.00    3.92    31.36  
-4.00   4.00    32.00  
-3.92   4.00    31.36  
-3.84   4.00    30.73  
-3.76   4.00    30.12  
-3.68   4.00    29.52  
-3.60   4.00    28.93  
-3.52   4.00    28.36  
-3.43   4.00    27.79  
-3.35   4.00    27.25  
-3.27   4.00    26.71  
-3.19   4.00    26.19  
-3.11   4.00    25.68  
-3.03   4.00    25.18  
-2.95   4.00    24.70  
-2.87   4.00    24.23  
-2.79   4.00    23.77  
-2.71   4.00    23.33  
-2.63   4.00    22.90  
-2.55   4.00    22.48  
-2.46   4.00    22.07  
-2.38   4.00    21.68  
-2.30   4.00    21.30  
-2.22   4.00    20.94  
-2.14   4.00    20.59  
-2.06   4.00    20.25  
-1.98   4.00    19.92  
-1.90   4.00    19.61  
-1.82   4.00    19.31  
-1.74   4.00    19.02  
-1.66   4.00    18.74  
-1.58   4.00    18.48  
-1.49   4.00    18.23  
-1.41   4.00    18.00  
-1.33   4.00    17.78  
-1.25   4.00    17.57  
-1.17   4.00    17.37  
-1.09   4.00    17.19  
-1.01   4.00    17.02  
-0.93   4.00    16.86  
-0.85   4.00    16.72  
-0.77   4.00    16.59  
-0.69   4.00    16.47  
-0.61   4.00    16.37  
-0.53   4.00    16.28  
-0.44   4.00    16.20  
-0.36   4.00    16.13  
-0.28   4.00    16.08  
-0.20   4.00    16.04  
-0.12   4.00    16.01  
-0.04   4.00    16.00  
0.04    4.00    16.00  
0.12    4.00    16.01  
0.20    4.00    16.04  
0.28    4.00    16.08  
0.36    4.00    16.13  
0.44    4.00    16.20  
0.53    4.00    16.28  
0.61    4.00    16.37  
0.69    4.00    16.47  
0.77    4.00    16.59  
0.85    4.00    16.72  
0.93    4.00    16.86  
1.01    4.00    17.02  
1.09    4.00    17.19  
1.17    4.00    17.37  
1.25    4.00    17.57  
1.33    4.00    17.78  
1.41    4.00    18.00  
1.49    4.00    18.23  
1.58    4.00    18.48  
1.66    4.00    18.74  
1.74    4.00    19.02  
1.82    4.00    19.31  
1.90    4.00    19.61  
1.98    4.00    19.92  
2.06    4.00    20.25  
2.14    4.00    20.59  
2.22    4.00    20.94  
2.30    4.00    21.30  
2.38    4.00    21.68  
2.46    4.00    22.07  
2.55    4.00    22.48  
2.63    4.00    22.90  
2.71    4.00    23.33  
2.79    4.00    23.77  
2.87    4.00    24.23  
2.95    4.00    24.70  
3.03    4.00    25.18  
3.11    4.00    25.68  
3.19    4.00    26.19  
3.27    4.00    26.71  
3.35    4.00    27.25  
3.43    4.00    27.79  
3.52    4.00    28.36  
3.60    4.00    28.93  
3.68    4.00    29.52  
3.76    4.00    30.12  
3.84    4.00    30.73  
3.92    4.00    31.36  
4.00    4.00    32.00  
