-4.00   -4.00   0.00   
-3.92   -4.00   0.00   
-3.84   -4.00   0.00   
-3.76   -4.00   0.00   
-3.68   -4.00   0.00   
-3.60   -4.00   0.00   
-3.52   -4.00   0.00   
-3.43   -4.00   0.00   
-3.35   -4.00   0.00   
-3.27   -4.00   0.00   
-3.19   -4.00   0.00   
-3.11   -4.00   0.00   
-3.03   -4.00   0.00   
-2.95   -4.00   0.00   
-2.87   -4.00   0.00   
-2.79   -4.00   0.00   
-2.71   -4.00   0.00   
-2.63   -4.00   0.00   
-2.55   -4.00   0.00   
-2.46   -4.00   0.00   
-2.38   -4.00   0.00   
-2.30   -4.00   0.00   
-2.22   -4.00   0.00   
-2.14   -4.00   0.00   
-2.06   -4.00   0.00   
-1.98   -4.00   0.00   
-1.90   -4.00   0.00   
-1.82   -4.00   0.00   
-1.74   -4.00   0.00   
-1.66   -4.00   0.00   
-1.58   -4.00   0.00   
-1.49   -4.00   0.00   
-1.41   -4.00   0.00   
-1.33   -4.00   0.00   
-1.25   -4.00   0.00   
-1.17   -4.00   0.00   
-1.09   -4.00   0.00   
-1.01   -4.00   0.00   
-0.93   -4.00   0.00   
-0.85   -4.00   0.00   
-0.77   -4.00   0.00   
-0.69   -4.00   0.00   
-0.61   -4.00   0.00   
-0.53   -4.00   0.00   
-0.44   -4.00   0.00   
-0.36   -4.00   0.00   
-0.28   -4.00   0.00   
-0.20   -4.00   0.00   
-0.12   -4.00   0.00   
-0.04   -4.00   0.00   
0.04    -4.00   0.00   
0.12    -4.00   0.00   
0.20    -4.00   0.00   
0.28    -4.00   0.00   
0.36    -4.00   0.00   
0.44    -4.00   0.00   
0.53    -4.00   0.00   
0.61    -4.00   0.00   
0.69    -4.00   0.00   
0.77    -4.00   0.00   
0.85    -4.00   0.00   
0.93    -4.00   0.00   
1.01    -4.00   0.00   
1.09    -4.00   0.00   
1.17    -4.00   0.00   
1.25    -4.00   0.00   
1.33    -4.00   0.00   
1.41    -4.00   0.00   
1.49    -4.00   0.00   
1.58    -4.00   0.00   
1.66    -4.00   0.00   
1.74    -4.00   0.00   
1.82    -4.00   0.00   
1.90    -4.00   0.00   
1.98    -4.00   0.00   
2.06    -4.00   0.00   
2.14    -4.00   0.00   
2.22    -4.00   0.00   
2.30    -4.00   0.00   
2.38    -4.00   0.00   
2.46    -4.00   0.00   
2.55    -4.00   0.00   
2.63    -4.00   0.00   
2.71    -4.00   0.00   
2.79    -4.00   0.00   
2.87    -4.00   0.00   
2.95    -4.00   0.00   
3.03    -4.00   0.00   
3.11    -4.00   0.00   
3.19    -4.00   0.00   
3.27    -4.00   0.00   
3.35    -4.00   0.00   
3.43    -4.00   0.00   
3.52    -4.00   0.00   
3.60    -4.00   0.00   
3.68    -4.00   0.00   
3.76    -4.00   0.00   
3.84    -4.00   0.00   
3.92    -4.00   0.00   
4.00    -4.00   0.00   
-4.00   -3.92   0.00   
-3.92   -3.92   0.00   
-3.84   -3.92   0.00   
-3.76   -3.92   0.00   
-3.68   -3.92   0.00   
-3.60   -3.92   0.00   
-3.52   -3.92   0.00   
-3.43   -3.92   0.00   
-3.35   -3.92   0.00   
-3.27   -3.92   0.00   
-3.19   -3.92   0.00   
-3.11   -3.92   0.00   
-3.03   -3.92   0.00   
-2.95   -3.92   0.00   
-2.87   -3.92   0.00   
-2.79   -3.92   0.00   
-2.71   -3.92   0.00   
-2.63   -3.92   0.00   
-2.55   -3.92   0.00   
-2.46   -3.92   0.00   
-2.38   -3.92   0.00   
-2.30   -3.92   0.00   
-2.22   -3.92   0.00   
-2.14   -3.92   0.00   
-2.06   -3.92   0.00   
-1.98   -3.92   0.00   
-1.90   -3.92   0.00   
-1.82   -3.92   0.00   
-1.74   -3.92   0.00   
-1.66   -3.92   0.00   
-1.58   -3.92   0.00   
-1.49   -3.92   0.00   
-1.41   -3.92   0.00   
-1.33   -3.92   0.00   
-1.25   -3.92   0.00   
-1.17   -3.92   0.00   
-1.09   -3.92   0.00   
-1.01   -3.92   0.00   
-0.93   -3.92   0.00   
-0.85   -3.92   0.00   
-0.77   -3.92   0.00   
-0.69   -3.92   0.00   
-0.61   -3.92   0.00   
-0.53   -3.92   0.00   
-0.44   -3.92   0.00   
-0.36   -3.92   0.00   
-0.28   -3.92   0.00   
-0.20   -3.92   0.00   
-0.12   -3.92   0.00   
-0.04   -3.92   0.00   
0.04    -3.92   0.00   
0.12    -3.92   0.00   
0.20    -3.92   0.00   
0.28    -3.92   0.00   
0.36    -3.92   0.00   
0.44    -3.92   0.00   
0.53    -3.92   0.00   
0.61    -3.92   0.00   
0.69    -3.92   0.00   
0.77    -3.92   0.00   
0.85    -3.92   0.00   
0.93    -3.92   0.00   
1.01    -3.92   0.00   
1.09    -3.92   0.00   
1.17    -3.92   0.00   
1.25    -3.92   0.00   
1.33    -3.92   0.00   
1.41    -3.92   0.00   
1.49    -3.92   0.00   
1.58    -3.92   0.00   
1.66    -3.92   0.00   
1.74    -3.92   0.00   
1.82    -3.92   0.00   
1.90    -3.92   0.00   
1.98    -3.92   0.00   
2.06    -3.92   0.00   
2.14    -3.92   0.00   
2.22    -3.92   0.00   
2.30    -3.92   0.00   
2.38    -3.92   0.00   
2.46    -3.92   0.00   
2.55    -3.92   0.00   
2.63    -3.92   0.00   
2.71    -3.92   0.00   
2.79    -3.92   0.00   
2.87    -3.92   0.00   
2.95    -3.92   0.00   
3.03    -3.92   0.00   
3.11    -3.92   0.00   
3.19    -3.92   0.00   
3.27    -3.92   0.00   
3.35    -3.92   0.00   
3.43    -3.92   0.00   
3.52    -3.92   0.00   
3.60    -3.92   0.00   
3.68    -3.92   0.00   
3.76    -3.92   0.00   
3.84    -3.92   0.00   
3.92    -3.92   0.00   
4.00    -3.92   0.00   
-4.00   -3.84   0.00   
-3.92   -3.84   0.00   
-3.84   -3.84   0.00   
-3.76   -3.84   0.00   
-3.68   -3.84   0.00   
-3.60   -3.84   0.00   
-3.52   -3.84   0.00   
-3.43   -3.84   0.00   
-3.35   -3.84   0.00   
-3.27   -3.84   0.00   
-3.19   -3.84   0.00   
-3.11   -3.84   0.00   
-3.03   -3.84   0.00   
-2.95   -3.84   0.00   
-2.87   -3.84   0.00   
-2.79   -3.84   0.00   
-2.71   -3.84   0.00   
-2.63   -3.84   0.00   
-2.55   -3.84   0.00   
-2.46   -3.84   0.00   
-2.38   -3.84   0.00   
-2.30   -3.84   0.00   
-2.22   -3.84   0.00   
-2.14   -3.84   0.00   
-2.06   -3.84   0.00   
-1.98   -3.84   0.00   
-1.90   -3.84   0.00   
-1.82   -3.84   0.00   
-1.74   -3.84   0.00   
-1.66   -3.84   0.00   
-1.58   -3.84   0.00   
-1.49   -3.84   0.00   
-1.41   -3.84   0.00   
-1.33   -3.84   0.00   
-1.25   -3.84   0.00   
-1.17   -3.84   0.00   
-1.09   -3.84   0.00   
-1.01   -3.84   0.00   
-0.93   -3.84   0.00   
-0.85   -3.84   0.00   
-0.77   -3.84   0.00   
-0.69   -3.84   0.00   
-0.61   -3.84   0.00   
-0.53   -3.84   0.00   
-0.44   -3.84   0.00   
-0.36   -3.84   0.00   
-0.28   -3.84   0.00   
-0.20   -3.84   0.00   
-0.12   -3.84   0.00   
-0.04   -3.84   0.00   
0.04    -3.84   0.00   
0.12    -3.84   0.00   
0.20    -3.84   0.00   
0.28    -3.84   0.00   
0.36    -3.84   0.00   
0.44    -3.84   0.00   
0.53    -3.84   0.00   
0.61    -3.84   0.00   
0.69    -3.84   0.00   
0.77    -3.84   0.00   
0.85    -3.84   0.00   
0.93    -3.84   0.00   
1.01    -3.84   0.00   
1.09    -3.84   0.00   
1.17    -3.84   0.00   
1.25    -3.84   0.00   
1.33    -3.84   0.00   
1.41    -3.84   0.00   
1.49    -3.84   0.00   
1.58    -3.84   0.00   
1.66    -3.84   0.00   
1.74    -3.84   0.00   
1.82    -3.84   0.00   
1.90    -3.84   0.00   
1.98    -3.84   0.00   
2.06    -3.84   0.00   
2.14    -3.84   0.00   
2.22    -3.84   0.00   
2.30    -3.84   0.00   
2.38    -3.84   0.00   
2.46    -3.84   0.00   
2.55    -3.84   0.00   
2.63    -3.84   0.00   
2.71    -3.84   0.00   
2.79    -3.84   0.00   
2.87    -3.84   0.00   
2.95    -3.84   0.00   
3.03    -3.84   0.00   
3.11    -3.84   0.00   
3.19    -3.84   0.00   
3.27    -3.84   0.00   
3.35    -3.84   0.00   
3.43    -3.84   0.00   
3.52    -3.84   0.00   
3.60    -3.84   0.00   
3.68    -3.84   0.00   
3.76    -3.84   0.00   
3.84    -3.84   0.00   
3.92    -3.84   0.00   
4.00    -3.84   0.00   
-4.00   -3.76   0.00   
-3.92   -3.76   0.00   
-3.84   -3.76   0.00   
-3.76   -3.76   0.00   
-3.68   -3.76   0.00   
-3.60   -3.76   0.00   
-3.52   -3.76   0.00   
-3.43   -3.76   0.00   
-3.35   -3.76   0.00   
-3.27   -3.76   0.00   
-3.19   -3.76   0.00   
-3.11   -3.76   0.00   
-3.03   -3.76   0.00   
-2.95   -3.76   0.00   
-2.87   -3.76   0.00   
-2.79   -3.76   0.00   
-2.71   -3.76   0.00   
-2.63   -3.76   0.00   
-2.55   -3.76   0.00   
-2.46   -3.76   0.00   
-2.38   -3.76   0.00   
-2.30   -3.76   0.00   
-2.22   -3.76   0.00   
-2.14   -3.76   0.00   
-2.06   -3.76   0.00   
-1.98   -3.76   0.00   
-1.90   -3.76   0.00   
-1.82   -3.76   0.00   
-1.74   -3.76   0.00   
-1.66   -3.76   0.00   
-1.58   -3.76   0.00   
-1.49   -3.76   0.00   
-1.41   -3.76   0.00   
-1.33   -3.76   0.00   
-1.25   -3.76   0.00   
-1.17   -3.76   0.00   
-1.09   -3.76   0.00   
-1.01   -3.76   0.00   
-0.93   -3.76   0.00   
-0.85   -3.76   0.00   
-0.77   -3.76   0.00   
-0.69   -3.76   0.00   
-0.61   -3.76   0.00   
-0.53   -3.76   0.00   
-0.44   -3.76   0.00   
-0.36   -3.76   0.00   
-0.28   -3.76   0.00   
-0.20   -3.76   0.00   
-0.12   -3.76   0.00   
-0.04   -3.76   0.00   
0.04    -3.76   0.00   
0.12    -3.76   0.00   
0.20    -3.76   0.00   
0.28    -3.76   0.00   
0.36    -3.76   0.00   
0.44    -3.76   0.00   
0.53    -3.76   0.00   
0.61    -3.76   0.00   
0.69    -3.76   0.00   
0.77    -3.76   0.00   
0.85    -3.76   0.00   
0.93    -3.76   0.00   
1.01    -3.76   0.00   
1.09    -3.76   0.00   
1.17    -3.76   0.00   
1.25    -3.76   0.00   
1.33    -3.76   0.00   
1.41    -3.76   0.00   
1.49    -3.76   0.00   
1.58    -3.76   0.00   
1.66    -3.76   0.00   
1.74    -3.76   0.00   
1.82    -3.76   0.00   
1.90    -3.76   0.00   
1.98    -3.76   0.00   
2.06    -3.76   0.00   
2.14    -3.76   0.00   
2.22    -3.76   0.00   
2.30    -3.76   0.00   
2.38    -3.76   0.00   
2.46    -3.76   0.00   
2.55    -3.76   0.00   
2.63    -3.76   0.00   
2.71    -3.76   0.00   
2.79    -3.76   0.00   
2.87    -3.76   0.00   
2.95    -3.76   0.00   
3.03    -3.76   0.00   
3.11    -3.76   0.00   
3.19    -3.76   0.00   
3.27    -3.76   0.00   
3.35    -3.76   0.00   
3.43    -3.76   0.00   
3.52    -3.76   0.00   
3.60    -3.76   0.00   
3.68    -3.76   0.00   
3.76    -3.76   0.00   
3.84    -3.76   0.00   
3.92    -3.76   0.00   
4.00    -3.76   0.00   
-4.00   -3.68   0.00   
-3.92   -3.68   0.00   
-3.84   -3.68   0.00   
-3.76   -3.68   0.00   
-3.68   -3.68   0.00   
-3.60   -3.68   0.00   
-3.52   -3.68   0.00   
-3.43   -3.68   0.00   
-3.35   -3.68   0.00   
-3.27   -3.68   0.00   
-3.19   -3.68   0.00   
-3.11   -3.68   0.00   
-3.03   -3.68   0.00   
-2.95   -3.68   0.00   
-2.87   -3.68   0.00   
-2.79   -3.68   0.00   
-2.71   -3.68   0.00   
-2.63   -3.68   0.00   
-2.55   -3.68   0.00   
-2.46   -3.68   0.00   
-2.38   -3.68   0.00   
-2.30   -3.68   0.00   
-2.22   -3.68   0.00   
-2.14   -3.68   0.00   
-2.06   -3.68   0.00   
-1.98   -3.68   0.00   
-1.90   -3.68   0.00   
-1.82   -3.68   0.00   
-1.74   -3.68   0.00   
-1.66   -3.68   0.00   
-1.58   -3.68   0.00   
-1.49   -3.68   0.00   
-1.41   -3.68   0.00   
-1.33   -3.68   0.00   
-1.25   -3.68   0.00   
-1.17   -3.68   0.00   
-1.09   -3.68   0.00   
-1.01   -3.68   0.00   
-0.93   -3.68   0.00   
-0.85   -3.68   0.00   
-0.77   -3.68   0.00   
-0.69   -3.68   0.00   
-0.61   -3.68   0.00   
-0.53   -3.68   0.00   
-0.44   -3.68   0.00   
-0.36   -3.68   0.00   
-0.28   -3.68   0.00   
-0.20   -3.68   0.00   
-0.12   -3.68   0.00   
-0.04   -3.68   0.00   
0.04    -3.68   0.00   
0.12    -3.68   0.00   
0.20    -3.68   0.00   
0.28    -3.68   0.00   
0.36    -3.68   0.00   
0.44    -3.68   0.00   
0.53    -3.68   0.00   
0.61    -3.68   0.00   
0.69    -3.68   0.00   
0.77    -3.68   0.00   
0.85    -3.68   0.00   
0.93    -3.68   0.00   
1.01    -3.68   0.00   
1.09    -3.68   0.00   
1.17    -3.68   0.00   
1.25    -3.68   0.00   
1.33    -3.68   0.00   
1.41    -3.68   0.00   
1.49    -3.68   0.00   
1.58    -3.68   0.00   
1.66    -3.68   0.00   
1.74    -3.68   0.00   
1.82    -3.68   0.00   
1.90    -3.68   0.00   
1.98    -3.68   0.00   
2.06    -3.68   0.00   
2.14    -3.68   0.00   
2.22    -3.68   0.00   
2.30    -3.68   0.00   
2.38    -3.68   0.00   
2.46    -3.68   0.00   
2.55    -3.68   0.00   
2.63    -3.68   0.00   
2.71    -3.68   0.00   
2.79    -3.68   0.00   
2.87    -3.68   0.00   
2.95    -3.68   0.00   
3.03    -3.68   0.00   
3.11    -3.68   0.00   
3.19    -3.68   0.00   
3.27    -3.68   0.00   
3.35    -3.68   0.00   
3.43    -3.68   0.00   
3.52    -3.68   0.00   
3.60    -3.68   0.00   
3.68    -3.68   0.00   
3.76    -3.68   0.00   
3.84    -3.68   0.00   
3.92    -3.68   0.00   
4.00    -3.68   0.00   
-4.00   -3.60   0.00   
-3.92   -3.60   0.00   
-3.84   -3.60   0.00   
-3.76   -3.60   0.00   
-3.68   -3.60   0.00   
-3.60   -3.60   0.00   
-3.52   -3.60   0.00   
-3.43   -3.60   0.00   
-3.35   -3.60   0.00   
-3.27   -3.60   0.00   
-3.19   -3.60   0.00   
-3.11   -3.60   0.00   
-3.03   -3.60   0.00   
-2.95   -3.60   0.00   
-2.87   -3.60   0.00   
-2.79   -3.60   0.00   
-2.71   -3.60   0.00   
-2.63   -3.60   0.00   
-2.55   -3.60   0.00   
-2.46   -3.60   0.00   
-2.38   -3.60   0.00   
-2.30   -3.60   0.00   
-2.22   -3.60   0.00   
-2.14   -3.60   0.00   
-2.06   -3.60   0.00   
-1.98   -3.60   0.00   
-1.90   -3.60   0.00   
-1.82   -3.60   0.00   
-1.74   -3.60   0.00   
-1.66   -3.60   0.00   
-1.58   -3.60   0.00   
-1.49   -3.60   0.00   
-1.41   -3.60   0.00   
-1.33   -3.60   0.00   
-1.25   -3.60   0.00   
-1.17   -3.60   0.00   
-1.09   -3.60   0.00   
-1.01   -3.60   0.00   
-0.93   -3.60   0.00   
-0.85   -3.60   0.00   
-0.77   -3.60   0.00   
-0.69   -3.60   0.00   
-0.61   -3.60   0.00   
-0.53   -3.60   0.00   
-0.44   -3.60   0.00   
-0.36   -3.60   0.00   
-0.28   -3.60   0.00   
-0.20   -3.60   0.00   
-0.12   -3.60   0.00   
-0.04   -3.60   0.00   
0.04    -3.60   0.00   
0.12    -3.60   0.00   
0.20    -3.60   0.00   
0.28    -3.60   0.00   
0.36    -3.60   0.00   
0.44    -3.60   0.00   
0.53    -3.60   0.00   
0.61    -3.60   0.00   
0.69    -3.60   0.00   
0.77    -3.60   0.00   
0.85    -3.60   0.00   
0.93    -3.60   0.00   
1.01    -3.60   0.00   
1.09    -3.60   0.00   
1.17    -3.60   0.00   
1.25    -3.60   0.00   
1.33    -3.60   0.00   
1.41    -3.60   0.00   
1.49    -3.60   0.00   
1.58    -3.60   0.00   
1.66    -3.60   0.00   
1.74    -3.60   0.00   
1.82    -3.60   0.00   
1.90    -3.60   0.00   
1.98    -3.60   0.00   
2.06    -3.60   0.00   
2.14    -3.60   0.00   
2.22    -3.60   0.00   
2.30    -3.60   0.00   
2.38    -3.60   0.00   
2.46    -3.60   0.00   
2.55    -3.60   0.00   
2.63    -3.60   0.00   
2.71    -3.60   0.00   
2.79    -3.60   0.00   
2.87    -3.60   0.00   
2.95    -3.60   0.00   
3.03    -3.60   0.00   
3.11    -3.60   0.00   
3.19    -3.60   0.00   
3.27    -3.60   0.00   
3.35    -3.60   0.00   
3.43    -3.60   0.00   
3.52    -3.60   0.00   
3.60    -3.60   0.00   
3.68    -3.60   0.00   
3.76    -3.60   0.00   
3.84    -3.60   0.00   
3.92    -3.60   0.00   
4.00    -3.60   0.00   
-4.00   -3.52   0.00   
-3.92   -3.52   0.00   
-3.84   -3.52   0.00   
-3.76   -3.52   0.00   
-3.68   -3.52   0.00   
-3.60   -3.52   0.00   
-3.52   -3.52   0.00   
-3.43   -3.52   0.00   
-3.35   -3.52   0.00   
-3.27   -3.52   0.00   
-3.19   -3.52   0.00   
-3.11   -3.52   0.00   
-3.03   -3.52   0.00   
-2.95   -3.52   0.00   
-2.87   -3.52   0.00   
-2.79   -3.52   0.00   
-2.71   -3.52   0.00   
-2.63   -3.52   0.00   
-2.55   -3.52   0.00   
-2.46   -3.52   0.00   
-2.38   -3.52   0.00   
-2.30   -3.52   0.00   
-2.22   -3.52   0.00   
-2.14   -3.52   0.00   
-2.06   -3.52   0.00   
-1.98   -3.52   0.00   
-1.90   -3.52   0.00   
-1.82   -3.52   0.00   
-1.74   -3.52   0.00   
-1.66   -3.52   0.00   
-1.58   -3.52   0.00   
-1.49   -3.52   0.00   
-1.41   -3.52   0.00   
-1.33   -3.52   0.00   
-1.25   -3.52   0.00   
-1.17   -3.52   0.00   
-1.09   -3.52   0.00   
-1.01   -3.52   0.00   
-0.93   -3.52   0.00   
-0.85   -3.52   0.00   
-0.77   -3.52   0.00   
-0.69   -3.52   0.00   
-0.61   -3.52   0.00   
-0.53   -3.52   0.00   
-0.44   -3.52   0.00   
-0.36   -3.52   0.00   
-0.28   -3.52   0.00   
-0.20   -3.52   0.00   
-0.12   -3.52   0.00   
-0.04   -3.52   0.00   
0.04    -3.52   0.00   
0.12    -3.52   0.00   
0.20    -3.52   0.00   
0.28    -3.52   0.00   
0.36    -3.52   0.00   
0.44    -3.52   0.00   
0.53    -3.52   0.00   
0.61    -3.52   0.00   
0.69    -3.52   0.00   
0.77    -3.52   0.00   
0.85    -3.52   0.00   
0.93    -3.52   0.00   
1.01    -3.52   0.00   
1.09    -3.52   0.00   
1.17    -3.52   0.00   
1.25    -3.52   0.00   
1.33    -3.52   0.00   
1.41    -3.52   0.00   
1.49    -3.52   0.00   
1.58    -3.52   0.00   
1.66    -3.52   0.00   
1.74    -3.52   0.00   
1.82    -3.52   0.00   
1.90    -3.52   0.00   
1.98    -3.52   0.00   
2.06    -3.52   0.00   
2.14    -3.52   0.00   
2.22    -3.52   0.00   
2.30    -3.52   0.00   
2.38    -3.52   0.00   
2.46    -3.52   0.00   
2.55    -3.52   0.00   
2.63    -3.52   0.00   
2.71    -3.52   0.00   
2.79    -3.52   0.00   
2.87    -3.52   0.00   
2.95    -3.52   0.00   
3.03    -3.52   0.00   
3.11    -3.52   0.00   
3.19    -3.52   0.00   
3.27    -3.52   0.00   
3.35    -3.52   0.00   
3.43    -3.52   0.00   
3.52    -3.52   0.00   
3.60    -3.52   0.00   
3.68    -3.52   0.00   
3.76    -3.52   0.00   
3.84    -3.52   0.00   
3.92    -3.52   0.00   
4.00    -3.52   0.00   
-4.00   -3.43   0.00   
-3.92   -3.43   0.00   
-3.84   -3.43   0.00   
-3.76   -3.43   0.00   
-3.68   -3.43   0.00   
-3.60   -3.43   0.00   
-3.52   -3.43   0.00   
-3.43   -3.43   0.00   
-3.35   -3.43   0.00   
-3.27   -3.43   0.00   
-3.19   -3.43   0.00   
-3.11   -3.43   0.00   
-3.03   -3.43   0.00   
-2.95   -3.43   0.00   
-2.87   -3.43   0.00   
-2.79   -3.43   0.00   
-2.71   -3.43   0.00   
-2.63   -3.43   0.00   
-2.55   -3.43   0.00   
-2.46   -3.43   0.00   
-2.38   -3.43   0.00   
-2.30   -3.43   0.00   
-2.22   -3.43   0.00   
-2.14   -3.43   0.00   
-2.06   -3.43   0.00   
-1.98   -3.43   0.00   
-1.90   -3.43   0.00   
-1.82   -3.43   0.00   
-1.74   -3.43   0.00   
-1.66   -3.43   0.00   
-1.58   -3.43   0.00   
-1.49   -3.43   0.00   
-1.41   -3.43   0.00   
-1.33   -3.43   0.00   
-1.25   -3.43   0.00   
-1.17   -3.43   0.00   
-1.09   -3.43   0.00   
-1.01   -3.43   0.00   
-0.93   -3.43   0.00   
-0.85   -3.43   0.00   
-0.77   -3.43   0.00   
-0.69   -3.43   0.00   
-0.61   -3.43   0.00   
-0.53   -3.43   0.00   
-0.44   -3.43   0.00   
-0.36   -3.43   0.00   
-0.28   -3.43   0.00   
-0.20   -3.43   0.00   
-0.12   -3.43   0.00   
-0.04   -3.43   0.00   
0.04    -3.43   0.00   
0.12    -3.43   0.00   
0.20    -3.43   0.00   
0.28    -3.43   0.00   
0.36    -3.43   0.00   
0.44    -3.43   0.00   
0.53    -3.43   0.00   
0.61    -3.43   0.00   
0.69    -3.43   0.00   
0.77    -3.43   0.00   
0.85    -3.43   0.00   
0.93    -3.43   0.00   
1.01    -3.43   0.00   
1.09    -3.43   0.00   
1.17    -3.43   0.00   
1.25    -3.43   0.00   
1.33    -3.43   0.00   
1.41    -3.43   0.00   
1.49    -3.43   0.00   
1.58    -3.43   0.00   
1.66    -3.43   0.00   
1.74    -3.43   0.00   
1.82    -3.43   0.00   
1.90    -3.43   0.00   
1.98    -3.43   0.00   
2.06    -3.43   0.00   
2.14    -3.43   0.00   
2.22    -3.43   0.00   
2.30    -3.43   0.00   
2.38    -3.43   0.00   
2.46    -3.43   0.00   
2.55    -3.43   0.00   
2.63    -3.43   0.00   
2.71    -3.43   0.00   
2.79    -3.43   0.00   
2.87    -3.43   0.00   
2.95    -3.43   0.00   
3.03    -3.43   0.00   
3.11    -3.43   0.00   
3.19    -3.43   0.00   
3.27    -3.43   0.00   
3.35    -3.43   0.00   
3.43    -3.43   0.00   
3.52    -3.43   0.00   
3.60    -3.43   0.00   
3.68    -3.43   0.00   
3.76    -3.43   0.00   
3.84    -3.43   0.00   
3.92    -3.43   0.00   
4.00    -3.43   0.00   
-4.00   -3.35   0.00   
-3.92   -3.35   0.00   
-3.84   -3.35   0.00   
-3.76   -3.35   0.00   
-3.68   -3.35   0.00   
-3.60   -3.35   0.00   
-3.52   -3.35   0.00   
-3.43   -3.35   0.00   
-3.35   -3.35   0.00   
-3.27   -3.35   0.00   
-3.19   -3.35   0.00   
-3.11   -3.35   0.00   
-3.03   -3.35   0.00   
-2.95   -3.35   0.00   
-2.87   -3.35   0.00   
-2.79   -3.35   0.00   
-2.71   -3.35   0.00   
-2.63   -3.35   0.00   
-2.55   -3.35   0.00   
-2.46   -3.35   0.00   
-2.38   -3.35   0.00   
-2.30   -3.35   0.00   
-2.22   -3.35   0.00   
-2.14   -3.35   0.00   
-2.06   -3.35   0.00   
-1.98   -3.35   0.00   
-1.90   -3.35   0.00   
-1.82   -3.35   0.00   
-1.74   -3.35   0.00   
-1.66   -3.35   0.00   
-1.58   -3.35   0.00   
-1.49   -3.35   0.00   
-1.41   -3.35   0.00   
-1.33   -3.35   0.00   
-1.25   -3.35   0.00   
-1.17   -3.35   0.00   
-1.09   -3.35   0.00   
-1.01   -3.35   0.00   
-0.93   -3.35   0.00   
-0.85   -3.35   0.00   
-0.77   -3.35   0.00   
-0.69   -3.35   0.00   
-0.61   -3.35   0.00   
-0.53   -3.35   0.00   
-0.44   -3.35   0.00   
-0.36   -3.35   0.00   
-0.28   -3.35   0.00   
-0.20   -3.35   0.00   
-0.12   -3.35   0.00   
-0.04   -3.35   0.00   
0.04    -3.35   0.00   
0.12    -3.35   0.00   
0.20    -3.35   0.00   
0.28    -3.35   0.00   
0.36    -3.35   0.00   
0.44    -3.35   0.00   
0.53    -3.35   0.00   
0.61    -3.35   0.00   
0.69    -3.35   0.00   
0.77    -3.35   0.00   
0.85    -3.35   0.00   
0.93    -3.35   0.00   
1.01    -3.35   0.00   
1.09    -3.35   0.00   
1.17    -3.35   0.00   
1.25    -3.35   0.00   
1.33    -3.35   0.00   
1.41    -3.35   0.00   
1.49    -3.35   0.00   
1.58    -3.35   0.00   
1.66    -3.35   0.00   
1.74    -3.35   0.00   
1.82    -3.35   0.00   
1.90    -3.35   0.00   
1.98    -3.35   0.00   
2.06    -3.35   0.00   
2.14    -3.35   0.00   
2.22    -3.35   0.00   
2.30    -3.35   0.00   
2.38    -3.35   0.00   
2.46    -3.35   0.00   
2.55    -3.35   0.00   
2.63    -3.35   0.00   
2.71    -3.35   0.00   
2.79    -3.35   0.00   
2.87    -3.35   0.00   
2.95    -3.35   0.00   
3.03    -3.35   0.00   
3.11    -3.35   0.00   
3.19    -3.35   0.00   
3.27    -3.35   0.00   
3.35    -3.35   0.00   
3.43    -3.35   0.00   
3.52    -3.35   0.00   
3.60    -3.35   0.00   
3.68    -3.35   0.00   
3.76    -3.35   0.00   
3.84    -3.35   0.00   
3.92    -3.35   0.00   
4.00    -3.35   0.00   
-4.00   -3.27   0.00   
-3.92   -3.27   0.00   
-3.84   -3.27   0.00   
-3.76   -3.27   0.00   
-3.68   -3.27   0.00   
-3.60   -3.27   0.00   
-3.52   -3.27   0.00   
-3.43   -3.27   0.00   
-3.35   -3.27   0.00   
-3.27   -3.27   0.00   
-3.19   -3.27   0.00   
-3.11   -3.27   0.00   
-3.03   -3.27   0.00   
-2.95   -3.27   0.00   
-2.87   -3.27   0.00   
-2.79   -3.27   0.00   
-2.71   -3.27   0.00   
-2.63   -3.27   0.00   
-2.55   -3.27   0.00   
-2.46   -3.27   0.00   
-2.38   -3.27   0.00   
-2.30   -3.27   0.00   
-2.22   -3.27   0.00   
-2.14   -3.27   0.00   
-2.06   -3.27   0.00   
-1.98   -3.27   0.00   
-1.90   -3.27   0.00   
-1.82   -3.27   0.00   
-1.74   -3.27   0.00   
-1.66   -3.27   0.00   
-1.58   -3.27   0.00   
-1.49   -3.27   0.00   
-1.41   -3.27   0.00   
-1.33   -3.27   0.00   
-1.25   -3.27   0.00   
-1.17   -3.27   0.00   
-1.09   -3.27   0.00   
-1.01   -3.27   0.00   
-0.93   -3.27   0.00   
-0.85   -3.27   0.00   
-0.77   -3.27   0.00   
-0.69   -3.27   0.00   
-0.61   -3.27   0.00   
-0.53   -3.27   0.00   
-0.44   -3.27   0.00   
-0.36   -3.27   0.00   
-0.28   -3.27   0.00   
-0.20   -3.27   0.00   
-0.12   -3.27   0.00   
-0.04   -3.27   0.00   
0.04    -3.27   0.00   
0.12    -3.27   0.00   
0.20    -3.27   0.00   
0.28    -3.27   0.00   
0.36    -3.27   0.00   
0.44    -3.27   0.00   
0.53    -3.27   0.00   
0.61    -3.27   0.00   
0.69    -3.27   0.00   
0.77    -3.27   0.00   
0.85    -3.27   0.00   
0.93    -3.27   0.00   
1.01    -3.27   0.00   
1.09    -3.27   0.00   
1.17    -3.27   0.00   
1.25    -3.27   0.00   
1.33    -3.27   0.00   
1.41    -3.27   0.00   
1.49    -3.27   0.00   
1.58    -3.27   0.00   
1.66    -3.27   0.00   
1.74    -3.27   0.00   
1.82    -3.27   0.00   
1.90    -3.27   0.00   
1.98    -3.27   0.00   
2.06    -3.27   0.00   
2.14    -3.27   0.00   
2.22    -3.27   0.00   
2.30    -3.27   0.00   
2.38    -3.27   0.00   
2.46    -3.27   0.00   
2.55    -3.27   0.00   
2.63    -3.27   0.00   
2.71    -3.27   0.00   
2.79    -3.27   0.00   
2.87    -3.27   0.00   
2.95    -3.27   0.00   
3.03    -3.27   0.00   
3.11    -3.27   0.00   
3.19    -3.27   0.00   
3.27    -3.27   0.00   
3.35    -3.27   0.00   
3.43    -3.27   0.00   
3.52    -3.27   0.00   
3.60    -3.27   0.00   
3.68    -3.27   0.00   
3.76    -3.27   0.00   
3.84    -3.27   0.00   
3.92    -3.27   0.00   
4.00    -3.27   0.00   
-4.00   -3.19   0.00   
-3.92   -3.19   0.00   
-3.84   -3.19   0.00   
-3.76   -3.19   0.00   
-3.68   -3.19   0.00   
-3.60   -3.19   0.00   
-3.52   -3.19   0.00   
-3.43   -3.19   0.00   
-3.35   -3.19   0.00   
-3.27   -3.19   0.00   
-3.19   -3.19   0.00   
-3.11   -3.19   0.00   
-3.03   -3.19   0.00   
-2.95   -3.19   0.00   
-2.87   -3.19   0.00   
-2.79   -3.19   0.00   
-2.71   -3.19   0.00   
-2.63   -3.19   0.00   
-2.55   -3.19   0.00   
-2.46   -3.19   0.00   
-2.38   -3.19   0.00   
-2.30   -3.19   0.00   
-2.22   -3.19   0.00   
-2.14   -3.19   0.00   
-2.06   -3.19   0.00   
-1.98   -3.19   0.00   
-1.90   -3.19   0.00   
-1.82   -3.19   0.00   
-1.74   -3.19   0.00   
-1.66   -3.19   0.00   
-1.58   -3.19   0.00   
-1.49   -3.19   0.00   
-1.41   -3.19   0.00   
-1.33   -3.19   0.00   
-1.25   -3.19   0.00   
-1.17   -3.19   0.00   
-1.09   -3.19   0.00   
-1.01   -3.19   0.00   
-0.93   -3.19   0.00   
-0.85   -3.19   0.00   
-0.77   -3.19   0.00   
-0.69   -3.19   0.00   
-0.61   -3.19   0.00   
-0.53   -3.19   0.00   
-0.44   -3.19   0.00   
-0.36   -3.19   0.00   
-0.28   -3.19   0.00   
-0.20   -3.19   0.00   
-0.12   -3.19   0.00   
-0.04   -3.19   0.00   
0.04    -3.19   0.00   
0.12    -3.19   0.00   
0.20    -3.19   0.00   
0.28    -3.19   0.00   
0.36    -3.19   0.00   
0.44    -3.19   0.00   
0.53    -3.19   0.00   
0.61    -3.19   0.00   
0.69    -3.19   0.00   
0.77    -3.19   0.00   
0.85    -3.19   0.00   
0.93    -3.19   0.00   
1.01    -3.19   0.00   
1.09    -3.19   0.00   
1.17    -3.19   0.00   
1.25    -3.19   0.00   
1.33    -3.19   0.00   
1.41    -3.19   0.00   
1.49    -3.19   0.00   
1.58    -3.19   0.00   
1.66    -3.19   0.00   
1.74    -3.19   0.00   
1.82    -3.19   0.00   
1.90    -3.19   0.00   
1.98    -3.19   0.00   
2.06    -3.19   0.00   
2.14    -3.19   0.00   
2.22    -3.19   0.00   
2.30    -3.19   0.00   
2.38    -3.19   0.00   
2.46    -3.19   0.00   
2.55    -3.19   0.00   
2.63    -3.19   0.00   
2.71    -3.19   0.00   
2.79    -3.19   0.00   
2.87    -3.19   0.00   
2.95    -3.19   0.00   
3.03    -3.19   0.00   
3.11    -3.19   0.00   
3.19    -3.19   0.00   
3.27    -3.19   0.00   
3.35    -3.19   0.00   
3.43    -3.19   0.00   
3.52    -3.19   0.00   
3.60    -3.19   0.00   
3.68    -3.19   0.00   
3.76    -3.19   0.00   
3.84    -3.19   0.00   
3.92    -3.19   0.00   
4.00    -3.19   0.00   
-4.00   -3.11   0.00   
-3.92   -3.11   0.00   
-3.84   -3.11   0.00   
-3.76   -3.11   0.00   
-3.68   -3.11   0.00   
-3.60   -3.11   0.00   
-3.52   -3.11   0.00   
-3.43   -3.11   0.00   
-3.35   -3.11   0.00   
-3.27   -3.11   0.00   
-3.19   -3.11   0.00   
-3.11   -3.11   0.00   
-3.03   -3.11   0.00   
-2.95   -3.11   0.00   
-2.87   -3.11   0.00   
-2.79   -3.11   0.00   
-2.71   -3.11   0.00   
-2.63   -3.11   0.00   
-2.55   -3.11   0.00   
-2.46   -3.11   0.00   
-2.38   -3.11   0.00   
-2.30   -3.11   0.00   
-2.22   -3.11   0.00   
-2.14   -3.11   0.00   
-2.06   -3.11   0.00   
-1.98   -3.11   0.00   
-1.90   -3.11   0.00   
-1.82   -3.11   0.00   
-1.74   -3.11   0.00   
-1.66   -3.11   0.00   
-1.58   -3.11   0.00   
-1.49   -3.11   0.00   
-1.41   -3.11   0.00   
-1.33   -3.11   0.00   
-1.25   -3.11   0.00   
-1.17   -3.11   0.00   
-1.09   -3.11   0.00   
-1.01   -3.11   0.00   
-0.93   -3.11   0.00   
-0.85   -3.11   0.00   
-0.77   -3.11   0.00   
-0.69   -3.11   0.00   
-0.61   -3.11   0.00   
-0.53   -3.11   0.00   
-0.44   -3.11   0.00   
-0.36   -3.11   0.00   
-0.28   -3.11   0.00   
-0.20   -3.11   0.00   
-0.12   -3.11   0.00   
-0.04   -3.11   0.00   
0.04    -3.11   0.00   
0.12    -3.11   0.00   
0.20    -3.11   0.00   
0.28    -3.11   0.00   
0.36    -3.11   0.00   
0.44    -3.11   0.00   
0.53    -3.11   0.00   
0.61    -3.11   0.00   
0.69    -3.11   0.00   
0.77    -3.11   0.00   
0.85    -3.11   0.00   
0.93    -3.11   0.00   
1.01    -3.11   0.00   
1.09    -3.11   0.00   
1.17    -3.11   0.00   
1.25    -3.11   0.00   
1.33    -3.11   0.00   
1.41    -3.11   0.00   
1.49    -3.11   0.00   
1.58    -3.11   0.00   
1.66    -3.11   0.00   
1.74    -3.11   0.00   
1.82    -3.11   0.00   
1.90    -3.11   0.00   
1.98    -3.11   0.00   
2.06    -3.11   0.00   
2.14    -3.11   0.00   
2.22    -3.11   0.00   
2.30    -3.11   0.00   
2.38    -3.11   0.00   
2.46    -3.11   0.00   
2.55    -3.11   0.00   
2.63    -3.11   0.00   
2.71    -3.11   0.00   
2.79    -3.11   0.00   
2.87    -3.11   0.00   
2.95    -3.11   0.00   
3.03    -3.11   0.00   
3.11    -3.11   0.00   
3.19    -3.11   0.00   
3.27    -3.11   0.00   
3.35    -3.11   0.00   
3.43    -3.11   0.00   
3.52    -3.11   0.00   
3.60    -3.11   0.00   
3.68    -3.11   0.00   
3.76    -3.11   0.00   
3.84    -3.11   0.00   
3.92    -3.11   0.00   
4.00    -3.11   0.00   
-4.00   -3.03   0.00   
-3.92   -3.03   0.00   
-3.84   -3.03   0.00   
-3.76   -3.03   0.00   
-3.68   -3.03   0.00   
-3.60   -3.03   0.00   
-3.52   -3.03   0.00   
-3.43   -3.03   0.00   
-3.35   -3.03   0.00   
-3.27   -3.03   0.00   
-3.19   -3.03   0.00   
-3.11   -3.03   0.00   
-3.03   -3.03   0.00   
-2.95   -3.03   0.00   
-2.87   -3.03   0.00   
-2.79   -3.03   0.00   
-2.71   -3.03   0.00   
-2.63   -3.03   0.00   
-2.55   -3.03   0.00   
-2.46   -3.03   0.00   
-2.38   -3.03   0.00   
-2.30   -3.03   0.00   
-2.22   -3.03   0.00   
-2.14   -3.03   0.00   
-2.06   -3.03   0.00   
-1.98   -3.03   0.00   
-1.90   -3.03   0.00   
-1.82   -3.03   0.00   
-1.74   -3.03   0.00   
-1.66   -3.03   0.00   
-1.58   -3.03   0.00   
-1.49   -3.03   0.00   
-1.41   -3.03   0.00   
-1.33   -3.03   0.00   
-1.25   -3.03   0.00   
-1.17   -3.03   0.00   
-1.09   -3.03   0.00   
-1.01   -3.03   0.00   
-0.93   -3.03   0.00   
-0.85   -3.03   0.00   
-0.77   -3.03   0.00   
-0.69   -3.03   0.00   
-0.61   -3.03   0.00   
-0.53   -3.03   0.00   
-0.44   -3.03   0.00   
-0.36   -3.03   0.00   
-0.28   -3.03   0.00   
-0.20   -3.03   0.00   
-0.12   -3.03   0.00   
-0.04   -3.03   0.00   
0.04    -3.03   0.00   
0.12    -3.03   0.00   
0.20    -3.03   0.00   
0.28    -3.03   0.00   
0.36    -3.03   0.00   
0.44    -3.03   0.00   
0.53    -3.03   0.00   
0.61    -3.03   0.00   
0.69    -3.03   0.00   
0.77    -3.03   0.00   
0.85    -3.03   0.00   
0.93    -3.03   0.00   
1.01    -3.03   0.00   
1.09    -3.03   0.00   
1.17    -3.03   0.00   
1.25    -3.03   0.00   
1.33    -3.03   0.00   
1.41    -3.03   0.00   
1.49    -3.03   0.00   
1.58    -3.03   0.00   
1.66    -3.03   0.00   
1.74    -3.03   0.00   
1.82    -3.03   0.00   
1.90    -3.03   0.00   
1.98    -3.03   0.00   
2.06    -3.03   0.00   
2.14    -3.03   0.00   
2.22    -3.03   0.00   
2.30    -3.03   0.00   
2.38    -3.03   0.00   
2.46    -3.03   0.00   
2.55    -3.03   0.00   
2.63    -3.03   0.00   
2.71    -3.03   0.00   
2.79    -3.03   0.00   
2.87    -3.03   0.00   
2.95    -3.03   0.00   
3.03    -3.03   0.00   
3.11    -3.03   0.00   
3.19    -3.03   0.00   
3.27    -3.03   0.00   
3.35    -3.03   0.00   
3.43    -3.03   0.00   
3.52    -3.03   0.00   
3.60    -3.03   0.00   
3.68    -3.03   0.00   
3.76    -3.03   0.00   
3.84    -3.03   0.00   
3.92    -3.03   0.00   
4.00    -3.03   0.00   
-4.00   -2.95   0.00   
-3.92   -2.95   0.00   
-3.84   -2.95   0.00   
-3.76   -2.95   0.00   
-3.68   -2.95   0.00   
-3.60   -2.95   0.00   
-3.52   -2.95   0.00   
-3.43   -2.95   0.00   
-3.35   -2.95   0.00   
-3.27   -2.95   0.00   
-3.19   -2.95   0.00   
-3.11   -2.95   0.00   
-3.03   -2.95   0.00   
-2.95   -2.95   0.00   
-2.87   -2.95   0.00   
-2.79   -2.95   0.00   
-2.71   -2.95   0.00   
-2.63   -2.95   0.00   
-2.55   -2.95   0.00   
-2.46   -2.95   0.00   
-2.38   -2.95   0.00   
-2.30   -2.95   0.00   
-2.22   -2.95   0.00   
-2.14   -2.95   0.00   
-2.06   -2.95   0.00   
-1.98   -2.95   0.00   
-1.90   -2.95   0.00   
-1.82   -2.95   0.00   
-1.74   -2.95   0.00   
-1.66   -2.95   0.00   
-1.58   -2.95   0.00   
-1.49   -2.95   0.00   
-1.41   -2.95   0.00   
-1.33   -2.95   0.00   
-1.25   -2.95   0.00   
-1.17   -2.95   0.00   
-1.09   -2.95   0.00   
-1.01   -2.95   0.00   
-0.93   -2.95   0.00   
-0.85   -2.95   0.00   
-0.77   -2.95   0.00   
-0.69   -2.95   0.00   
-0.61   -2.95   0.00   
-0.53   -2.95   0.00   
-0.44   -2.95   0.00   
-0.36   -2.95   0.00   
-0.28   -2.95   0.00   
-0.20   -2.95   0.00   
-0.12   -2.95   0.00   
-0.04   -2.95   0.00   
0.04    -2.95   0.00   
0.12    -2.95   0.00   
0.20    -2.95   0.00   
0.28    -2.95   0.00   
0.36    -2.95   0.00   
0.44    -2.95   0.00   
0.53    -2.95   0.00   
0.61    -2.95   0.00   
0.69    -2.95   0.00   
0.77    -2.95   0.00   
0.85    -2.95   0.00   
0.93    -2.95   0.00   
1.01    -2.95   0.00   
1.09    -2.95   0.00   
1.17    -2.95   0.00   
1.25    -2.95   0.00   
1.33    -2.95   0.00   
1.41    -2.95   0.00   
1.49    -2.95   0.00   
1.58    -2.95   0.00   
1.66    -2.95   0.00   
1.74    -2.95   0.00   
1.82    -2.95   0.00   
1.90    -2.95   0.00   
1.98    -2.95   0.00   
2.06    -2.95   0.00   
2.14    -2.95   0.00   
2.22    -2.95   0.00   
2.30    -2.95   0.00   
2.38    -2.95   0.00   
2.46    -2.95   0.00   
2.55    -2.95   0.00   
2.63    -2.95   0.00   
2.71    -2.95   0.00   
2.79    -2.95   0.00   
2.87    -2.95   0.00   
2.95    -2.95   0.00   
3.03    -2.95   0.00   
3.11    -2.95   0.00   
3.19    -2.95   0.00   
3.27    -2.95   0.00   
3.35    -2.95   0.00   
3.43    -2.95   0.00   
3.52    -2.95   0.00   
3.60    -2.95   0.00   
3.68    -2.95   0.00   
3.76    -2.95   0.00   
3.84    -2.95   0.00   
3.92    -2.95   0.00   
4.00    -2.95   0.00   
-4.00   -2.87   0.00   
-3.92   -2.87   0.00   
-3.84   -2.87   0.00   
-3.76   -2.87   0.00   
-3.68   -2.87   0.00   
-3.60   -2.87   0.00   
-3.52   -2.87   0.00   
-3.43   -2.87   0.00   
-3.35   -2.87   0.00   
-3.27   -2.87   0.00   
-3.19   -2.87   0.00   
-3.11   -2.87   0.00   
-3.03   -2.87   0.00   
-2.95   -2.87   0.00   
-2.87   -2.87   0.00   
-2.79   -2.87   0.00   
-2.71   -2.87   0.00   
-2.63   -2.87   0.00   
-2.55   -2.87   0.00   
-2.46   -2.87   0.00   
-2.38   -2.87   0.00   
-2.30   -2.87   0.00   
-2.22   -2.87   0.00   
-2.14   -2.87   0.00   
-2.06   -2.87   0.00   
-1.98   -2.87   0.00   
-1.90   -2.87   0.00   
-1.82   -2.87   0.00   
-1.74   -2.87   0.00   
-1.66   -2.87   0.00   
-1.58   -2.87   0.00   
-1.49   -2.87   0.00   
-1.41   -2.87   0.00   
-1.33   -2.87   0.00   
-1.25   -2.87   0.00   
-1.17   -2.87   0.00   
-1.09   -2.87   0.00   
-1.01   -2.87   0.00   
-0.93   -2.87   0.00   
-0.85   -2.87   0.00   
-0.77   -2.87   0.00   
-0.69   -2.87   0.00   
-0.61   -2.87   0.00   
-0.53   -2.87   0.00   
-0.44   -2.87   0.00   
-0.36   -2.87   0.00   
-0.28   -2.87   0.00   
-0.20   -2.87   0.00   
-0.12   -2.87   0.00   
-0.04   -2.87   0.00   
0.04    -2.87   0.00   
0.12    -2.87   0.00   
0.20    -2.87   0.00   
0.28    -2.87   0.00   
0.36    -2.87   0.00   
0.44    -2.87   0.00   
0.53    -2.87   0.00   
0.61    -2.87   0.00   
0.69    -2.87   0.00   
0.77    -2.87   0.00   
0.85    -2.87   0.00   
0.93    -2.87   0.00   
1.01    -2.87   0.00   
1.09    -2.87   0.00   
1.17    -2.87   0.00   
1.25    -2.87   0.00   
1.33    -2.87   0.00   
1.41    -2.87   0.00   
1.49    -2.87   0.00   
1.58    -2.87   0.00   
1.66    -2.87   0.00   
1.74    -2.87   0.00   
1.82    -2.87   0.00   
1.90    -2.87   0.00   
1.98    -2.87   0.00   
2.06    -2.87   0.00   
2.14    -2.87   0.00   
2.22    -2.87   0.00   
2.30    -2.87   0.00   
2.38    -2.87   0.00   
2.46    -2.87   0.00   
2.55    -2.87   0.00   
2.63    -2.87   0.00   
2.71    -2.87   0.00   
2.79    -2.87   0.00   
2.87    -2.87   0.00   
2.95    -2.87   0.00   
3.03    -2.87   0.00   
3.11    -2.87   0.00   
3.19    -2.87   0.00   
3.27    -2.87   0.00   
3.35    -2.87   0.00   
3.43    -2.87   0.00   
3.52    -2.87   0.00   
3.60    -2.87   0.00   
3.68    -2.87   0.00   
3.76    -2.87   0.00   
3.84    -2.87   0.00   
3.92    -2.87   0.00   
4.00    -2.87   0.00   
-4.00   -2.79   0.00   
-3.92   -2.79   0.00   
-3.84   -2.79   0.00   
-3.76   -2.79   0.00   
-3.68   -2.79   0.00   
-3.60   -2.79   0.00   
-3.52   -2.79   0.00   
-3.43   -2.79   0.00   
-3.35   -2.79   0.00   
-3.27   -2.79   0.00   
-3.19   -2.79   0.00   
-3.11   -2.79   0.00   
-3.03   -2.79   0.00   
-2.95   -2.79   0.00   
-2.87   -2.79   0.00   
-2.79   -2.79   0.00   
-2.71   -2.79   0.00   
-2.63   -2.79   0.00   
-2.55   -2.79   0.00   
-2.46   -2.79   0.00   
-2.38   -2.79   0.00   
-2.30   -2.79   0.00   
-2.22   -2.79   0.00   
-2.14   -2.79   0.00   
-2.06   -2.79   0.00   
-1.98   -2.79   0.00   
-1.90   -2.79   0.00   
-1.82   -2.79   0.00   
-1.74   -2.79   0.00   
-1.66   -2.79   0.00   
-1.58   -2.79   0.00   
-1.49   -2.79   0.00   
-1.41   -2.79   0.00   
-1.33   -2.79   0.00   
-1.25   -2.79   0.00   
-1.17   -2.79   0.00   
-1.09   -2.79   0.00   
-1.01   -2.79   0.00   
-0.93   -2.79   0.00   
-0.85   -2.79   0.00   
-0.77   -2.79   0.00   
-0.69   -2.79   0.00   
-0.61   -2.79   0.00   
-0.53   -2.79   0.00   
-0.44   -2.79   0.00   
-0.36   -2.79   0.00   
-0.28   -2.79   0.00   
-0.20   -2.79   0.00   
-0.12   -2.79   0.00   
-0.04   -2.79   0.00   
0.04    -2.79   0.00   
0.12    -2.79   0.00   
0.20    -2.79   0.00   
0.28    -2.79   0.00   
0.36    -2.79   0.00   
0.44    -2.79   0.00   
0.53    -2.79   0.00   
0.61    -2.79   0.00   
0.69    -2.79   0.00   
0.77    -2.79   0.00   
0.85    -2.79   0.00   
0.93    -2.79   0.00   
1.01    -2.79   0.00   
1.09    -2.79   0.00   
1.17    -2.79   0.00   
1.25    -2.79   0.00   
1.33    -2.79   0.00   
1.41    -2.79   0.00   
1.49    -2.79   0.00   
1.58    -2.79   0.00   
1.66    -2.79   0.00   
1.74    -2.79   0.00   
1.82    -2.79   0.00   
1.90    -2.79   0.00   
1.98    -2.79   0.00   
2.06    -2.79   0.00   
2.14    -2.79   0.00   
2.22    -2.79   0.00   
2.30    -2.79   0.00   
2.38    -2.79   0.00   
2.46    -2.79   0.00   
2.55    -2.79   0.00   
2.63    -2.79   0.00   
2.71    -2.79   0.00   
2.79    -2.79   0.00   
2.87    -2.79   0.00   
2.95    -2.79   0.00   
3.03    -2.79   0.00   
3.11    -2.79   0.00   
3.19    -2.79   0.00   
3.27    -2.79   0.00   
3.35    -2.79   0.00   
3.43    -2.79   0.00   
3.52    -2.79   0.00   
3.60    -2.79   0.00   
3.68    -2.79   0.00   
3.76    -2.79   0.00   
3.84    -2.79   0.00   
3.92    -2.79   0.00   
4.00    -2.79   0.00   
-4.00   -2.71   0.00   
-3.92   -2.71   0.00   
-3.84   -2.71   0.00   
-3.76   -2.71   0.00   
-3.68   -2.71   0.00   
-3.60   -2.71   0.00   
-3.52   -2.71   0.00   
-3.43   -2.71   0.00   
-3.35   -2.71   0.00   
-3.27   -2.71   0.00   
-3.19   -2.71   0.00   
-3.11   -2.71   0.00   
-3.03   -2.71   0.00   
-2.95   -2.71   0.00   
-2.87   -2.71   0.00   
-2.79   -2.71   0.00   
-2.71   -2.71   0.00   
-2.63   -2.71   0.00   
-2.55   -2.71   0.00   
-2.46   -2.71   0.00   
-2.38   -2.71   0.00   
-2.30   -2.71   0.00   
-2.22   -2.71   0.00   
-2.14   -2.71   0.00   
-2.06   -2.71   0.00   
-1.98   -2.71   0.00   
-1.90   -2.71   0.00   
-1.82   -2.71   0.00   
-1.74   -2.71   0.00   
-1.66   -2.71   0.00   
-1.58   -2.71   0.00   
-1.49   -2.71   0.00   
-1.41   -2.71   0.00   
-1.33   -2.71   0.00   
-1.25   -2.71   0.00   
-1.17   -2.71   0.00   
-1.09   -2.71   0.00   
-1.01   -2.71   0.00   
-0.93   -2.71   0.00   
-0.85   -2.71   0.00   
-0.77   -2.71   0.00   
-0.69   -2.71   0.00   
-0.61   -2.71   0.00   
-0.53   -2.71   0.00   
-0.44   -2.71   0.00   
-0.36   -2.71   0.00   
-0.28   -2.71   0.00   
-0.20   -2.71   0.00   
-0.12   -2.71   0.00   
-0.04   -2.71   0.00   
0.04    -2.71   0.00   
0.12    -2.71   0.00   
0.20    -2.71   0.00   
0.28    -2.71   0.00   
0.36    -2.71   0.00   
0.44    -2.71   0.00   
0.53    -2.71   0.00   
0.61    -2.71   0.00   
0.69    -2.71   0.00   
0.77    -2.71   0.00   
0.85    -2.71   0.00   
0.93    -2.71   0.00   
1.01    -2.71   0.00   
1.09    -2.71   0.00   
1.17    -2.71   0.00   
1.25    -2.71   0.00   
1.33    -2.71   0.00   
1.41    -2.71   0.00   
1.49    -2.71   0.00   
1.58    -2.71   0.00   
1.66    -2.71   0.00   
1.74    -2.71   0.00   
1.82    -2.71   0.00   
1.90    -2.71   0.00   
1.98    -2.71   0.00   
2.06    -2.71   0.00   
2.14    -2.71   0.00   
2.22    -2.71   0.00   
2.30    -2.71   0.00   
2.38    -2.71   0.00   
2.46    -2.71   0.00   
2.55    -2.71   0.00   
2.63    -2.71   0.00   
2.71    -2.71   0.00   
2.79    -2.71   0.00   
2.87    -2.71   0.00   
2.95    -2.71   0.00   
3.03    -2.71   0.00   
3.11    -2.71   0.00   
3.19    -2.71   0.00   
3.27    -2.71   0.00   
3.35    -2.71   0.00   
3.43    -2.71   0.00   
3.52    -2.71   0.00   
3.60    -2.71   0.00   
3.68    -2.71   0.00   
3.76    -2.71   0.00   
3.84    -2.71   0.00   
3.92    -2.71   0.00   
4.00    -2.71   0.00   
-4.00   -2.63   0.00   
-3.92   -2.63   0.00   
-3.84   -2.63   0.00   
-3.76   -2.63   0.00   
-3.68   -2.63   0.00   
-3.60   -2.63   0.00   
-3.52   -2.63   0.00   
-3.43   -2.63   0.00   
-3.35   -2.63   0.00   
-3.27   -2.63   0.00   
-3.19   -2.63   0.00   
-3.11   -2.63   0.00   
-3.03   -2.63   0.00   
-2.95   -2.63   0.00   
-2.87   -2.63   0.00   
-2.79   -2.63   0.00   
-2.71   -2.63   0.00   
-2.63   -2.63   0.00   
-2.55   -2.63   0.00   
-2.46   -2.63   0.00   
-2.38   -2.63   0.00   
-2.30   -2.63   0.00   
-2.22   -2.63   0.00   
-2.14   -2.63   0.00   
-2.06   -2.63   0.00   
-1.98   -2.63   0.00   
-1.90   -2.63   0.00   
-1.82   -2.63   0.00   
-1.74   -2.63   0.00   
-1.66   -2.63   0.00   
-1.58   -2.63   0.00   
-1.49   -2.63   0.00   
-1.41   -2.63   0.00   
-1.33   -2.63   0.00   
-1.25   -2.63   0.00   
-1.17   -2.63   0.00   
-1.09   -2.63   0.00   
-1.01   -2.63   0.00   
-0.93   -2.63   0.00   
-0.85   -2.63   0.00   
-0.77   -2.63   0.00   
-0.69   -2.63   0.00   
-0.61   -2.63   0.00   
-0.53   -2.63   0.00   
-0.44   -2.63   0.00   
-0.36   -2.63   0.00   
-0.28   -2.63   0.00   
-0.20   -2.63   0.00   
-0.12   -2.63   0.00   
-0.04   -2.63   0.00   
0.04    -2.63   0.00   
0.12    -2.63   0.00   
0.20    -2.63   0.00   
0.28    -2.63   0.00   
0.36    -2.63   0.00   
0.44    -2.63   0.00   
0.53    -2.63   0.00   
0.61    -2.63   0.00   
0.69    -2.63   0.00   
0.77    -2.63   0.00   
0.85    -2.63   0.00   
0.93    -2.63   0.00   
1.01    -2.63   0.00   
1.09    -2.63   0.00   
1.17    -2.63   0.00   
1.25    -2.63   0.00   
1.33    -2.63   0.00   
1.41    -2.63   0.00   
1.49    -2.63   0.00   
1.58    -2.63   0.00   
1.66    -2.63   0.00   
1.74    -2.63   0.00   
1.82    -2.63   0.00   
1.90    -2.63   0.00   
1.98    -2.63   0.00   
2.06    -2.63   0.00   
2.14    -2.63   0.00   
2.22    -2.63   0.00   
2.30    -2.63   0.00   
2.38    -2.63   0.00   
2.46    -2.63   0.00   
2.55    -2.63   0.00   
2.63    -2.63   0.00   
2.71    -2.63   0.00   
2.79    -2.63   0.00   
2.87    -2.63   0.00   
2.95    -2.63   0.00   
3.03    -2.63   0.00   
3.11    -2.63   0.00   
3.19    -2.63   0.00   
3.27    -2.63   0.00   
3.35    -2.63   0.00   
3.43    -2.63   0.00   
3.52    -2.63   0.00   
3.60    -2.63   0.00   
3.68    -2.63   0.00   
3.76    -2.63   0.00   
3.84    -2.63   0.00   
3.92    -2.63   0.00   
4.00    -2.63   0.00   
-4.00   -2.55   0.00   
-3.92   -2.55   0.00   
-3.84   -2.55   0.00   
-3.76   -2.55   0.00   
-3.68   -2.55   0.00   
-3.60   -2.55   0.00   
-3.52   -2.55   0.00   
-3.43   -2.55   0.00   
-3.35   -2.55   0.00   
-3.27   -2.55   0.00   
-3.19   -2.55   0.00   
-3.11   -2.55   0.00   
-3.03   -2.55   0.00   
-2.95   -2.55   0.00   
-2.87   -2.55   0.00   
-2.79   -2.55   0.00   
-2.71   -2.55   0.00   
-2.63   -2.55   0.00   
-2.55   -2.55   0.00   
-2.46   -2.55   0.00   
-2.38   -2.55   0.00   
-2.30   -2.55   0.00   
-2.22   -2.55   0.00   
-2.14   -2.55   0.00   
-2.06   -2.55   0.00   
-1.98   -2.55   0.00   
-1.90   -2.55   0.00   
-1.82   -2.55   0.00   
-1.74   -2.55   0.00   
-1.66   -2.55   0.00   
-1.58   -2.55   0.00   
-1.49   -2.55   0.00   
-1.41   -2.55   0.00   
-1.33   -2.55   0.00   
-1.25   -2.55   0.00   
-1.17   -2.55   0.00   
-1.09   -2.55   0.00   
-1.01   -2.55   0.00   
-0.93   -2.55   0.00   
-0.85   -2.55   0.00   
-0.77   -2.55   0.00   
-0.69   -2.55   0.00   
-0.61   -2.55   0.00   
-0.53   -2.55   0.00   
-0.44   -2.55   0.00   
-0.36   -2.55   0.00   
-0.28   -2.55   0.00   
-0.20   -2.55   0.00   
-0.12   -2.55   0.00   
-0.04   -2.55   0.00   
0.04    -2.55   0.00   
0.12    -2.55   0.00   
0.20    -2.55   0.00   
0.28    -2.55   0.00   
0.36    -2.55   0.00   
0.44    -2.55   0.00   
0.53    -2.55   0.00   
0.61    -2.55   0.00   
0.69    -2.55   0.00   
0.77    -2.55   0.00   
0.85    -2.55   0.00   
0.93    -2.55   0.00   
1.01    -2.55   0.00   
1.09    -2.55   0.00   
1.17    -2.55   0.00   
1.25    -2.55   0.00   
1.33    -2.55   0.00   
1.41    -2.55   0.00   
1.49    -2.55   0.00   
1.58    -2.55   0.00   
1.66    -2.55   0.00   
1.74    -2.55   0.00   
1.82    -2.55   0.00   
1.90    -2.55   0.00   
1.98    -2.55   0.00   
2.06    -2.55   0.00   
2.14    -2.55   0.00   
2.22    -2.55   0.00   
2.30    -2.55   0.00   
2.38    -2.55   0.00   
2.46    -2.55   0.00   
2.55    -2.55   0.00   
2.63    -2.55   0.00   
2.71    -2.55   0.00   
2.79    -2.55   0.00   
2.87    -2.55   0.00   
2.95    -2.55   0.00   
3.03    -2.55   0.00   
3.11    -2.55   0.00   
3.19    -2.55   0.00   
3.27    -2.55   0.00   
3.35    -2.55   0.00   
3.43    -2.55   0.00   
3.52    -2.55   0.00   
3.60    -2.55   0.00   
3.68    -2.55   0.00   
3.76    -2.55   0.00   
3.84    -2.55   0.00   
3.92    -2.55   0.00   
4.00    -2.55   0.00   
-4.00   -2.46   0.00   
-3.92   -2.46   0.00   
-3.84   -2.46   0.00   
-3.76   -2.46   0.00   
-3.68   -2.46   0.00   
-3.60   -2.46   0.00   
-3.52   -2.46   0.00   
-3.43   -2.46   0.00   
-3.35   -2.46   0.00   
-3.27   -2.46   0.00   
-3.19   -2.46   0.00   
-3.11   -2.46   0.00   
-3.03   -2.46   0.00   
-2.95   -2.46   0.00   
-2.87   -2.46   0.00   
-2.79   -2.46   0.00   
-2.71   -2.46   0.00   
-2.63   -2.46   0.00   
-2.55   -2.46   0.00   
-2.46   -2.46   0.00   
-2.38   -2.46   0.00   
-2.30   -2.46   0.00   
-2.22   -2.46   0.00   
-2.14   -2.46   0.00   
-2.06   -2.46   0.00   
-1.98   -2.46   0.00   
-1.90   -2.46   0.00   
-1.82   -2.46   0.00   
-1.74   -2.46   0.00   
-1.66   -2.46   0.00   
-1.58   -2.46   0.00   
-1.49   -2.46   0.00   
-1.41   -2.46   0.00   
-1.33   -2.46   0.00   
-1.25   -2.46   0.00   
-1.17   -2.46   0.00   
-1.09   -2.46   0.00   
-1.01   -2.46   0.00   
-0.93   -2.46   0.00   
-0.85   -2.46   0.00   
-0.77   -2.46   0.00   
-0.69   -2.46   0.00   
-0.61   -2.46   0.00   
-0.53   -2.46   0.00   
-0.44   -2.46   0.00   
-0.36   -2.46   0.00   
-0.28   -2.46   0.00   
-0.20   -2.46   0.00   
-0.12   -2.46   0.00   
-0.04   -2.46   0.00   
0.04    -2.46   0.00   
0.12    -2.46   0.00   
0.20    -2.46   0.00   
0.28    -2.46   0.00   
0.36    -2.46   0.00   
0.44    -2.46   0.00   
0.53    -2.46   0.00   
0.61    -2.46   0.00   
0.69    -2.46   0.00   
0.77    -2.46   0.00   
0.85    -2.46   0.00   
0.93    -2.46   0.00   
1.01    -2.46   0.00   
1.09    -2.46   0.00   
1.17    -2.46   0.00   
1.25    -2.46   0.00   
1.33    -2.46   0.00   
1.41    -2.46   0.00   
1.49    -2.46   0.00   
1.58    -2.46   0.00   
1.66    -2.46   0.00   
1.74    -2.46   0.00   
1.82    -2.46   0.00   
1.90    -2.46   0.00   
1.98    -2.46   0.00   
2.06    -2.46   0.00   
2.14    -2.46   0.00   
2.22    -2.46   0.00   
2.30    -2.46   0.00   
2.38    -2.46   0.00   
2.46    -2.46   0.00   
2.55    -2.46   0.00   
2.63    -2.46   0.00   
2.71    -2.46   0.00   
2.79    -2.46   0.00   
2.87    -2.46   0.00   
2.95    -2.46   0.00   
3.03    -2.46   0.00   
3.11    -2.46   0.00   
3.19    -2.46   0.00   
3.27    -2.46   0.00   
3.35    -2.46   0.00   
3.43    -2.46   0.00   
3.52    -2.46   0.00   
3.60    -2.46   0.00   
3.68    -2.46   0.00   
3.76    -2.46   0.00   
3.84    -2.46   0.00   
3.92    -2.46   0.00   
4.00    -2.46   0.00   
-4.00   -2.38   0.00   
-3.92   -2.38   0.00   
-3.84   -2.38   0.00   
-3.76   -2.38   0.00   
-3.68   -2.38   0.00   
-3.60   -2.38   0.00   
-3.52   -2.38   0.00   
-3.43   -2.38   0.00   
-3.35   -2.38   0.00   
-3.27   -2.38   0.00   
-3.19   -2.38   0.00   
-3.11   -2.38   0.00   
-3.03   -2.38   0.00   
-2.95   -2.38   0.00   
-2.87   -2.38   0.00   
-2.79   -2.38   0.00   
-2.71   -2.38   0.00   
-2.63   -2.38   0.00   
-2.55   -2.38   0.00   
-2.46   -2.38   0.00   
-2.38   -2.38   0.00   
-2.30   -2.38   0.00   
-2.22   -2.38   0.00   
-2.14   -2.38   0.00   
-2.06   -2.38   0.00   
-1.98   -2.38   0.00   
-1.90   -2.38   0.00   
-1.82   -2.38   0.00   
-1.74   -2.38   0.00   
-1.66   -2.38   0.00   
-1.58   -2.38   0.00   
-1.49   -2.38   0.00   
-1.41   -2.38   0.00   
-1.33   -2.38   0.00   
-1.25   -2.38   0.00   
-1.17   -2.38   0.00   
-1.09   -2.38   0.00   
-1.01   -2.38   0.00   
-0.93   -2.38   0.00   
-0.85   -2.38   0.00   
-0.77   -2.38   0.00   
-0.69   -2.38   0.00   
-0.61   -2.38   0.00   
-0.53   -2.38   0.00   
-0.44   -2.38   0.00   
-0.36   -2.38   0.00   
-0.28   -2.38   0.00   
-0.20   -2.38   0.00   
-0.12   -2.38   0.00   
-0.04   -2.38   0.00   
0.04    -2.38   0.00   
0.12    -2.38   0.00   
0.20    -2.38   0.00   
0.28    -2.38   0.00   
0.36    -2.38   0.00   
0.44    -2.38   0.00   
0.53    -2.38   0.00   
0.61    -2.38   0.00   
0.69    -2.38   0.00   
0.77    -2.38   0.00   
0.85    -2.38   0.00   
0.93    -2.38   0.00   
1.01    -2.38   0.00   
1.09    -2.38   0.00   
1.17    -2.38   0.00   
1.25    -2.38   0.00   
1.33    -2.38   0.00   
1.41    -2.38   0.00   
1.49    -2.38   0.00   
1.58    -2.38   0.00   
1.66    -2.38   0.00   
1.74    -2.38   0.00   
1.82    -2.38   0.00   
1.90    -2.38   0.00   
1.98    -2.38   0.00   
2.06    -2.38   0.00   
2.14    -2.38   0.00   
2.22    -2.38   0.00   
2.30    -2.38   0.00   
2.38    -2.38   0.00   
2.46    -2.38   0.00   
2.55    -2.38   0.00   
2.63    -2.38   0.00   
2.71    -2.38   0.00   
2.79    -2.38   0.00   
2.87    -2.38   0.00   
2.95    -2.38   0.00   
3.03    -2.38   0.00   
3.11    -2.38   0.00   
3.19    -2.38   0.00   
3.27    -2.38   0.00   
3.35    -2.38   0.00   
3.43    -2.38   0.00   
3.52    -2.38   0.00   
3.60    -2.38   0.00   
3.68    -2.38   0.00   
3.76    -2.38   0.00   
3.84    -2.38   0.00   
3.92    -2.38   0.00   
4.00    -2.38   0.00   
-4.00   -2.30   0.00   
-3.92   -2.30   0.00   
-3.84   -2.30   0.00   
-3.76   -2.30   0.00   
-3.68   -2.30   0.00   
-3.60   -2.30   0.00   
-3.52   -2.30   0.00   
-3.43   -2.30   0.00   
-3.35   -2.30   0.00   
-3.27   -2.30   0.00   
-3.19   -2.30   0.00   
-3.11   -2.30   0.00   
-3.03   -2.30   0.00   
-2.95   -2.30   0.00   
-2.87   -2.30   0.00   
-2.79   -2.30   0.00   
-2.71   -2.30   0.00   
-2.63   -2.30   0.00   
-2.55   -2.30   0.00   
-2.46   -2.30   0.00   
-2.38   -2.30   0.00   
-2.30   -2.30   0.00   
-2.22   -2.30   0.00   
-2.14   -2.30   0.00   
-2.06   -2.30   0.00   
-1.98   -2.30   0.00   
-1.90   -2.30   0.00   
-1.82   -2.30   0.00   
-1.74   -2.30   0.00   
-1.66   -2.30   0.00   
-1.58   -2.30   0.00   
-1.49   -2.30   0.00   
-1.41   -2.30   0.00   
-1.33   -2.30   0.00   
-1.25   -2.30   0.00   
-1.17   -2.30   0.00   
-1.09   -2.30   0.00   
-1.01   -2.30   0.00   
-0.93   -2.30   0.00   
-0.85   -2.30   0.00   
-0.77   -2.30   0.00   
-0.69   -2.30   0.00   
-0.61   -2.30   0.00   
-0.53   -2.30   0.00   
-0.44   -2.30   0.00   
-0.36   -2.30   0.00   
-0.28   -2.30   0.00   
-0.20   -2.30   0.00   
-0.12   -2.30   0.00   
-0.04   -2.30   0.00   
0.04    -2.30   0.00   
0.12    -2.30   0.00   
0.20    -2.30   0.00   
0.28    -2.30   0.00   
0.36    -2.30   0.00   
0.44    -2.30   0.00   
0.53    -2.30   0.00   
0.61    -2.30   0.00   
0.69    -2.30   0.00   
0.77    -2.30   0.00   
0.85    -2.30   0.00   
0.93    -2.30   0.00   
1.01    -2.30   0.00   
1.09    -2.30   0.00   
1.17    -2.30   0.00   
1.25    -2.30   0.00   
1.33    -2.30   0.00   
1.41    -2.30   0.00   
1.49    -2.30   0.00   
1.58    -2.30   0.00   
1.66    -2.30   0.00   
1.74    -2.30   0.00   
1.82    -2.30   0.00   
1.90    -2.30   0.00   
1.98    -2.30   0.00   
2.06    -2.30   0.00   
2.14    -2.30   0.00   
2.22    -2.30   0.00   
2.30    -2.30   0.00   
2.38    -2.30   0.00   
2.46    -2.30   0.00   
2.55    -2.30   0.00   
2.63    -2.30   0.00   
2.71    -2.30   0.00   
2.79    -2.30   0.00   
2.87    -2.30   0.00   
2.95    -2.30   0.00   
3.03    -2.30   0.00   
3.11    -2.30   0.00   
3.19    -2.30   0.00   
3.27    -2.30   0.00   
3.35    -2.30   0.00   
3.43    -2.30   0.00   
3.52    -2.30   0.00   
3.60    -2.30   0.00   
3.68    -2.30   0.00   
3.76    -2.30   0.00   
3.84    -2.30   0.00   
3.92    -2.30   0.00   
4.00    -2.30   0.00   
-4.00   -2.22   0.00   
-3.92   -2.22   0.00   
-3.84   -2.22   0.00   
-3.76   -2.22   0.00   
-3.68   -2.22   0.00   
-3.60   -2.22   0.00   
-3.52   -2.22   0.00   
-3.43   -2.22   0.00   
-3.35   -2.22   0.00   
-3.27   -2.22   0.00   
-3.19   -2.22   0.00   
-3.11   -2.22   0.00   
-3.03   -2.22   0.00   
-2.95   -2.22   0.00   
-2.87   -2.22   0.00   
-2.79   -2.22   0.00   
-2.71   -2.22   0.00   
-2.63   -2.22   0.00   
-2.55   -2.22   0.00   
-2.46   -2.22   0.00   
-2.38   -2.22   0.00   
-2.30   -2.22   0.00   
-2.22   -2.22   0.00   
-2.14   -2.22   0.00   
-2.06   -2.22   0.00   
-1.98   -2.22   0.00   
-1.90   -2.22   0.00   
-1.82   -2.22   0.00   
-1.74   -2.22   0.00   
-1.66   -2.22   0.00   
-1.58   -2.22   0.00   
-1.49   -2.22   0.00   
-1.41   -2.22   0.00   
-1.33   -2.22   0.00   
-1.25   -2.22   0.00   
-1.17   -2.22   0.00   
-1.09   -2.22   0.00   
-1.01   -2.22   0.00   
-0.93   -2.22   0.00   
-0.85   -2.22   0.00   
-0.77   -2.22   0.00   
-0.69   -2.22   0.00   
-0.61   -2.22   0.00   
-0.53   -2.22   0.00   
-0.44   -2.22   0.00   
-0.36   -2.22   0.00   
-0.28   -2.22   0.00   
-0.20   -2.22   0.00   
-0.12   -2.22   0.00   
-0.04   -2.22   0.00   
0.04    -2.22   0.00   
0.12    -2.22   0.00   
0.20    -2.22   0.00   
0.28    -2.22   0.00   
0.36    -2.22   0.00   
0.44    -2.22   0.00   
0.53    -2.22   0.00   
0.61    -2.22   0.00   
0.69    -2.22   0.00   
0.77    -2.22   0.00   
0.85    -2.22   0.00   
0.93    -2.22   0.00   
1.01    -2.22   0.00   
1.09    -2.22   0.00   
1.17    -2.22   0.00   
1.25    -2.22   0.00   
1.33    -2.22   0.00   
1.41    -2.22   0.00   
1.49    -2.22   0.00   
1.58    -2.22   0.00   
1.66    -2.22   0.00   
1.74    -2.22   0.00   
1.82    -2.22   0.00   
1.90    -2.22   0.00   
1.98    -2.22   0.00   
2.06    -2.22   0.00   
2.14    -2.22   0.00   
2.22    -2.22   0.00   
2.30    -2.22   0.00   
2.38    -2.22   0.00   
2.46    -2.22   0.00   
2.55    -2.22   0.00   
2.63    -2.22   0.00   
2.71    -2.22   0.00   
2.79    -2.22   0.00   
2.87    -2.22   0.00   
2.95    -2.22   0.00   
3.03    -2.22   0.00   
3.11    -2.22   0.00   
3.19    -2.22   0.00   
3.27    -2.22   0.00   
3.35    -2.22   0.00   
3.43    -2.22   0.00   
3.52    -2.22   0.00   
3.60    -2.22   0.00   
3.68    -2.22   0.00   
3.76    -2.22   0.00   
3.84    -2.22   0.00   
3.92    -2.22   0.00   
4.00    -2.22   0.00   
-4.00   -2.14   0.00   
-3.92   -2.14   0.00   
-3.84   -2.14   0.00   
-3.76   -2.14   0.00   
-3.68   -2.14   0.00   
-3.60   -2.14   0.00   
-3.52   -2.14   0.00   
-3.43   -2.14   0.00   
-3.35   -2.14   0.00   
-3.27   -2.14   0.00   
-3.19   -2.14   0.00   
-3.11   -2.14   0.00   
-3.03   -2.14   0.00   
-2.95   -2.14   0.00   
-2.87   -2.14   0.00   
-2.79   -2.14   0.00   
-2.71   -2.14   0.00   
-2.63   -2.14   0.00   
-2.55   -2.14   0.00   
-2.46   -2.14   0.00   
-2.38   -2.14   0.00   
-2.30   -2.14   0.00   
-2.22   -2.14   0.00   
-2.14   -2.14   0.00   
-2.06   -2.14   0.00   
-1.98   -2.14   0.00   
-1.90   -2.14   0.00   
-1.82   -2.14   0.00   
-1.74   -2.14   0.00   
-1.66   -2.14   0.00   
-1.58   -2.14   0.00   
-1.49   -2.14   0.00   
-1.41   -2.14   0.00   
-1.33   -2.14   0.00   
-1.25   -2.14   0.00   
-1.17   -2.14   0.00   
-1.09   -2.14   0.00   
-1.01   -2.14   0.00   
-0.93   -2.14   0.00   
-0.85   -2.14   0.00   
-0.77   -2.14   0.00   
-0.69   -2.14   0.00   
-0.61   -2.14   0.00   
-0.53   -2.14   0.00   
-0.44   -2.14   0.00   
-0.36   -2.14   0.00   
-0.28   -2.14   0.00   
-0.20   -2.14   0.00   
-0.12   -2.14   0.00   
-0.04   -2.14   0.00   
0.04    -2.14   0.00   
0.12    -2.14   0.00   
0.20    -2.14   0.00   
0.28    -2.14   0.00   
0.36    -2.14   0.00   
0.44    -2.14   0.00   
0.53    -2.14   0.00   
0.61    -2.14   0.00   
0.69    -2.14   0.00   
0.77    -2.14   0.00   
0.85    -2.14   0.00   
0.93    -2.14   0.00   
1.01    -2.14   0.00   
1.09    -2.14   0.00   
1.17    -2.14   0.00   
1.25    -2.14   0.00   
1.33    -2.14   0.00   
1.41    -2.14   0.00   
1.49    -2.14   0.00   
1.58    -2.14   0.00   
1.66    -2.14   0.00   
1.74    -2.14   0.00   
1.82    -2.14   0.00   
1.90    -2.14   0.00   
1.98    -2.14   0.00   
2.06    -2.14   0.00   
2.14    -2.14   0.00   
2.22    -2.14   0.00   
2.30    -2.14   0.00   
2.38    -2.14   0.00   
2.46    -2.14   0.00   
2.55    -2.14   0.00   
2.63    -2.14   0.00   
2.71    -2.14   0.00   
2.79    -2.14   0.00   
2.87    -2.14   0.00   
2.95    -2.14   0.00   
3.03    -2.14   0.00   
3.11    -2.14   0.00   
3.19    -2.14   0.00   
3.27    -2.14   0.00   
3.35    -2.14   0.00   
3.43    -2.14   0.00   
3.52    -2.14   0.00   
3.60    -2.14   0.00   
3.68    -2.14   0.00   
3.76    -2.14   0.00   
3.84    -2.14   0.00   
3.92    -2.14   0.00   
4.00    -2.14   0.00   
-4.00   -2.06   0.00   
-3.92   -2.06   0.00   
-3.84   -2.06   0.00   
-3.76   -2.06   0.00   
-3.68   -2.06   0.00   
-3.60   -2.06   0.00   
-3.52   -2.06   0.00   
-3.43   -2.06   0.00   
-3.35   -2.06   0.00   
-3.27   -2.06   0.00   
-3.19   -2.06   0.00   
-3.11   -2.06   0.00   
-3.03   -2.06   0.00   
-2.95   -2.06   0.00   
-2.87   -2.06   0.00   
-2.79   -2.06   0.00   
-2.71   -2.06   0.00   
-2.63   -2.06   0.00   
-2.55   -2.06   0.00   
-2.46   -2.06   0.00   
-2.38   -2.06   0.00   
-2.30   -2.06   0.00   
-2.22   -2.06   0.00   
-2.14   -2.06   0.00   
-2.06   -2.06   0.00   
-1.98   -2.06   0.00   
-1.90   -2.06   0.00   
-1.82   -2.06   0.00   
-1.74   -2.06   0.00   
-1.66   -2.06   0.00   
-1.58   -2.06   0.00   
-1.49   -2.06   0.00   
-1.41   -2.06   0.00   
-1.33   -2.06   0.00   
-1.25   -2.06   0.00   
-1.17   -2.06   0.00   
-1.09   -2.06   0.00   
-1.01   -2.06   0.00   
-0.93   -2.06   0.00   
-0.85   -2.06   0.00   
-0.77   -2.06   0.00   
-0.69   -2.06   0.00   
-0.61   -2.06   0.00   
-0.53   -2.06   0.00   
-0.44   -2.06   0.00   
-0.36   -2.06   0.00   
-0.28   -2.06   0.00   
-0.20   -2.06   0.00   
-0.12   -2.06   0.00   
-0.04   -2.06   0.00   
0.04    -2.06   0.00   
0.12    -2.06   0.00   
0.20    -2.06   0.00   
0.28    -2.06   0.00   
0.36    -2.06   0.00   
0.44    -2.06   0.00   
0.53    -2.06   0.00   
0.61    -2.06   0.00   
0.69    -2.06   0.00   
0.77    -2.06   0.00   
0.85    -2.06   0.00   
0.93    -2.06   0.00   
1.01    -2.06   0.00   
1.09    -2.06   0.00   
1.17    -2.06   0.00   
1.25    -2.06   0.00   
1.33    -2.06   0.00   
1.41    -2.06   0.00   
1.49    -2.06   0.00   
1.58    -2.06   0.00   
1.66    -2.06   0.00   
1.74    -2.06   0.00   
1.82    -2.06   0.00   
1.90    -2.06   0.00   
1.98    -2.06   0.00   
2.06    -2.06   0.00   
2.14    -2.06   0.00   
2.22    -2.06   0.00   
2.30    -2.06   0.00   
2.38    -2.06   0.00   
2.46    -2.06   0.00   
2.55    -2.06   0.00   
2.63    -2.06   0.00   
2.71    -2.06   0.00   
2.79    -2.06   0.00   
2.87    -2.06   0.00   
2.95    -2.06   0.00   
3.03    -2.06   0.00   
3.11    -2.06   0.00   
3.19    -2.06   0.00   
3.27    -2.06   0.00   
3.35    -2.06   0.00   
3.43    -2.06   0.00   
3.52    -2.06   0.00   
3.60    -2.06   0.00   
3.68    -2.06   0.00   
3.76    -2.06   0.00   
3.84    -2.06   0.00   
3.92    -2.06   0.00   
4.00    -2.06   0.00   
-4.00   -1.98   0.00   
-3.92   -1.98   0.00   
-3.84   -1.98   0.00   
-3.76   -1.98   0.00   
-3.68   -1.98   0.00   
-3.60   -1.98   0.00   
-3.52   -1.98   0.00   
-3.43   -1.98   0.00   
-3.35   -1.98   0.00   
-3.27   -1.98   0.00   
-3.19   -1.98   0.00   
-3.11   -1.98   0.00   
-3.03   -1.98   0.00   
-2.95   -1.98   0.00   
-2.87   -1.98   0.00   
-2.79   -1.98   0.00   
-2.71   -1.98   0.00   
-2.63   -1.98   0.00   
-2.55   -1.98   0.00   
-2.46   -1.98   0.00   
-2.38   -1.98   0.00   
-2.30   -1.98   0.00   
-2.22   -1.98   0.00   
-2.14   -1.98   0.00   
-2.06   -1.98   0.00   
-1.98   -1.98   0.00   
-1.90   -1.98   0.00   
-1.82   -1.98   0.00   
-1.74   -1.98   0.00   
-1.66   -1.98   0.00   
-1.58   -1.98   0.00   
-1.49   -1.98   0.00   
-1.41   -1.98   0.00   
-1.33   -1.98   0.00   
-1.25   -1.98   0.00   
-1.17   -1.98   0.00   
-1.09   -1.98   0.00   
-1.01   -1.98   0.00   
-0.93   -1.98   0.00   
-0.85   -1.98   0.00   
-0.77   -1.98   0.00   
-0.69   -1.98   0.00   
-0.61   -1.98   0.00   
-0.53   -1.98   0.00   
-0.44   -1.98   0.00   
-0.36   -1.98   0.00   
-0.28   -1.98   0.00   
-0.20   -1.98   0.00   
-0.12   -1.98   0.00   
-0.04   -1.98   0.00   
0.04    -1.98   0.00   
0.12    -1.98   0.00   
0.20    -1.98   0.00   
0.28    -1.98   0.00   
0.36    -1.98   0.00   
0.44    -1.98   0.00   
0.53    -1.98   0.00   
0.61    -1.98   0.00   
0.69    -1.98   0.00   
0.77    -1.98   0.00   
0.85    -1.98   0.00   
0.93    -1.98   0.00   
1.01    -1.98   0.00   
1.09    -1.98   0.00   
1.17    -1.98   0.00   
1.25    -1.98   0.00   
1.33    -1.98   0.00   
1.41    -1.98   0.00   
1.49    -1.98   0.00   
1.58    -1.98   0.00   
1.66    -1.98   0.00   
1.74    -1.98   0.00   
1.82    -1.98   0.00   
1.90    -1.98   0.00   
1.98    -1.98   0.00   
2.06    -1.98   0.00   
2.14    -1.98   0.00   
2.22    -1.98   0.00   
2.30    -1.98   0.00   
2.38    -1.98   0.00   
2.46    -1.98   0.00   
2.55    -1.98   0.00   
2.63    -1.98   0.00   
2.71    -1.98   0.00   
2.79    -1.98   0.00   
2.87    -1.98   0.00   
2.95    -1.98   0.00   
3.03    -1.98   0.00   
3.11    -1.98   0.00   
3.19    -1.98   0.00   
3.27    -1.98   0.00   
3.35    -1.98   0.00   
3.43    -1.98   0.00   
3.52    -1.98   0.00   
3.60    -1.98   0.00   
3.68    -1.98   0.00   
3.76    -1.98   0.00   
3.84    -1.98   0.00   
3.92    -1.98   0.00   
4.00    -1.98   0.00   
-4.00   -1.90   0.00   
-3.92   -1.90   0.00   
-3.84   -1.90   0.00   
-3.76   -1.90   0.00   
-3.68   -1.90   0.00   
-3.60   -1.90   0.00   
-3.52   -1.90   0.00   
-3.43   -1.90   0.00   
-3.35   -1.90   0.00   
-3.27   -1.90   0.00   
-3.19   -1.90   0.00   
-3.11   -1.90   0.00   
-3.03   -1.90   0.00   
-2.95   -1.90   0.00   
-2.87   -1.90   0.00   
-2.79   -1.90   0.00   
-2.71   -1.90   0.00   
-2.63   -1.90   0.00   
-2.55   -1.90   0.00   
-2.46   -1.90   0.00   
-2.38   -1.90   0.00   
-2.30   -1.90   0.00   
-2.22   -1.90   0.00   
-2.14   -1.90   0.00   
-2.06   -1.90   0.00   
-1.98   -1.90   0.00   
-1.90   -1.90   0.00   
-1.82   -1.90   0.00   
-1.74   -1.90   0.00   
-1.66   -1.90   0.00   
-1.58   -1.90   0.00   
-1.49   -1.90   0.00   
-1.41   -1.90   0.00   
-1.33   -1.90   0.00   
-1.25   -1.90   0.00   
-1.17   -1.90   0.00   
-1.09   -1.90   0.00   
-1.01   -1.90   0.00   
-0.93   -1.90   0.00   
-0.85   -1.90   0.00   
-0.77   -1.90   0.00   
-0.69   -1.90   0.00   
-0.61   -1.90   0.00   
-0.53   -1.90   0.00   
-0.44   -1.90   0.00   
-0.36   -1.90   0.00   
-0.28   -1.90   0.00   
-0.20   -1.90   0.00   
-0.12   -1.90   0.00   
-0.04   -1.90   0.00   
0.04    -1.90   0.00   
0.12    -1.90   0.00   
0.20    -1.90   0.00   
0.28    -1.90   0.00   
0.36    -1.90   0.00   
0.44    -1.90   0.00   
0.53    -1.90   0.00   
0.61    -1.90   0.00   
0.69    -1.90   0.00   
0.77    -1.90   0.00   
0.85    -1.90   0.00   
0.93    -1.90   0.00   
1.01    -1.90   0.00   
1.09    -1.90   0.00   
1.17    -1.90   0.00   
1.25    -1.90   0.00   
1.33    -1.90   0.00   
1.41    -1.90   0.00   
1.49    -1.90   0.00   
1.58    -1.90   0.00   
1.66    -1.90   0.00   
1.74    -1.90   0.00   
1.82    -1.90   0.00   
1.90    -1.90   0.00   
1.98    -1.90   0.00   
2.06    -1.90   0.00   
2.14    -1.90   0.00   
2.22    -1.90   0.00   
2.30    -1.90   0.00   
2.38    -1.90   0.00   
2.46    -1.90   0.00   
2.55    -1.90   0.00   
2.63    -1.90   0.00   
2.71    -1.90   0.00   
2.79    -1.90   0.00   
2.87    -1.90   0.00   
2.95    -1.90   0.00   
3.03    -1.90   0.00   
3.11    -1.90   0.00   
3.19    -1.90   0.00   
3.27    -1.90   0.00   
3.35    -1.90   0.00   
3.43    -1.90   0.00   
3.52    -1.90   0.00   
3.60    -1.90   0.00   
3.68    -1.90   0.00   
3.76    -1.90   0.00   
3.84    -1.90   0.00   
3.92    -1.90   0.00   
4.00    -1.90   0.00   
-4.00   -1.82   0.00   
-3.92   -1.82   0.00   
-3.84   -1.82   0.00   
-3.76   -1.82   0.00   
-3.68   -1.82   0.00   
-3.60   -1.82   0.00   
-3.52   -1.82   0.00   
-3.43   -1.82   0.00   
-3.35   -1.82   0.00   
-3.27   -1.82   0.00   
-3.19   -1.82   0.00   
-3.11   -1.82   0.00   
-3.03   -1.82   0.00   
-2.95   -1.82   0.00   
-2.87   -1.82   0.00   
-2.79   -1.82   0.00   
-2.71   -1.82   0.00   
-2.63   -1.82   0.00   
-2.55   -1.82   0.00   
-2.46   -1.82   0.00   
-2.38   -1.82   0.00   
-2.30   -1.82   0.00   
-2.22   -1.82   0.00   
-2.14   -1.82   0.00   
-2.06   -1.82   0.00   
-1.98   -1.82   0.00   
-1.90   -1.82   0.00   
-1.82   -1.82   0.00   
-1.74   -1.82   0.00   
-1.66   -1.82   0.00   
-1.58   -1.82   0.00   
-1.49   -1.82   0.00   
-1.41   -1.82   0.00   
-1.33   -1.82   0.00   
-1.25   -1.82   0.00   
-1.17   -1.82   0.00   
-1.09   -1.82   0.00   
-1.01   -1.82   0.00   
-0.93   -1.82   0.00   
-0.85   -1.82   0.00   
-0.77   -1.82   0.00   
-0.69   -1.82   0.00   
-0.61   -1.82   0.00   
-0.53   -1.82   0.00   
-0.44   -1.82   0.00   
-0.36   -1.82   0.00   
-0.28   -1.82   0.00   
-0.20   -1.82   0.00   
-0.12   -1.82   0.00   
-0.04   -1.82   0.00   
0.04    -1.82   0.00   
0.12    -1.82   0.00   
0.20    -1.82   0.00   
0.28    -1.82   0.00   
0.36    -1.82   0.00   
0.44    -1.82   0.00   
0.53    -1.82   0.00   
0.61    -1.82   0.00   
0.69    -1.82   0.00   
0.77    -1.82   0.00   
0.85    -1.82   0.00   
0.93    -1.82   0.00   
1.01    -1.82   0.00   
1.09    -1.82   0.00   
1.17    -1.82   0.00   
1.25    -1.82   0.00   
1.33    -1.82   0.00   
1.41    -1.82   0.00   
1.49    -1.82   0.00   
1.58    -1.82   0.00   
1.66    -1.82   0.00   
1.74    -1.82   0.00   
1.82    -1.82   0.00   
1.90    -1.82   0.00   
1.98    -1.82   0.00   
2.06    -1.82   0.00   
2.14    -1.82   0.00   
2.22    -1.82   0.00   
2.30    -1.82   0.00   
2.38    -1.82   0.00   
2.46    -1.82   0.00   
2.55    -1.82   0.00   
2.63    -1.82   0.00   
2.71    -1.82   0.00   
2.79    -1.82   0.00   
2.87    -1.82   0.00   
2.95    -1.82   0.00   
3.03    -1.82   0.00   
3.11    -1.82   0.00   
3.19    -1.82   0.00   
3.27    -1.82   0.00   
3.35    -1.82   0.00   
3.43    -1.82   0.00   
3.52    -1.82   0.00   
3.60    -1.82   0.00   
3.68    -1.82   0.00   
3.76    -1.82   0.00   
3.84    -1.82   0.00   
3.92    -1.82   0.00   
4.00    -1.82   0.00   
-4.00   -1.74   0.00   
-3.92   -1.74   0.00   
-3.84   -1.74   0.00   
-3.76   -1.74   0.00   
-3.68   -1.74   0.00   
-3.60   -1.74   0.00   
-3.52   -1.74   0.00   
-3.43   -1.74   0.00   
-3.35   -1.74   0.00   
-3.27   -1.74   0.00   
-3.19   -1.74   0.00   
-3.11   -1.74   0.00   
-3.03   -1.74   0.00   
-2.95   -1.74   0.00   
-2.87   -1.74   0.00   
-2.79   -1.74   0.00   
-2.71   -1.74   0.00   
-2.63   -1.74   0.00   
-2.55   -1.74   0.00   
-2.46   -1.74   0.00   
-2.38   -1.74   0.00   
-2.30   -1.74   0.00   
-2.22   -1.74   0.00   
-2.14   -1.74   0.00   
-2.06   -1.74   0.00   
-1.98   -1.74   0.00   
-1.90   -1.74   0.00   
-1.82   -1.74   0.00   
-1.74   -1.74   0.00   
-1.66   -1.74   0.00   
-1.58   -1.74   0.00   
-1.49   -1.74   0.00   
-1.41   -1.74   0.00   
-1.33   -1.74   0.00   
-1.25   -1.74   0.00   
-1.17   -1.74   0.00   
-1.09   -1.74   0.00   
-1.01   -1.74   0.00   
-0.93   -1.74   0.00   
-0.85   -1.74   0.00   
-0.77   -1.74   0.00   
-0.69   -1.74   0.00   
-0.61   -1.74   0.00   
-0.53   -1.74   0.00   
-0.44   -1.74   0.00   
-0.36   -1.74   0.00   
-0.28   -1.74   0.00   
-0.20   -1.74   0.00   
-0.12   -1.74   0.00   
-0.04   -1.74   0.00   
0.04    -1.74   0.00   
0.12    -1.74   0.00   
0.20    -1.74   0.00   
0.28    -1.74   0.00   
0.36    -1.74   0.00   
0.44    -1.74   0.00   
0.53    -1.74   0.00   
0.61    -1.74   0.00   
0.69    -1.74   0.00   
0.77    -1.74   0.00   
0.85    -1.74   0.00   
0.93    -1.74   0.00   
1.01    -1.74   0.00   
1.09    -1.74   0.00   
1.17    -1.74   0.00   
1.25    -1.74   0.00   
1.33    -1.74   0.00   
1.41    -1.74   0.00   
1.49    -1.74   0.00   
1.58    -1.74   0.00   
1.66    -1.74   0.00   
1.74    -1.74   0.00   
1.82    -1.74   0.00   
1.90    -1.74   0.00   
1.98    -1.74   0.00   
2.06    -1.74   0.00   
2.14    -1.74   0.00   
2.22    -1.74   0.00   
2.30    -1.74   0.00   
2.38    -1.74   0.00   
2.46    -1.74   0.00   
2.55    -1.74   0.00   
2.63    -1.74   0.00   
2.71    -1.74   0.00   
2.79    -1.74   0.00   
2.87    -1.74   0.00   
2.95    -1.74   0.00   
3.03    -1.74   0.00   
3.11    -1.74   0.00   
3.19    -1.74   0.00   
3.27    -1.74   0.00   
3.35    -1.74   0.00   
3.43    -1.74   0.00   
3.52    -1.74   0.00   
3.60    -1.74   0.00   
3.68    -1.74   0.00   
3.76    -1.74   0.00   
3.84    -1.74   0.00   
3.92    -1.74   0.00   
4.00    -1.74   0.00   
-4.00   -1.66   0.00   
-3.92   -1.66   0.00   
-3.84   -1.66   0.00   
-3.76   -1.66   0.00   
-3.68   -1.66   0.00   
-3.60   -1.66   0.00   
-3.52   -1.66   0.00   
-3.43   -1.66   0.00   
-3.35   -1.66   0.00   
-3.27   -1.66   0.00   
-3.19   -1.66   0.00   
-3.11   -1.66   0.00   
-3.03   -1.66   0.00   
-2.95   -1.66   0.00   
-2.87   -1.66   0.00   
-2.79   -1.66   0.00   
-2.71   -1.66   0.00   
-2.63   -1.66   0.00   
-2.55   -1.66   0.00   
-2.46   -1.66   0.00   
-2.38   -1.66   0.00   
-2.30   -1.66   0.00   
-2.22   -1.66   0.00   
-2.14   -1.66   0.00   
-2.06   -1.66   0.00   
-1.98   -1.66   0.00   
-1.90   -1.66   0.00   
-1.82   -1.66   0.00   
-1.74   -1.66   0.00   
-1.66   -1.66   0.00   
-1.58   -1.66   0.00   
-1.49   -1.66   0.00   
-1.41   -1.66   0.00   
-1.33   -1.66   0.00   
-1.25   -1.66   0.00   
-1.17   -1.66   0.00   
-1.09   -1.66   0.00   
-1.01   -1.66   0.00   
-0.93   -1.66   0.00   
-0.85   -1.66   0.00   
-0.77   -1.66   0.00   
-0.69   -1.66   0.00   
-0.61   -1.66   0.00   
-0.53   -1.66   0.00   
-0.44   -1.66   0.00   
-0.36   -1.66   0.00   
-0.28   -1.66   0.00   
-0.20   -1.66   0.00   
-0.12   -1.66   0.00   
-0.04   -1.66   0.00   
0.04    -1.66   0.00   
0.12    -1.66   0.00   
0.20    -1.66   0.00   
0.28    -1.66   0.00   
0.36    -1.66   0.00   
0.44    -1.66   0.00   
0.53    -1.66   0.00   
0.61    -1.66   0.00   
0.69    -1.66   0.00   
0.77    -1.66   0.00   
0.85    -1.66   0.00   
0.93    -1.66   0.00   
1.01    -1.66   0.00   
1.09    -1.66   0.00   
1.17    -1.66   0.00   
1.25    -1.66   0.00   
1.33    -1.66   0.00   
1.41    -1.66   0.00   
1.49    -1.66   0.00   
1.58    -1.66   0.00   
1.66    -1.66   0.00   
1.74    -1.66   0.00   
1.82    -1.66   0.00   
1.90    -1.66   0.00   
1.98    -1.66   0.00   
2.06    -1.66   0.00   
2.14    -1.66   0.00   
2.22    -1.66   0.00   
2.30    -1.66   0.00   
2.38    -1.66   0.00   
2.46    -1.66   0.00   
2.55    -1.66   0.00   
2.63    -1.66   0.00   
2.71    -1.66   0.00   
2.79    -1.66   0.00   
2.87    -1.66   0.00   
2.95    -1.66   0.00   
3.03    -1.66   0.00   
3.11    -1.66   0.00   
3.19    -1.66   0.00   
3.27    -1.66   0.00   
3.35    -1.66   0.00   
3.43    -1.66   0.00   
3.52    -1.66   0.00   
3.60    -1.66   0.00   
3.68    -1.66   0.00   
3.76    -1.66   0.00   
3.84    -1.66   0.00   
3.92    -1.66   0.00   
4.00    -1.66   0.00   
-4.00   -1.58   0.00   
-3.92   -1.58   0.00   
-3.84   -1.58   0.00   
-3.76   -1.58   0.00   
-3.68   -1.58   0.00   
-3.60   -1.58   0.00   
-3.52   -1.58   0.00   
-3.43   -1.58   0.00   
-3.35   -1.58   0.00   
-3.27   -1.58   0.00   
-3.19   -1.58   0.00   
-3.11   -1.58   0.00   
-3.03   -1.58   0.00   
-2.95   -1.58   0.00   
-2.87   -1.58   0.00   
-2.79   -1.58   0.00   
-2.71   -1.58   0.00   
-2.63   -1.58   0.00   
-2.55   -1.58   0.00   
-2.46   -1.58   0.00   
-2.38   -1.58   0.00   
-2.30   -1.58   0.00   
-2.22   -1.58   0.00   
-2.14   -1.58   0.00   
-2.06   -1.58   0.00   
-1.98   -1.58   0.00   
-1.90   -1.58   0.00   
-1.82   -1.58   0.00   
-1.74   -1.58   0.00   
-1.66   -1.58   0.00   
-1.58   -1.58   0.00   
-1.49   -1.58   0.00   
-1.41   -1.58   0.00   
-1.33   -1.58   0.00   
-1.25   -1.58   0.00   
-1.17   -1.58   0.00   
-1.09   -1.58   0.00   
-1.01   -1.58   0.00   
-0.93   -1.58   0.00   
-0.85   -1.58   0.00   
-0.77   -1.58   0.00   
-0.69   -1.58   0.00   
-0.61   -1.58   0.00   
-0.53   -1.58   0.00   
-0.44   -1.58   0.00   
-0.36   -1.58   0.00   
-0.28   -1.58   0.00   
-0.20   -1.58   0.00   
-0.12   -1.58   0.00   
-0.04   -1.58   0.00   
0.04    -1.58   0.00   
0.12    -1.58   0.00   
0.20    -1.58   0.00   
0.28    -1.58   0.00   
0.36    -1.58   0.00   
0.44    -1.58   0.00   
0.53    -1.58   0.00   
0.61    -1.58   0.00   
0.69    -1.58   0.00   
0.77    -1.58   0.00   
0.85    -1.58   0.00   
0.93    -1.58   0.00   
1.01    -1.58   0.00   
1.09    -1.58   0.00   
1.17    -1.58   0.00   
1.25    -1.58   0.00   
1.33    -1.58   0.00   
1.41    -1.58   0.00   
1.49    -1.58   0.00   
1.58    -1.58   0.00   
1.66    -1.58   0.00   
1.74    -1.58   0.00   
1.82    -1.58   0.00   
1.90    -1.58   0.00   
1.98    -1.58   0.00   
2.06    -1.58   0.00   
2.14    -1.58   0.00   
2.22    -1.58   0.00   
2.30    -1.58   0.00   
2.38    -1.58   0.00   
2.46    -1.58   0.00   
2.55    -1.58   0.00   
2.63    -1.58   0.00   
2.71    -1.58   0.00   
2.79    -1.58   0.00   
2.87    -1.58   0.00   
2.95    -1.58   0.00   
3.03    -1.58   0.00   
3.11    -1.58   0.00   
3.19    -1.58   0.00   
3.27    -1.58   0.00   
3.35    -1.58   0.00   
3.43    -1.58   0.00   
3.52    -1.58   0.00   
3.60    -1.58   0.00   
3.68    -1.58   0.00   
3.76    -1.58   0.00   
3.84    -1.58   0.00   
3.92    -1.58   0.00   
4.00    -1.58   0.00   
-4.00   -1.49   0.00   
-3.92   -1.49   0.00   
-3.84   -1.49   0.00   
-3.76   -1.49   0.00   
-3.68   -1.49   0.00   
-3.60   -1.49   0.00   
-3.52   -1.49   0.00   
-3.43   -1.49   0.00   
-3.35   -1.49   0.00   
-3.27   -1.49   0.00   
-3.19   -1.49   0.00   
-3.11   -1.49   0.00   
-3.03   -1.49   0.00   
-2.95   -1.49   0.00   
-2.87   -1.49   0.00   
-2.79   -1.49   0.00   
-2.71   -1.49   0.00   
-2.63   -1.49   0.00   
-2.55   -1.49   0.00   
-2.46   -1.49   0.00   
-2.38   -1.49   0.00   
-2.30   -1.49   0.00   
-2.22   -1.49   0.00   
-2.14   -1.49   0.00   
-2.06   -1.49   0.00   
-1.98   -1.49   0.00   
-1.90   -1.49   0.00   
-1.82   -1.49   0.00   
-1.74   -1.49   0.00   
-1.66   -1.49   0.00   
-1.58   -1.49   0.00   
-1.49   -1.49   0.00   
-1.41   -1.49   0.00   
-1.33   -1.49   0.00   
-1.25   -1.49   0.00   
-1.17   -1.49   0.00   
-1.09   -1.49   0.00   
-1.01   -1.49   0.00   
-0.93   -1.49   0.00   
-0.85   -1.49   0.00   
-0.77   -1.49   0.00   
-0.69   -1.49   0.00   
-0.61   -1.49   0.00   
-0.53   -1.49   0.00   
-0.44   -1.49   0.00   
-0.36   -1.49   0.00   
-0.28   -1.49   0.00   
-0.20   -1.49   0.00   
-0.12   -1.49   0.00   
-0.04   -1.49   0.00   
0.04    -1.49   0.00   
0.12    -1.49   0.00   
0.20    -1.49   0.00   
0.28    -1.49   0.00   
0.36    -1.49   0.00   
0.44    -1.49   0.00   
0.53    -1.49   0.00   
0.61    -1.49   0.00   
0.69    -1.49   0.00   
0.77    -1.49   0.00   
0.85    -1.49   0.00   
0.93    -1.49   0.00   
1.01    -1.49   0.00   
1.09    -1.49   0.00   
1.17    -1.49   0.00   
1.25    -1.49   0.00   
1.33    -1.49   0.00   
1.41    -1.49   0.00   
1.49    -1.49   0.00   
1.58    -1.49   0.00   
1.66    -1.49   0.00   
1.74    -1.49   0.00   
1.82    -1.49   0.00   
1.90    -1.49   0.00   
1.98    -1.49   0.00   
2.06    -1.49   0.00   
2.14    -1.49   0.00   
2.22    -1.49   0.00   
2.30    -1.49   0.00   
2.38    -1.49   0.00   
2.46    -1.49   0.00   
2.55    -1.49   0.00   
2.63    -1.49   0.00   
2.71    -1.49   0.00   
2.79    -1.49   0.00   
2.87    -1.49   0.00   
2.95    -1.49   0.00   
3.03    -1.49   0.00   
3.11    -1.49   0.00   
3.19    -1.49   0.00   
3.27    -1.49   0.00   
3.35    -1.49   0.00   
3.43    -1.49   0.00   
3.52    -1.49   0.00   
3.60    -1.49   0.00   
3.68    -1.49   0.00   
3.76    -1.49   0.00   
3.84    -1.49   0.00   
3.92    -1.49   0.00   
4.00    -1.49   0.00   
-4.00   -1.41   0.00   
-3.92   -1.41   0.00   
-3.84   -1.41   0.00   
-3.76   -1.41   0.00   
-3.68   -1.41   0.00   
-3.60   -1.41   0.00   
-3.52   -1.41   0.00   
-3.43   -1.41   0.00   
-3.35   -1.41   0.00   
-3.27   -1.41   0.00   
-3.19   -1.41   0.00   
-3.11   -1.41   0.00   
-3.03   -1.41   0.00   
-2.95   -1.41   0.00   
-2.87   -1.41   0.00   
-2.79   -1.41   0.00   
-2.71   -1.41   0.00   
-2.63   -1.41   0.00   
-2.55   -1.41   0.00   
-2.46   -1.41   0.00   
-2.38   -1.41   0.00   
-2.30   -1.41   0.00   
-2.22   -1.41   0.00   
-2.14   -1.41   0.00   
-2.06   -1.41   0.00   
-1.98   -1.41   0.00   
-1.90   -1.41   0.00   
-1.82   -1.41   0.00   
-1.74   -1.41   0.00   
-1.66   -1.41   0.00   
-1.58   -1.41   0.00   
-1.49   -1.41   0.00   
-1.41   -1.41   0.00   
-1.33   -1.41   0.00   
-1.25   -1.41   0.00   
-1.17   -1.41   0.00   
-1.09   -1.41   0.00   
-1.01   -1.41   0.00   
-0.93   -1.41   0.00   
-0.85   -1.41   0.00   
-0.77   -1.41   0.00   
-0.69   -1.41   0.00   
-0.61   -1.41   0.00   
-0.53   -1.41   0.00   
-0.44   -1.41   0.00   
-0.36   -1.41   0.00   
-0.28   -1.41   0.00   
-0.20   -1.41   0.00   
-0.12   -1.41   0.00   
-0.04   -1.41   0.00   
0.04    -1.41   0.00   
0.12    -1.41   0.00   
0.20    -1.41   0.00   
0.28    -1.41   0.00   
0.36    -1.41   0.00   
0.44    -1.41   0.00   
0.53    -1.41   0.00   
0.61    -1.41   0.00   
0.69    -1.41   0.00   
0.77    -1.41   0.00   
0.85    -1.41   0.00   
0.93    -1.41   0.00   
1.01    -1.41   0.00   
1.09    -1.41   0.00   
1.17    -1.41   0.00   
1.25    -1.41   0.00   
1.33    -1.41   0.00   
1.41    -1.41   0.00   
1.49    -1.41   0.00   
1.58    -1.41   0.00   
1.66    -1.41   0.00   
1.74    -1.41   0.00   
1.82    -1.41   0.00   
1.90    -1.41   0.00   
1.98    -1.41   0.00   
2.06    -1.41   0.00   
2.14    -1.41   0.00   
2.22    -1.41   0.00   
2.30    -1.41   0.00   
2.38    -1.41   0.00   
2.46    -1.41   0.00   
2.55    -1.41   0.00   
2.63    -1.41   0.00   
2.71    -1.41   0.00   
2.79    -1.41   0.00   
2.87    -1.41   0.00   
2.95    -1.41   0.00   
3.03    -1.41   0.00   
3.11    -1.41   0.00   
3.19    -1.41   0.00   
3.27    -1.41   0.00   
3.35    -1.41   0.00   
3.43    -1.41   0.00   
3.52    -1.41   0.00   
3.60    -1.41   0.00   
3.68    -1.41   0.00   
3.76    -1.41   0.00   
3.84    -1.41   0.00   
3.92    -1.41   0.00   
4.00    -1.41   0.00   
-4.00   -1.33   0.00   
-3.92   -1.33   0.00   
-3.84   -1.33   0.00   
-3.76   -1.33   0.00   
-3.68   -1.33   0.00   
-3.60   -1.33   0.00   
-3.52   -1.33   0.00   
-3.43   -1.33   0.00   
-3.35   -1.33   0.00   
-3.27   -1.33   0.00   
-3.19   -1.33   0.00   
-3.11   -1.33   0.00   
-3.03   -1.33   0.00   
-2.95   -1.33   0.00   
-2.87   -1.33   0.00   
-2.79   -1.33   0.00   
-2.71   -1.33   0.00   
-2.63   -1.33   0.00   
-2.55   -1.33   0.00   
-2.46   -1.33   0.00   
-2.38   -1.33   0.00   
-2.30   -1.33   0.00   
-2.22   -1.33   0.00   
-2.14   -1.33   0.00   
-2.06   -1.33   0.00   
-1.98   -1.33   0.00   
-1.90   -1.33   0.00   
-1.82   -1.33   0.00   
-1.74   -1.33   0.00   
-1.66   -1.33   0.00   
-1.58   -1.33   0.00   
-1.49   -1.33   0.00   
-1.41   -1.33   0.00   
-1.33   -1.33   0.00   
-1.25   -1.33   0.00   
-1.17   -1.33   0.00   
-1.09   -1.33   0.00   
-1.01   -1.33   0.00   
-0.93   -1.33   0.00   
-0.85   -1.33   0.00   
-0.77   -1.33   0.00   
-0.69   -1.33   0.00   
-0.61   -1.33   0.00   
-0.53   -1.33   0.00   
-0.44   -1.33   0.00   
-0.36   -1.33   0.00   
-0.28   -1.33   0.00   
-0.20   -1.33   0.00   
-0.12   -1.33   0.00   
-0.04   -1.33   0.00   
0.04    -1.33   0.00   
0.12    -1.33   0.00   
0.20    -1.33   0.00   
0.28    -1.33   0.00   
0.36    -1.33   0.00   
0.44    -1.33   0.00   
0.53    -1.33   0.00   
0.61    -1.33   0.00   
0.69    -1.33   0.00   
0.77    -1.33   0.00   
0.85    -1.33   0.00   
0.93    -1.33   0.00   
1.01    -1.33   0.00   
1.09    -1.33   0.00   
1.17    -1.33   0.00   
1.25    -1.33   0.00   
1.33    -1.33   0.00   
1.41    -1.33   0.00   
1.49    -1.33   0.00   
1.58    -1.33   0.00   
1.66    -1.33   0.00   
1.74    -1.33   0.00   
1.82    -1.33   0.00   
1.90    -1.33   0.00   
1.98    -1.33   0.00   
2.06    -1.33   0.00   
2.14    -1.33   0.00   
2.22    -1.33   0.00   
2.30    -1.33   0.00   
2.38    -1.33   0.00   
2.46    -1.33   0.00   
2.55    -1.33   0.00   
2.63    -1.33   0.00   
2.71    -1.33   0.00   
2.79    -1.33   0.00   
2.87    -1.33   0.00   
2.95    -1.33   0.00   
3.03    -1.33   0.00   
3.11    -1.33   0.00   
3.19    -1.33   0.00   
3.27    -1.33   0.00   
3.35    -1.33   0.00   
3.43    -1.33   0.00   
3.52    -1.33   0.00   
3.60    -1.33   0.00   
3.68    -1.33   0.00   
3.76    -1.33   0.00   
3.84    -1.33   0.00   
3.92    -1.33   0.00   
4.00    -1.33   0.00   
-4.00   -1.25   0.00   
-3.92   -1.25   0.00   
-3.84   -1.25   0.00   
-3.76   -1.25   0.00   
-3.68   -1.25   0.00   
-3.60   -1.25   0.00   
-3.52   -1.25   0.00   
-3.43   -1.25   0.00   
-3.35   -1.25   0.00   
-3.27   -1.25   0.00   
-3.19   -1.25   0.00   
-3.11   -1.25   0.00   
-3.03   -1.25   0.00   
-2.95   -1.25   0.00   
-2.87   -1.25   0.00   
-2.79   -1.25   0.00   
-2.71   -1.25   0.00   
-2.63   -1.25   0.00   
-2.55   -1.25   0.00   
-2.46   -1.25   0.00   
-2.38   -1.25   0.00   
-2.30   -1.25   0.00   
-2.22   -1.25   0.00   
-2.14   -1.25   0.00   
-2.06   -1.25   0.00   
-1.98   -1.25   0.00   
-1.90   -1.25   0.00   
-1.82   -1.25   0.00   
-1.74   -1.25   0.00   
-1.66   -1.25   0.00   
-1.58   -1.25   0.00   
-1.49   -1.25   0.00   
-1.41   -1.25   0.00   
-1.33   -1.25   0.00   
-1.25   -1.25   0.00   
-1.17   -1.25   0.00   
-1.09   -1.25   0.00   
-1.01   -1.25   0.00   
-0.93   -1.25   0.00   
-0.85   -1.25   0.00   
-0.77   -1.25   0.00   
-0.69   -1.25   0.00   
-0.61   -1.25   0.00   
-0.53   -1.25   0.00   
-0.44   -1.25   0.00   
-0.36   -1.25   0.00   
-0.28   -1.25   0.00   
-0.20   -1.25   0.00   
-0.12   -1.25   0.00   
-0.04   -1.25   0.00   
0.04    -1.25   0.00   
0.12    -1.25   0.00   
0.20    -1.25   0.00   
0.28    -1.25   0.00   
0.36    -1.25   0.00   
0.44    -1.25   0.00   
0.53    -1.25   0.00   
0.61    -1.25   0.00   
0.69    -1.25   0.00   
0.77    -1.25   0.00   
0.85    -1.25   0.00   
0.93    -1.25   0.00   
1.01    -1.25   0.00   
1.09    -1.25   0.00   
1.17    -1.25   0.00   
1.25    -1.25   0.00   
1.33    -1.25   0.00   
1.41    -1.25   0.00   
1.49    -1.25   0.00   
1.58    -1.25   0.00   
1.66    -1.25   0.00   
1.74    -1.25   0.00   
1.82    -1.25   0.00   
1.90    -1.25   0.00   
1.98    -1.25   0.00   
2.06    -1.25   0.00   
2.14    -1.25   0.00   
2.22    -1.25   0.00   
2.30    -1.25   0.00   
2.38    -1.25   0.00   
2.46    -1.25   0.00   
2.55    -1.25   0.00   
2.63    -1.25   0.00   
2.71    -1.25   0.00   
2.79    -1.25   0.00   
2.87    -1.25   0.00   
2.95    -1.25   0.00   
3.03    -1.25   0.00   
3.11    -1.25   0.00   
3.19    -1.25   0.00   
3.27    -1.25   0.00   
3.35    -1.25   0.00   
3.43    -1.25   0.00   
3.52    -1.25   0.00   
3.60    -1.25   0.00   
3.68    -1.25   0.00   
3.76    -1.25   0.00   
3.84    -1.25   0.00   
3.92    -1.25   0.00   
4.00    -1.25   0.00   
-4.00   -1.17   0.00   
-3.92   -1.17   0.00   
-3.84   -1.17   0.00   
-3.76   -1.17   0.00   
-3.68   -1.17   0.00   
-3.60   -1.17   0.00   
-3.52   -1.17   0.00   
-3.43   -1.17   0.00   
-3.35   -1.17   0.00   
-3.27   -1.17   0.00   
-3.19   -1.17   0.00   
-3.11   -1.17   0.00   
-3.03   -1.17   0.00   
-2.95   -1.17   0.00   
-2.87   -1.17   0.00   
-2.79   -1.17   0.00   
-2.71   -1.17   0.00   
-2.63   -1.17   0.00   
-2.55   -1.17   0.00   
-2.46   -1.17   0.00   
-2.38   -1.17   0.00   
-2.30   -1.17   0.00   
-2.22   -1.17   0.00   
-2.14   -1.17   0.00   
-2.06   -1.17   0.00   
-1.98   -1.17   0.00   
-1.90   -1.17   0.00   
-1.82   -1.17   0.00   
-1.74   -1.17   0.00   
-1.66   -1.17   0.00   
-1.58   -1.17   0.00   
-1.49   -1.17   0.00   
-1.41   -1.17   0.00   
-1.33   -1.17   0.00   
-1.25   -1.17   0.00   
-1.17   -1.17   0.00   
-1.09   -1.17   0.00   
-1.01   -1.17   0.00   
-0.93   -1.17   0.00   
-0.85   -1.17   0.00   
-0.77   -1.17   0.00   
-0.69   -1.17   0.00   
-0.61   -1.17   0.00   
-0.53   -1.17   0.00   
-0.44   -1.17   0.00   
-0.36   -1.17   0.00   
-0.28   -1.17   0.00   
-0.20   -1.17   0.00   
-0.12   -1.17   0.00   
-0.04   -1.17   0.00   
0.04    -1.17   0.00   
0.12    -1.17   0.00   
0.20    -1.17   0.00   
0.28    -1.17   0.00   
0.36    -1.17   0.00   
0.44    -1.17   0.00   
0.53    -1.17   0.00   
0.61    -1.17   0.00   
0.69    -1.17   0.00   
0.77    -1.17   0.00   
0.85    -1.17   0.00   
0.93    -1.17   0.00   
1.01    -1.17   0.00   
1.09    -1.17   0.00   
1.17    -1.17   0.00   
1.25    -1.17   0.00   
1.33    -1.17   0.00   
1.41    -1.17   0.00   
1.49    -1.17   0.00   
1.58    -1.17   0.00   
1.66    -1.17   0.00   
1.74    -1.17   0.00   
1.82    -1.17   0.00   
1.90    -1.17   0.00   
1.98    -1.17   0.00   
2.06    -1.17   0.00   
2.14    -1.17   0.00   
2.22    -1.17   0.00   
2.30    -1.17   0.00   
2.38    -1.17   0.00   
2.46    -1.17   0.00   
2.55    -1.17   0.00   
2.63    -1.17   0.00   
2.71    -1.17   0.00   
2.79    -1.17   0.00   
2.87    -1.17   0.00   
2.95    -1.17   0.00   
3.03    -1.17   0.00   
3.11    -1.17   0.00   
3.19    -1.17   0.00   
3.27    -1.17   0.00   
3.35    -1.17   0.00   
3.43    -1.17   0.00   
3.52    -1.17   0.00   
3.60    -1.17   0.00   
3.68    -1.17   0.00   
3.76    -1.17   0.00   
3.84    -1.17   0.00   
3.92    -1.17   0.00   
4.00    -1.17   0.00   
-4.00   -1.09   0.00   
-3.92   -1.09   0.00   
-3.84   -1.09   0.00   
-3.76   -1.09   0.00   
-3.68   -1.09   0.00   
-3.60   -1.09   0.00   
-3.52   -1.09   0.00   
-3.43   -1.09   0.00   
-3.35   -1.09   0.00   
-3.27   -1.09   0.00   
-3.19   -1.09   0.00   
-3.11   -1.09   0.00   
-3.03   -1.09   0.00   
-2.95   -1.09   0.00   
-2.87   -1.09   0.00   
-2.79   -1.09   0.00   
-2.71   -1.09   0.00   
-2.63   -1.09   0.00   
-2.55   -1.09   0.00   
-2.46   -1.09   0.00   
-2.38   -1.09   0.00   
-2.30   -1.09   0.00   
-2.22   -1.09   0.00   
-2.14   -1.09   0.00   
-2.06   -1.09   0.00   
-1.98   -1.09   0.00   
-1.90   -1.09   0.00   
-1.82   -1.09   0.00   
-1.74   -1.09   0.00   
-1.66   -1.09   0.00   
-1.58   -1.09   0.00   
-1.49   -1.09   0.00   
-1.41   -1.09   0.00   
-1.33   -1.09   0.00   
-1.25   -1.09   0.00   
-1.17   -1.09   0.00   
-1.09   -1.09   0.00   
-1.01   -1.09   0.00   
-0.93   -1.09   0.00   
-0.85   -1.09   0.00   
-0.77   -1.09   0.00   
-0.69   -1.09   0.00   
-0.61   -1.09   0.00   
-0.53   -1.09   0.00   
-0.44   -1.09   0.00   
-0.36   -1.09   0.00   
-0.28   -1.09   0.00   
-0.20   -1.09   0.00   
-0.12   -1.09   0.00   
-0.04   -1.09   0.00   
0.04    -1.09   0.00   
0.12    -1.09   0.00   
0.20    -1.09   0.00   
0.28    -1.09   0.00   
0.36    -1.09   0.00   
0.44    -1.09   0.00   
0.53    -1.09   0.00   
0.61    -1.09   0.00   
0.69    -1.09   0.00   
0.77    -1.09   0.00   
0.85    -1.09   0.00   
0.93    -1.09   0.00   
1.01    -1.09   0.00   
1.09    -1.09   0.00   
1.17    -1.09   0.00   
1.25    -1.09   0.00   
1.33    -1.09   0.00   
1.41    -1.09   0.00   
1.49    -1.09   0.00   
1.58    -1.09   0.00   
1.66    -1.09   0.00   
1.74    -1.09   0.00   
1.82    -1.09   0.00   
1.90    -1.09   0.00   
1.98    -1.09   0.00   
2.06    -1.09   0.00   
2.14    -1.09   0.00   
2.22    -1.09   0.00   
2.30    -1.09   0.00   
2.38    -1.09   0.00   
2.46    -1.09   0.00   
2.55    -1.09   0.00   
2.63    -1.09   0.00   
2.71    -1.09   0.00   
2.79    -1.09   0.00   
2.87    -1.09   0.00   
2.95    -1.09   0.00   
3.03    -1.09   0.00   
3.11    -1.09   0.00   
3.19    -1.09   0.00   
3.27    -1.09   0.00   
3.35    -1.09   0.00   
3.43    -1.09   0.00   
3.52    -1.09   0.00   
3.60    -1.09   0.00   
3.68    -1.09   0.00   
3.76    -1.09   0.00   
3.84    -1.09   0.00   
3.92    -1.09   0.00   
4.00    -1.09   0.00   
-4.00   -1.01   0.00   
-3.92   -1.01   0.00   
-3.84   -1.01   0.00   
-3.76   -1.01   0.00   
-3.68   -1.01   0.00   
-3.60   -1.01   0.00   
-3.52   -1.01   0.00   
-3.43   -1.01   0.00   
-3.35   -1.01   0.00   
-3.27   -1.01   0.00   
-3.19   -1.01   0.00   
-3.11   -1.01   0.00   
-3.03   -1.01   0.00   
-2.95   -1.01   0.00   
-2.87   -1.01   0.00   
-2.79   -1.01   0.00   
-2.71   -1.01   0.00   
-2.63   -1.01   0.00   
-2.55   -1.01   0.00   
-2.46   -1.01   0.00   
-2.38   -1.01   0.00   
-2.30   -1.01   0.00   
-2.22   -1.01   0.00   
-2.14   -1.01   0.00   
-2.06   -1.01   0.00   
-1.98   -1.01   0.00   
-1.90   -1.01   0.00   
-1.82   -1.01   0.00   
-1.74   -1.01   0.00   
-1.66   -1.01   0.00   
-1.58   -1.01   0.00   
-1.49   -1.01   0.00   
-1.41   -1.01   0.00   
-1.33   -1.01   0.00   
-1.25   -1.01   0.00   
-1.17   -1.01   0.00   
-1.09   -1.01   0.00   
-1.01   -1.01   0.00   
-0.93   -1.01   0.00   
-0.85   -1.01   0.00   
-0.77   -1.01   0.00   
-0.69   -1.01   0.00   
-0.61   -1.01   0.00   
-0.53   -1.01   0.00   
-0.44   -1.01   0.00   
-0.36   -1.01   0.00   
-0.28   -1.01   0.00   
-0.20   -1.01   0.00   
-0.12   -1.01   0.00   
-0.04   -1.01   0.00   
0.04    -1.01   0.00   
0.12    -1.01   0.00   
0.20    -1.01   0.00   
0.28    -1.01   0.00   
0.36    -1.01   0.00   
0.44    -1.01   0.00   
0.53    -1.01   0.00   
0.61    -1.01   0.00   
0.69    -1.01   0.00   
0.77    -1.01   0.00   
0.85    -1.01   0.00   
0.93    -1.01   0.00   
1.01    -1.01   0.00   
1.09    -1.01   0.00   
1.17    -1.01   0.00   
1.25    -1.01   0.00   
1.33    -1.01   0.00   
1.41    -1.01   0.00   
1.49    -1.01   0.00   
1.58    -1.01   0.00   
1.66    -1.01   0.00   
1.74    -1.01   0.00   
1.82    -1.01   0.00   
1.90    -1.01   0.00   
1.98    -1.01   0.00   
2.06    -1.01   0.00   
2.14    -1.01   0.00   
2.22    -1.01   0.00   
2.30    -1.01   0.00   
2.38    -1.01   0.00   
2.46    -1.01   0.00   
2.55    -1.01   0.00   
2.63    -1.01   0.00   
2.71    -1.01   0.00   
2.79    -1.01   0.00   
2.87    -1.01   0.00   
2.95    -1.01   0.00   
3.03    -1.01   0.00   
3.11    -1.01   0.00   
3.19    -1.01   0.00   
3.27    -1.01   0.00   
3.35    -1.01   0.00   
3.43    -1.01   0.00   
3.52    -1.01   0.00   
3.60    -1.01   0.00   
3.68    -1.01   0.00   
3.76    -1.01   0.00   
3.84    -1.01   0.00   
3.92    -1.01   0.00   
4.00    -1.01   0.00   
-4.00   -0.93   0.00   
-3.92   -0.93   0.00   
-3.84   -0.93   0.00   
-3.76   -0.93   0.00   
-3.68   -0.93   0.00   
-3.60   -0.93   0.00   
-3.52   -0.93   0.00   
-3.43   -0.93   0.00   
-3.35   -0.93   0.00   
-3.27   -0.93   0.00   
-3.19   -0.93   0.00   
-3.11   -0.93   0.00   
-3.03   -0.93   0.00   
-2.95   -0.93   0.00   
-2.87   -0.93   0.00   
-2.79   -0.93   0.00   
-2.71   -0.93   0.00   
-2.63   -0.93   0.00   
-2.55   -0.93   0.00   
-2.46   -0.93   0.00   
-2.38   -0.93   0.00   
-2.30   -0.93   0.00   
-2.22   -0.93   0.00   
-2.14   -0.93   0.00   
-2.06   -0.93   0.00   
-1.98   -0.93   0.00   
-1.90   -0.93   0.00   
-1.82   -0.93   0.00   
-1.74   -0.93   0.00   
-1.66   -0.93   0.00   
-1.58   -0.93   0.00   
-1.49   -0.93   0.00   
-1.41   -0.93   0.00   
-1.33   -0.93   0.00   
-1.25   -0.93   0.00   
-1.17   -0.93   0.00   
-1.09   -0.93   0.00   
-1.01   -0.93   0.00   
-0.93   -0.93   0.00   
-0.85   -0.93   0.00   
-0.77   -0.93   0.00   
-0.69   -0.93   0.00   
-0.61   -0.93   0.00   
-0.53   -0.93   0.00   
-0.44   -0.93   0.00   
-0.36   -0.93   0.00   
-0.28   -0.93   0.00   
-0.20   -0.93   0.00   
-0.12   -0.93   0.00   
-0.04   -0.93   0.00   
0.04    -0.93   0.00   
0.12    -0.93   0.00   
0.20    -0.93   0.00   
0.28    -0.93   0.00   
0.36    -0.93   0.00   
0.44    -0.93   0.00   
0.53    -0.93   0.00   
0.61    -0.93   0.00   
0.69    -0.93   0.00   
0.77    -0.93   0.00   
0.85    -0.93   0.00   
0.93    -0.93   0.00   
1.01    -0.93   0.00   
1.09    -0.93   0.00   
1.17    -0.93   0.00   
1.25    -0.93   0.00   
1.33    -0.93   0.00   
1.41    -0.93   0.00   
1.49    -0.93   0.00   
1.58    -0.93   0.00   
1.66    -0.93   0.00   
1.74    -0.93   0.00   
1.82    -0.93   0.00   
1.90    -0.93   0.00   
1.98    -0.93   0.00   
2.06    -0.93   0.00   
2.14    -0.93   0.00   
2.22    -0.93   0.00   
2.30    -0.93   0.00   
2.38    -0.93   0.00   
2.46    -0.93   0.00   
2.55    -0.93   0.00   
2.63    -0.93   0.00   
2.71    -0.93   0.00   
2.79    -0.93   0.00   
2.87    -0.93   0.00   
2.95    -0.93   0.00   
3.03    -0.93   0.00   
3.11    -0.93   0.00   
3.19    -0.93   0.00   
3.27    -0.93   0.00   
3.35    -0.93   0.00   
3.43    -0.93   0.00   
3.52    -0.93   0.00   
3.60    -0.93   0.00   
3.68    -0.93   0.00   
3.76    -0.93   0.00   
3.84    -0.93   0.00   
3.92    -0.93   0.00   
4.00    -0.93   0.00   
-4.00   -0.85   0.00   
-3.92   -0.85   0.00   
-3.84   -0.85   0.00   
-3.76   -0.85   0.00   
-3.68   -0.85   0.00   
-3.60   -0.85   0.00   
-3.52   -0.85   0.00   
-3.43   -0.85   0.00   
-3.35   -0.85   0.00   
-3.27   -0.85   0.00   
-3.19   -0.85   0.00   
-3.11   -0.85   0.00   
-3.03   -0.85   0.00   
-2.95   -0.85   0.00   
-2.87   -0.85   0.00   
-2.79   -0.85   0.00   
-2.71   -0.85   0.00   
-2.63   -0.85   0.00   
-2.55   -0.85   0.00   
-2.46   -0.85   0.00   
-2.38   -0.85   0.00   
-2.30   -0.85   0.00   
-2.22   -0.85   0.00   
-2.14   -0.85   0.00   
-2.06   -0.85   0.00   
-1.98   -0.85   0.00   
-1.90   -0.85   0.00   
-1.82   -0.85   0.00   
-1.74   -0.85   0.00   
-1.66   -0.85   0.00   
-1.58   -0.85   0.00   
-1.49   -0.85   0.00   
-1.41   -0.85   0.00   
-1.33   -0.85   0.00   
-1.25   -0.85   0.00   
-1.17   -0.85   0.00   
-1.09   -0.85   0.00   
-1.01   -0.85   0.00   
-0.93   -0.85   0.00   
-0.85   -0.85   0.00   
-0.77   -0.85   0.00   
-0.69   -0.85   0.00   
-0.61   -0.85   0.00   
-0.53   -0.85   0.00   
-0.44   -0.85   0.00   
-0.36   -0.85   0.00   
-0.28   -0.85   0.00   
-0.20   -0.85   0.00   
-0.12   -0.85   0.00   
-0.04   -0.85   0.00   
0.04    -0.85   0.00   
0.12    -0.85   0.00   
0.20    -0.85   0.00   
0.28    -0.85   0.00   
0.36    -0.85   0.00   
0.44    -0.85   0.00   
0.53    -0.85   0.00   
0.61    -0.85   0.00   
0.69    -0.85   0.00   
0.77    -0.85   0.00   
0.85    -0.85   0.00   
0.93    -0.85   0.00   
1.01    -0.85   0.00   
1.09    -0.85   0.00   
1.17    -0.85   0.00   
1.25    -0.85   0.00   
1.33    -0.85   0.00   
1.41    -0.85   0.00   
1.49    -0.85   0.00   
1.58    -0.85   0.00   
1.66    -0.85   0.00   
1.74    -0.85   0.00   
1.82    -0.85   0.00   
1.90    -0.85   0.00   
1.98    -0.85   0.00   
2.06    -0.85   0.00   
2.14    -0.85   0.00   
2.22    -0.85   0.00   
2.30    -0.85   0.00   
2.38    -0.85   0.00   
2.46    -0.85   0.00   
2.55    -0.85   0.00   
2.63    -0.85   0.00   
2.71    -0.85   0.00   
2.79    -0.85   0.00   
2.87    -0.85   0.00   
2.95    -0.85   0.00   
3.03    -0.85   0.00   
3.11    -0.85   0.00   
3.19    -0.85   0.00   
3.27    -0.85   0.00   
3.35    -0.85   0.00   
3.43    -0.85   0.00   
3.52    -0.85   0.00   
3.60    -0.85   0.00   
3.68    -0.85   0.00   
3.76    -0.85   0.00   
3.84    -0.85   0.00   
3.92    -0.85   0.00   
4.00    -0.85   0.00   
-4.00   -0.77   0.00   
-3.92   -0.77   0.00   
-3.84   -0.77   0.00   
-3.76   -0.77   0.00   
-3.68   -0.77   0.00   
-3.60   -0.77   0.00   
-3.52   -0.77   0.00   
-3.43   -0.77   0.00   
-3.35   -0.77   0.00   
-3.27   -0.77   0.00   
-3.19   -0.77   0.00   
-3.11   -0.77   0.00   
-3.03   -0.77   0.00   
-2.95   -0.77   0.00   
-2.87   -0.77   0.00   
-2.79   -0.77   0.00   
-2.71   -0.77   0.00   
-2.63   -0.77   0.00   
-2.55   -0.77   0.00   
-2.46   -0.77   0.00   
-2.38   -0.77   0.00   
-2.30   -0.77   0.00   
-2.22   -0.77   0.00   
-2.14   -0.77   0.00   
-2.06   -0.77   0.00   
-1.98   -0.77   0.00   
-1.90   -0.77   0.00   
-1.82   -0.77   0.00   
-1.74   -0.77   0.00   
-1.66   -0.77   0.00   
-1.58   -0.77   0.00   
-1.49   -0.77   0.00   
-1.41   -0.77   0.00   
-1.33   -0.77   0.00   
-1.25   -0.77   0.00   
-1.17   -0.77   0.00   
-1.09   -0.77   0.00   
-1.01   -0.77   0.00   
-0.93   -0.77   0.00   
-0.85   -0.77   0.00   
-0.77   -0.77   0.00   
-0.69   -0.77   0.00   
-0.61   -0.77   0.00   
-0.53   -0.77   0.00   
-0.44   -0.77   0.00   
-0.36   -0.77   0.00   
-0.28   -0.77   0.00   
-0.20   -0.77   0.00   
-0.12   -0.77   0.00   
-0.04   -0.77   0.00   
0.04    -0.77   0.00   
0.12    -0.77   0.00   
0.20    -0.77   0.00   
0.28    -0.77   0.00   
0.36    -0.77   0.00   
0.44    -0.77   0.00   
0.53    -0.77   0.00   
0.61    -0.77   0.00   
0.69    -0.77   0.00   
0.77    -0.77   0.00   
0.85    -0.77   0.00   
0.93    -0.77   0.00   
1.01    -0.77   0.00   
1.09    -0.77   0.00   
1.17    -0.77   0.00   
1.25    -0.77   0.00   
1.33    -0.77   0.00   
1.41    -0.77   0.00   
1.49    -0.77   0.00   
1.58    -0.77   0.00   
1.66    -0.77   0.00   
1.74    -0.77   0.00   
1.82    -0.77   0.00   
1.90    -0.77   0.00   
1.98    -0.77   0.00   
2.06    -0.77   0.00   
2.14    -0.77   0.00   
2.22    -0.77   0.00   
2.30    -0.77   0.00   
2.38    -0.77   0.00   
2.46    -0.77   0.00   
2.55    -0.77   0.00   
2.63    -0.77   0.00   
2.71    -0.77   0.00   
2.79    -0.77   0.00   
2.87    -0.77   0.00   
2.95    -0.77   0.00   
3.03    -0.77   0.00   
3.11    -0.77   0.00   
3.19    -0.77   0.00   
3.27    -0.77   0.00   
3.35    -0.77   0.00   
3.43    -0.77   0.00   
3.52    -0.77   0.00   
3.60    -0.77   0.00   
3.68    -0.77   0.00   
3.76    -0.77   0.00   
3.84    -0.77   0.00   
3.92    -0.77   0.00   
4.00    -0.77   0.00   
-4.00   -0.69   0.00   
-3.92   -0.69   0.00   
-3.84   -0.69   0.00   
-3.76   -0.69   0.00   
-3.68   -0.69   0.00   
-3.60   -0.69   0.00   
-3.52   -0.69   0.00   
-3.43   -0.69   0.00   
-3.35   -0.69   0.00   
-3.27   -0.69   0.00   
-3.19   -0.69   0.00   
-3.11   -0.69   0.00   
-3.03   -0.69   0.00   
-2.95   -0.69   0.00   
-2.87   -0.69   0.00   
-2.79   -0.69   0.00   
-2.71   -0.69   0.00   
-2.63   -0.69   0.00   
-2.55   -0.69   0.00   
-2.46   -0.69   0.00   
-2.38   -0.69   0.00   
-2.30   -0.69   0.00   
-2.22   -0.69   0.00   
-2.14   -0.69   0.00   
-2.06   -0.69   0.00   
-1.98   -0.69   0.00   
-1.90   -0.69   0.00   
-1.82   -0.69   0.00   
-1.74   -0.69   0.00   
-1.66   -0.69   0.00   
-1.58   -0.69   0.00   
-1.49   -0.69   0.00   
-1.41   -0.69   0.00   
-1.33   -0.69   0.00   
-1.25   -0.69   0.00   
-1.17   -0.69   0.00   
-1.09   -0.69   0.00   
-1.01   -0.69   0.00   
-0.93   -0.69   0.00   
-0.85   -0.69   0.00   
-0.77   -0.69   0.00   
-0.69   -0.69   0.00   
-0.61   -0.69   0.00   
-0.53   -0.69   0.00   
-0.44   -0.69   0.00   
-0.36   -0.69   0.00   
-0.28   -0.69   0.00   
-0.20   -0.69   0.00   
-0.12   -0.69   0.00   
-0.04   -0.69   0.00   
0.04    -0.69   0.00   
0.12    -0.69   0.00   
0.20    -0.69   0.00   
0.28    -0.69   0.00   
0.36    -0.69   0.00   
0.44    -0.69   0.00   
0.53    -0.69   0.00   
0.61    -0.69   0.00   
0.69    -0.69   0.00   
0.77    -0.69   0.00   
0.85    -0.69   0.00   
0.93    -0.69   0.00   
1.01    -0.69   0.00   
1.09    -0.69   0.00   
1.17    -0.69   0.00   
1.25    -0.69   0.00   
1.33    -0.69   0.00   
1.41    -0.69   0.00   
1.49    -0.69   0.00   
1.58    -0.69   0.00   
1.66    -0.69   0.00   
1.74    -0.69   0.00   
1.82    -0.69   0.00   
1.90    -0.69   0.00   
1.98    -0.69   0.00   
2.06    -0.69   0.00   
2.14    -0.69   0.00   
2.22    -0.69   0.00   
2.30    -0.69   0.00   
2.38    -0.69   0.00   
2.46    -0.69   0.00   
2.55    -0.69   0.00   
2.63    -0.69   0.00   
2.71    -0.69   0.00   
2.79    -0.69   0.00   
2.87    -0.69   0.00   
2.95    -0.69   0.00   
3.03    -0.69   0.00   
3.11    -0.69   0.00   
3.19    -0.69   0.00   
3.27    -0.69   0.00   
3.35    -0.69   0.00   
3.43    -0.69   0.00   
3.52    -0.69   0.00   
3.60    -0.69   0.00   
3.68    -0.69   0.00   
3.76    -0.69   0.00   
3.84    -0.69   0.00   
3.92    -0.69   0.00   
4.00    -0.69   0.00   
-4.00   -0.61   0.00   
-3.92   -0.61   0.00   
-3.84   -0.61   0.00   
-3.76   -0.61   0.00   
-3.68   -0.61   0.00   
-3.60   -0.61   0.00   
-3.52   -0.61   0.00   
-3.43   -0.61   0.00   
-3.35   -0.61   0.00   
-3.27   -0.61   0.00   
-3.19   -0.61   0.00   
-3.11   -0.61   0.00   
-3.03   -0.61   0.00   
-2.95   -0.61   0.00   
-2.87   -0.61   0.00   
-2.79   -0.61   0.00   
-2.71   -0.61   0.00   
-2.63   -0.61   0.00   
-2.55   -0.61   0.00   
-2.46   -0.61   0.00   
-2.38   -0.61   0.00   
-2.30   -0.61   0.00   
-2.22   -0.61   0.00   
-2.14   -0.61   0.00   
-2.06   -0.61   0.00   
-1.98   -0.61   0.00   
-1.90   -0.61   0.00   
-1.82   -0.61   0.00   
-1.74   -0.61   0.00   
-1.66   -0.61   0.00   
-1.58   -0.61   0.00   
-1.49   -0.61   0.00   
-1.41   -0.61   0.00   
-1.33   -0.61   0.00   
-1.25   -0.61   0.00   
-1.17   -0.61   0.00   
-1.09   -0.61   0.00   
-1.01   -0.61   0.00   
-0.93   -0.61   0.00   
-0.85   -0.61   0.00   
-0.77   -0.61   0.00   
-0.69   -0.61   0.00   
-0.61   -0.61   0.00   
-0.53   -0.61   0.00   
-0.44   -0.61   0.00   
-0.36   -0.61   0.00   
-0.28   -0.61   0.00   
-0.20   -0.61   0.00   
-0.12   -0.61   0.00   
-0.04   -0.61   0.00   
0.04    -0.61   0.00   
0.12    -0.61   0.00   
0.20    -0.61   0.00   
0.28    -0.61   0.00   
0.36    -0.61   0.00   
0.44    -0.61   0.00   
0.53    -0.61   0.00   
0.61    -0.61   0.00   
0.69    -0.61   0.00   
0.77    -0.61   0.00   
0.85    -0.61   0.00   
0.93    -0.61   0.00   
1.01    -0.61   0.00   
1.09    -0.61   0.00   
1.17    -0.61   0.00   
1.25    -0.61   0.00   
1.33    -0.61   0.00   
1.41    -0.61   0.00   
1.49    -0.61   0.00   
1.58    -0.61   0.00   
1.66    -0.61   0.00   
1.74    -0.61   0.00   
1.82    -0.61   0.00   
1.90    -0.61   0.00   
1.98    -0.61   0.00   
2.06    -0.61   0.00   
2.14    -0.61   0.00   
2.22    -0.61   0.00   
2.30    -0.61   0.00   
2.38    -0.61   0.00   
2.46    -0.61   0.00   
2.55    -0.61   0.00   
2.63    -0.61   0.00   
2.71    -0.61   0.00   
2.79    -0.61   0.00   
2.87    -0.61   0.00   
2.95    -0.61   0.00   
3.03    -0.61   0.00   
3.11    -0.61   0.00   
3.19    -0.61   0.00   
3.27    -0.61   0.00   
3.35    -0.61   0.00   
3.43    -0.61   0.00   
3.52    -0.61   0.00   
3.60    -0.61   0.00   
3.68    -0.61   0.00   
3.76    -0.61   0.00   
3.84    -0.61   0.00   
3.92    -0.61   0.00   
4.00    -0.61   0.00   
-4.00   -0.53   0.00   
-3.92   -0.53   0.00   
-3.84   -0.53   0.00   
-3.76   -0.53   0.00   
-3.68   -0.53   0.00   
-3.60   -0.53   0.00   
-3.52   -0.53   0.00   
-3.43   -0.53   0.00   
-3.35   -0.53   0.00   
-3.27   -0.53   0.00   
-3.19   -0.53   0.00   
-3.11   -0.53   0.00   
-3.03   -0.53   0.00   
-2.95   -0.53   0.00   
-2.87   -0.53   0.00   
-2.79   -0.53   0.00   
-2.71   -0.53   0.00   
-2.63   -0.53   0.00   
-2.55   -0.53   0.00   
-2.46   -0.53   0.00   
-2.38   -0.53   0.00   
-2.30   -0.53   0.00   
-2.22   -0.53   0.00   
-2.14   -0.53   0.00   
-2.06   -0.53   0.00   
-1.98   -0.53   0.00   
-1.90   -0.53   0.00   
-1.82   -0.53   0.00   
-1.74   -0.53   0.00   
-1.66   -0.53   0.00   
-1.58   -0.53   0.00   
-1.49   -0.53   0.00   
-1.41   -0.53   0.00   
-1.33   -0.53   0.00   
-1.25   -0.53   0.00   
-1.17   -0.53   0.00   
-1.09   -0.53   0.00   
-1.01   -0.53   0.00   
-0.93   -0.53   0.00   
-0.85   -0.53   0.00   
-0.77   -0.53   0.00   
-0.69   -0.53   0.00   
-0.61   -0.53   0.00   
-0.53   -0.53   0.00   
-0.44   -0.53   0.00   
-0.36   -0.53   0.00   
-0.28   -0.53   0.00   
-0.20   -0.53   0.00   
-0.12   -0.53   0.00   
-0.04   -0.53   0.00   
0.04    -0.53   0.00   
0.12    -0.53   0.00   
0.20    -0.53   0.00   
0.28    -0.53   0.00   
0.36    -0.53   0.00   
0.44    -0.53   0.00   
0.53    -0.53   0.00   
0.61    -0.53   0.00   
0.69    -0.53   0.00   
0.77    -0.53   0.00   
0.85    -0.53   0.00   
0.93    -0.53   0.00   
1.01    -0.53   0.00   
1.09    -0.53   0.00   
1.17    -0.53   0.00   
1.25    -0.53   0.00   
1.33    -0.53   0.00   
1.41    -0.53   0.00   
1.49    -0.53   0.00   
1.58    -0.53   0.00   
1.66    -0.53   0.00   
1.74    -0.53   0.00   
1.82    -0.53   0.00   
1.90    -0.53   0.00   
1.98    -0.53   0.00   
2.06    -0.53   0.00   
2.14    -0.53   0.00   
2.22    -0.53   0.00   
2.30    -0.53   0.00   
2.38    -0.53   0.00   
2.46    -0.53   0.00   
2.55    -0.53   0.00   
2.63    -0.53   0.00   
2.71    -0.53   0.00   
2.79    -0.53   0.00   
2.87    -0.53   0.00   
2.95    -0.53   0.00   
3.03    -0.53   0.00   
3.11    -0.53   0.00   
3.19    -0.53   0.00   
3.27    -0.53   0.00   
3.35    -0.53   0.00   
3.43    -0.53   0.00   
3.52    -0.53   0.00   
3.60    -0.53   0.00   
3.68    -0.53   0.00   
3.76    -0.53   0.00   
3.84    -0.53   0.00   
3.92    -0.53   0.00   
4.00    -0.53   0.00   
-4.00   -0.44   0.00   
-3.92   -0.44   0.00   
-3.84   -0.44   0.00   
-3.76   -0.44   0.00   
-3.68   -0.44   0.00   
-3.60   -0.44   0.00   
-3.52   -0.44   0.00   
-3.43   -0.44   0.00   
-3.35   -0.44   0.00   
-3.27   -0.44   0.00   
-3.19   -0.44   0.00   
-3.11   -0.44   0.00   
-3.03   -0.44   0.00   
-2.95   -0.44   0.00   
-2.87   -0.44   0.00   
-2.79   -0.44   0.00   
-2.71   -0.44   0.00   
-2.63   -0.44   0.00   
-2.55   -0.44   0.00   
-2.46   -0.44   0.00   
-2.38   -0.44   0.00   
-2.30   -0.44   0.00   
-2.22   -0.44   0.00   
-2.14   -0.44   0.00   
-2.06   -0.44   0.00   
-1.98   -0.44   0.00   
-1.90   -0.44   0.00   
-1.82   -0.44   0.00   
-1.74   -0.44   0.00   
-1.66   -0.44   0.00   
-1.58   -0.44   0.00   
-1.49   -0.44   0.00   
-1.41   -0.44   0.00   
-1.33   -0.44   0.00   
-1.25   -0.44   0.00   
-1.17   -0.44   0.00   
-1.09   -0.44   0.00   
-1.01   -0.44   0.00   
-0.93   -0.44   0.00   
-0.85   -0.44   0.00   
-0.77   -0.44   0.00   
-0.69   -0.44   0.00   
-0.61   -0.44   0.00   
-0.53   -0.44   0.00   
-0.44   -0.44   0.00   
-0.36   -0.44   0.00   
-0.28   -0.44   0.00   
-0.20   -0.44   0.00   
-0.12   -0.44   0.00   
-0.04   -0.44   0.00   
0.04    -0.44   0.00   
0.12    -0.44   0.00   
0.20    -0.44   0.00   
0.28    -0.44   0.00   
0.36    -0.44   0.00   
0.44    -0.44   0.00   
0.53    -0.44   0.00   
0.61    -0.44   0.00   
0.69    -0.44   0.00   
0.77    -0.44   0.00   
0.85    -0.44   0.00   
0.93    -0.44   0.00   
1.01    -0.44   0.00   
1.09    -0.44   0.00   
1.17    -0.44   0.00   
1.25    -0.44   0.00   
1.33    -0.44   0.00   
1.41    -0.44   0.00   
1.49    -0.44   0.00   
1.58    -0.44   0.00   
1.66    -0.44   0.00   
1.74    -0.44   0.00   
1.82    -0.44   0.00   
1.90    -0.44   0.00   
1.98    -0.44   0.00   
2.06    -0.44   0.00   
2.14    -0.44   0.00   
2.22    -0.44   0.00   
2.30    -0.44   0.00   
2.38    -0.44   0.00   
2.46    -0.44   0.00   
2.55    -0.44   0.00   
2.63    -0.44   0.00   
2.71    -0.44   0.00   
2.79    -0.44   0.00   
2.87    -0.44   0.00   
2.95    -0.44   0.00   
3.03    -0.44   0.00   
3.11    -0.44   0.00   
3.19    -0.44   0.00   
3.27    -0.44   0.00   
3.35    -0.44   0.00   
3.43    -0.44   0.00   
3.52    -0.44   0.00   
3.60    -0.44   0.00   
3.68    -0.44   0.00   
3.76    -0.44   0.00   
3.84    -0.44   0.00   
3.92    -0.44   0.00   
4.00    -0.44   0.00   
-4.00   -0.36   0.00   
-3.92   -0.36   0.00   
-3.84   -0.36   0.00   
-3.76   -0.36   0.00   
-3.68   -0.36   0.00   
-3.60   -0.36   0.00   
-3.52   -0.36   0.00   
-3.43   -0.36   0.00   
-3.35   -0.36   0.00   
-3.27   -0.36   0.00   
-3.19   -0.36   0.00   
-3.11   -0.36   0.00   
-3.03   -0.36   0.00   
-2.95   -0.36   0.00   
-2.87   -0.36   0.00   
-2.79   -0.36   0.00   
-2.71   -0.36   0.00   
-2.63   -0.36   0.00   
-2.55   -0.36   0.00   
-2.46   -0.36   0.00   
-2.38   -0.36   0.00   
-2.30   -0.36   0.00   
-2.22   -0.36   0.00   
-2.14   -0.36   0.00   
-2.06   -0.36   0.00   
-1.98   -0.36   0.00   
-1.90   -0.36   0.00   
-1.82   -0.36   0.00   
-1.74   -0.36   0.00   
-1.66   -0.36   0.00   
-1.58   -0.36   0.00   
-1.49   -0.36   0.00   
-1.41   -0.36   0.00   
-1.33   -0.36   0.00   
-1.25   -0.36   0.00   
-1.17   -0.36   0.00   
-1.09   -0.36   0.00   
-1.01   -0.36   0.00   
-0.93   -0.36   0.00   
-0.85   -0.36   0.00   
-0.77   -0.36   0.00   
-0.69   -0.36   0.00   
-0.61   -0.36   0.00   
-0.53   -0.36   0.00   
-0.44   -0.36   0.00   
-0.36   -0.36   0.00   
-0.28   -0.36   0.00   
-0.20   -0.36   0.00   
-0.12   -0.36   0.00   
-0.04   -0.36   0.00   
0.04    -0.36   0.00   
0.12    -0.36   0.00   
0.20    -0.36   0.00   
0.28    -0.36   0.00   
0.36    -0.36   0.00   
0.44    -0.36   0.00   
0.53    -0.36   0.00   
0.61    -0.36   0.00   
0.69    -0.36   0.00   
0.77    -0.36   0.00   
0.85    -0.36   0.00   
0.93    -0.36   0.00   
1.01    -0.36   0.00   
1.09    -0.36   0.00   
1.17    -0.36   0.00   
1.25    -0.36   0.00   
1.33    -0.36   0.00   
1.41    -0.36   0.00   
1.49    -0.36   0.00   
1.58    -0.36   0.00   
1.66    -0.36   0.00   
1.74    -0.36   0.00   
1.82    -0.36   0.00   
1.90    -0.36   0.00   
1.98    -0.36   0.00   
2.06    -0.36   0.00   
2.14    -0.36   0.00   
2.22    -0.36   0.00   
2.30    -0.36   0.00   
2.38    -0.36   0.00   
2.46    -0.36   0.00   
2.55    -0.36   0.00   
2.63    -0.36   0.00   
2.71    -0.36   0.00   
2.79    -0.36   0.00   
2.87    -0.36   0.00   
2.95    -0.36   0.00   
3.03    -0.36   0.00   
3.11    -0.36   0.00   
3.19    -0.36   0.00   
3.27    -0.36   0.00   
3.35    -0.36   0.00   
3.43    -0.36   0.00   
3.52    -0.36   0.00   
3.60    -0.36   0.00   
3.68    -0.36   0.00   
3.76    -0.36   0.00   
3.84    -0.36   0.00   
3.92    -0.36   0.00   
4.00    -0.36   0.00   
-4.00   -0.28   0.00   
-3.92   -0.28   0.00   
-3.84   -0.28   0.00   
-3.76   -0.28   0.00   
-3.68   -0.28   0.00   
-3.60   -0.28   0.00   
-3.52   -0.28   0.00   
-3.43   -0.28   0.00   
-3.35   -0.28   0.00   
-3.27   -0.28   0.00   
-3.19   -0.28   0.00   
-3.11   -0.28   0.00   
-3.03   -0.28   0.00   
-2.95   -0.28   0.00   
-2.87   -0.28   0.00   
-2.79   -0.28   0.00   
-2.71   -0.28   0.00   
-2.63   -0.28   0.00   
-2.55   -0.28   0.00   
-2.46   -0.28   0.00   
-2.38   -0.28   0.00   
-2.30   -0.28   0.00   
-2.22   -0.28   0.00   
-2.14   -0.28   0.00   
-2.06   -0.28   0.00   
-1.98   -0.28   0.00   
-1.90   -0.28   0.00   
-1.82   -0.28   0.00   
-1.74   -0.28   0.00   
-1.66   -0.28   0.00   
-1.58   -0.28   0.00   
-1.49   -0.28   0.00   
-1.41   -0.28   0.00   
-1.33   -0.28   0.00   
-1.25   -0.28   0.00   
-1.17   -0.28   0.00   
-1.09   -0.28   0.00   
-1.01   -0.28   0.00   
-0.93   -0.28   0.00   
-0.85   -0.28   0.00   
-0.77   -0.28   0.00   
-0.69   -0.28   0.00   
-0.61   -0.28   0.00   
-0.53   -0.28   0.00   
-0.44   -0.28   0.00   
-0.36   -0.28   0.00   
-0.28   -0.28   0.00   
-0.20   -0.28   0.00   
-0.12   -0.28   0.00   
-0.04   -0.28   0.00   
0.04    -0.28   0.00   
0.12    -0.28   0.00   
0.20    -0.28   0.00   
0.28    -0.28   0.00   
0.36    -0.28   0.00   
0.44    -0.28   0.00   
0.53    -0.28   0.00   
0.61    -0.28   0.00   
0.69    -0.28   0.00   
0.77    -0.28   0.00   
0.85    -0.28   0.00   
0.93    -0.28   0.00   
1.01    -0.28   0.00   
1.09    -0.28   0.00   
1.17    -0.28   0.00   
1.25    -0.28   0.00   
1.33    -0.28   0.00   
1.41    -0.28   0.00   
1.49    -0.28   0.00   
1.58    -0.28   0.00   
1.66    -0.28   0.00   
1.74    -0.28   0.00   
1.82    -0.28   0.00   
1.90    -0.28   0.00   
1.98    -0.28   0.00   
2.06    -0.28   0.00   
2.14    -0.28   0.00   
2.22    -0.28   0.00   
2.30    -0.28   0.00   
2.38    -0.28   0.00   
2.46    -0.28   0.00   
2.55    -0.28   0.00   
2.63    -0.28   0.00   
2.71    -0.28   0.00   
2.79    -0.28   0.00   
2.87    -0.28   0.00   
2.95    -0.28   0.00   
3.03    -0.28   0.00   
3.11    -0.28   0.00   
3.19    -0.28   0.00   
3.27    -0.28   0.00   
3.35    -0.28   0.00   
3.43    -0.28   0.00   
3.52    -0.28   0.00   
3.60    -0.28   0.00   
3.68    -0.28   0.00   
3.76    -0.28   0.00   
3.84    -0.28   0.00   
3.92    -0.28   0.00   
4.00    -0.28   0.00   
-4.00   -0.20   0.00   
-3.92   -0.20   0.00   
-3.84   -0.20   0.00   
-3.76   -0.20   0.00   
-3.68   -0.20   0.00   
-3.60   -0.20   0.00   
-3.52   -0.20   0.00   
-3.43   -0.20   0.00   
-3.35   -0.20   0.00   
-3.27   -0.20   0.00   
-3.19   -0.20   0.00   
-3.11   -0.20   0.00   
-3.03   -0.20   0.00   
-2.95   -0.20   0.00   
-2.87   -0.20   0.00   
-2.79   -0.20   0.00   
-2.71   -0.20   0.00   
-2.63   -0.20   0.00   
-2.55   -0.20   0.00   
-2.46   -0.20   0.00   
-2.38   -0.20   0.00   
-2.30   -0.20   0.00   
-2.22   -0.20   0.00   
-2.14   -0.20   0.00   
-2.06   -0.20   0.00   
-1.98   -0.20   0.00   
-1.90   -0.20   0.00   
-1.82   -0.20   0.00   
-1.74   -0.20   0.00   
-1.66   -0.20   0.00   
-1.58   -0.20   0.00   
-1.49   -0.20   0.00   
-1.41   -0.20   0.00   
-1.33   -0.20   0.00   
-1.25   -0.20   0.00   
-1.17   -0.20   0.00   
-1.09   -0.20   0.00   
-1.01   -0.20   0.00   
-0.93   -0.20   0.00   
-0.85   -0.20   0.00   
-0.77   -0.20   0.00   
-0.69   -0.20   0.00   
-0.61   -0.20   0.00   
-0.53   -0.20   0.00   
-0.44   -0.20   0.00   
-0.36   -0.20   0.00   
-0.28   -0.20   0.00   
-0.20   -0.20   0.00   
-0.12   -0.20   0.00   
-0.04   -0.20   0.00   
0.04    -0.20   0.00   
0.12    -0.20   0.00   
0.20    -0.20   0.00   
0.28    -0.20   0.00   
0.36    -0.20   0.00   
0.44    -0.20   0.00   
0.53    -0.20   0.00   
0.61    -0.20   0.00   
0.69    -0.20   0.00   
0.77    -0.20   0.00   
0.85    -0.20   0.00   
0.93    -0.20   0.00   
1.01    -0.20   0.00   
1.09    -0.20   0.00   
1.17    -0.20   0.00   
1.25    -0.20   0.00   
1.33    -0.20   0.00   
1.41    -0.20   0.00   
1.49    -0.20   0.00   
1.58    -0.20   0.00   
1.66    -0.20   0.00   
1.74    -0.20   0.00   
1.82    -0.20   0.00   
1.90    -0.20   0.00   
1.98    -0.20   0.00   
2.06    -0.20   0.00   
2.14    -0.20   0.00   
2.22    -0.20   0.00   
2.30    -0.20   0.00   
2.38    -0.20   0.00   
2.46    -0.20   0.00   
2.55    -0.20   0.00   
2.63    -0.20   0.00   
2.71    -0.20   0.00   
2.79    -0.20   0.00   
2.87    -0.20   0.00   
2.95    -0.20   0.00   
3.03    -0.20   0.00   
3.11    -0.20   0.00   
3.19    -0.20   0.00   
3.27    -0.20   0.00   
3.35    -0.20   0.00   
3.43    -0.20   0.00   
3.52    -0.20   0.00   
3.60    -0.20   0.00   
3.68    -0.20   0.00   
3.76    -0.20   0.00   
3.84    -0.20   0.00   
3.92    -0.20   0.00   
4.00    -0.20   0.00   
-4.00   -0.12   0.00   
-3.92   -0.12   0.00   
-3.84   -0.12   0.00   
-3.76   -0.12   0.00   
-3.68   -0.12   0.00   
-3.60   -0.12   0.00   
-3.52   -0.12   0.00   
-3.43   -0.12   0.00   
-3.35   -0.12   0.00   
-3.27   -0.12   0.00   
-3.19   -0.12   0.00   
-3.11   -0.12   0.00   
-3.03   -0.12   0.00   
-2.95   -0.12   0.00   
-2.87   -0.12   0.00   
-2.79   -0.12   0.00   
-2.71   -0.12   0.00   
-2.63   -0.12   0.00   
-2.55   -0.12   0.00   
-2.46   -0.12   0.00   
-2.38   -0.12   0.00   
-2.30   -0.12   0.00   
-2.22   -0.12   0.00   
-2.14   -0.12   0.00   
-2.06   -0.12   0.00   
-1.98   -0.12   0.00   
-1.90   -0.12   0.00   
-1.82   -0.12   0.00   
-1.74   -0.12   0.00   
-1.66   -0.12   0.00   
-1.58   -0.12   0.00   
-1.49   -0.12   0.00   
-1.41   -0.12   0.00   
-1.33   -0.12   0.00   
-1.25   -0.12   0.00   
-1.17   -0.12   0.00   
-1.09   -0.12   0.00   
-1.01   -0.12   0.00   
-0.93   -0.12   0.00   
-0.85   -0.12   0.00   
-0.77   -0.12   0.00   
-0.69   -0.12   0.00   
-0.61   -0.12   0.00   
-0.53   -0.12   0.00   
-0.44   -0.12   0.00   
-0.36   -0.12   0.00   
-0.28   -0.12   0.00   
-0.20   -0.12   0.00   
-0.12   -0.12   0.00   
-0.04   -0.12   0.00   
0.04    -0.12   0.00   
0.12    -0.12   0.00   
0.20    -0.12   0.00   
0.28    -0.12   0.00   
0.36    -0.12   0.00   
0.44    -0.12   0.00   
0.53    -0.12   0.00   
0.61    -0.12   0.00   
0.69    -0.12   0.00   
0.77    -0.12   0.00   
0.85    -0.12   0.00   
0.93    -0.12   0.00   
1.01    -0.12   0.00   
1.09    -0.12   0.00   
1.17    -0.12   0.00   
1.25    -0.12   0.00   
1.33    -0.12   0.00   
1.41    -0.12   0.00   
1.49    -0.12   0.00   
1.58    -0.12   0.00   
1.66    -0.12   0.00   
1.74    -0.12   0.00   
1.82    -0.12   0.00   
1.90    -0.12   0.00   
1.98    -0.12   0.00   
2.06    -0.12   0.00   
2.14    -0.12   0.00   
2.22    -0.12   0.00   
2.30    -0.12   0.00   
2.38    -0.12   0.00   
2.46    -0.12   0.00   
2.55    -0.12   0.00   
2.63    -0.12   0.00   
2.71    -0.12   0.00   
2.79    -0.12   0.00   
2.87    -0.12   0.00   
2.95    -0.12   0.00   
3.03    -0.12   0.00   
3.11    -0.12   0.00   
3.19    -0.12   0.00   
3.27    -0.12   0.00   
3.35    -0.12   0.00   
3.43    -0.12   0.00   
3.52    -0.12   0.00   
3.60    -0.12   0.00   
3.68    -0.12   0.00   
3.76    -0.12   0.00   
3.84    -0.12   0.00   
3.92    -0.12   0.00   
4.00    -0.12   0.00   
-4.00   -0.04   0.00   
-3.92   -0.04   0.00   
-3.84   -0.04   0.00   
-3.76   -0.04   0.00   
-3.68   -0.04   0.00   
-3.60   -0.04   0.00   
-3.52   -0.04   0.00   
-3.43   -0.04   0.00   
-3.35   -0.04   0.00   
-3.27   -0.04   0.00   
-3.19   -0.04   0.00   
-3.11   -0.04   0.00   
-3.03   -0.04   0.00   
-2.95   -0.04   0.00   
-2.87   -0.04   0.00   
-2.79   -0.04   0.00   
-2.71   -0.04   0.00   
-2.63   -0.04   0.00   
-2.55   -0.04   0.00   
-2.46   -0.04   0.00   
-2.38   -0.04   0.00   
-2.30   -0.04   0.00   
-2.22   -0.04   0.00   
-2.14   -0.04   0.00   
-2.06   -0.04   0.00   
-1.98   -0.04   0.00   
-1.90   -0.04   0.00   
-1.82   -0.04   0.00   
-1.74   -0.04   0.00   
-1.66   -0.04   0.00   
-1.58   -0.04   0.00   
-1.49   -0.04   0.00   
-1.41   -0.04   0.00   
-1.33   -0.04   0.00   
-1.25   -0.04   0.00   
-1.17   -0.04   0.00   
-1.09   -0.04   0.00   
-1.01   -0.04   0.00   
-0.93   -0.04   0.00   
-0.85   -0.04   0.00   
-0.77   -0.04   0.00   
-0.69   -0.04   0.00   
-0.61   -0.04   0.00   
-0.53   -0.04   0.00   
-0.44   -0.04   0.00   
-0.36   -0.04   0.00   
-0.28   -0.04   0.00   
-0.20   -0.04   0.00   
-0.12   -0.04   0.00   
-0.04   -0.04   0.00   
0.04    -0.04   0.00   
0.12    -0.04   0.00   
0.20    -0.04   0.00   
0.28    -0.04   0.00   
0.36    -0.04   0.00   
0.44    -0.04   0.00   
0.53    -0.04   0.00   
0.61    -0.04   0.00   
0.69    -0.04   0.00   
0.77    -0.04   0.00   
0.85    -0.04   0.00   
0.93    -0.04   0.00   
1.01    -0.04   0.00   
1.09    -0.04   0.00   
1.17    -0.04   0.00   
1.25    -0.04   0.00   
1.33    -0.04   0.00   
1.41    -0.04   0.00   
1.49    -0.04   0.00   
1.58    -0.04   0.00   
1.66    -0.04   0.00   
1.74    -0.04   0.00   
1.82    -0.04   0.00   
1.90    -0.04   0.00   
1.98    -0.04   0.00   
2.06    -0.04   0.00   
2.14    -0.04   0.00   
2.22    -0.04   0.00   
2.30    -0.04   0.00   
2.38    -0.04   0.00   
2.46    -0.04   0.00   
2.55    -0.04   0.00   
2.63    -0.04   0.00   
2.71    -0.04   0.00   
2.79    -0.04   0.00   
2.87    -0.04   0.00   
2.95    -0.04   0.00   
3.03    -0.04   0.00   
3.11    -0.04   0.00   
3.19    -0.04   0.00   
3.27    -0.04   0.00   
3.35    -0.04   0.00   
3.43    -0.04   0.00   
3.52    -0.04   0.00   
3.60    -0.04   0.00   
3.68    -0.04   0.00   
3.76    -0.04   0.00   
3.84    -0.04   0.00   
3.92    -0.04   0.00   
4.00    -0.04   0.00   
-4.00   0.04    0.00   
-3.92   0.04    0.00   
-3.84   0.04    0.00   
-3.76   0.04    0.00   
-3.68   0.04    0.00   
-3.60   0.04    0.00   
-3.52   0.04    0.00   
-3.43   0.04    0.00   
-3.35   0.04    0.00   
-3.27   0.04    0.00   
-3.19   0.04    0.00   
-3.11   0.04    0.00   
-3.03   0.04    0.00   
-2.95   0.04    0.00   
-2.87   0.04    0.00   
-2.79   0.04    0.00   
-2.71   0.04    0.00   
-2.63   0.04    0.00   
-2.55   0.04    0.00   
-2.46   0.04    0.00   
-2.38   0.04    0.00   
-2.30   0.04    0.00   
-2.22   0.04    0.00   
-2.14   0.04    0.00   
-2.06   0.04    0.00   
-1.98   0.04    0.00   
-1.90   0.04    0.00   
-1.82   0.04    0.00   
-1.74   0.04    0.00   
-1.66   0.04    0.00   
-1.58   0.04    0.00   
-1.49   0.04    0.00   
-1.41   0.04    0.00   
-1.33   0.04    0.00   
-1.25   0.04    0.00   
-1.17   0.04    0.00   
-1.09   0.04    0.00   
-1.01   0.04    0.00   
-0.93   0.04    0.00   
-0.85   0.04    0.00   
-0.77   0.04    0.00   
-0.69   0.04    0.00   
-0.61   0.04    0.00   
-0.53   0.04    0.00   
-0.44   0.04    0.00   
-0.36   0.04    0.00   
-0.28   0.04    0.00   
-0.20   0.04    0.00   
-0.12   0.04    0.00   
-0.04   0.04    0.00   
0.04    0.04    0.00   
0.12    0.04    0.00   
0.20    0.04    0.00   
0.28    0.04    0.00   
0.36    0.04    0.00   
0.44    0.04    0.00   
0.53    0.04    0.00   
0.61    0.04    0.00   
0.69    0.04    0.00   
0.77    0.04    0.00   
0.85    0.04    0.00   
0.93    0.04    0.00   
1.01    0.04    0.00   
1.09    0.04    0.00   
1.17    0.04    0.00   
1.25    0.04    0.00   
1.33    0.04    0.00   
1.41    0.04    0.00   
1.49    0.04    0.00   
1.58    0.04    0.00   
1.66    0.04    0.00   
1.74    0.04    0.00   
1.82    0.04    0.00   
1.90    0.04    0.00   
1.98    0.04    0.00   
2.06    0.04    0.00   
2.14    0.04    0.00   
2.22    0.04    0.00   
2.30    0.04    0.00   
2.38    0.04    0.00   
2.46    0.04    0.00   
2.55    0.04    0.00   
2.63    0.04    0.00   
2.71    0.04    0.00   
2.79    0.04    0.00   
2.87    0.04    0.00   
2.95    0.04    0.00   
3.03    0.04    0.00   
3.11    0.04    0.00   
3.19    0.04    0.00   
3.27    0.04    0.00   
3.35    0.04    0.00   
3.43    0.04    0.00   
3.52    0.04    0.00   
3.60    0.04    0.00   
3.68    0.04    0.00   
3.76    0.04    0.00   
3.84    0.04    0.00   
3.92    0.04    0.00   
4.00    0.04    0.00   
-4.00   0.12    0.00   
-3.92   0.12    0.00   
-3.84   0.12    0.00   
-3.76   0.12    0.00   
-3.68   0.12    0.00   
-3.60   0.12    0.00   
-3.52   0.12    0.00   
-3.43   0.12    0.00   
-3.35   0.12    0.00   
-3.27   0.12    0.00   
-3.19   0.12    0.00   
-3.11   0.12    0.00   
-3.03   0.12    0.00   
-2.95   0.12    0.00   
-2.87   0.12    0.00   
-2.79   0.12    0.00   
-2.71   0.12    0.00   
-2.63   0.12    0.00   
-2.55   0.12    0.00   
-2.46   0.12    0.00   
-2.38   0.12    0.00   
-2.30   0.12    0.00   
-2.22   0.12    0.00   
-2.14   0.12    0.00   
-2.06   0.12    0.00   
-1.98   0.12    0.00   
-1.90   0.12    0.00   
-1.82   0.12    0.00   
-1.74   0.12    0.00   
-1.66   0.12    0.00   
-1.58   0.12    0.00   
-1.49   0.12    0.00   
-1.41   0.12    0.00   
-1.33   0.12    0.00   
-1.25   0.12    0.00   
-1.17   0.12    0.00   
-1.09   0.12    0.00   
-1.01   0.12    0.00   
-0.93   0.12    0.00   
-0.85   0.12    0.00   
-0.77   0.12    0.00   
-0.69   0.12    0.00   
-0.61   0.12    0.00   
-0.53   0.12    0.00   
-0.44   0.12    0.00   
-0.36   0.12    0.00   
-0.28   0.12    0.00   
-0.20   0.12    0.00   
-0.12   0.12    0.00   
-0.04   0.12    0.00   
0.04    0.12    0.00   
0.12    0.12    0.00   
0.20    0.12    0.00   
0.28    0.12    0.00   
0.36    0.12    0.00   
0.44    0.12    0.00   
0.53    0.12    0.00   
0.61    0.12    0.00   
0.69    0.12    0.00   
0.77    0.12    0.00   
0.85    0.12    0.00   
0.93    0.12    0.00   
1.01    0.12    0.00   
1.09    0.12    0.00   
1.17    0.12    0.00   
1.25    0.12    0.00   
1.33    0.12    0.00   
1.41    0.12    0.00   
1.49    0.12    0.00   
1.58    0.12    0.00   
1.66    0.12    0.00   
1.74    0.12    0.00   
1.82    0.12    0.00   
1.90    0.12    0.00   
1.98    0.12    0.00   
2.06    0.12    0.00   
2.14    0.12    0.00   
2.22    0.12    0.00   
2.30    0.12    0.00   
2.38    0.12    0.00   
2.46    0.12    0.00   
2.55    0.12    0.00   
2.63    0.12    0.00   
2.71    0.12    0.00   
2.79    0.12    0.00   
2.87    0.12    0.00   
2.95    0.12    0.00   
3.03    0.12    0.00   
3.11    0.12    0.00   
3.19    0.12    0.00   
3.27    0.12    0.00   
3.35    0.12    0.00   
3.43    0.12    0.00   
3.52    0.12    0.00   
3.60    0.12    0.00   
3.68    0.12    0.00   
3.76    0.12    0.00   
3.84    0.12    0.00   
3.92    0.12    0.00   
4.00    0.12    0.00   
-4.00   0.20    0.00   
-3.92   0.20    0.00   
-3.84   0.20    0.00   
-3.76   0.20    0.00   
-3.68   0.20    0.00   
-3.60   0.20    0.00   
-3.52   0.20    0.00   
-3.43   0.20    0.00   
-3.35   0.20    0.00   
-3.27   0.20    0.00   
-3.19   0.20    0.00   
-3.11   0.20    0.00   
-3.03   0.20    0.00   
-2.95   0.20    0.00   
-2.87   0.20    0.00   
-2.79   0.20    0.00   
-2.71   0.20    0.00   
-2.63   0.20    0.00   
-2.55   0.20    0.00   
-2.46   0.20    0.00   
-2.38   0.20    0.00   
-2.30   0.20    0.00   
-2.22   0.20    0.00   
-2.14   0.20    0.00   
-2.06   0.20    0.00   
-1.98   0.20    0.00   
-1.90   0.20    0.00   
-1.82   0.20    0.00   
-1.74   0.20    0.00   
-1.66   0.20    0.00   
-1.58   0.20    0.00   
-1.49   0.20    0.00   
-1.41   0.20    0.00   
-1.33   0.20    0.00   
-1.25   0.20    0.00   
-1.17   0.20    0.00   
-1.09   0.20    0.00   
-1.01   0.20    0.00   
-0.93   0.20    0.00   
-0.85   0.20    0.00   
-0.77   0.20    0.00   
-0.69   0.20    0.00   
-0.61   0.20    0.00   
-0.53   0.20    0.00   
-0.44   0.20    0.00   
-0.36   0.20    0.00   
-0.28   0.20    0.00   
-0.20   0.20    0.00   
-0.12   0.20    0.00   
-0.04   0.20    0.00   
0.04    0.20    0.00   
0.12    0.20    0.00   
0.20    0.20    0.00   
0.28    0.20    0.00   
0.36    0.20    0.00   
0.44    0.20    0.00   
0.53    0.20    0.00   
0.61    0.20    0.00   
0.69    0.20    0.00   
0.77    0.20    0.00   
0.85    0.20    0.00   
0.93    0.20    0.00   
1.01    0.20    0.00   
1.09    0.20    0.00   
1.17    0.20    0.00   
1.25    0.20    0.00   
1.33    0.20    0.00   
1.41    0.20    0.00   
1.49    0.20    0.00   
1.58    0.20    0.00   
1.66    0.20    0.00   
1.74    0.20    0.00   
1.82    0.20    0.00   
1.90    0.20    0.00   
1.98    0.20    0.00   
2.06    0.20    0.00   
2.14    0.20    0.00   
2.22    0.20    0.00   
2.30    0.20    0.00   
2.38    0.20    0.00   
2.46    0.20    0.00   
2.55    0.20    0.00   
2.63    0.20    0.00   
2.71    0.20    0.00   
2.79    0.20    0.00   
2.87    0.20    0.00   
2.95    0.20    0.00   
3.03    0.20    0.00   
3.11    0.20    0.00   
3.19    0.20    0.00   
3.27    0.20    0.00   
3.35    0.20    0.00   
3.43    0.20    0.00   
3.52    0.20    0.00   
3.60    0.20    0.00   
3.68    0.20    0.00   
3.76    0.20    0.00   
3.84    0.20    0.00   
3.92    0.20    0.00   
4.00    0.20    0.00   
-4.00   0.28    0.00   
-3.92   0.28    0.00   
-3.84   0.28    0.00   
-3.76   0.28    0.00   
-3.68   0.28    0.00   
-3.60   0.28    0.00   
-3.52   0.28    0.00   
-3.43   0.28    0.00   
-3.35   0.28    0.00   
-3.27   0.28    0.00   
-3.19   0.28    0.00   
-3.11   0.28    0.00   
-3.03   0.28    0.00   
-2.95   0.28    0.00   
-2.87   0.28    0.00   
-2.79   0.28    0.00   
-2.71   0.28    0.00   
-2.63   0.28    0.00   
-2.55   0.28    0.00   
-2.46   0.28    0.00   
-2.38   0.28    0.00   
-2.30   0.28    0.00   
-2.22   0.28    0.00   
-2.14   0.28    0.00   
-2.06   0.28    0.00   
-1.98   0.28    0.00   
-1.90   0.28    0.00   
-1.82   0.28    0.00   
-1.74   0.28    0.00   
-1.66   0.28    0.00   
-1.58   0.28    0.00   
-1.49   0.28    0.00   
-1.41   0.28    0.00   
-1.33   0.28    0.00   
-1.25   0.28    0.00   
-1.17   0.28    0.00   
-1.09   0.28    0.00   
-1.01   0.28    0.00   
-0.93   0.28    0.00   
-0.85   0.28    0.00   
-0.77   0.28    0.00   
-0.69   0.28    0.00   
-0.61   0.28    0.00   
-0.53   0.28    0.00   
-0.44   0.28    0.00   
-0.36   0.28    0.00   
-0.28   0.28    0.00   
-0.20   0.28    0.00   
-0.12   0.28    0.00   
-0.04   0.28    0.00   
0.04    0.28    0.00   
0.12    0.28    0.00   
0.20    0.28    0.00   
0.28    0.28    0.00   
0.36    0.28    0.00   
0.44    0.28    0.00   
0.53    0.28    0.00   
0.61    0.28    0.00   
0.69    0.28    0.00   
0.77    0.28    0.00   
0.85    0.28    0.00   
0.93    0.28    0.00   
1.01    0.28    0.00   
1.09    0.28    0.00   
1.17    0.28    0.00   
1.25    0.28    0.00   
1.33    0.28    0.00   
1.41    0.28    0.00   
1.49    0.28    0.00   
1.58    0.28    0.00   
1.66    0.28    0.00   
1.74    0.28    0.00   
1.82    0.28    0.00   
1.90    0.28    0.00   
1.98    0.28    0.00   
2.06    0.28    0.00   
2.14    0.28    0.00   
2.22    0.28    0.00   
2.30    0.28    0.00   
2.38    0.28    0.00   
2.46    0.28    0.00   
2.55    0.28    0.00   
2.63    0.28    0.00   
2.71    0.28    0.00   
2.79    0.28    0.00   
2.87    0.28    0.00   
2.95    0.28    0.00   
3.03    0.28    0.00   
3.11    0.28    0.00   
3.19    0.28    0.00   
3.27    0.28    0.00   
3.35    0.28    0.00   
3.43    0.28    0.00   
3.52    0.28    0.00   
3.60    0.28    0.00   
3.68    0.28    0.00   
3.76    0.28    0.00   
3.84    0.28    0.00   
3.92    0.28    0.00   
4.00    0.28    0.00   
-4.00   0.36    0.00   
-3.92   0.36    0.00   
-3.84   0.36    0.00   
-3.76   0.36    0.00   
-3.68   0.36    0.00   
-3.60   0.36    0.00   
-3.52   0.36    0.00   
-3.43   0.36    0.00   
-3.35   0.36    0.00   
-3.27   0.36    0.00   
-3.19   0.36    0.00   
-3.11   0.36    0.00   
-3.03   0.36    0.00   
-2.95   0.36    0.00   
-2.87   0.36    0.00   
-2.79   0.36    0.00   
-2.71   0.36    0.00   
-2.63   0.36    0.00   
-2.55   0.36    0.00   
-2.46   0.36    0.00   
-2.38   0.36    0.00   
-2.30   0.36    0.00   
-2.22   0.36    0.00   
-2.14   0.36    0.00   
-2.06   0.36    0.00   
-1.98   0.36    0.00   
-1.90   0.36    0.00   
-1.82   0.36    0.00   
-1.74   0.36    0.00   
-1.66   0.36    0.00   
-1.58   0.36    0.00   
-1.49   0.36    0.00   
-1.41   0.36    0.00   
-1.33   0.36    0.00   
-1.25   0.36    0.00   
-1.17   0.36    0.00   
-1.09   0.36    0.00   
-1.01   0.36    0.00   
-0.93   0.36    0.00   
-0.85   0.36    0.00   
-0.77   0.36    0.00   
-0.69   0.36    0.00   
-0.61   0.36    0.00   
-0.53   0.36    0.00   
-0.44   0.36    0.00   
-0.36   0.36    0.00   
-0.28   0.36    0.00   
-0.20   0.36    0.00   
-0.12   0.36    0.00   
-0.04   0.36    0.00   
0.04    0.36    0.00   
0.12    0.36    0.00   
0.20    0.36    0.00   
0.28    0.36    0.00   
0.36    0.36    0.00   
0.44    0.36    0.00   
0.53    0.36    0.00   
0.61    0.36    0.00   
0.69    0.36    0.00   
0.77    0.36    0.00   
0.85    0.36    0.00   
0.93    0.36    0.00   
1.01    0.36    0.00   
1.09    0.36    0.00   
1.17    0.36    0.00   
1.25    0.36    0.00   
1.33    0.36    0.00   
1.41    0.36    0.00   
1.49    0.36    0.00   
1.58    0.36    0.00   
1.66    0.36    0.00   
1.74    0.36    0.00   
1.82    0.36    0.00   
1.90    0.36    0.00   
1.98    0.36    0.00   
2.06    0.36    0.00   
2.14    0.36    0.00   
2.22    0.36    0.00   
2.30    0.36    0.00   
2.38    0.36    0.00   
2.46    0.36    0.00   
2.55    0.36    0.00   
2.63    0.36    0.00   
2.71    0.36    0.00   
2.79    0.36    0.00   
2.87    0.36    0.00   
2.95    0.36    0.00   
3.03    0.36    0.00   
3.11    0.36    0.00   
3.19    0.36    0.00   
3.27    0.36    0.00   
3.35    0.36    0.00   
3.43    0.36    0.00   
3.52    0.36    0.00   
3.60    0.36    0.00   
3.68    0.36    0.00   
3.76    0.36    0.00   
3.84    0.36    0.00   
3.92    0.36    0.00   
4.00    0.36    0.00   
-4.00   0.44    0.00   
-3.92   0.44    0.00   
-3.84   0.44    0.00   
-3.76   0.44    0.00   
-3.68   0.44    0.00   
-3.60   0.44    0.00   
-3.52   0.44    0.00   
-3.43   0.44    0.00   
-3.35   0.44    0.00   
-3.27   0.44    0.00   
-3.19   0.44    0.00   
-3.11   0.44    0.00   
-3.03   0.44    0.00   
-2.95   0.44    0.00   
-2.87   0.44    0.00   
-2.79   0.44    0.00   
-2.71   0.44    0.00   
-2.63   0.44    0.00   
-2.55   0.44    0.00   
-2.46   0.44    0.00   
-2.38   0.44    0.00   
-2.30   0.44    0.00   
-2.22   0.44    0.00   
-2.14   0.44    0.00   
-2.06   0.44    0.00   
-1.98   0.44    0.00   
-1.90   0.44    0.00   
-1.82   0.44    0.00   
-1.74   0.44    0.00   
-1.66   0.44    0.00   
-1.58   0.44    0.00   
-1.49   0.44    0.00   
-1.41   0.44    0.00   
-1.33   0.44    0.00   
-1.25   0.44    0.00   
-1.17   0.44    0.00   
-1.09   0.44    0.00   
-1.01   0.44    0.00   
-0.93   0.44    0.00   
-0.85   0.44    0.00   
-0.77   0.44    0.00   
-0.69   0.44    0.00   
-0.61   0.44    0.00   
-0.53   0.44    0.00   
-0.44   0.44    0.00   
-0.36   0.44    0.00   
-0.28   0.44    0.00   
-0.20   0.44    0.00   
-0.12   0.44    0.00   
-0.04   0.44    0.00   
0.04    0.44    0.00   
0.12    0.44    0.00   
0.20    0.44    0.00   
0.28    0.44    0.00   
0.36    0.44    0.00   
0.44    0.44    0.00   
0.53    0.44    0.00   
0.61    0.44    0.00   
0.69    0.44    0.00   
0.77    0.44    0.00   
0.85    0.44    0.00   
0.93    0.44    0.00   
1.01    0.44    0.00   
1.09    0.44    0.00   
1.17    0.44    0.00   
1.25    0.44    0.00   
1.33    0.44    0.00   
1.41    0.44    0.00   
1.49    0.44    0.00   
1.58    0.44    0.00   
1.66    0.44    0.00   
1.74    0.44    0.00   
1.82    0.44    0.00   
1.90    0.44    0.00   
1.98    0.44    0.00   
2.06    0.44    0.00   
2.14    0.44    0.00   
2.22    0.44    0.00   
2.30    0.44    0.00   
2.38    0.44    0.00   
2.46    0.44    0.00   
2.55    0.44    0.00   
2.63    0.44    0.00   
2.71    0.44    0.00   
2.79    0.44    0.00   
2.87    0.44    0.00   
2.95    0.44    0.00   
3.03    0.44    0.00   
3.11    0.44    0.00   
3.19    0.44    0.00   
3.27    0.44    0.00   
3.35    0.44    0.00   
3.43    0.44    0.00   
3.52    0.44    0.00   
3.60    0.44    0.00   
3.68    0.44    0.00   
3.76    0.44    0.00   
3.84    0.44    0.00   
3.92    0.44    0.00   
4.00    0.44    0.00   
-4.00   0.53    0.00   
-3.92   0.53    0.00   
-3.84   0.53    0.00   
-3.76   0.53    0.00   
-3.68   0.53    0.00   
-3.60   0.53    0.00   
-3.52   0.53    0.00   
-3.43   0.53    0.00   
-3.35   0.53    0.00   
-3.27   0.53    0.00   
-3.19   0.53    0.00   
-3.11   0.53    0.00   
-3.03   0.53    0.00   
-2.95   0.53    0.00   
-2.87   0.53    0.00   
-2.79   0.53    0.00   
-2.71   0.53    0.00   
-2.63   0.53    0.00   
-2.55   0.53    0.00   
-2.46   0.53    0.00   
-2.38   0.53    0.00   
-2.30   0.53    0.00   
-2.22   0.53    0.00   
-2.14   0.53    0.00   
-2.06   0.53    0.00   
-1.98   0.53    0.00   
-1.90   0.53    0.00   
-1.82   0.53    0.00   
-1.74   0.53    0.00   
-1.66   0.53    0.00   
-1.58   0.53    0.00   
-1.49   0.53    0.00   
-1.41   0.53    0.00   
-1.33   0.53    0.00   
-1.25   0.53    0.00   
-1.17   0.53    0.00   
-1.09   0.53    0.00   
-1.01   0.53    0.00   
-0.93   0.53    0.00   
-0.85   0.53    0.00   
-0.77   0.53    0.00   
-0.69   0.53    0.00   
-0.61   0.53    0.00   
-0.53   0.53    0.00   
-0.44   0.53    0.00   
-0.36   0.53    0.00   
-0.28   0.53    0.00   
-0.20   0.53    0.00   
-0.12   0.53    0.00   
-0.04   0.53    0.00   
0.04    0.53    0.00   
0.12    0.53    0.00   
0.20    0.53    0.00   
0.28    0.53    0.00   
0.36    0.53    0.00   
0.44    0.53    0.00   
0.53    0.53    0.00   
0.61    0.53    0.00   
0.69    0.53    0.00   
0.77    0.53    0.00   
0.85    0.53    0.00   
0.93    0.53    0.00   
1.01    0.53    0.00   
1.09    0.53    0.00   
1.17    0.53    0.00   
1.25    0.53    0.00   
1.33    0.53    0.00   
1.41    0.53    0.00   
1.49    0.53    0.00   
1.58    0.53    0.00   
1.66    0.53    0.00   
1.74    0.53    0.00   
1.82    0.53    0.00   
1.90    0.53    0.00   
1.98    0.53    0.00   
2.06    0.53    0.00   
2.14    0.53    0.00   
2.22    0.53    0.00   
2.30    0.53    0.00   
2.38    0.53    0.00   
2.46    0.53    0.00   
2.55    0.53    0.00   
2.63    0.53    0.00   
2.71    0.53    0.00   
2.79    0.53    0.00   
2.87    0.53    0.00   
2.95    0.53    0.00   
3.03    0.53    0.00   
3.11    0.53    0.00   
3.19    0.53    0.00   
3.27    0.53    0.00   
3.35    0.53    0.00   
3.43    0.53    0.00   
3.52    0.53    0.00   
3.60    0.53    0.00   
3.68    0.53    0.00   
3.76    0.53    0.00   
3.84    0.53    0.00   
3.92    0.53    0.00   
4.00    0.53    0.00   
-4.00   0.61    0.00   
-3.92   0.61    0.00   
-3.84   0.61    0.00   
-3.76   0.61    0.00   
-3.68   0.61    0.00   
-3.60   0.61    0.00   
-3.52   0.61    0.00   
-3.43   0.61    0.00   
-3.35   0.61    0.00   
-3.27   0.61    0.00   
-3.19   0.61    0.00   
-3.11   0.61    0.00   
-3.03   0.61    0.00   
-2.95   0.61    0.00   
-2.87   0.61    0.00   
-2.79   0.61    0.00   
-2.71   0.61    0.00   
-2.63   0.61    0.00   
-2.55   0.61    0.00   
-2.46   0.61    0.00   
-2.38   0.61    0.00   
-2.30   0.61    0.00   
-2.22   0.61    0.00   
-2.14   0.61    0.00   
-2.06   0.61    0.00   
-1.98   0.61    0.00   
-1.90   0.61    0.00   
-1.82   0.61    0.00   
-1.74   0.61    0.00   
-1.66   0.61    0.00   
-1.58   0.61    0.00   
-1.49   0.61    0.00   
-1.41   0.61    0.00   
-1.33   0.61    0.00   
-1.25   0.61    0.00   
-1.17   0.61    0.00   
-1.09   0.61    0.00   
-1.01   0.61    0.00   
-0.93   0.61    0.00   
-0.85   0.61    0.00   
-0.77   0.61    0.00   
-0.69   0.61    0.00   
-0.61   0.61    0.00   
-0.53   0.61    0.00   
-0.44   0.61    0.00   
-0.36   0.61    0.00   
-0.28   0.61    0.00   
-0.20   0.61    0.00   
-0.12   0.61    0.00   
-0.04   0.61    0.00   
0.04    0.61    0.00   
0.12    0.61    0.00   
0.20    0.61    0.00   
0.28    0.61    0.00   
0.36    0.61    0.00   
0.44    0.61    0.00   
0.53    0.61    0.00   
0.61    0.61    0.00   
0.69    0.61    0.00   
0.77    0.61    0.00   
0.85    0.61    0.00   
0.93    0.61    0.00   
1.01    0.61    0.00   
1.09    0.61    0.00   
1.17    0.61    0.00   
1.25    0.61    0.00   
1.33    0.61    0.00   
1.41    0.61    0.00   
1.49    0.61    0.00   
1.58    0.61    0.00   
1.66    0.61    0.00   
1.74    0.61    0.00   
1.82    0.61    0.00   
1.90    0.61    0.00   
1.98    0.61    0.00   
2.06    0.61    0.00   
2.14    0.61    0.00   
2.22    0.61    0.00   
2.30    0.61    0.00   
2.38    0.61    0.00   
2.46    0.61    0.00   
2.55    0.61    0.00   
2.63    0.61    0.00   
2.71    0.61    0.00   
2.79    0.61    0.00   
2.87    0.61    0.00   
2.95    0.61    0.00   
3.03    0.61    0.00   
3.11    0.61    0.00   
3.19    0.61    0.00   
3.27    0.61    0.00   
3.35    0.61    0.00   
3.43    0.61    0.00   
3.52    0.61    0.00   
3.60    0.61    0.00   
3.68    0.61    0.00   
3.76    0.61    0.00   
3.84    0.61    0.00   
3.92    0.61    0.00   
4.00    0.61    0.00   
-4.00   0.69    0.00   
-3.92   0.69    0.00   
-3.84   0.69    0.00   
-3.76   0.69    0.00   
-3.68   0.69    0.00   
-3.60   0.69    0.00   
-3.52   0.69    0.00   
-3.43   0.69    0.00   
-3.35   0.69    0.00   
-3.27   0.69    0.00   
-3.19   0.69    0.00   
-3.11   0.69    0.00   
-3.03   0.69    0.00   
-2.95   0.69    0.00   
-2.87   0.69    0.00   
-2.79   0.69    0.00   
-2.71   0.69    0.00   
-2.63   0.69    0.00   
-2.55   0.69    0.00   
-2.46   0.69    0.00   
-2.38   0.69    0.00   
-2.30   0.69    0.00   
-2.22   0.69    0.00   
-2.14   0.69    0.00   
-2.06   0.69    0.00   
-1.98   0.69    0.00   
-1.90   0.69    0.00   
-1.82   0.69    0.00   
-1.74   0.69    0.00   
-1.66   0.69    0.00   
-1.58   0.69    0.00   
-1.49   0.69    0.00   
-1.41   0.69    0.00   
-1.33   0.69    0.00   
-1.25   0.69    0.00   
-1.17   0.69    0.00   
-1.09   0.69    0.00   
-1.01   0.69    0.00   
-0.93   0.69    0.00   
-0.85   0.69    0.00   
-0.77   0.69    0.00   
-0.69   0.69    0.00   
-0.61   0.69    0.00   
-0.53   0.69    0.00   
-0.44   0.69    0.00   
-0.36   0.69    0.00   
-0.28   0.69    0.00   
-0.20   0.69    0.00   
-0.12   0.69    0.00   
-0.04   0.69    0.00   
0.04    0.69    0.00   
0.12    0.69    0.00   
0.20    0.69    0.00   
0.28    0.69    0.00   
0.36    0.69    0.00   
0.44    0.69    0.00   
0.53    0.69    0.00   
0.61    0.69    0.00   
0.69    0.69    0.00   
0.77    0.69    0.00   
0.85    0.69    0.00   
0.93    0.69    0.00   
1.01    0.69    0.00   
1.09    0.69    0.00   
1.17    0.69    0.00   
1.25    0.69    0.00   
1.33    0.69    0.00   
1.41    0.69    0.00   
1.49    0.69    0.00   
1.58    0.69    0.00   
1.66    0.69    0.00   
1.74    0.69    0.00   
1.82    0.69    0.00   
1.90    0.69    0.00   
1.98    0.69    0.00   
2.06    0.69    0.00   
2.14    0.69    0.00   
2.22    0.69    0.00   
2.30    0.69    0.00   
2.38    0.69    0.00   
2.46    0.69    0.00   
2.55    0.69    0.00   
2.63    0.69    0.00   
2.71    0.69    0.00   
2.79    0.69    0.00   
2.87    0.69    0.00   
2.95    0.69    0.00   
3.03    0.69    0.00   
3.11    0.69    0.00   
3.19    0.69    0.00   
3.27    0.69    0.00   
3.35    0.69    0.00   
3.43    0.69    0.00   
3.52    0.69    0.00   
3.60    0.69    0.00   
3.68    0.69    0.00   
3.76    0.69    0.00   
3.84    0.69    0.00   
3.92    0.69    0.00   
4.00    0.69    0.00   
-4.00   0.77    0.00   
-3.92   0.77    0.00   
-3.84   0.77    0.00   
-3.76   0.77    0.00   
-3.68   0.77    0.00   
-3.60   0.77    0.00   
-3.52   0.77    0.00   
-3.43   0.77    0.00   
-3.35   0.77    0.00   
-3.27   0.77    0.00   
-3.19   0.77    0.00   
-3.11   0.77    0.00   
-3.03   0.77    0.00   
-2.95   0.77    0.00   
-2.87   0.77    0.00   
-2.79   0.77    0.00   
-2.71   0.77    0.00   
-2.63   0.77    0.00   
-2.55   0.77    0.00   
-2.46   0.77    0.00   
-2.38   0.77    0.00   
-2.30   0.77    0.00   
-2.22   0.77    0.00   
-2.14   0.77    0.00   
-2.06   0.77    0.00   
-1.98   0.77    0.00   
-1.90   0.77    0.00   
-1.82   0.77    0.00   
-1.74   0.77    0.00   
-1.66   0.77    0.00   
-1.58   0.77    0.00   
-1.49   0.77    0.00   
-1.41   0.77    0.00   
-1.33   0.77    0.00   
-1.25   0.77    0.00   
-1.17   0.77    0.00   
-1.09   0.77    0.00   
-1.01   0.77    0.00   
-0.93   0.77    0.00   
-0.85   0.77    0.00   
-0.77   0.77    0.00   
-0.69   0.77    0.00   
-0.61   0.77    0.00   
-0.53   0.77    0.00   
-0.44   0.77    0.00   
-0.36   0.77    0.00   
-0.28   0.77    0.00   
-0.20   0.77    0.00   
-0.12   0.77    0.00   
-0.04   0.77    0.00   
0.04    0.77    0.00   
0.12    0.77    0.00   
0.20    0.77    0.00   
0.28    0.77    0.00   
0.36    0.77    0.00   
0.44    0.77    0.00   
0.53    0.77    0.00   
0.61    0.77    0.00   
0.69    0.77    0.00   
0.77    0.77    0.00   
0.85    0.77    0.00   
0.93    0.77    0.00   
1.01    0.77    0.00   
1.09    0.77    0.00   
1.17    0.77    0.00   
1.25    0.77    0.00   
1.33    0.77    0.00   
1.41    0.77    0.00   
1.49    0.77    0.00   
1.58    0.77    0.00   
1.66    0.77    0.00   
1.74    0.77    0.00   
1.82    0.77    0.00   
1.90    0.77    0.00   
1.98    0.77    0.00   
2.06    0.77    0.00   
2.14    0.77    0.00   
2.22    0.77    0.00   
2.30    0.77    0.00   
2.38    0.77    0.00   
2.46    0.77    0.00   
2.55    0.77    0.00   
2.63    0.77    0.00   
2.71    0.77    0.00   
2.79    0.77    0.00   
2.87    0.77    0.00   
2.95    0.77    0.00   
3.03    0.77    0.00   
3.11    0.77    0.00   
3.19    0.77    0.00   
3.27    0.77    0.00   
3.35    0.77    0.00   
3.43    0.77    0.00   
3.52    0.77    0.00   
3.60    0.77    0.00   
3.68    0.77    0.00   
3.76    0.77    0.00   
3.84    0.77    0.00   
3.92    0.77    0.00   
4.00    0.77    0.00   
-4.00   0.85    0.00   
-3.92   0.85    0.00   
-3.84   0.85    0.00   
-3.76   0.85    0.00   
-3.68   0.85    0.00   
-3.60   0.85    0.00   
-3.52   0.85    0.00   
-3.43   0.85    0.00   
-3.35   0.85    0.00   
-3.27   0.85    0.00   
-3.19   0.85    0.00   
-3.11   0.85    0.00   
-3.03   0.85    0.00   
-2.95   0.85    0.00   
-2.87   0.85    0.00   
-2.79   0.85    0.00   
-2.71   0.85    0.00   
-2.63   0.85    0.00   
-2.55   0.85    0.00   
-2.46   0.85    0.00   
-2.38   0.85    0.00   
-2.30   0.85    0.00   
-2.22   0.85    0.00   
-2.14   0.85    0.00   
-2.06   0.85    0.00   
-1.98   0.85    0.00   
-1.90   0.85    0.00   
-1.82   0.85    0.00   
-1.74   0.85    0.00   
-1.66   0.85    0.00   
-1.58   0.85    0.00   
-1.49   0.85    0.00   
-1.41   0.85    0.00   
-1.33   0.85    0.00   
-1.25   0.85    0.00   
-1.17   0.85    0.00   
-1.09   0.85    0.00   
-1.01   0.85    0.00   
-0.93   0.85    0.00   
-0.85   0.85    0.00   
-0.77   0.85    0.00   
-0.69   0.85    0.00   
-0.61   0.85    0.00   
-0.53   0.85    0.00   
-0.44   0.85    0.00   
-0.36   0.85    0.00   
-0.28   0.85    0.00   
-0.20   0.85    0.00   
-0.12   0.85    0.00   
-0.04   0.85    0.00   
0.04    0.85    0.00   
0.12    0.85    0.00   
0.20    0.85    0.00   
0.28    0.85    0.00   
0.36    0.85    0.00   
0.44    0.85    0.00   
0.53    0.85    0.00   
0.61    0.85    0.00   
0.69    0.85    0.00   
0.77    0.85    0.00   
0.85    0.85    0.00   
0.93    0.85    0.00   
1.01    0.85    0.00   
1.09    0.85    0.00   
1.17    0.85    0.00   
1.25    0.85    0.00   
1.33    0.85    0.00   
1.41    0.85    0.00   
1.49    0.85    0.00   
1.58    0.85    0.00   
1.66    0.85    0.00   
1.74    0.85    0.00   
1.82    0.85    0.00   
1.90    0.85    0.00   
1.98    0.85    0.00   
2.06    0.85    0.00   
2.14    0.85    0.00   
2.22    0.85    0.00   
2.30    0.85    0.00   
2.38    0.85    0.00   
2.46    0.85    0.00   
2.55    0.85    0.00   
2.63    0.85    0.00   
2.71    0.85    0.00   
2.79    0.85    0.00   
2.87    0.85    0.00   
2.95    0.85    0.00   
3.03    0.85    0.00   
3.11    0.85    0.00   
3.19    0.85    0.00   
3.27    0.85    0.00   
3.35    0.85    0.00   
3.43    0.85    0.00   
3.52    0.85    0.00   
3.60    0.85    0.00   
3.68    0.85    0.00   
3.76    0.85    0.00   
3.84    0.85    0.00   
3.92    0.85    0.00   
4.00    0.85    0.00   
-4.00   0.93    0.00   
-3.92   0.93    0.00   
-3.84   0.93    0.00   
-3.76   0.93    0.00   
-3.68   0.93    0.00   
-3.60   0.93    0.00   
-3.52   0.93    0.00   
-3.43   0.93    0.00   
-3.35   0.93    0.00   
-3.27   0.93    0.00   
-3.19   0.93    0.00   
-3.11   0.93    0.00   
-3.03   0.93    0.00   
-2.95   0.93    0.00   
-2.87   0.93    0.00   
-2.79   0.93    0.00   
-2.71   0.93    0.00   
-2.63   0.93    0.00   
-2.55   0.93    0.00   
-2.46   0.93    0.00   
-2.38   0.93    0.00   
-2.30   0.93    0.00   
-2.22   0.93    0.00   
-2.14   0.93    0.00   
-2.06   0.93    0.00   
-1.98   0.93    0.00   
-1.90   0.93    0.00   
-1.82   0.93    0.00   
-1.74   0.93    0.00   
-1.66   0.93    0.00   
-1.58   0.93    0.00   
-1.49   0.93    0.00   
-1.41   0.93    0.00   
-1.33   0.93    0.00   
-1.25   0.93    0.00   
-1.17   0.93    0.00   
-1.09   0.93    0.00   
-1.01   0.93    0.00   
-0.93   0.93    0.00   
-0.85   0.93    0.00   
-0.77   0.93    0.00   
-0.69   0.93    0.00   
-0.61   0.93    0.00   
-0.53   0.93    0.00   
-0.44   0.93    0.00   
-0.36   0.93    0.00   
-0.28   0.93    0.00   
-0.20   0.93    0.00   
-0.12   0.93    0.00   
-0.04   0.93    0.00   
0.04    0.93    0.00   
0.12    0.93    0.00   
0.20    0.93    0.00   
0.28    0.93    0.00   
0.36    0.93    0.00   
0.44    0.93    0.00   
0.53    0.93    0.00   
0.61    0.93    0.00   
0.69    0.93    0.00   
0.77    0.93    0.00   
0.85    0.93    0.00   
0.93    0.93    0.00   
1.01    0.93    0.00   
1.09    0.93    0.00   
1.17    0.93    0.00   
1.25    0.93    0.00   
1.33    0.93    0.00   
1.41    0.93    0.00   
1.49    0.93    0.00   
1.58    0.93    0.00   
1.66    0.93    0.00   
1.74    0.93    0.00   
1.82    0.93    0.00   
1.90    0.93    0.00   
1.98    0.93    0.00   
2.06    0.93    0.00   
2.14    0.93    0.00   
2.22    0.93    0.00   
2.30    0.93    0.00   
2.38    0.93    0.00   
2.46    0.93    0.00   
2.55    0.93    0.00   
2.63    0.93    0.00   
2.71    0.93    0.00   
2.79    0.93    0.00   
2.87    0.93    0.00   
2.95    0.93    0.00   
3.03    0.93    0.00   
3.11    0.93    0.00   
3.19    0.93    0.00   
3.27    0.93    0.00   
3.35    0.93    0.00   
3.43    0.93    0.00   
3.52    0.93    0.00   
3.60    0.93    0.00   
3.68    0.93    0.00   
3.76    0.93    0.00   
3.84    0.93    0.00   
3.92    0.93    0.00   
4.00    0.93    0.00   
-4.00   1.01    0.00   
-3.92   1.01    0.00   
-3.84   1.01    0.00   
-3.76   1.01    0.00   
-3.68   1.01    0.00   
-3.60   1.01    0.00   
-3.52   1.01    0.00   
-3.43   1.01    0.00   
-3.35   1.01    0.00   
-3.27   1.01    0.00   
-3.19   1.01    0.00   
-3.11   1.01    0.00   
-3.03   1.01    0.00   
-2.95   1.01    0.00   
-2.87   1.01    0.00   
-2.79   1.01    0.00   
-2.71   1.01    0.00   
-2.63   1.01    0.00   
-2.55   1.01    0.00   
-2.46   1.01    0.00   
-2.38   1.01    0.00   
-2.30   1.01    0.00   
-2.22   1.01    0.00   
-2.14   1.01    0.00   
-2.06   1.01    0.00   
-1.98   1.01    0.00   
-1.90   1.01    0.00   
-1.82   1.01    0.00   
-1.74   1.01    0.00   
-1.66   1.01    0.00   
-1.58   1.01    0.00   
-1.49   1.01    0.00   
-1.41   1.01    0.00   
-1.33   1.01    0.00   
-1.25   1.01    0.00   
-1.17   1.01    0.00   
-1.09   1.01    0.00   
-1.01   1.01    0.00   
-0.93   1.01    0.00   
-0.85   1.01    0.00   
-0.77   1.01    0.00   
-0.69   1.01    0.00   
-0.61   1.01    0.00   
-0.53   1.01    0.00   
-0.44   1.01    0.00   
-0.36   1.01    0.00   
-0.28   1.01    0.00   
-0.20   1.01    0.00   
-0.12   1.01    0.00   
-0.04   1.01    0.00   
0.04    1.01    0.00   
0.12    1.01    0.00   
0.20    1.01    0.00   
0.28    1.01    0.00   
0.36    1.01    0.00   
0.44    1.01    0.00   
0.53    1.01    0.00   
0.61    1.01    0.00   
0.69    1.01    0.00   
0.77    1.01    0.00   
0.85    1.01    0.00   
0.93    1.01    0.00   
1.01    1.01    0.00   
1.09    1.01    0.00   
1.17    1.01    0.00   
1.25    1.01    0.00   
1.33    1.01    0.00   
1.41    1.01    0.00   
1.49    1.01    0.00   
1.58    1.01    0.00   
1.66    1.01    0.00   
1.74    1.01    0.00   
1.82    1.01    0.00   
1.90    1.01    0.00   
1.98    1.01    0.00   
2.06    1.01    0.00   
2.14    1.01    0.00   
2.22    1.01    0.00   
2.30    1.01    0.00   
2.38    1.01    0.00   
2.46    1.01    0.00   
2.55    1.01    0.00   
2.63    1.01    0.00   
2.71    1.01    0.00   
2.79    1.01    0.00   
2.87    1.01    0.00   
2.95    1.01    0.00   
3.03    1.01    0.00   
3.11    1.01    0.00   
3.19    1.01    0.00   
3.27    1.01    0.00   
3.35    1.01    0.00   
3.43    1.01    0.00   
3.52    1.01    0.00   
3.60    1.01    0.00   
3.68    1.01    0.00   
3.76    1.01    0.00   
3.84    1.01    0.00   
3.92    1.01    0.00   
4.00    1.01    0.00   
-4.00   1.09    0.00   
-3.92   1.09    0.00   
-3.84   1.09    0.00   
-3.76   1.09    0.00   
-3.68   1.09    0.00   
-3.60   1.09    0.00   
-3.52   1.09    0.00   
-3.43   1.09    0.00   
-3.35   1.09    0.00   
-3.27   1.09    0.00   
-3.19   1.09    0.00   
-3.11   1.09    0.00   
-3.03   1.09    0.00   
-2.95   1.09    0.00   
-2.87   1.09    0.00   
-2.79   1.09    0.00   
-2.71   1.09    0.00   
-2.63   1.09    0.00   
-2.55   1.09    0.00   
-2.46   1.09    0.00   
-2.38   1.09    0.00   
-2.30   1.09    0.00   
-2.22   1.09    0.00   
-2.14   1.09    0.00   
-2.06   1.09    0.00   
-1.98   1.09    0.00   
-1.90   1.09    0.00   
-1.82   1.09    0.00   
-1.74   1.09    0.00   
-1.66   1.09    0.00   
-1.58   1.09    0.00   
-1.49   1.09    0.00   
-1.41   1.09    0.00   
-1.33   1.09    0.00   
-1.25   1.09    0.00   
-1.17   1.09    0.00   
-1.09   1.09    0.00   
-1.01   1.09    0.00   
-0.93   1.09    0.00   
-0.85   1.09    0.00   
-0.77   1.09    0.00   
-0.69   1.09    0.00   
-0.61   1.09    0.00   
-0.53   1.09    0.00   
-0.44   1.09    0.00   
-0.36   1.09    0.00   
-0.28   1.09    0.00   
-0.20   1.09    0.00   
-0.12   1.09    0.00   
-0.04   1.09    0.00   
0.04    1.09    0.00   
0.12    1.09    0.00   
0.20    1.09    0.00   
0.28    1.09    0.00   
0.36    1.09    0.00   
0.44    1.09    0.00   
0.53    1.09    0.00   
0.61    1.09    0.00   
0.69    1.09    0.00   
0.77    1.09    0.00   
0.85    1.09    0.00   
0.93    1.09    0.00   
1.01    1.09    0.00   
1.09    1.09    0.00   
1.17    1.09    0.00   
1.25    1.09    0.00   
1.33    1.09    0.00   
1.41    1.09    0.00   
1.49    1.09    0.00   
1.58    1.09    0.00   
1.66    1.09    0.00   
1.74    1.09    0.00   
1.82    1.09    0.00   
1.90    1.09    0.00   
1.98    1.09    0.00   
2.06    1.09    0.00   
2.14    1.09    0.00   
2.22    1.09    0.00   
2.30    1.09    0.00   
2.38    1.09    0.00   
2.46    1.09    0.00   
2.55    1.09    0.00   
2.63    1.09    0.00   
2.71    1.09    0.00   
2.79    1.09    0.00   
2.87    1.09    0.00   
2.95    1.09    0.00   
3.03    1.09    0.00   
3.11    1.09    0.00   
3.19    1.09    0.00   
3.27    1.09    0.00   
3.35    1.09    0.00   
3.43    1.09    0.00   
3.52    1.09    0.00   
3.60    1.09    0.00   
3.68    1.09    0.00   
3.76    1.09    0.00   
3.84    1.09    0.00   
3.92    1.09    0.00   
4.00    1.09    0.00   
-4.00   1.17    0.00   
-3.92   1.17    0.00   
-3.84   1.17    0.00   
-3.76   1.17    0.00   
-3.68   1.17    0.00   
-3.60   1.17    0.00   
-3.52   1.17    0.00   
-3.43   1.17    0.00   
-3.35   1.17    0.00   
-3.27   1.17    0.00   
-3.19   1.17    0.00   
-3.11   1.17    0.00   
-3.03   1.17    0.00   
-2.95   1.17    0.00   
-2.87   1.17    0.00   
-2.79   1.17    0.00   
-2.71   1.17    0.00   
-2.63   1.17    0.00   
-2.55   1.17    0.00   
-2.46   1.17    0.00   
-2.38   1.17    0.00   
-2.30   1.17    0.00   
-2.22   1.17    0.00   
-2.14   1.17    0.00   
-2.06   1.17    0.00   
-1.98   1.17    0.00   
-1.90   1.17    0.00   
-1.82   1.17    0.00   
-1.74   1.17    0.00   
-1.66   1.17    0.00   
-1.58   1.17    0.00   
-1.49   1.17    0.00   
-1.41   1.17    0.00   
-1.33   1.17    0.00   
-1.25   1.17    0.00   
-1.17   1.17    0.00   
-1.09   1.17    0.00   
-1.01   1.17    0.00   
-0.93   1.17    0.00   
-0.85   1.17    0.00   
-0.77   1.17    0.00   
-0.69   1.17    0.00   
-0.61   1.17    0.00   
-0.53   1.17    0.00   
-0.44   1.17    0.00   
-0.36   1.17    0.00   
-0.28   1.17    0.00   
-0.20   1.17    0.00   
-0.12   1.17    0.00   
-0.04   1.17    0.00   
0.04    1.17    0.00   
0.12    1.17    0.00   
0.20    1.17    0.00   
0.28    1.17    0.00   
0.36    1.17    0.00   
0.44    1.17    0.00   
0.53    1.17    0.00   
0.61    1.17    0.00   
0.69    1.17    0.00   
0.77    1.17    0.00   
0.85    1.17    0.00   
0.93    1.17    0.00   
1.01    1.17    0.00   
1.09    1.17    0.00   
1.17    1.17    0.00   
1.25    1.17    0.00   
1.33    1.17    0.00   
1.41    1.17    0.00   
1.49    1.17    0.00   
1.58    1.17    0.00   
1.66    1.17    0.00   
1.74    1.17    0.00   
1.82    1.17    0.00   
1.90    1.17    0.00   
1.98    1.17    0.00   
2.06    1.17    0.00   
2.14    1.17    0.00   
2.22    1.17    0.00   
2.30    1.17    0.00   
2.38    1.17    0.00   
2.46    1.17    0.00   
2.55    1.17    0.00   
2.63    1.17    0.00   
2.71    1.17    0.00   
2.79    1.17    0.00   
2.87    1.17    0.00   
2.95    1.17    0.00   
3.03    1.17    0.00   
3.11    1.17    0.00   
3.19    1.17    0.00   
3.27    1.17    0.00   
3.35    1.17    0.00   
3.43    1.17    0.00   
3.52    1.17    0.00   
3.60    1.17    0.00   
3.68    1.17    0.00   
3.76    1.17    0.00   
3.84    1.17    0.00   
3.92    1.17    0.00   
4.00    1.17    0.00   
-4.00   1.25    0.00   
-3.92   1.25    0.00   
-3.84   1.25    0.00   
-3.76   1.25    0.00   
-3.68   1.25    0.00   
-3.60   1.25    0.00   
-3.52   1.25    0.00   
-3.43   1.25    0.00   
-3.35   1.25    0.00   
-3.27   1.25    0.00   
-3.19   1.25    0.00   
-3.11   1.25    0.00   
-3.03   1.25    0.00   
-2.95   1.25    0.00   
-2.87   1.25    0.00   
-2.79   1.25    0.00   
-2.71   1.25    0.00   
-2.63   1.25    0.00   
-2.55   1.25    0.00   
-2.46   1.25    0.00   
-2.38   1.25    0.00   
-2.30   1.25    0.00   
-2.22   1.25    0.00   
-2.14   1.25    0.00   
-2.06   1.25    0.00   
-1.98   1.25    0.00   
-1.90   1.25    0.00   
-1.82   1.25    0.00   
-1.74   1.25    0.00   
-1.66   1.25    0.00   
-1.58   1.25    0.00   
-1.49   1.25    0.00   
-1.41   1.25    0.00   
-1.33   1.25    0.00   
-1.25   1.25    0.00   
-1.17   1.25    0.00   
-1.09   1.25    0.00   
-1.01   1.25    0.00   
-0.93   1.25    0.00   
-0.85   1.25    0.00   
-0.77   1.25    0.00   
-0.69   1.25    0.00   
-0.61   1.25    0.00   
-0.53   1.25    0.00   
-0.44   1.25    0.00   
-0.36   1.25    0.00   
-0.28   1.25    0.00   
-0.20   1.25    0.00   
-0.12   1.25    0.00   
-0.04   1.25    0.00   
0.04    1.25    0.00   
0.12    1.25    0.00   
0.20    1.25    0.00   
0.28    1.25    0.00   
0.36    1.25    0.00   
0.44    1.25    0.00   
0.53    1.25    0.00   
0.61    1.25    0.00   
0.69    1.25    0.00   
0.77    1.25    0.00   
0.85    1.25    0.00   
0.93    1.25    0.00   
1.01    1.25    0.00   
1.09    1.25    0.00   
1.17    1.25    0.00   
1.25    1.25    0.00   
1.33    1.25    0.00   
1.41    1.25    0.00   
1.49    1.25    0.00   
1.58    1.25    0.00   
1.66    1.25    0.00   
1.74    1.25    0.00   
1.82    1.25    0.00   
1.90    1.25    0.00   
1.98    1.25    0.00   
2.06    1.25    0.00   
2.14    1.25    0.00   
2.22    1.25    0.00   
2.30    1.25    0.00   
2.38    1.25    0.00   
2.46    1.25    0.00   
2.55    1.25    0.00   
2.63    1.25    0.00   
2.71    1.25    0.00   
2.79    1.25    0.00   
2.87    1.25    0.00   
2.95    1.25    0.00   
3.03    1.25    0.00   
3.11    1.25    0.00   
3.19    1.25    0.00   
3.27    1.25    0.00   
3.35    1.25    0.00   
3.43    1.25    0.00   
3.52    1.25    0.00   
3.60    1.25    0.00   
3.68    1.25    0.00   
3.76    1.25    0.00   
3.84    1.25    0.00   
3.92    1.25    0.00   
4.00    1.25    0.00   
-4.00   1.33    0.00   
-3.92   1.33    0.00   
-3.84   1.33    0.00   
-3.76   1.33    0.00   
-3.68   1.33    0.00   
-3.60   1.33    0.00   
-3.52   1.33    0.00   
-3.43   1.33    0.00   
-3.35   1.33    0.00   
-3.27   1.33    0.00   
-3.19   1.33    0.00   
-3.11   1.33    0.00   
-3.03   1.33    0.00   
-2.95   1.33    0.00   
-2.87   1.33    0.00   
-2.79   1.33    0.00   
-2.71   1.33    0.00   
-2.63   1.33    0.00   
-2.55   1.33    0.00   
-2.46   1.33    0.00   
-2.38   1.33    0.00   
-2.30   1.33    0.00   
-2.22   1.33    0.00   
-2.14   1.33    0.00   
-2.06   1.33    0.00   
-1.98   1.33    0.00   
-1.90   1.33    0.00   
-1.82   1.33    0.00   
-1.74   1.33    0.00   
-1.66   1.33    0.00   
-1.58   1.33    0.00   
-1.49   1.33    0.00   
-1.41   1.33    0.00   
-1.33   1.33    0.00   
-1.25   1.33    0.00   
-1.17   1.33    0.00   
-1.09   1.33    0.00   
-1.01   1.33    0.00   
-0.93   1.33    0.00   
-0.85   1.33    0.00   
-0.77   1.33    0.00   
-0.69   1.33    0.00   
-0.61   1.33    0.00   
-0.53   1.33    0.00   
-0.44   1.33    0.00   
-0.36   1.33    0.00   
-0.28   1.33    0.00   
-0.20   1.33    0.00   
-0.12   1.33    0.00   
-0.04   1.33    0.00   
0.04    1.33    0.00   
0.12    1.33    0.00   
0.20    1.33    0.00   
0.28    1.33    0.00   
0.36    1.33    0.00   
0.44    1.33    0.00   
0.53    1.33    0.00   
0.61    1.33    0.00   
0.69    1.33    0.00   
0.77    1.33    0.00   
0.85    1.33    0.00   
0.93    1.33    0.00   
1.01    1.33    0.00   
1.09    1.33    0.00   
1.17    1.33    0.00   
1.25    1.33    0.00   
1.33    1.33    0.00   
1.41    1.33    0.00   
1.49    1.33    0.00   
1.58    1.33    0.00   
1.66    1.33    0.00   
1.74    1.33    0.00   
1.82    1.33    0.00   
1.90    1.33    0.00   
1.98    1.33    0.00   
2.06    1.33    0.00   
2.14    1.33    0.00   
2.22    1.33    0.00   
2.30    1.33    0.00   
2.38    1.33    0.00   
2.46    1.33    0.00   
2.55    1.33    0.00   
2.63    1.33    0.00   
2.71    1.33    0.00   
2.79    1.33    0.00   
2.87    1.33    0.00   
2.95    1.33    0.00   
3.03    1.33    0.00   
3.11    1.33    0.00   
3.19    1.33    0.00   
3.27    1.33    0.00   
3.35    1.33    0.00   
3.43    1.33    0.00   
3.52    1.33    0.00   
3.60    1.33    0.00   
3.68    1.33    0.00   
3.76    1.33    0.00   
3.84    1.33    0.00   
3.92    1.33    0.00   
4.00    1.33    0.00   
-4.00   1.41    0.00   
-3.92   1.41    0.00   
-3.84   1.41    0.00   
-3.76   1.41    0.00   
-3.68   1.41    0.00   
-3.60   1.41    0.00   
-3.52   1.41    0.00   
-3.43   1.41    0.00   
-3.35   1.41    0.00   
-3.27   1.41    0.00   
-3.19   1.41    0.00   
-3.11   1.41    0.00   
-3.03   1.41    0.00   
-2.95   1.41    0.00   
-2.87   1.41    0.00   
-2.79   1.41    0.00   
-2.71   1.41    0.00   
-2.63   1.41    0.00   
-2.55   1.41    0.00   
-2.46   1.41    0.00   
-2.38   1.41    0.00   
-2.30   1.41    0.00   
-2.22   1.41    0.00   
-2.14   1.41    0.00   
-2.06   1.41    0.00   
-1.98   1.41    0.00   
-1.90   1.41    0.00   
-1.82   1.41    0.00   
-1.74   1.41    0.00   
-1.66   1.41    0.00   
-1.58   1.41    0.00   
-1.49   1.41    0.00   
-1.41   1.41    0.00   
-1.33   1.41    0.00   
-1.25   1.41    0.00   
-1.17   1.41    0.00   
-1.09   1.41    0.00   
-1.01   1.41    0.00   
-0.93   1.41    0.00   
-0.85   1.41    0.00   
-0.77   1.41    0.00   
-0.69   1.41    0.00   
-0.61   1.41    0.00   
-0.53   1.41    0.00   
-0.44   1.41    0.00   
-0.36   1.41    0.00   
-0.28   1.41    0.00   
-0.20   1.41    0.00   
-0.12   1.41    0.00   
-0.04   1.41    0.00   
0.04    1.41    0.00   
0.12    1.41    0.00   
0.20    1.41    0.00   
0.28    1.41    0.00   
0.36    1.41    0.00   
0.44    1.41    0.00   
0.53    1.41    0.00   
0.61    1.41    0.00   
0.69    1.41    0.00   
0.77    1.41    0.00   
0.85    1.41    0.00   
0.93    1.41    0.00   
1.01    1.41    0.00   
1.09    1.41    0.00   
1.17    1.41    0.00   
1.25    1.41    0.00   
1.33    1.41    0.00   
1.41    1.41    0.00   
1.49    1.41    0.00   
1.58    1.41    0.00   
1.66    1.41    0.00   
1.74    1.41    0.00   
1.82    1.41    0.00   
1.90    1.41    0.00   
1.98    1.41    0.00   
2.06    1.41    0.00   
2.14    1.41    0.00   
2.22    1.41    0.00   
2.30    1.41    0.00   
2.38    1.41    0.00   
2.46    1.41    0.00   
2.55    1.41    0.00   
2.63    1.41    0.00   
2.71    1.41    0.00   
2.79    1.41    0.00   
2.87    1.41    0.00   
2.95    1.41    0.00   
3.03    1.41    0.00   
3.11    1.41    0.00   
3.19    1.41    0.00   
3.27    1.41    0.00   
3.35    1.41    0.00   
3.43    1.41    0.00   
3.52    1.41    0.00   
3.60    1.41    0.00   
3.68    1.41    0.00   
3.76    1.41    0.00   
3.84    1.41    0.00   
3.92    1.41    0.00   
4.00    1.41    0.00   
-4.00   1.49    0.00   
-3.92   1.49    0.00   
-3.84   1.49    0.00   
-3.76   1.49    0.00   
-3.68   1.49    0.00   
-3.60   1.49    0.00   
-3.52   1.49    0.00   
-3.43   1.49    0.00   
-3.35   1.49    0.00   
-3.27   1.49    0.00   
-3.19   1.49    0.00   
-3.11   1.49    0.00   
-3.03   1.49    0.00   
-2.95   1.49    0.00   
-2.87   1.49    0.00   
-2.79   1.49    0.00   
-2.71   1.49    0.00   
-2.63   1.49    0.00   
-2.55   1.49    0.00   
-2.46   1.49    0.00   
-2.38   1.49    0.00   
-2.30   1.49    0.00   
-2.22   1.49    0.00   
-2.14   1.49    0.00   
-2.06   1.49    0.00   
-1.98   1.49    0.00   
-1.90   1.49    0.00   
-1.82   1.49    0.00   
-1.74   1.49    0.00   
-1.66   1.49    0.00   
-1.58   1.49    0.00   
-1.49   1.49    0.00   
-1.41   1.49    0.00   
-1.33   1.49    0.00   
-1.25   1.49    0.00   
-1.17   1.49    0.00   
-1.09   1.49    0.00   
-1.01   1.49    0.00   
-0.93   1.49    0.00   
-0.85   1.49    0.00   
-0.77   1.49    0.00   
-0.69   1.49    0.00   
-0.61   1.49    0.00   
-0.53   1.49    0.00   
-0.44   1.49    0.00   
-0.36   1.49    0.00   
-0.28   1.49    0.00   
-0.20   1.49    0.00   
-0.12   1.49    0.00   
-0.04   1.49    0.00   
0.04    1.49    0.00   
0.12    1.49    0.00   
0.20    1.49    0.00   
0.28    1.49    0.00   
0.36    1.49    0.00   
0.44    1.49    0.00   
0.53    1.49    0.00   
0.61    1.49    0.00   
0.69    1.49    0.00   
0.77    1.49    0.00   
0.85    1.49    0.00   
0.93    1.49    0.00   
1.01    1.49    0.00   
1.09    1.49    0.00   
1.17    1.49    0.00   
1.25    1.49    0.00   
1.33    1.49    0.00   
1.41    1.49    0.00   
1.49    1.49    0.00   
1.58    1.49    0.00   
1.66    1.49    0.00   
1.74    1.49    0.00   
1.82    1.49    0.00   
1.90    1.49    0.00   
1.98    1.49    0.00   
2.06    1.49    0.00   
2.14    1.49    0.00   
2.22    1.49    0.00   
2.30    1.49    0.00   
2.38    1.49    0.00   
2.46    1.49    0.00   
2.55    1.49    0.00   
2.63    1.49    0.00   
2.71    1.49    0.00   
2.79    1.49    0.00   
2.87    1.49    0.00   
2.95    1.49    0.00   
3.03    1.49    0.00   
3.11    1.49    0.00   
3.19    1.49    0.00   
3.27    1.49    0.00   
3.35    1.49    0.00   
3.43    1.49    0.00   
3.52    1.49    0.00   
3.60    1.49    0.00   
3.68    1.49    0.00   
3.76    1.49    0.00   
3.84    1.49    0.00   
3.92    1.49    0.00   
4.00    1.49    0.00   
-4.00   1.58    0.00   
-3.92   1.58    0.00   
-3.84   1.58    0.00   
-3.76   1.58    0.00   
-3.68   1.58    0.00   
-3.60   1.58    0.00   
-3.52   1.58    0.00   
-3.43   1.58    0.00   
-3.35   1.58    0.00   
-3.27   1.58    0.00   
-3.19   1.58    0.00   
-3.11   1.58    0.00   
-3.03   1.58    0.00   
-2.95   1.58    0.00   
-2.87   1.58    0.00   
-2.79   1.58    0.00   
-2.71   1.58    0.00   
-2.63   1.58    0.00   
-2.55   1.58    0.00   
-2.46   1.58    0.00   
-2.38   1.58    0.00   
-2.30   1.58    0.00   
-2.22   1.58    0.00   
-2.14   1.58    0.00   
-2.06   1.58    0.00   
-1.98   1.58    0.00   
-1.90   1.58    0.00   
-1.82   1.58    0.00   
-1.74   1.58    0.00   
-1.66   1.58    0.00   
-1.58   1.58    0.00   
-1.49   1.58    0.00   
-1.41   1.58    0.00   
-1.33   1.58    0.00   
-1.25   1.58    0.00   
-1.17   1.58    0.00   
-1.09   1.58    0.00   
-1.01   1.58    0.00   
-0.93   1.58    0.00   
-0.85   1.58    0.00   
-0.77   1.58    0.00   
-0.69   1.58    0.00   
-0.61   1.58    0.00   
-0.53   1.58    0.00   
-0.44   1.58    0.00   
-0.36   1.58    0.00   
-0.28   1.58    0.00   
-0.20   1.58    0.00   
-0.12   1.58    0.00   
-0.04   1.58    0.00   
0.04    1.58    0.00   
0.12    1.58    0.00   
0.20    1.58    0.00   
0.28    1.58    0.00   
0.36    1.58    0.00   
0.44    1.58    0.00   
0.53    1.58    0.00   
0.61    1.58    0.00   
0.69    1.58    0.00   
0.77    1.58    0.00   
0.85    1.58    0.00   
0.93    1.58    0.00   
1.01    1.58    0.00   
1.09    1.58    0.00   
1.17    1.58    0.00   
1.25    1.58    0.00   
1.33    1.58    0.00   
1.41    1.58    0.00   
1.49    1.58    0.00   
1.58    1.58    0.00   
1.66    1.58    0.00   
1.74    1.58    0.00   
1.82    1.58    0.00   
1.90    1.58    0.00   
1.98    1.58    0.00   
2.06    1.58    0.00   
2.14    1.58    0.00   
2.22    1.58    0.00   
2.30    1.58    0.00   
2.38    1.58    0.00   
2.46    1.58    0.00   
2.55    1.58    0.00   
2.63    1.58    0.00   
2.71    1.58    0.00   
2.79    1.58    0.00   
2.87    1.58    0.00   
2.95    1.58    0.00   
3.03    1.58    0.00   
3.11    1.58    0.00   
3.19    1.58    0.00   
3.27    1.58    0.00   
3.35    1.58    0.00   
3.43    1.58    0.00   
3.52    1.58    0.00   
3.60    1.58    0.00   
3.68    1.58    0.00   
3.76    1.58    0.00   
3.84    1.58    0.00   
3.92    1.58    0.00   
4.00    1.58    0.00   
-4.00   1.66    0.00   
-3.92   1.66    0.00   
-3.84   1.66    0.00   
-3.76   1.66    0.00   
-3.68   1.66    0.00   
-3.60   1.66    0.00   
-3.52   1.66    0.00   
-3.43   1.66    0.00   
-3.35   1.66    0.00   
-3.27   1.66    0.00   
-3.19   1.66    0.00   
-3.11   1.66    0.00   
-3.03   1.66    0.00   
-2.95   1.66    0.00   
-2.87   1.66    0.00   
-2.79   1.66    0.00   
-2.71   1.66    0.00   
-2.63   1.66    0.00   
-2.55   1.66    0.00   
-2.46   1.66    0.00   
-2.38   1.66    0.00   
-2.30   1.66    0.00   
-2.22   1.66    0.00   
-2.14   1.66    0.00   
-2.06   1.66    0.00   
-1.98   1.66    0.00   
-1.90   1.66    0.00   
-1.82   1.66    0.00   
-1.74   1.66    0.00   
-1.66   1.66    0.00   
-1.58   1.66    0.00   
-1.49   1.66    0.00   
-1.41   1.66    0.00   
-1.33   1.66    0.00   
-1.25   1.66    0.00   
-1.17   1.66    0.00   
-1.09   1.66    0.00   
-1.01   1.66    0.00   
-0.93   1.66    0.00   
-0.85   1.66    0.00   
-0.77   1.66    0.00   
-0.69   1.66    0.00   
-0.61   1.66    0.00   
-0.53   1.66    0.00   
-0.44   1.66    0.00   
-0.36   1.66    0.00   
-0.28   1.66    0.00   
-0.20   1.66    0.00   
-0.12   1.66    0.00   
-0.04   1.66    0.00   
0.04    1.66    0.00   
0.12    1.66    0.00   
0.20    1.66    0.00   
0.28    1.66    0.00   
0.36    1.66    0.00   
0.44    1.66    0.00   
0.53    1.66    0.00   
0.61    1.66    0.00   
0.69    1.66    0.00   
0.77    1.66    0.00   
0.85    1.66    0.00   
0.93    1.66    0.00   
1.01    1.66    0.00   
1.09    1.66    0.00   
1.17    1.66    0.00   
1.25    1.66    0.00   
1.33    1.66    0.00   
1.41    1.66    0.00   
1.49    1.66    0.00   
1.58    1.66    0.00   
1.66    1.66    0.00   
1.74    1.66    0.00   
1.82    1.66    0.00   
1.90    1.66    0.00   
1.98    1.66    0.00   
2.06    1.66    0.00   
2.14    1.66    0.00   
2.22    1.66    0.00   
2.30    1.66    0.00   
2.38    1.66    0.00   
2.46    1.66    0.00   
2.55    1.66    0.00   
2.63    1.66    0.00   
2.71    1.66    0.00   
2.79    1.66    0.00   
2.87    1.66    0.00   
2.95    1.66    0.00   
3.03    1.66    0.00   
3.11    1.66    0.00   
3.19    1.66    0.00   
3.27    1.66    0.00   
3.35    1.66    0.00   
3.43    1.66    0.00   
3.52    1.66    0.00   
3.60    1.66    0.00   
3.68    1.66    0.00   
3.76    1.66    0.00   
3.84    1.66    0.00   
3.92    1.66    0.00   
4.00    1.66    0.00   
-4.00   1.74    0.00   
-3.92   1.74    0.00   
-3.84   1.74    0.00   
-3.76   1.74    0.00   
-3.68   1.74    0.00   
-3.60   1.74    0.00   
-3.52   1.74    0.00   
-3.43   1.74    0.00   
-3.35   1.74    0.00   
-3.27   1.74    0.00   
-3.19   1.74    0.00   
-3.11   1.74    0.00   
-3.03   1.74    0.00   
-2.95   1.74    0.00   
-2.87   1.74    0.00   
-2.79   1.74    0.00   
-2.71   1.74    0.00   
-2.63   1.74    0.00   
-2.55   1.74    0.00   
-2.46   1.74    0.00   
-2.38   1.74    0.00   
-2.30   1.74    0.00   
-2.22   1.74    0.00   
-2.14   1.74    0.00   
-2.06   1.74    0.00   
-1.98   1.74    0.00   
-1.90   1.74    0.00   
-1.82   1.74    0.00   
-1.74   1.74    0.00   
-1.66   1.74    0.00   
-1.58   1.74    0.00   
-1.49   1.74    0.00   
-1.41   1.74    0.00   
-1.33   1.74    0.00   
-1.25   1.74    0.00   
-1.17   1.74    0.00   
-1.09   1.74    0.00   
-1.01   1.74    0.00   
-0.93   1.74    0.00   
-0.85   1.74    0.00   
-0.77   1.74    0.00   
-0.69   1.74    0.00   
-0.61   1.74    0.00   
-0.53   1.74    0.00   
-0.44   1.74    0.00   
-0.36   1.74    0.00   
-0.28   1.74    0.00   
-0.20   1.74    0.00   
-0.12   1.74    0.00   
-0.04   1.74    0.00   
0.04    1.74    0.00   
0.12    1.74    0.00   
0.20    1.74    0.00   
0.28    1.74    0.00   
0.36    1.74    0.00   
0.44    1.74    0.00   
0.53    1.74    0.00   
0.61    1.74    0.00   
0.69    1.74    0.00   
0.77    1.74    0.00   
0.85    1.74    0.00   
0.93    1.74    0.00   
1.01    1.74    0.00   
1.09    1.74    0.00   
1.17    1.74    0.00   
1.25    1.74    0.00   
1.33    1.74    0.00   
1.41    1.74    0.00   
1.49    1.74    0.00   
1.58    1.74    0.00   
1.66    1.74    0.00   
1.74    1.74    0.00   
1.82    1.74    0.00   
1.90    1.74    0.00   
1.98    1.74    0.00   
2.06    1.74    0.00   
2.14    1.74    0.00   
2.22    1.74    0.00   
2.30    1.74    0.00   
2.38    1.74    0.00   
2.46    1.74    0.00   
2.55    1.74    0.00   
2.63    1.74    0.00   
2.71    1.74    0.00   
2.79    1.74    0.00   
2.87    1.74    0.00   
2.95    1.74    0.00   
3.03    1.74    0.00   
3.11    1.74    0.00   
3.19    1.74    0.00   
3.27    1.74    0.00   
3.35    1.74    0.00   
3.43    1.74    0.00   
3.52    1.74    0.00   
3.60    1.74    0.00   
3.68    1.74    0.00   
3.76    1.74    0.00   
3.84    1.74    0.00   
3.92    1.74    0.00   
4.00    1.74    0.00   
-4.00   1.82    0.00   
-3.92   1.82    0.00   
-3.84   1.82    0.00   
-3.76   1.82    0.00   
-3.68   1.82    0.00   
-3.60   1.82    0.00   
-3.52   1.82    0.00   
-3.43   1.82    0.00   
-3.35   1.82    0.00   
-3.27   1.82    0.00   
-3.19   1.82    0.00   
-3.11   1.82    0.00   
-3.03   1.82    0.00   
-2.95   1.82    0.00   
-2.87   1.82    0.00   
-2.79   1.82    0.00   
-2.71   1.82    0.00   
-2.63   1.82    0.00   
-2.55   1.82    0.00   
-2.46   1.82    0.00   
-2.38   1.82    0.00   
-2.30   1.82    0.00   
-2.22   1.82    0.00   
-2.14   1.82    0.00   
-2.06   1.82    0.00   
-1.98   1.82    0.00   
-1.90   1.82    0.00   
-1.82   1.82    0.00   
-1.74   1.82    0.00   
-1.66   1.82    0.00   
-1.58   1.82    0.00   
-1.49   1.82    0.00   
-1.41   1.82    0.00   
-1.33   1.82    0.00   
-1.25   1.82    0.00   
-1.17   1.82    0.00   
-1.09   1.82    0.00   
-1.01   1.82    0.00   
-0.93   1.82    0.00   
-0.85   1.82    0.00   
-0.77   1.82    0.00   
-0.69   1.82    0.00   
-0.61   1.82    0.00   
-0.53   1.82    0.00   
-0.44   1.82    0.00   
-0.36   1.82    0.00   
-0.28   1.82    0.00   
-0.20   1.82    0.00   
-0.12   1.82    0.00   
-0.04   1.82    0.00   
0.04    1.82    0.00   
0.12    1.82    0.00   
0.20    1.82    0.00   
0.28    1.82    0.00   
0.36    1.82    0.00   
0.44    1.82    0.00   
0.53    1.82    0.00   
0.61    1.82    0.00   
0.69    1.82    0.00   
0.77    1.82    0.00   
0.85    1.82    0.00   
0.93    1.82    0.00   
1.01    1.82    0.00   
1.09    1.82    0.00   
1.17    1.82    0.00   
1.25    1.82    0.00   
1.33    1.82    0.00   
1.41    1.82    0.00   
1.49    1.82    0.00   
1.58    1.82    0.00   
1.66    1.82    0.00   
1.74    1.82    0.00   
1.82    1.82    0.00   
1.90    1.82    0.00   
1.98    1.82    0.00   
2.06    1.82    0.00   
2.14    1.82    0.00   
2.22    1.82    0.00   
2.30    1.82    0.00   
2.38    1.82    0.00   
2.46    1.82    0.00   
2.55    1.82    0.00   
2.63    1.82    0.00   
2.71    1.82    0.00   
2.79    1.82    0.00   
2.87    1.82    0.00   
2.95    1.82    0.00   
3.03    1.82    0.00   
3.11    1.82    0.00   
3.19    1.82    0.00   
3.27    1.82    0.00   
3.35    1.82    0.00   
3.43    1.82    0.00   
3.52    1.82    0.00   
3.60    1.82    0.00   
3.68    1.82    0.00   
3.76    1.82    0.00   
3.84    1.82    0.00   
3.92    1.82    0.00   
4.00    1.82    0.00   
-4.00   1.90    0.00   
-3.92   1.90    0.00   
-3.84   1.90    0.00   
-3.76   1.90    0.00   
-3.68   1.90    0.00   
-3.60   1.90    0.00   
-3.52   1.90    0.00   
-3.43   1.90    0.00   
-3.35   1.90    0.00   
-3.27   1.90    0.00   
-3.19   1.90    0.00   
-3.11   1.90    0.00   
-3.03   1.90    0.00   
-2.95   1.90    0.00   
-2.87   1.90    0.00   
-2.79   1.90    0.00   
-2.71   1.90    0.00   
-2.63   1.90    0.00   
-2.55   1.90    0.00   
-2.46   1.90    0.00   
-2.38   1.90    0.00   
-2.30   1.90    0.00   
-2.22   1.90    0.00   
-2.14   1.90    0.00   
-2.06   1.90    0.00   
-1.98   1.90    0.00   
-1.90   1.90    0.00   
-1.82   1.90    0.00   
-1.74   1.90    0.00   
-1.66   1.90    0.00   
-1.58   1.90    0.00   
-1.49   1.90    0.00   
-1.41   1.90    0.00   
-1.33   1.90    0.00   
-1.25   1.90    0.00   
-1.17   1.90    0.00   
-1.09   1.90    0.00   
-1.01   1.90    0.00   
-0.93   1.90    0.00   
-0.85   1.90    0.00   
-0.77   1.90    0.00   
-0.69   1.90    0.00   
-0.61   1.90    0.00   
-0.53   1.90    0.00   
-0.44   1.90    0.00   
-0.36   1.90    0.00   
-0.28   1.90    0.00   
-0.20   1.90    0.00   
-0.12   1.90    0.00   
-0.04   1.90    0.00   
0.04    1.90    0.00   
0.12    1.90    0.00   
0.20    1.90    0.00   
0.28    1.90    0.00   
0.36    1.90    0.00   
0.44    1.90    0.00   
0.53    1.90    0.00   
0.61    1.90    0.00   
0.69    1.90    0.00   
0.77    1.90    0.00   
0.85    1.90    0.00   
0.93    1.90    0.00   
1.01    1.90    0.00   
1.09    1.90    0.00   
1.17    1.90    0.00   
1.25    1.90    0.00   
1.33    1.90    0.00   
1.41    1.90    0.00   
1.49    1.90    0.00   
1.58    1.90    0.00   
1.66    1.90    0.00   
1.74    1.90    0.00   
1.82    1.90    0.00   
1.90    1.90    0.00   
1.98    1.90    0.00   
2.06    1.90    0.00   
2.14    1.90    0.00   
2.22    1.90    0.00   
2.30    1.90    0.00   
2.38    1.90    0.00   
2.46    1.90    0.00   
2.55    1.90    0.00   
2.63    1.90    0.00   
2.71    1.90    0.00   
2.79    1.90    0.00   
2.87    1.90    0.00   
2.95    1.90    0.00   
3.03    1.90    0.00   
3.11    1.90    0.00   
3.19    1.90    0.00   
3.27    1.90    0.00   
3.35    1.90    0.00   
3.43    1.90    0.00   
3.52    1.90    0.00   
3.60    1.90    0.00   
3.68    1.90    0.00   
3.76    1.90    0.00   
3.84    1.90    0.00   
3.92    1.90    0.00   
4.00    1.90    0.00   
-4.00   1.98    0.00   
-3.92   1.98    0.00   
-3.84   1.98    0.00   
-3.76   1.98    0.00   
-3.68   1.98    0.00   
-3.60   1.98    0.00   
-3.52   1.98    0.00   
-3.43   1.98    0.00   
-3.35   1.98    0.00   
-3.27   1.98    0.00   
-3.19   1.98    0.00   
-3.11   1.98    0.00   
-3.03   1.98    0.00   
-2.95   1.98    0.00   
-2.87   1.98    0.00   
-2.79   1.98    0.00   
-2.71   1.98    0.00   
-2.63   1.98    0.00   
-2.55   1.98    0.00   
-2.46   1.98    0.00   
-2.38   1.98    0.00   
-2.30   1.98    0.00   
-2.22   1.98    0.00   
-2.14   1.98    0.00   
-2.06   1.98    0.00   
-1.98   1.98    0.00   
-1.90   1.98    0.00   
-1.82   1.98    0.00   
-1.74   1.98    0.00   
-1.66   1.98    0.00   
-1.58   1.98    0.00   
-1.49   1.98    0.00   
-1.41   1.98    0.00   
-1.33   1.98    0.00   
-1.25   1.98    0.00   
-1.17   1.98    0.00   
-1.09   1.98    0.00   
-1.01   1.98    0.00   
-0.93   1.98    0.00   
-0.85   1.98    0.00   
-0.77   1.98    0.00   
-0.69   1.98    0.00   
-0.61   1.98    0.00   
-0.53   1.98    0.00   
-0.44   1.98    0.00   
-0.36   1.98    0.00   
-0.28   1.98    0.00   
-0.20   1.98    0.00   
-0.12   1.98    0.00   
-0.04   1.98    0.00   
0.04    1.98    0.00   
0.12    1.98    0.00   
0.20    1.98    0.00   
0.28    1.98    0.00   
0.36    1.98    0.00   
0.44    1.98    0.00   
0.53    1.98    0.00   
0.61    1.98    0.00   
0.69    1.98    0.00   
0.77    1.98    0.00   
0.85    1.98    0.00   
0.93    1.98    0.00   
1.01    1.98    0.00   
1.09    1.98    0.00   
1.17    1.98    0.00   
1.25    1.98    0.00   
1.33    1.98    0.00   
1.41    1.98    0.00   
1.49    1.98    0.00   
1.58    1.98    0.00   
1.66    1.98    0.00   
1.74    1.98    0.00   
1.82    1.98    0.00   
1.90    1.98    0.00   
1.98    1.98    0.00   
2.06    1.98    0.00   
2.14    1.98    0.00   
2.22    1.98    0.00   
2.30    1.98    0.00   
2.38    1.98    0.00   
2.46    1.98    0.00   
2.55    1.98    0.00   
2.63    1.98    0.00   
2.71    1.98    0.00   
2.79    1.98    0.00   
2.87    1.98    0.00   
2.95    1.98    0.00   
3.03    1.98    0.00   
3.11    1.98    0.00   
3.19    1.98    0.00   
3.27    1.98    0.00   
3.35    1.98    0.00   
3.43    1.98    0.00   
3.52    1.98    0.00   
3.60    1.98    0.00   
3.68    1.98    0.00   
3.76    1.98    0.00   
3.84    1.98    0.00   
3.92    1.98    0.00   
4.00    1.98    0.00   
-4.00   2.06    0.00   
-3.92   2.06    0.00   
-3.84   2.06    0.00   
-3.76   2.06    0.00   
-3.68   2.06    0.00   
-3.60   2.06    0.00   
-3.52   2.06    0.00   
-3.43   2.06    0.00   
-3.35   2.06    0.00   
-3.27   2.06    0.00   
-3.19   2.06    0.00   
-3.11   2.06    0.00   
-3.03   2.06    0.00   
-2.95   2.06    0.00   
-2.87   2.06    0.00   
-2.79   2.06    0.00   
-2.71   2.06    0.00   
-2.63   2.06    0.00   
-2.55   2.06    0.00   
-2.46   2.06    0.00   
-2.38   2.06    0.00   
-2.30   2.06    0.00   
-2.22   2.06    0.00   
-2.14   2.06    0.00   
-2.06   2.06    0.00   
-1.98   2.06    0.00   
-1.90   2.06    0.00   
-1.82   2.06    0.00   
-1.74   2.06    0.00   
-1.66   2.06    0.00   
-1.58   2.06    0.00   
-1.49   2.06    0.00   
-1.41   2.06    0.00   
-1.33   2.06    0.00   
-1.25   2.06    0.00   
-1.17   2.06    0.00   
-1.09   2.06    0.00   
-1.01   2.06    0.00   
-0.93   2.06    0.00   
-0.85   2.06    0.00   
-0.77   2.06    0.00   
-0.69   2.06    0.00   
-0.61   2.06    0.00   
-0.53   2.06    0.00   
-0.44   2.06    0.00   
-0.36   2.06    0.00   
-0.28   2.06    0.00   
-0.20   2.06    0.00   
-0.12   2.06    0.00   
-0.04   2.06    0.00   
0.04    2.06    0.00   
0.12    2.06    0.00   
0.20    2.06    0.00   
0.28    2.06    0.00   
0.36    2.06    0.00   
0.44    2.06    0.00   
0.53    2.06    0.00   
0.61    2.06    0.00   
0.69    2.06    0.00   
0.77    2.06    0.00   
0.85    2.06    0.00   
0.93    2.06    0.00   
1.01    2.06    0.00   
1.09    2.06    0.00   
1.17    2.06    0.00   
1.25    2.06    0.00   
1.33    2.06    0.00   
1.41    2.06    0.00   
1.49    2.06    0.00   
1.58    2.06    0.00   
1.66    2.06    0.00   
1.74    2.06    0.00   
1.82    2.06    0.00   
1.90    2.06    0.00   
1.98    2.06    0.00   
2.06    2.06    0.00   
2.14    2.06    0.00   
2.22    2.06    0.00   
2.30    2.06    0.00   
2.38    2.06    0.00   
2.46    2.06    0.00   
2.55    2.06    0.00   
2.63    2.06    0.00   
2.71    2.06    0.00   
2.79    2.06    0.00   
2.87    2.06    0.00   
2.95    2.06    0.00   
3.03    2.06    0.00   
3.11    2.06    0.00   
3.19    2.06    0.00   
3.27    2.06    0.00   
3.35    2.06    0.00   
3.43    2.06    0.00   
3.52    2.06    0.00   
3.60    2.06    0.00   
3.68    2.06    0.00   
3.76    2.06    0.00   
3.84    2.06    0.00   
3.92    2.06    0.00   
4.00    2.06    0.00   
-4.00   2.14    0.00   
-3.92   2.14    0.00   
-3.84   2.14    0.00   
-3.76   2.14    0.00   
-3.68   2.14    0.00   
-3.60   2.14    0.00   
-3.52   2.14    0.00   
-3.43   2.14    0.00   
-3.35   2.14    0.00   
-3.27   2.14    0.00   
-3.19   2.14    0.00   
-3.11   2.14    0.00   
-3.03   2.14    0.00   
-2.95   2.14    0.00   
-2.87   2.14    0.00   
-2.79   2.14    0.00   
-2.71   2.14    0.00   
-2.63   2.14    0.00   
-2.55   2.14    0.00   
-2.46   2.14    0.00   
-2.38   2.14    0.00   
-2.30   2.14    0.00   
-2.22   2.14    0.00   
-2.14   2.14    0.00   
-2.06   2.14    0.00   
-1.98   2.14    0.00   
-1.90   2.14    0.00   
-1.82   2.14    0.00   
-1.74   2.14    0.00   
-1.66   2.14    0.00   
-1.58   2.14    0.00   
-1.49   2.14    0.00   
-1.41   2.14    0.00   
-1.33   2.14    0.00   
-1.25   2.14    0.00   
-1.17   2.14    0.00   
-1.09   2.14    0.00   
-1.01   2.14    0.00   
-0.93   2.14    0.00   
-0.85   2.14    0.00   
-0.77   2.14    0.00   
-0.69   2.14    0.00   
-0.61   2.14    0.00   
-0.53   2.14    0.00   
-0.44   2.14    0.00   
-0.36   2.14    0.00   
-0.28   2.14    0.00   
-0.20   2.14    0.00   
-0.12   2.14    0.00   
-0.04   2.14    0.00   
0.04    2.14    0.00   
0.12    2.14    0.00   
0.20    2.14    0.00   
0.28    2.14    0.00   
0.36    2.14    0.00   
0.44    2.14    0.00   
0.53    2.14    0.00   
0.61    2.14    0.00   
0.69    2.14    0.00   
0.77    2.14    0.00   
0.85    2.14    0.00   
0.93    2.14    0.00   
1.01    2.14    0.00   
1.09    2.14    0.00   
1.17    2.14    0.00   
1.25    2.14    0.00   
1.33    2.14    0.00   
1.41    2.14    0.00   
1.49    2.14    0.00   
1.58    2.14    0.00   
1.66    2.14    0.00   
1.74    2.14    0.00   
1.82    2.14    0.00   
1.90    2.14    0.00   
1.98    2.14    0.00   
2.06    2.14    0.00   
2.14    2.14    0.00   
2.22    2.14    0.00   
2.30    2.14    0.00   
2.38    2.14    0.00   
2.46    2.14    0.00   
2.55    2.14    0.00   
2.63    2.14    0.00   
2.71    2.14    0.00   
2.79    2.14    0.00   
2.87    2.14    0.00   
2.95    2.14    0.00   
3.03    2.14    0.00   
3.11    2.14    0.00   
3.19    2.14    0.00   
3.27    2.14    0.00   
3.35    2.14    0.00   
3.43    2.14    0.00   
3.52    2.14    0.00   
3.60    2.14    0.00   
3.68    2.14    0.00   
3.76    2.14    0.00   
3.84    2.14    0.00   
3.92    2.14    0.00   
4.00    2.14    0.00   
-4.00   2.22    0.00   
-3.92   2.22    0.00   
-3.84   2.22    0.00   
-3.76   2.22    0.00   
-3.68   2.22    0.00   
-3.60   2.22    0.00   
-3.52   2.22    0.00   
-3.43   2.22    0.00   
-3.35   2.22    0.00   
-3.27   2.22    0.00   
-3.19   2.22    0.00   
-3.11   2.22    0.00   
-3.03   2.22    0.00   
-2.95   2.22    0.00   
-2.87   2.22    0.00   
-2.79   2.22    0.00   
-2.71   2.22    0.00   
-2.63   2.22    0.00   
-2.55   2.22    0.00   
-2.46   2.22    0.00   
-2.38   2.22    0.00   
-2.30   2.22    0.00   
-2.22   2.22    0.00   
-2.14   2.22    0.00   
-2.06   2.22    0.00   
-1.98   2.22    0.00   
-1.90   2.22    0.00   
-1.82   2.22    0.00   
-1.74   2.22    0.00   
-1.66   2.22    0.00   
-1.58   2.22    0.00   
-1.49   2.22    0.00   
-1.41   2.22    0.00   
-1.33   2.22    0.00   
-1.25   2.22    0.00   
-1.17   2.22    0.00   
-1.09   2.22    0.00   
-1.01   2.22    0.00   
-0.93   2.22    0.00   
-0.85   2.22    0.00   
-0.77   2.22    0.00   
-0.69   2.22    0.00   
-0.61   2.22    0.00   
-0.53   2.22    0.00   
-0.44   2.22    0.00   
-0.36   2.22    0.00   
-0.28   2.22    0.00   
-0.20   2.22    0.00   
-0.12   2.22    0.00   
-0.04   2.22    0.00   
0.04    2.22    0.00   
0.12    2.22    0.00   
0.20    2.22    0.00   
0.28    2.22    0.00   
0.36    2.22    0.00   
0.44    2.22    0.00   
0.53    2.22    0.00   
0.61    2.22    0.00   
0.69    2.22    0.00   
0.77    2.22    0.00   
0.85    2.22    0.00   
0.93    2.22    0.00   
1.01    2.22    0.00   
1.09    2.22    0.00   
1.17    2.22    0.00   
1.25    2.22    0.00   
1.33    2.22    0.00   
1.41    2.22    0.00   
1.49    2.22    0.00   
1.58    2.22    0.00   
1.66    2.22    0.00   
1.74    2.22    0.00   
1.82    2.22    0.00   
1.90    2.22    0.00   
1.98    2.22    0.00   
2.06    2.22    0.00   
2.14    2.22    0.00   
2.22    2.22    0.00   
2.30    2.22    0.00   
2.38    2.22    0.00   
2.46    2.22    0.00   
2.55    2.22    0.00   
2.63    2.22    0.00   
2.71    2.22    0.00   
2.79    2.22    0.00   
2.87    2.22    0.00   
2.95    2.22    0.00   
3.03    2.22    0.00   
3.11    2.22    0.00   
3.19    2.22    0.00   
3.27    2.22    0.00   
3.35    2.22    0.00   
3.43    2.22    0.00   
3.52    2.22    0.00   
3.60    2.22    0.00   
3.68    2.22    0.00   
3.76    2.22    0.00   
3.84    2.22    0.00   
3.92    2.22    0.00   
4.00    2.22    0.00   
-4.00   2.30    0.00   
-3.92   2.30    0.00   
-3.84   2.30    0.00   
-3.76   2.30    0.00   
-3.68   2.30    0.00   
-3.60   2.30    0.00   
-3.52   2.30    0.00   
-3.43   2.30    0.00   
-3.35   2.30    0.00   
-3.27   2.30    0.00   
-3.19   2.30    0.00   
-3.11   2.30    0.00   
-3.03   2.30    0.00   
-2.95   2.30    0.00   
-2.87   2.30    0.00   
-2.79   2.30    0.00   
-2.71   2.30    0.00   
-2.63   2.30    0.00   
-2.55   2.30    0.00   
-2.46   2.30    0.00   
-2.38   2.30    0.00   
-2.30   2.30    0.00   
-2.22   2.30    0.00   
-2.14   2.30    0.00   
-2.06   2.30    0.00   
-1.98   2.30    0.00   
-1.90   2.30    0.00   
-1.82   2.30    0.00   
-1.74   2.30    0.00   
-1.66   2.30    0.00   
-1.58   2.30    0.00   
-1.49   2.30    0.00   
-1.41   2.30    0.00   
-1.33   2.30    0.00   
-1.25   2.30    0.00   
-1.17   2.30    0.00   
-1.09   2.30    0.00   
-1.01   2.30    0.00   
-0.93   2.30    0.00   
-0.85   2.30    0.00   
-0.77   2.30    0.00   
-0.69   2.30    0.00   
-0.61   2.30    0.00   
-0.53   2.30    0.00   
-0.44   2.30    0.00   
-0.36   2.30    0.00   
-0.28   2.30    0.00   
-0.20   2.30    0.00   
-0.12   2.30    0.00   
-0.04   2.30    0.00   
0.04    2.30    0.00   
0.12    2.30    0.00   
0.20    2.30    0.00   
0.28    2.30    0.00   
0.36    2.30    0.00   
0.44    2.30    0.00   
0.53    2.30    0.00   
0.61    2.30    0.00   
0.69    2.30    0.00   
0.77    2.30    0.00   
0.85    2.30    0.00   
0.93    2.30    0.00   
1.01    2.30    0.00   
1.09    2.30    0.00   
1.17    2.30    0.00   
1.25    2.30    0.00   
1.33    2.30    0.00   
1.41    2.30    0.00   
1.49    2.30    0.00   
1.58    2.30    0.00   
1.66    2.30    0.00   
1.74    2.30    0.00   
1.82    2.30    0.00   
1.90    2.30    0.00   
1.98    2.30    0.00   
2.06    2.30    0.00   
2.14    2.30    0.00   
2.22    2.30    0.00   
2.30    2.30    0.00   
2.38    2.30    0.00   
2.46    2.30    0.00   
2.55    2.30    0.00   
2.63    2.30    0.00   
2.71    2.30    0.00   
2.79    2.30    0.00   
2.87    2.30    0.00   
2.95    2.30    0.00   
3.03    2.30    0.00   
3.11    2.30    0.00   
3.19    2.30    0.00   
3.27    2.30    0.00   
3.35    2.30    0.00   
3.43    2.30    0.00   
3.52    2.30    0.00   
3.60    2.30    0.00   
3.68    2.30    0.00   
3.76    2.30    0.00   
3.84    2.30    0.00   
3.92    2.30    0.00   
4.00    2.30    0.00   
-4.00   2.38    0.00   
-3.92   2.38    0.00   
-3.84   2.38    0.00   
-3.76   2.38    0.00   
-3.68   2.38    0.00   
-3.60   2.38    0.00   
-3.52   2.38    0.00   
-3.43   2.38    0.00   
-3.35   2.38    0.00   
-3.27   2.38    0.00   
-3.19   2.38    0.00   
-3.11   2.38    0.00   
-3.03   2.38    0.00   
-2.95   2.38    0.00   
-2.87   2.38    0.00   
-2.79   2.38    0.00   
-2.71   2.38    0.00   
-2.63   2.38    0.00   
-2.55   2.38    0.00   
-2.46   2.38    0.00   
-2.38   2.38    0.00   
-2.30   2.38    0.00   
-2.22   2.38    0.00   
-2.14   2.38    0.00   
-2.06   2.38    0.00   
-1.98   2.38    0.00   
-1.90   2.38    0.00   
-1.82   2.38    0.00   
-1.74   2.38    0.00   
-1.66   2.38    0.00   
-1.58   2.38    0.00   
-1.49   2.38    0.00   
-1.41   2.38    0.00   
-1.33   2.38    0.00   
-1.25   2.38    0.00   
-1.17   2.38    0.00   
-1.09   2.38    0.00   
-1.01   2.38    0.00   
-0.93   2.38    0.00   
-0.85   2.38    0.00   
-0.77   2.38    0.00   
-0.69   2.38    0.00   
-0.61   2.38    0.00   
-0.53   2.38    0.00   
-0.44   2.38    0.00   
-0.36   2.38    0.00   
-0.28   2.38    0.00   
-0.20   2.38    0.00   
-0.12   2.38    0.00   
-0.04   2.38    0.00   
0.04    2.38    0.00   
0.12    2.38    0.00   
0.20    2.38    0.00   
0.28    2.38    0.00   
0.36    2.38    0.00   
0.44    2.38    0.00   
0.53    2.38    0.00   
0.61    2.38    0.00   
0.69    2.38    0.00   
0.77    2.38    0.00   
0.85    2.38    0.00   
0.93    2.38    0.00   
1.01    2.38    0.00   
1.09    2.38    0.00   
1.17    2.38    0.00   
1.25    2.38    0.00   
1.33    2.38    0.00   
1.41    2.38    0.00   
1.49    2.38    0.00   
1.58    2.38    0.00   
1.66    2.38    0.00   
1.74    2.38    0.00   
1.82    2.38    0.00   
1.90    2.38    0.00   
1.98    2.38    0.00   
2.06    2.38    0.00   
2.14    2.38    0.00   
2.22    2.38    0.00   
2.30    2.38    0.00   
2.38    2.38    0.00   
2.46    2.38    0.00   
2.55    2.38    0.00   
2.63    2.38    0.00   
2.71    2.38    0.00   
2.79    2.38    0.00   
2.87    2.38    0.00   
2.95    2.38    0.00   
3.03    2.38    0.00   
3.11    2.38    0.00   
3.19    2.38    0.00   
3.27    2.38    0.00   
3.35    2.38    0.00   
3.43    2.38    0.00   
3.52    2.38    0.00   
3.60    2.38    0.00   
3.68    2.38    0.00   
3.76    2.38    0.00   
3.84    2.38    0.00   
3.92    2.38    0.00   
4.00    2.38    0.00   
-4.00   2.46    0.00   
-3.92   2.46    0.00   
-3.84   2.46    0.00   
-3.76   2.46    0.00   
-3.68   2.46    0.00   
-3.60   2.46    0.00   
-3.52   2.46    0.00   
-3.43   2.46    0.00   
-3.35   2.46    0.00   
-3.27   2.46    0.00   
-3.19   2.46    0.00   
-3.11   2.46    0.00   
-3.03   2.46    0.00   
-2.95   2.46    0.00   
-2.87   2.46    0.00   
-2.79   2.46    0.00   
-2.71   2.46    0.00   
-2.63   2.46    0.00   
-2.55   2.46    0.00   
-2.46   2.46    0.00   
-2.38   2.46    0.00   
-2.30   2.46    0.00   
-2.22   2.46    0.00   
-2.14   2.46    0.00   
-2.06   2.46    0.00   
-1.98   2.46    0.00   
-1.90   2.46    0.00   
-1.82   2.46    0.00   
-1.74   2.46    0.00   
-1.66   2.46    0.00   
-1.58   2.46    0.00   
-1.49   2.46    0.00   
-1.41   2.46    0.00   
-1.33   2.46    0.00   
-1.25   2.46    0.00   
-1.17   2.46    0.00   
-1.09   2.46    0.00   
-1.01   2.46    0.00   
-0.93   2.46    0.00   
-0.85   2.46    0.00   
-0.77   2.46    0.00   
-0.69   2.46    0.00   
-0.61   2.46    0.00   
-0.53   2.46    0.00   
-0.44   2.46    0.00   
-0.36   2.46    0.00   
-0.28   2.46    0.00   
-0.20   2.46    0.00   
-0.12   2.46    0.00   
-0.04   2.46    0.00   
0.04    2.46    0.00   
0.12    2.46    0.00   
0.20    2.46    0.00   
0.28    2.46    0.00   
0.36    2.46    0.00   
0.44    2.46    0.00   
0.53    2.46    0.00   
0.61    2.46    0.00   
0.69    2.46    0.00   
0.77    2.46    0.00   
0.85    2.46    0.00   
0.93    2.46    0.00   
1.01    2.46    0.00   
1.09    2.46    0.00   
1.17    2.46    0.00   
1.25    2.46    0.00   
1.33    2.46    0.00   
1.41    2.46    0.00   
1.49    2.46    0.00   
1.58    2.46    0.00   
1.66    2.46    0.00   
1.74    2.46    0.00   
1.82    2.46    0.00   
1.90    2.46    0.00   
1.98    2.46    0.00   
2.06    2.46    0.00   
2.14    2.46    0.00   
2.22    2.46    0.00   
2.30    2.46    0.00   
2.38    2.46    0.00   
2.46    2.46    0.00   
2.55    2.46    0.00   
2.63    2.46    0.00   
2.71    2.46    0.00   
2.79    2.46    0.00   
2.87    2.46    0.00   
2.95    2.46    0.00   
3.03    2.46    0.00   
3.11    2.46    0.00   
3.19    2.46    0.00   
3.27    2.46    0.00   
3.35    2.46    0.00   
3.43    2.46    0.00   
3.52    2.46    0.00   
3.60    2.46    0.00   
3.68    2.46    0.00   
3.76    2.46    0.00   
3.84    2.46    0.00   
3.92    2.46    0.00   
4.00    2.46    0.00   
-4.00   2.55    0.00   
-3.92   2.55    0.00   
-3.84   2.55    0.00   
-3.76   2.55    0.00   
-3.68   2.55    0.00   
-3.60   2.55    0.00   
-3.52   2.55    0.00   
-3.43   2.55    0.00   
-3.35   2.55    0.00   
-3.27   2.55    0.00   
-3.19   2.55    0.00   
-3.11   2.55    0.00   
-3.03   2.55    0.00   
-2.95   2.55    0.00   
-2.87   2.55    0.00   
-2.79   2.55    0.00   
-2.71   2.55    0.00   
-2.63   2.55    0.00   
-2.55   2.55    0.00   
-2.46   2.55    0.00   
-2.38   2.55    0.00   
-2.30   2.55    0.00   
-2.22   2.55    0.00   
-2.14   2.55    0.00   
-2.06   2.55    0.00   
-1.98   2.55    0.00   
-1.90   2.55    0.00   
-1.82   2.55    0.00   
-1.74   2.55    0.00   
-1.66   2.55    0.00   
-1.58   2.55    0.00   
-1.49   2.55    0.00   
-1.41   2.55    0.00   
-1.33   2.55    0.00   
-1.25   2.55    0.00   
-1.17   2.55    0.00   
-1.09   2.55    0.00   
-1.01   2.55    0.00   
-0.93   2.55    0.00   
-0.85   2.55    0.00   
-0.77   2.55    0.00   
-0.69   2.55    0.00   
-0.61   2.55    0.00   
-0.53   2.55    0.00   
-0.44   2.55    0.00   
-0.36   2.55    0.00   
-0.28   2.55    0.00   
-0.20   2.55    0.00   
-0.12   2.55    0.00   
-0.04   2.55    0.00   
0.04    2.55    0.00   
0.12    2.55    0.00   
0.20    2.55    0.00   
0.28    2.55    0.00   
0.36    2.55    0.00   
0.44    2.55    0.00   
0.53    2.55    0.00   
0.61    2.55    0.00   
0.69    2.55    0.00   
0.77    2.55    0.00   
0.85    2.55    0.00   
0.93    2.55    0.00   
1.01    2.55    0.00   
1.09    2.55    0.00   
1.17    2.55    0.00   
1.25    2.55    0.00   
1.33    2.55    0.00   
1.41    2.55    0.00   
1.49    2.55    0.00   
1.58    2.55    0.00   
1.66    2.55    0.00   
1.74    2.55    0.00   
1.82    2.55    0.00   
1.90    2.55    0.00   
1.98    2.55    0.00   
2.06    2.55    0.00   
2.14    2.55    0.00   
2.22    2.55    0.00   
2.30    2.55    0.00   
2.38    2.55    0.00   
2.46    2.55    0.00   
2.55    2.55    0.00   
2.63    2.55    0.00   
2.71    2.55    0.00   
2.79    2.55    0.00   
2.87    2.55    0.00   
2.95    2.55    0.00   
3.03    2.55    0.00   
3.11    2.55    0.00   
3.19    2.55    0.00   
3.27    2.55    0.00   
3.35    2.55    0.00   
3.43    2.55    0.00   
3.52    2.55    0.00   
3.60    2.55    0.00   
3.68    2.55    0.00   
3.76    2.55    0.00   
3.84    2.55    0.00   
3.92    2.55    0.00   
4.00    2.55    0.00   
-4.00   2.63    0.00   
-3.92   2.63    0.00   
-3.84   2.63    0.00   
-3.76   2.63    0.00   
-3.68   2.63    0.00   
-3.60   2.63    0.00   
-3.52   2.63    0.00   
-3.43   2.63    0.00   
-3.35   2.63    0.00   
-3.27   2.63    0.00   
-3.19   2.63    0.00   
-3.11   2.63    0.00   
-3.03   2.63    0.00   
-2.95   2.63    0.00   
-2.87   2.63    0.00   
-2.79   2.63    0.00   
-2.71   2.63    0.00   
-2.63   2.63    0.00   
-2.55   2.63    0.00   
-2.46   2.63    0.00   
-2.38   2.63    0.00   
-2.30   2.63    0.00   
-2.22   2.63    0.00   
-2.14   2.63    0.00   
-2.06   2.63    0.00   
-1.98   2.63    0.00   
-1.90   2.63    0.00   
-1.82   2.63    0.00   
-1.74   2.63    0.00   
-1.66   2.63    0.00   
-1.58   2.63    0.00   
-1.49   2.63    0.00   
-1.41   2.63    0.00   
-1.33   2.63    0.00   
-1.25   2.63    0.00   
-1.17   2.63    0.00   
-1.09   2.63    0.00   
-1.01   2.63    0.00   
-0.93   2.63    0.00   
-0.85   2.63    0.00   
-0.77   2.63    0.00   
-0.69   2.63    0.00   
-0.61   2.63    0.00   
-0.53   2.63    0.00   
-0.44   2.63    0.00   
-0.36   2.63    0.00   
-0.28   2.63    0.00   
-0.20   2.63    0.00   
-0.12   2.63    0.00   
-0.04   2.63    0.00   
0.04    2.63    0.00   
0.12    2.63    0.00   
0.20    2.63    0.00   
0.28    2.63    0.00   
0.36    2.63    0.00   
0.44    2.63    0.00   
0.53    2.63    0.00   
0.61    2.63    0.00   
0.69    2.63    0.00   
0.77    2.63    0.00   
0.85    2.63    0.00   
0.93    2.63    0.00   
1.01    2.63    0.00   
1.09    2.63    0.00   
1.17    2.63    0.00   
1.25    2.63    0.00   
1.33    2.63    0.00   
1.41    2.63    0.00   
1.49    2.63    0.00   
1.58    2.63    0.00   
1.66    2.63    0.00   
1.74    2.63    0.00   
1.82    2.63    0.00   
1.90    2.63    0.00   
1.98    2.63    0.00   
2.06    2.63    0.00   
2.14    2.63    0.00   
2.22    2.63    0.00   
2.30    2.63    0.00   
2.38    2.63    0.00   
2.46    2.63    0.00   
2.55    2.63    0.00   
2.63    2.63    0.00   
2.71    2.63    0.00   
2.79    2.63    0.00   
2.87    2.63    0.00   
2.95    2.63    0.00   
3.03    2.63    0.00   
3.11    2.63    0.00   
3.19    2.63    0.00   
3.27    2.63    0.00   
3.35    2.63    0.00   
3.43    2.63    0.00   
3.52    2.63    0.00   
3.60    2.63    0.00   
3.68    2.63    0.00   
3.76    2.63    0.00   
3.84    2.63    0.00   
3.92    2.63    0.00   
4.00    2.63    0.00   
-4.00   2.71    0.00   
-3.92   2.71    0.00   
-3.84   2.71    0.00   
-3.76   2.71    0.00   
-3.68   2.71    0.00   
-3.60   2.71    0.00   
-3.52   2.71    0.00   
-3.43   2.71    0.00   
-3.35   2.71    0.00   
-3.27   2.71    0.00   
-3.19   2.71    0.00   
-3.11   2.71    0.00   
-3.03   2.71    0.00   
-2.95   2.71    0.00   
-2.87   2.71    0.00   
-2.79   2.71    0.00   
-2.71   2.71    0.00   
-2.63   2.71    0.00   
-2.55   2.71    0.00   
-2.46   2.71    0.00   
-2.38   2.71    0.00   
-2.30   2.71    0.00   
-2.22   2.71    0.00   
-2.14   2.71    0.00   
-2.06   2.71    0.00   
-1.98   2.71    0.00   
-1.90   2.71    0.00   
-1.82   2.71    0.00   
-1.74   2.71    0.00   
-1.66   2.71    0.00   
-1.58   2.71    0.00   
-1.49   2.71    0.00   
-1.41   2.71    0.00   
-1.33   2.71    0.00   
-1.25   2.71    0.00   
-1.17   2.71    0.00   
-1.09   2.71    0.00   
-1.01   2.71    0.00   
-0.93   2.71    0.00   
-0.85   2.71    0.00   
-0.77   2.71    0.00   
-0.69   2.71    0.00   
-0.61   2.71    0.00   
-0.53   2.71    0.00   
-0.44   2.71    0.00   
-0.36   2.71    0.00   
-0.28   2.71    0.00   
-0.20   2.71    0.00   
-0.12   2.71    0.00   
-0.04   2.71    0.00   
0.04    2.71    0.00   
0.12    2.71    0.00   
0.20    2.71    0.00   
0.28    2.71    0.00   
0.36    2.71    0.00   
0.44    2.71    0.00   
0.53    2.71    0.00   
0.61    2.71    0.00   
0.69    2.71    0.00   
0.77    2.71    0.00   
0.85    2.71    0.00   
0.93    2.71    0.00   
1.01    2.71    0.00   
1.09    2.71    0.00   
1.17    2.71    0.00   
1.25    2.71    0.00   
1.33    2.71    0.00   
1.41    2.71    0.00   
1.49    2.71    0.00   
1.58    2.71    0.00   
1.66    2.71    0.00   
1.74    2.71    0.00   
1.82    2.71    0.00   
1.90    2.71    0.00   
1.98    2.71    0.00   
2.06    2.71    0.00   
2.14    2.71    0.00   
2.22    2.71    0.00   
2.30    2.71    0.00   
2.38    2.71    0.00   
2.46    2.71    0.00   
2.55    2.71    0.00   
2.63    2.71    0.00   
2.71    2.71    0.00   
2.79    2.71    0.00   
2.87    2.71    0.00   
2.95    2.71    0.00   
3.03    2.71    0.00   
3.11    2.71    0.00   
3.19    2.71    0.00   
3.27    2.71    0.00   
3.35    2.71    0.00   
3.43    2.71    0.00   
3.52    2.71    0.00   
3.60    2.71    0.00   
3.68    2.71    0.00   
3.76    2.71    0.00   
3.84    2.71    0.00   
3.92    2.71    0.00   
4.00    2.71    0.00   
-4.00   2.79    0.00   
-3.92   2.79    0.00   
-3.84   2.79    0.00   
-3.76   2.79    0.00   
-3.68   2.79    0.00   
-3.60   2.79    0.00   
-3.52   2.79    0.00   
-3.43   2.79    0.00   
-3.35   2.79    0.00   
-3.27   2.79    0.00   
-3.19   2.79    0.00   
-3.11   2.79    0.00   
-3.03   2.79    0.00   
-2.95   2.79    0.00   
-2.87   2.79    0.00   
-2.79   2.79    0.00   
-2.71   2.79    0.00   
-2.63   2.79    0.00   
-2.55   2.79    0.00   
-2.46   2.79    0.00   
-2.38   2.79    0.00   
-2.30   2.79    0.00   
-2.22   2.79    0.00   
-2.14   2.79    0.00   
-2.06   2.79    0.00   
-1.98   2.79    0.00   
-1.90   2.79    0.00   
-1.82   2.79    0.00   
-1.74   2.79    0.00   
-1.66   2.79    0.00   
-1.58   2.79    0.00   
-1.49   2.79    0.00   
-1.41   2.79    0.00   
-1.33   2.79    0.00   
-1.25   2.79    0.00   
-1.17   2.79    0.00   
-1.09   2.79    0.00   
-1.01   2.79    0.00   
-0.93   2.79    0.00   
-0.85   2.79    0.00   
-0.77   2.79    0.00   
-0.69   2.79    0.00   
-0.61   2.79    0.00   
-0.53   2.79    0.00   
-0.44   2.79    0.00   
-0.36   2.79    0.00   
-0.28   2.79    0.00   
-0.20   2.79    0.00   
-0.12   2.79    0.00   
-0.04   2.79    0.00   
0.04    2.79    0.00   
0.12    2.79    0.00   
0.20    2.79    0.00   
0.28    2.79    0.00   
0.36    2.79    0.00   
0.44    2.79    0.00   
0.53    2.79    0.00   
0.61    2.79    0.00   
0.69    2.79    0.00   
0.77    2.79    0.00   
0.85    2.79    0.00   
0.93    2.79    0.00   
1.01    2.79    0.00   
1.09    2.79    0.00   
1.17    2.79    0.00   
1.25    2.79    0.00   
1.33    2.79    0.00   
1.41    2.79    0.00   
1.49    2.79    0.00   
1.58    2.79    0.00   
1.66    2.79    0.00   
1.74    2.79    0.00   
1.82    2.79    0.00   
1.90    2.79    0.00   
1.98    2.79    0.00   
2.06    2.79    0.00   
2.14    2.79    0.00   
2.22    2.79    0.00   
2.30    2.79    0.00   
2.38    2.79    0.00   
2.46    2.79    0.00   
2.55    2.79    0.00   
2.63    2.79    0.00   
2.71    2.79    0.00   
2.79    2.79    0.00   
2.87    2.79    0.00   
2.95    2.79    0.00   
3.03    2.79    0.00   
3.11    2.79    0.00   
3.19    2.79    0.00   
3.27    2.79    0.00   
3.35    2.79    0.00   
3.43    2.79    0.00   
3.52    2.79    0.00   
3.60    2.79    0.00   
3.68    2.79    0.00   
3.76    2.79    0.00   
3.84    2.79    0.00   
3.92    2.79    0.00   
4.00    2.79    0.00   
-4.00   2.87    0.00   
-3.92   2.87    0.00   
-3.84   2.87    0.00   
-3.76   2.87    0.00   
-3.68   2.87    0.00   
-3.60   2.87    0.00   
-3.52   2.87    0.00   
-3.43   2.87    0.00   
-3.35   2.87    0.00   
-3.27   2.87    0.00   
-3.19   2.87    0.00   
-3.11   2.87    0.00   
-3.03   2.87    0.00   
-2.95   2.87    0.00   
-2.87   2.87    0.00   
-2.79   2.87    0.00   
-2.71   2.87    0.00   
-2.63   2.87    0.00   
-2.55   2.87    0.00   
-2.46   2.87    0.00   
-2.38   2.87    0.00   
-2.30   2.87    0.00   
-2.22   2.87    0.00   
-2.14   2.87    0.00   
-2.06   2.87    0.00   
-1.98   2.87    0.00   
-1.90   2.87    0.00   
-1.82   2.87    0.00   
-1.74   2.87    0.00   
-1.66   2.87    0.00   
-1.58   2.87    0.00   
-1.49   2.87    0.00   
-1.41   2.87    0.00   
-1.33   2.87    0.00   
-1.25   2.87    0.00   
-1.17   2.87    0.00   
-1.09   2.87    0.00   
-1.01   2.87    0.00   
-0.93   2.87    0.00   
-0.85   2.87    0.00   
-0.77   2.87    0.00   
-0.69   2.87    0.00   
-0.61   2.87    0.00   
-0.53   2.87    0.00   
-0.44   2.87    0.00   
-0.36   2.87    0.00   
-0.28   2.87    0.00   
-0.20   2.87    0.00   
-0.12   2.87    0.00   
-0.04   2.87    0.00   
0.04    2.87    0.00   
0.12    2.87    0.00   
0.20    2.87    0.00   
0.28    2.87    0.00   
0.36    2.87    0.00   
0.44    2.87    0.00   
0.53    2.87    0.00   
0.61    2.87    0.00   
0.69    2.87    0.00   
0.77    2.87    0.00   
0.85    2.87    0.00   
0.93    2.87    0.00   
1.01    2.87    0.00   
1.09    2.87    0.00   
1.17    2.87    0.00   
1.25    2.87    0.00   
1.33    2.87    0.00   
1.41    2.87    0.00   
1.49    2.87    0.00   
1.58    2.87    0.00   
1.66    2.87    0.00   
1.74    2.87    0.00   
1.82    2.87    0.00   
1.90    2.87    0.00   
1.98    2.87    0.00   
2.06    2.87    0.00   
2.14    2.87    0.00   
2.22    2.87    0.00   
2.30    2.87    0.00   
2.38    2.87    0.00   
2.46    2.87    0.00   
2.55    2.87    0.00   
2.63    2.87    0.00   
2.71    2.87    0.00   
2.79    2.87    0.00   
2.87    2.87    0.00   
2.95    2.87    0.00   
3.03    2.87    0.00   
3.11    2.87    0.00   
3.19    2.87    0.00   
3.27    2.87    0.00   
3.35    2.87    0.00   
3.43    2.87    0.00   
3.52    2.87    0.00   
3.60    2.87    0.00   
3.68    2.87    0.00   
3.76    2.87    0.00   
3.84    2.87    0.00   
3.92    2.87    0.00   
4.00    2.87    0.00   
-4.00   2.95    0.00   
-3.92   2.95    0.00   
-3.84   2.95    0.00   
-3.76   2.95    0.00   
-3.68   2.95    0.00   
-3.60   2.95    0.00   
-3.52   2.95    0.00   
-3.43   2.95    0.00   
-3.35   2.95    0.00   
-3.27   2.95    0.00   
-3.19   2.95    0.00   
-3.11   2.95    0.00   
-3.03   2.95    0.00   
-2.95   2.95    0.00   
-2.87   2.95    0.00   
-2.79   2.95    0.00   
-2.71   2.95    0.00   
-2.63   2.95    0.00   
-2.55   2.95    0.00   
-2.46   2.95    0.00   
-2.38   2.95    0.00   
-2.30   2.95    0.00   
-2.22   2.95    0.00   
-2.14   2.95    0.00   
-2.06   2.95    0.00   
-1.98   2.95    0.00   
-1.90   2.95    0.00   
-1.82   2.95    0.00   
-1.74   2.95    0.00   
-1.66   2.95    0.00   
-1.58   2.95    0.00   
-1.49   2.95    0.00   
-1.41   2.95    0.00   
-1.33   2.95    0.00   
-1.25   2.95    0.00   
-1.17   2.95    0.00   
-1.09   2.95    0.00   
-1.01   2.95    0.00   
-0.93   2.95    0.00   
-0.85   2.95    0.00   
-0.77   2.95    0.00   
-0.69   2.95    0.00   
-0.61   2.95    0.00   
-0.53   2.95    0.00   
-0.44   2.95    0.00   
-0.36   2.95    0.00   
-0.28   2.95    0.00   
-0.20   2.95    0.00   
-0.12   2.95    0.00   
-0.04   2.95    0.00   
0.04    2.95    0.00   
0.12    2.95    0.00   
0.20    2.95    0.00   
0.28    2.95    0.00   
0.36    2.95    0.00   
0.44    2.95    0.00   
0.53    2.95    0.00   
0.61    2.95    0.00   
0.69    2.95    0.00   
0.77    2.95    0.00   
0.85    2.95    0.00   
0.93    2.95    0.00   
1.01    2.95    0.00   
1.09    2.95    0.00   
1.17    2.95    0.00   
1.25    2.95    0.00   
1.33    2.95    0.00   
1.41    2.95    0.00   
1.49    2.95    0.00   
1.58    2.95    0.00   
1.66    2.95    0.00   
1.74    2.95    0.00   
1.82    2.95    0.00   
1.90    2.95    0.00   
1.98    2.95    0.00   
2.06    2.95    0.00   
2.14    2.95    0.00   
2.22    2.95    0.00   
2.30    2.95    0.00   
2.38    2.95    0.00   
2.46    2.95    0.00   
2.55    2.95    0.00   
2.63    2.95    0.00   
2.71    2.95    0.00   
2.79    2.95    0.00   
2.87    2.95    0.00   
2.95    2.95    0.00   
3.03    2.95    0.00   
3.11    2.95    0.00   
3.19    2.95    0.00   
3.27    2.95    0.00   
3.35    2.95    0.00   
3.43    2.95    0.00   
3.52    2.95    0.00   
3.60    2.95    0.00   
3.68    2.95    0.00   
3.76    2.95    0.00   
3.84    2.95    0.00   
3.92    2.95    0.00   
4.00    2.95    0.00   
-4.00   3.03    0.00   
-3.92   3.03    0.00   
-3.84   3.03    0.00   
-3.76   3.03    0.00   
-3.68   3.03    0.00   
-3.60   3.03    0.00   
-3.52   3.03    0.00   
-3.43   3.03    0.00   
-3.35   3.03    0.00   
-3.27   3.03    0.00   
-3.19   3.03    0.00   
-3.11   3.03    0.00   
-3.03   3.03    0.00   
-2.95   3.03    0.00   
-2.87   3.03    0.00   
-2.79   3.03    0.00   
-2.71   3.03    0.00   
-2.63   3.03    0.00   
-2.55   3.03    0.00   
-2.46   3.03    0.00   
-2.38   3.03    0.00   
-2.30   3.03    0.00   
-2.22   3.03    0.00   
-2.14   3.03    0.00   
-2.06   3.03    0.00   
-1.98   3.03    0.00   
-1.90   3.03    0.00   
-1.82   3.03    0.00   
-1.74   3.03    0.00   
-1.66   3.03    0.00   
-1.58   3.03    0.00   
-1.49   3.03    0.00   
-1.41   3.03    0.00   
-1.33   3.03    0.00   
-1.25   3.03    0.00   
-1.17   3.03    0.00   
-1.09   3.03    0.00   
-1.01   3.03    0.00   
-0.93   3.03    0.00   
-0.85   3.03    0.00   
-0.77   3.03    0.00   
-0.69   3.03    0.00   
-0.61   3.03    0.00   
-0.53   3.03    0.00   
-0.44   3.03    0.00   
-0.36   3.03    0.00   
-0.28   3.03    0.00   
-0.20   3.03    0.00   
-0.12   3.03    0.00   
-0.04   3.03    0.00   
0.04    3.03    0.00   
0.12    3.03    0.00   
0.20    3.03    0.00   
0.28    3.03    0.00   
0.36    3.03    0.00   
0.44    3.03    0.00   
0.53    3.03    0.00   
0.61    3.03    0.00   
0.69    3.03    0.00   
0.77    3.03    0.00   
0.85    3.03    0.00   
0.93    3.03    0.00   
1.01    3.03    0.00   
1.09    3.03    0.00   
1.17    3.03    0.00   
1.25    3.03    0.00   
1.33    3.03    0.00   
1.41    3.03    0.00   
1.49    3.03    0.00   
1.58    3.03    0.00   
1.66    3.03    0.00   
1.74    3.03    0.00   
1.82    3.03    0.00   
1.90    3.03    0.00   
1.98    3.03    0.00   
2.06    3.03    0.00   
2.14    3.03    0.00   
2.22    3.03    0.00   
2.30    3.03    0.00   
2.38    3.03    0.00   
2.46    3.03    0.00   
2.55    3.03    0.00   
2.63    3.03    0.00   
2.71    3.03    0.00   
2.79    3.03    0.00   
2.87    3.03    0.00   
2.95    3.03    0.00   
3.03    3.03    0.00   
3.11    3.03    0.00   
3.19    3.03    0.00   
3.27    3.03    0.00   
3.35    3.03    0.00   
3.43    3.03    0.00   
3.52    3.03    0.00   
3.60    3.03    0.00   
3.68    3.03    0.00   
3.76    3.03    0.00   
3.84    3.03    0.00   
3.92    3.03    0.00   
4.00    3.03    0.00   
-4.00   3.11    0.00   
-3.92   3.11    0.00   
-3.84   3.11    0.00   
-3.76   3.11    0.00   
-3.68   3.11    0.00   
-3.60   3.11    0.00   
-3.52   3.11    0.00   
-3.43   3.11    0.00   
-3.35   3.11    0.00   
-3.27   3.11    0.00   
-3.19   3.11    0.00   
-3.11   3.11    0.00   
-3.03   3.11    0.00   
-2.95   3.11    0.00   
-2.87   3.11    0.00   
-2.79   3.11    0.00   
-2.71   3.11    0.00   
-2.63   3.11    0.00   
-2.55   3.11    0.00   
-2.46   3.11    0.00   
-2.38   3.11    0.00   
-2.30   3.11    0.00   
-2.22   3.11    0.00   
-2.14   3.11    0.00   
-2.06   3.11    0.00   
-1.98   3.11    0.00   
-1.90   3.11    0.00   
-1.82   3.11    0.00   
-1.74   3.11    0.00   
-1.66   3.11    0.00   
-1.58   3.11    0.00   
-1.49   3.11    0.00   
-1.41   3.11    0.00   
-1.33   3.11    0.00   
-1.25   3.11    0.00   
-1.17   3.11    0.00   
-1.09   3.11    0.00   
-1.01   3.11    0.00   
-0.93   3.11    0.00   
-0.85   3.11    0.00   
-0.77   3.11    0.00   
-0.69   3.11    0.00   
-0.61   3.11    0.00   
-0.53   3.11    0.00   
-0.44   3.11    0.00   
-0.36   3.11    0.00   
-0.28   3.11    0.00   
-0.20   3.11    0.00   
-0.12   3.11    0.00   
-0.04   3.11    0.00   
0.04    3.11    0.00   
0.12    3.11    0.00   
0.20    3.11    0.00   
0.28    3.11    0.00   
0.36    3.11    0.00   
0.44    3.11    0.00   
0.53    3.11    0.00   
0.61    3.11    0.00   
0.69    3.11    0.00   
0.77    3.11    0.00   
0.85    3.11    0.00   
0.93    3.11    0.00   
1.01    3.11    0.00   
1.09    3.11    0.00   
1.17    3.11    0.00   
1.25    3.11    0.00   
1.33    3.11    0.00   
1.41    3.11    0.00   
1.49    3.11    0.00   
1.58    3.11    0.00   
1.66    3.11    0.00   
1.74    3.11    0.00   
1.82    3.11    0.00   
1.90    3.11    0.00   
1.98    3.11    0.00   
2.06    3.11    0.00   
2.14    3.11    0.00   
2.22    3.11    0.00   
2.30    3.11    0.00   
2.38    3.11    0.00   
2.46    3.11    0.00   
2.55    3.11    0.00   
2.63    3.11    0.00   
2.71    3.11    0.00   
2.79    3.11    0.00   
2.87    3.11    0.00   
2.95    3.11    0.00   
3.03    3.11    0.00   
3.11    3.11    0.00   
3.19    3.11    0.00   
3.27    3.11    0.00   
3.35    3.11    0.00   
3.43    3.11    0.00   
3.52    3.11    0.00   
3.60    3.11    0.00   
3.68    3.11    0.00   
3.76    3.11    0.00   
3.84    3.11    0.00   
3.92    3.11    0.00   
4.00    3.11    0.00   
-4.00   3.19    0.00   
-3.92   3.19    0.00   
-3.84   3.19    0.00   
-3.76   3.19    0.00   
-3.68   3.19    0.00   
-3.60   3.19    0.00   
-3.52   3.19    0.00   
-3.43   3.19    0.00   
-3.35   3.19    0.00   
-3.27   3.19    0.00   
-3.19   3.19    0.00   
-3.11   3.19    0.00   
-3.03   3.19    0.00   
-2.95   3.19    0.00   
-2.87   3.19    0.00   
-2.79   3.19    0.00   
-2.71   3.19    0.00   
-2.63   3.19    0.00   
-2.55   3.19    0.00   
-2.46   3.19    0.00   
-2.38   3.19    0.00   
-2.30   3.19    0.00   
-2.22   3.19    0.00   
-2.14   3.19    0.00   
-2.06   3.19    0.00   
-1.98   3.19    0.00   
-1.90   3.19    0.00   
-1.82   3.19    0.00   
-1.74   3.19    0.00   
-1.66   3.19    0.00   
-1.58   3.19    0.00   
-1.49   3.19    0.00   
-1.41   3.19    0.00   
-1.33   3.19    0.00   
-1.25   3.19    0.00   
-1.17   3.19    0.00   
-1.09   3.19    0.00   
-1.01   3.19    0.00   
-0.93   3.19    0.00   
-0.85   3.19    0.00   
-0.77   3.19    0.00   
-0.69   3.19    0.00   
-0.61   3.19    0.00   
-0.53   3.19    0.00   
-0.44   3.19    0.00   
-0.36   3.19    0.00   
-0.28   3.19    0.00   
-0.20   3.19    0.00   
-0.12   3.19    0.00   
-0.04   3.19    0.00   
0.04    3.19    0.00   
0.12    3.19    0.00   
0.20    3.19    0.00   
0.28    3.19    0.00   
0.36    3.19    0.00   
0.44    3.19    0.00   
0.53    3.19    0.00   
0.61    3.19    0.00   
0.69    3.19    0.00   
0.77    3.19    0.00   
0.85    3.19    0.00   
0.93    3.19    0.00   
1.01    3.19    0.00   
1.09    3.19    0.00   
1.17    3.19    0.00   
1.25    3.19    0.00   
1.33    3.19    0.00   
1.41    3.19    0.00   
1.49    3.19    0.00   
1.58    3.19    0.00   
1.66    3.19    0.00   
1.74    3.19    0.00   
1.82    3.19    0.00   
1.90    3.19    0.00   
1.98    3.19    0.00   
2.06    3.19    0.00   
2.14    3.19    0.00   
2.22    3.19    0.00   
2.30    3.19    0.00   
2.38    3.19    0.00   
2.46    3.19    0.00   
2.55    3.19    0.00   
2.63    3.19    0.00   
2.71    3.19    0.00   
2.79    3.19    0.00   
2.87    3.19    0.00   
2.95    3.19    0.00   
3.03    3.19    0.00   
3.11    3.19    0.00   
3.19    3.19    0.00   
3.27    3.19    0.00   
3.35    3.19    0.00   
3.43    3.19    0.00   
3.52    3.19    0.00   
3.60    3.19    0.00   
3.68    3.19    0.00   
3.76    3.19    0.00   
3.84    3.19    0.00   
3.92    3.19    0.00   
4.00    3.19    0.00   
-4.00   3.27    0.00   
-3.92   3.27    0.00   
-3.84   3.27    0.00   
-3.76   3.27    0.00   
-3.68   3.27    0.00   
-3.60   3.27    0.00   
-3.52   3.27    0.00   
-3.43   3.27    0.00   
-3.35   3.27    0.00   
-3.27   3.27    0.00   
-3.19   3.27    0.00   
-3.11   3.27    0.00   
-3.03   3.27    0.00   
-2.95   3.27    0.00   
-2.87   3.27    0.00   
-2.79   3.27    0.00   
-2.71   3.27    0.00   
-2.63   3.27    0.00   
-2.55   3.27    0.00   
-2.46   3.27    0.00   
-2.38   3.27    0.00   
-2.30   3.27    0.00   
-2.22   3.27    0.00   
-2.14   3.27    0.00   
-2.06   3.27    0.00   
-1.98   3.27    0.00   
-1.90   3.27    0.00   
-1.82   3.27    0.00   
-1.74   3.27    0.00   
-1.66   3.27    0.00   
-1.58   3.27    0.00   
-1.49   3.27    0.00   
-1.41   3.27    0.00   
-1.33   3.27    0.00   
-1.25   3.27    0.00   
-1.17   3.27    0.00   
-1.09   3.27    0.00   
-1.01   3.27    0.00   
-0.93   3.27    0.00   
-0.85   3.27    0.00   
-0.77   3.27    0.00   
-0.69   3.27    0.00   
-0.61   3.27    0.00   
-0.53   3.27    0.00   
-0.44   3.27    0.00   
-0.36   3.27    0.00   
-0.28   3.27    0.00   
-0.20   3.27    0.00   
-0.12   3.27    0.00   
-0.04   3.27    0.00   
0.04    3.27    0.00   
0.12    3.27    0.00   
0.20    3.27    0.00   
0.28    3.27    0.00   
0.36    3.27    0.00   
0.44    3.27    0.00   
0.53    3.27    0.00   
0.61    3.27    0.00   
0.69    3.27    0.00   
0.77    3.27    0.00   
0.85    3.27    0.00   
0.93    3.27    0.00   
1.01    3.27    0.00   
1.09    3.27    0.00   
1.17    3.27    0.00   
1.25    3.27    0.00   
1.33    3.27    0.00   
1.41    3.27    0.00   
1.49    3.27    0.00   
1.58    3.27    0.00   
1.66    3.27    0.00   
1.74    3.27    0.00   
1.82    3.27    0.00   
1.90    3.27    0.00   
1.98    3.27    0.00   
2.06    3.27    0.00   
2.14    3.27    0.00   
2.22    3.27    0.00   
2.30    3.27    0.00   
2.38    3.27    0.00   
2.46    3.27    0.00   
2.55    3.27    0.00   
2.63    3.27    0.00   
2.71    3.27    0.00   
2.79    3.27    0.00   
2.87    3.27    0.00   
2.95    3.27    0.00   
3.03    3.27    0.00   
3.11    3.27    0.00   
3.19    3.27    0.00   
3.27    3.27    0.00   
3.35    3.27    0.00   
3.43    3.27    0.00   
3.52    3.27    0.00   
3.60    3.27    0.00   
3.68    3.27    0.00   
3.76    3.27    0.00   
3.84    3.27    0.00   
3.92    3.27    0.00   
4.00    3.27    0.00   
-4.00   3.35    0.00   
-3.92   3.35    0.00   
-3.84   3.35    0.00   
-3.76   3.35    0.00   
-3.68   3.35    0.00   
-3.60   3.35    0.00   
-3.52   3.35    0.00   
-3.43   3.35    0.00   
-3.35   3.35    0.00   
-3.27   3.35    0.00   
-3.19   3.35    0.00   
-3.11   3.35    0.00   
-3.03   3.35    0.00   
-2.95   3.35    0.00   
-2.87   3.35    0.00   
-2.79   3.35    0.00   
-2.71   3.35    0.00   
-2.63   3.35    0.00   
-2.55   3.35    0.00   
-2.46   3.35    0.00   
-2.38   3.35    0.00   
-2.30   3.35    0.00   
-2.22   3.35    0.00   
-2.14   3.35    0.00   
-2.06   3.35    0.00   
-1.98   3.35    0.00   
-1.90   3.35    0.00   
-1.82   3.35    0.00   
-1.74   3.35    0.00   
-1.66   3.35    0.00   
-1.58   3.35    0.00   
-1.49   3.35    0.00   
-1.41   3.35    0.00   
-1.33   3.35    0.00   
-1.25   3.35    0.00   
-1.17   3.35    0.00   
-1.09   3.35    0.00   
-1.01   3.35    0.00   
-0.93   3.35    0.00   
-0.85   3.35    0.00   
-0.77   3.35    0.00   
-0.69   3.35    0.00   
-0.61   3.35    0.00   
-0.53   3.35    0.00   
-0.44   3.35    0.00   
-0.36   3.35    0.00   
-0.28   3.35    0.00   
-0.20   3.35    0.00   
-0.12   3.35    0.00   
-0.04   3.35    0.00   
0.04    3.35    0.00   
0.12    3.35    0.00   
0.20    3.35    0.00   
0.28    3.35    0.00   
0.36    3.35    0.00   
0.44    3.35    0.00   
0.53    3.35    0.00   
0.61    3.35    0.00   
0.69    3.35    0.00   
0.77    3.35    0.00   
0.85    3.35    0.00   
0.93    3.35    0.00   
1.01    3.35    0.00   
1.09    3.35    0.00   
1.17    3.35    0.00   
1.25    3.35    0.00   
1.33    3.35    0.00   
1.41    3.35    0.00   
1.49    3.35    0.00   
1.58    3.35    0.00   
1.66    3.35    0.00   
1.74    3.35    0.00   
1.82    3.35    0.00   
1.90    3.35    0.00   
1.98    3.35    0.00   
2.06    3.35    0.00   
2.14    3.35    0.00   
2.22    3.35    0.00   
2.30    3.35    0.00   
2.38    3.35    0.00   
2.46    3.35    0.00   
2.55    3.35    0.00   
2.63    3.35    0.00   
2.71    3.35    0.00   
2.79    3.35    0.00   
2.87    3.35    0.00   
2.95    3.35    0.00   
3.03    3.35    0.00   
3.11    3.35    0.00   
3.19    3.35    0.00   
3.27    3.35    0.00   
3.35    3.35    0.00   
3.43    3.35    0.00   
3.52    3.35    0.00   
3.60    3.35    0.00   
3.68    3.35    0.00   
3.76    3.35    0.00   
3.84    3.35    0.00   
3.92    3.35    0.00   
4.00    3.35    0.00   
-4.00   3.43    0.00   
-3.92   3.43    0.00   
-3.84   3.43    0.00   
-3.76   3.43    0.00   
-3.68   3.43    0.00   
-3.60   3.43    0.00   
-3.52   3.43    0.00   
-3.43   3.43    0.00   
-3.35   3.43    0.00   
-3.27   3.43    0.00   
-3.19   3.43    0.00   
-3.11   3.43    0.00   
-3.03   3.43    0.00   
-2.95   3.43    0.00   
-2.87   3.43    0.00   
-2.79   3.43    0.00   
-2.71   3.43    0.00   
-2.63   3.43    0.00   
-2.55   3.43    0.00   
-2.46   3.43    0.00   
-2.38   3.43    0.00   
-2.30   3.43    0.00   
-2.22   3.43    0.00   
-2.14   3.43    0.00   
-2.06   3.43    0.00   
-1.98   3.43    0.00   
-1.90   3.43    0.00   
-1.82   3.43    0.00   
-1.74   3.43    0.00   
-1.66   3.43    0.00   
-1.58   3.43    0.00   
-1.49   3.43    0.00   
-1.41   3.43    0.00   
-1.33   3.43    0.00   
-1.25   3.43    0.00   
-1.17   3.43    0.00   
-1.09   3.43    0.00   
-1.01   3.43    0.00   
-0.93   3.43    0.00   
-0.85   3.43    0.00   
-0.77   3.43    0.00   
-0.69   3.43    0.00   
-0.61   3.43    0.00   
-0.53   3.43    0.00   
-0.44   3.43    0.00   
-0.36   3.43    0.00   
-0.28   3.43    0.00   
-0.20   3.43    0.00   
-0.12   3.43    0.00   
-0.04   3.43    0.00   
0.04    3.43    0.00   
0.12    3.43    0.00   
0.20    3.43    0.00   
0.28    3.43    0.00   
0.36    3.43    0.00   
0.44    3.43    0.00   
0.53    3.43    0.00   
0.61    3.43    0.00   
0.69    3.43    0.00   
0.77    3.43    0.00   
0.85    3.43    0.00   
0.93    3.43    0.00   
1.01    3.43    0.00   
1.09    3.43    0.00   
1.17    3.43    0.00   
1.25    3.43    0.00   
1.33    3.43    0.00   
1.41    3.43    0.00   
1.49    3.43    0.00   
1.58    3.43    0.00   
1.66    3.43    0.00   
1.74    3.43    0.00   
1.82    3.43    0.00   
1.90    3.43    0.00   
1.98    3.43    0.00   
2.06    3.43    0.00   
2.14    3.43    0.00   
2.22    3.43    0.00   
2.30    3.43    0.00   
2.38    3.43    0.00   
2.46    3.43    0.00   
2.55    3.43    0.00   
2.63    3.43    0.00   
2.71    3.43    0.00   
2.79    3.43    0.00   
2.87    3.43    0.00   
2.95    3.43    0.00   
3.03    3.43    0.00   
3.11    3.43    0.00   
3.19    3.43    0.00   
3.27    3.43    0.00   
3.35    3.43    0.00   
3.43    3.43    0.00   
3.52    3.43    0.00   
3.60    3.43    0.00   
3.68    3.43    0.00   
3.76    3.43    0.00   
3.84    3.43    0.00   
3.92    3.43    0.00   
4.00    3.43    0.00   
-4.00   3.52    0.00   
-3.92   3.52    0.00   
-3.84   3.52    0.00   
-3.76   3.52    0.00   
-3.68   3.52    0.00   
-3.60   3.52    0.00   
-3.52   3.52    0.00   
-3.43   3.52    0.00   
-3.35   3.52    0.00   
-3.27   3.52    0.00   
-3.19   3.52    0.00   
-3.11   3.52    0.00   
-3.03   3.52    0.00   
-2.95   3.52    0.00   
-2.87   3.52    0.00   
-2.79   3.52    0.00   
-2.71   3.52    0.00   
-2.63   3.52    0.00   
-2.55   3.52    0.00   
-2.46   3.52    0.00   
-2.38   3.52    0.00   
-2.30   3.52    0.00   
-2.22   3.52    0.00   
-2.14   3.52    0.00   
-2.06   3.52    0.00   
-1.98   3.52    0.00   
-1.90   3.52    0.00   
-1.82   3.52    0.00   
-1.74   3.52    0.00   
-1.66   3.52    0.00   
-1.58   3.52    0.00   
-1.49   3.52    0.00   
-1.41   3.52    0.00   
-1.33   3.52    0.00   
-1.25   3.52    0.00   
-1.17   3.52    0.00   
-1.09   3.52    0.00   
-1.01   3.52    0.00   
-0.93   3.52    0.00   
-0.85   3.52    0.00   
-0.77   3.52    0.00   
-0.69   3.52    0.00   
-0.61   3.52    0.00   
-0.53   3.52    0.00   
-0.44   3.52    0.00   
-0.36   3.52    0.00   
-0.28   3.52    0.00   
-0.20   3.52    0.00   
-0.12   3.52    0.00   
-0.04   3.52    0.00   
0.04    3.52    0.00   
0.12    3.52    0.00   
0.20    3.52    0.00   
0.28    3.52    0.00   
0.36    3.52    0.00   
0.44    3.52    0.00   
0.53    3.52    0.00   
0.61    3.52    0.00   
0.69    3.52    0.00   
0.77    3.52    0.00   
0.85    3.52    0.00   
0.93    3.52    0.00   
1.01    3.52    0.00   
1.09    3.52    0.00   
1.17    3.52    0.00   
1.25    3.52    0.00   
1.33    3.52    0.00   
1.41    3.52    0.00   
1.49    3.52    0.00   
1.58    3.52    0.00   
1.66    3.52    0.00   
1.74    3.52    0.00   
1.82    3.52    0.00   
1.90    3.52    0.00   
1.98    3.52    0.00   
2.06    3.52    0.00   
2.14    3.52    0.00   
2.22    3.52    0.00   
2.30    3.52    0.00   
2.38    3.52    0.00   
2.46    3.52    0.00   
2.55    3.52    0.00   
2.63    3.52    0.00   
2.71    3.52    0.00   
2.79    3.52    0.00   
2.87    3.52    0.00   
2.95    3.52    0.00   
3.03    3.52    0.00   
3.11    3.52    0.00   
3.19    3.52    0.00   
3.27    3.52    0.00   
3.35    3.52    0.00   
3.43    3.52    0.00   
3.52    3.52    0.00   
3.60    3.52    0.00   
3.68    3.52    0.00   
3.76    3.52    0.00   
3.84    3.52    0.00   
3.92    3.52    0.00   
4.00    3.52    0.00   
-4.00   3.60    0.00   
-3.92   3.60    0.00   
-3.84   3.60    0.00   
-3.76   3.60    0.00   
-3.68   3.60    0.00   
-3.60   3.60    0.00   
-3.52   3.60    0.00   
-3.43   3.60    0.00   
-3.35   3.60    0.00   
-3.27   3.60    0.00   
-3.19   3.60    0.00   
-3.11   3.60    0.00   
-3.03   3.60    0.00   
-2.95   3.60    0.00   
-2.87   3.60    0.00   
-2.79   3.60    0.00   
-2.71   3.60    0.00   
-2.63   3.60    0.00   
-2.55   3.60    0.00   
-2.46   3.60    0.00   
-2.38   3.60    0.00   
-2.30   3.60    0.00   
-2.22   3.60    0.00   
-2.14   3.60    0.00   
-2.06   3.60    0.00   
-1.98   3.60    0.00   
-1.90   3.60    0.00   
-1.82   3.60    0.00   
-1.74   3.60    0.00   
-1.66   3.60    0.00   
-1.58   3.60    0.00   
-1.49   3.60    0.00   
-1.41   3.60    0.00   
-1.33   3.60    0.00   
-1.25   3.60    0.00   
-1.17   3.60    0.00   
-1.09   3.60    0.00   
-1.01   3.60    0.00   
-0.93   3.60    0.00   
-0.85   3.60    0.00   
-0.77   3.60    0.00   
-0.69   3.60    0.00   
-0.61   3.60    0.00   
-0.53   3.60    0.00   
-0.44   3.60    0.00   
-0.36   3.60    0.00   
-0.28   3.60    0.00   
-0.20   3.60    0.00   
-0.12   3.60    0.00   
-0.04   3.60    0.00   
0.04    3.60    0.00   
0.12    3.60    0.00   
0.20    3.60    0.00   
0.28    3.60    0.00   
0.36    3.60    0.00   
0.44    3.60    0.00   
0.53    3.60    0.00   
0.61    3.60    0.00   
0.69    3.60    0.00   
0.77    3.60    0.00   
0.85    3.60    0.00   
0.93    3.60    0.00   
1.01    3.60    0.00   
1.09    3.60    0.00   
1.17    3.60    0.00   
1.25    3.60    0.00   
1.33    3.60    0.00   
1.41    3.60    0.00   
1.49    3.60    0.00   
1.58    3.60    0.00   
1.66    3.60    0.00   
1.74    3.60    0.00   
1.82    3.60    0.00   
1.90    3.60    0.00   
1.98    3.60    0.00   
2.06    3.60    0.00   
2.14    3.60    0.00   
2.22    3.60    0.00   
2.30    3.60    0.00   
2.38    3.60    0.00   
2.46    3.60    0.00   
2.55    3.60    0.00   
2.63    3.60    0.00   
2.71    3.60    0.00   
2.79    3.60    0.00   
2.87    3.60    0.00   
2.95    3.60    0.00   
3.03    3.60    0.00   
3.11    3.60    0.00   
3.19    3.60    0.00   
3.27    3.60    0.00   
3.35    3.60    0.00   
3.43    3.60    0.00   
3.52    3.60    0.00   
3.60    3.60    0.00   
3.68    3.60    0.00   
3.76    3.60    0.00   
3.84    3.60    0.00   
3.92    3.60    0.00   
4.00    3.60    0.00   
-4.00   3.68    0.00   
-3.92   3.68    0.00   
-3.84   3.68    0.00   
-3.76   3.68    0.00   
-3.68   3.68    0.00   
-3.60   3.68    0.00   
-3.52   3.68    0.00   
-3.43   3.68    0.00   
-3.35   3.68    0.00   
-3.27   3.68    0.00   
-3.19   3.68    0.00   
-3.11   3.68    0.00   
-3.03   3.68    0.00   
-2.95   3.68    0.00   
-2.87   3.68    0.00   
-2.79   3.68    0.00   
-2.71   3.68    0.00   
-2.63   3.68    0.00   
-2.55   3.68    0.00   
-2.46   3.68    0.00   
-2.38   3.68    0.00   
-2.30   3.68    0.00   
-2.22   3.68    0.00   
-2.14   3.68    0.00   
-2.06   3.68    0.00   
-1.98   3.68    0.00   
-1.90   3.68    0.00   
-1.82   3.68    0.00   
-1.74   3.68    0.00   
-1.66   3.68    0.00   
-1.58   3.68    0.00   
-1.49   3.68    0.00   
-1.41   3.68    0.00   
-1.33   3.68    0.00   
-1.25   3.68    0.00   
-1.17   3.68    0.00   
-1.09   3.68    0.00   
-1.01   3.68    0.00   
-0.93   3.68    0.00   
-0.85   3.68    0.00   
-0.77   3.68    0.00   
-0.69   3.68    0.00   
-0.61   3.68    0.00   
-0.53   3.68    0.00   
-0.44   3.68    0.00   
-0.36   3.68    0.00   
-0.28   3.68    0.00   
-0.20   3.68    0.00   
-0.12   3.68    0.00   
-0.04   3.68    0.00   
0.04    3.68    0.00   
0.12    3.68    0.00   
0.20    3.68    0.00   
0.28    3.68    0.00   
0.36    3.68    0.00   
0.44    3.68    0.00   
0.53    3.68    0.00   
0.61    3.68    0.00   
0.69    3.68    0.00   
0.77    3.68    0.00   
0.85    3.68    0.00   
0.93    3.68    0.00   
1.01    3.68    0.00   
1.09    3.68    0.00   
1.17    3.68    0.00   
1.25    3.68    0.00   
1.33    3.68    0.00   
1.41    3.68    0.00   
1.49    3.68    0.00   
1.58    3.68    0.00   
1.66    3.68    0.00   
1.74    3.68    0.00   
1.82    3.68    0.00   
1.90    3.68    0.00   
1.98    3.68    0.00   
2.06    3.68    0.00   
2.14    3.68    0.00   
2.22    3.68    0.00   
2.30    3.68    0.00   
2.38    3.68    0.00   
2.46    3.68    0.00   
2.55    3.68    0.00   
2.63    3.68    0.00   
2.71    3.68    0.00   
2.79    3.68    0.00   
2.87    3.68    0.00   
2.95    3.68    0.00   
3.03    3.68    0.00   
3.11    3.68    0.00   
3.19    3.68    0.00   
3.27    3.68    0.00   
3.35    3.68    0.00   
3.43    3.68    0.00   
3.52    3.68    0.00   
3.60    3.68    0.00   
3.68    3.68    0.00   
3.76    3.68    0.00   
3.84    3.68    0.00   
3.92    3.68    0.00   
4.00    3.68    0.00   
-4.00   3.76    0.00   
-3.92   3.76    0.00   
-3.84   3.76    0.00   
-3.76   3.76    0.00   
-3.68   3.76    0.00   
-3.60   3.76    0.00   
-3.52   3.76    0.00   
-3.43   3.76    0.00   
-3.35   3.76    0.00   
-3.27   3.76    0.00   
-3.19   3.76    0.00   
-3.11   3.76    0.00   
-3.03   3.76    0.00   
-2.95   3.76    0.00   
-2.87   3.76    0.00   
-2.79   3.76    0.00   
-2.71   3.76    0.00   
-2.63   3.76    0.00   
-2.55   3.76    0.00   
-2.46   3.76    0.00   
-2.38   3.76    0.00   
-2.30   3.76    0.00   
-2.22   3.76    0.00   
-2.14   3.76    0.00   
-2.06   3.76    0.00   
-1.98   3.76    0.00   
-1.90   3.76    0.00   
-1.82   3.76    0.00   
-1.74   3.76    0.00   
-1.66   3.76    0.00   
-1.58   3.76    0.00   
-1.49   3.76    0.00   
-1.41   3.76    0.00   
-1.33   3.76    0.00   
-1.25   3.76    0.00   
-1.17   3.76    0.00   
-1.09   3.76    0.00   
-1.01   3.76    0.00   
-0.93   3.76    0.00   
-0.85   3.76    0.00   
-0.77   3.76    0.00   
-0.69   3.76    0.00   
-0.61   3.76    0.00   
-0.53   3.76    0.00   
-0.44   3.76    0.00   
-0.36   3.76    0.00   
-0.28   3.76    0.00   
-0.20   3.76    0.00   
-0.12   3.76    0.00   
-0.04   3.76    0.00   
0.04    3.76    0.00   
0.12    3.76    0.00   
0.20    3.76    0.00   
0.28    3.76    0.00   
0.36    3.76    0.00   
0.44    3.76    0.00   
0.53    3.76    0.00   
0.61    3.76    0.00   
0.69    3.76    0.00   
0.77    3.76    0.00   
0.85    3.76    0.00   
0.93    3.76    0.00   
1.01    3.76    0.00   
1.09    3.76    0.00   
1.17    3.76    0.00   
1.25    3.76    0.00   
1.33    3.76    0.00   
1.41    3.76    0.00   
1.49    3.76    0.00   
1.58    3.76    0.00   
1.66    3.76    0.00   
1.74    3.76    0.00   
1.82    3.76    0.00   
1.90    3.76    0.00   
1.98    3.76    0.00   
2.06    3.76    0.00   
2.14    3.76    0.00   
2.22    3.76    0.00   
2.30    3.76    0.00   
2.38    3.76    0.00   
2.46    3.76    0.00   
2.55    3.76    0.00   
2.63    3.76    0.00   
2.71    3.76    0.00   
2.79    3.76    0.00   
2.87    3.76    0.00   
2.95    3.76    0.00   
3.03    3.76    0.00   
3.11    3.76    0.00   
3.19    3.76    0.00   
3.27    3.76    0.00   
3.35    3.76    0.00   
3.43    3.76    0.00   
3.52    3.76    0.00   
3.60    3.76    0.00   
3.68    3.76    0.00   
3.76    3.76    0.00   
3.84    3.76    0.00   
3.92    3.76    0.00   
4.00    3.76    0.00   
-4.00   3.84    0.00   
-3.92   3.84    0.00   
-3.84   3.84    0.00   
-3.76   3.84    0.00   
-3.68   3.84    0.00   
-3.60   3.84    0.00   
-3.52   3.84    0.00   
-3.43   3.84    0.00   
-3.35   3.84    0.00   
-3.27   3.84    0.00   
-3.19   3.84    0.00   
-3.11   3.84    0.00   
-3.03   3.84    0.00   
-2.95   3.84    0.00   
-2.87   3.84    0.00   
-2.79   3.84    0.00   
-2.71   3.84    0.00   
-2.63   3.84    0.00   
-2.55   3.84    0.00   
-2.46   3.84    0.00   
-2.38   3.84    0.00   
-2.30   3.84    0.00   
-2.22   3.84    0.00   
-2.14   3.84    0.00   
-2.06   3.84    0.00   
-1.98   3.84    0.00   
-1.90   3.84    0.00   
-1.82   3.84    0.00   
-1.74   3.84    0.00   
-1.66   3.84    0.00   
-1.58   3.84    0.00   
-1.49   3.84    0.00   
-1.41   3.84    0.00   
-1.33   3.84    0.00   
-1.25   3.84    0.00   
-1.17   3.84    0.00   
-1.09   3.84    0.00   
-1.01   3.84    0.00   
-0.93   3.84    0.00   
-0.85   3.84    0.00   
-0.77   3.84    0.00   
-0.69   3.84    0.00   
-0.61   3.84    0.00   
-0.53   3.84    0.00   
-0.44   3.84    0.00   
-0.36   3.84    0.00   
-0.28   3.84    0.00   
-0.20   3.84    0.00   
-0.12   3.84    0.00   
-0.04   3.84    0.00   
0.04    3.84    0.00   
0.12    3.84    0.00   
0.20    3.84    0.00   
0.28    3.84    0.00   
0.36    3.84    0.00   
0.44    3.84    0.00   
0.53    3.84    0.00   
0.61    3.84    0.00   
0.69    3.84    0.00   
0.77    3.84    0.00   
0.85    3.84    0.00   
0.93    3.84    0.00   
1.01    3.84    0.00   
1.09    3.84    0.00   
1.17    3.84    0.00   
1.25    3.84    0.00   
1.33    3.84    0.00   
1.41    3.84    0.00   
1.49    3.84    0.00   
1.58    3.84    0.00   
1.66    3.84    0.00   
1.74    3.84    0.00   
1.82    3.84    0.00   
1.90    3.84    0.00   
1.98    3.84    0.00   
2.06    3.84    0.00   
2.14    3.84    0.00   
2.22    3.84    0.00   
2.30    3.84    0.00   
2.38    3.84    0.00   
2.46    3.84    0.00   
2.55    3.84    0.00   
2.63    3.84    0.00   
2.71    3.84    0.00   
2.79    3.84    0.00   
2.87    3.84    0.00   
2.95    3.84    0.00   
3.03    3.84    0.00   
3.11    3.84    0.00   
3.19    3.84    0.00   
3.27    3.84    0.00   
3.35    3.84    0.00   
3.43    3.84    0.00   
3.52    3.84    0.00   
3.60    3.84    0.00   
3.68    3.84    0.00   
3.76    3.84    0.00   
3.84    3.84    0.00   
3.92    3.84    0.00   
4.00    3.84    0.00   
-4.00   3.92    0.00   
-3.92   3.92    0.00   
-3.84   3.92    0.00   
-3.76   3.92    0.00   
-3.68   3.92    0.00   
-3.60   3.92    0.00   
-3.52   3.92    0.00   
-3.43   3.92    0.00   
-3.35   3.92    0.00   
-3.27   3.92    0.00   
-3.19   3.92    0.00   
-3.11   3.92    0.00   
-3.03   3.92    0.00   
-2.95   3.92    0.00   
-2.87   3.92    0.00   
-2.79   3.92    0.00   
-2.71   3.92    0.00   
-2.63   3.92    0.00   
-2.55   3.92    0.00   
-2.46   3.92    0.00   
-2.38   3.92    0.00   
-2.30   3.92    0.00   
-2.22   3.92    0.00   
-2.14   3.92    0.00   
-2.06   3.92    0.00   
-1.98   3.92    0.00   
-1.90   3.92    0.00   
-1.82   3.92    0.00   
-1.74   3.92    0.00   
-1.66   3.92    0.00   
-1.58   3.92    0.00   
-1.49   3.92    0.00   
-1.41   3.92    0.00   
-1.33   3.92    0.00   
-1.25   3.92    0.00   
-1.17   3.92    0.00   
-1.09   3.92    0.00   
-1.01   3.92    0.00   
-0.93   3.92    0.00   
-0.85   3.92    0.00   
-0.77   3.92    0.00   
-0.69   3.92    0.00   
-0.61   3.92    0.00   
-0.53   3.92    0.00   
-0.44   3.92    0.00   
-0.36   3.92    0.00   
-0.28   3.92    0.00   
-0.20   3.92    0.00   
-0.12   3.92    0.00   
-0.04   3.92    0.00   
0.04    3.92    0.00   
0.12    3.92    0.00   
0.20    3.92    0.00   
0.28    3.92    0.00   
0.36    3.92    0.00   
0.44    3.92    0.00   
0.53    3.92    0.00   
0.61    3.92    0.00   
0.69    3.92    0.00   
0.77    3.92    0.00   
0.85    3.92    0.00   
0.93    3.92    0.00   
1.01    3.92    0.00   
1.09    3.92    0.00   
1.17    3.92    0.00   
1.25    3.92    0.00   
1.33    3.92    0.00   
1.41    3.92    0.00   
1.49    3.92    0.00   
1.58    3.92    0.00   
1.66    3.92    0.00   
1.74    3.92    0.00   
1.82    3.92    0.00   
1.90    3.92    0.00   
1.98    3.92    0.00   
2.06    3.92    0.00   
2.14    3.92    0.00   
2.22    3.92    0.00   
2.30    3.92    0.00   
2.38    3.92    0.00   
2.46    3.92    0.00   
2.55    3.92    0.00   
2.63    3.92    0.00   
2.71    3.92    0.00   
2.79    3.92    0.00   
2.87    3.92    0.00   
2.95    3.92    0.00   
3.03    3.92    0.00   
3.11    3.92    0.00   
3.19    3.92    0.00   
3.27    3.92    0.00   
3.35    3.92    0.00   
3.43    3.92    0.00   
3.52    3.92    0.00   
3.60    3.92    0.00   
3.68    3.92    0.00   
3.76    3.92    0.00   
3.84    3.92    0.00   
3.92    3.92    0.00   
4.00    3.92    0.00   
-4.00   4.00    0.00   
-3.92   4.00    0.00   
-3.84   4.00    0.00   
-3.76   4.00    0.00   
-3.68   4.00    0.00   
-3.60   4.00    0.00   
-3.52   4.00    0.00   
-3.43   4.00    0.00   
-3.35   4.00    0.00   
-3.27   4.00    0.00   
-3.19   4.00    0.00   
-3.11   4.00    0.00   
-3.03   4.00    0.00   
-2.95   4.00    0.00   
-2.87   4.00    0.00   
-2.79   4.00    0.00   
-2.71   4.00    0.00   
-2.63   4.00    0.00   
-2.55   4.00    0.00   
-2.46   4.00    0.00   
-2.38   4.00    0.00   
-2.30   4.00    0.00   
-2.22   4.00    0.00   
-2.14   4.00    0.00   
-2.06   4.00    0.00   
-1.98   4.00    0.00   
-1.90   4.00    0.00   
-1.82   4.00    0.00   
-1.74   4.00    0.00   
-1.66   4.00    0.00   
-1.58   4.00    0.00   
-1.49   4.00    0.00   
-1.41   4.00    0.00   
-1.33   4.00    0.00   
-1.25   4.00    0.00   
-1.17   4.00    0.00   
-1.09   4.00    0.00   
-1.01   4.00    0.00   
-0.93   4.00    0.00   
-0.85   4.00    0.00   
-0.77   4.00    0.00   
-0.69   4.00    0.00   
-0.61   4.00    0.00   
-0.53   4.00    0.00   
-0.44   4.00    0.00   
-0.36   4.00    0.00   
-0.28   4.00    0.00   
-0.20   4.00    0.00   
-0.12   4.00    0.00   
-0.04   4.00    0.00   
0.04    4.00    0.00   
0.12    4.00    0.00   
0.20    4.00    0.00   
0.28    4.00    0.00   
0.36    4.00    0.00   
0.44    4.00    0.00   
0.53    4.00    0.00   
0.61    4.00    0.00   
0.69    4.00    0.00   
0.77    4.00    0.00   
0.85    4.00    0.00   
0.93    4.00    0.00   
1.01    4.00    0.00   
1.09    4.00    0.00   
1.17    4.00    0.00   
1.25    4.00    0.00   
1.33    4.00    0.00   
1.41    4.00    0.00   
1.49    4.00    0.00   
1.58    4.00    0.00   
1.66    4.00    0.00   
1.74    4.00    0.00   
1.82    4.00    0.00   
1.90    4.00    0.00   
1.98    4.00    0.00   
2.06    4.00    0.00   
2.14    4.00    0.00   
2.22    4.00    0.00   
2.30    4.00    0.00   
2.38    4.00    0.00   
2.46    4.00    0.00   
2.55    4.00    0.00   
2.63    4.00    0.00   
2.71    4.00    0.00   
2.79    4.00    0.00   
2.87    4.00    0.00   
2.95    4.00    0.00   
3.03    4.00    0.00   
3.11    4.00    0.00   
3.19    4.00    0.00   
3.27    4.00    0.00   
3.35    4.00    0.00   
3.43    4.00    0.00   
3.52    4.00    0.00   
3.60    4.00    0.00   
3.68    4.00    0.00   
3.76    4.00    0.00   
3.84    4.00    0.00   
3.92    4.00    0.00   
4.00    4.00    0.00   
