-4.00   -4.00   160.00 
-3.92   -4.00   156.80 
-3.84   -4.00   153.67 
-3.76   -4.00   150.60 
-3.68   -4.00   147.59 
-3.60   -4.00   144.65 
-3.52   -4.00   141.78 
-3.43   -4.00   138.97 
-3.35   -4.00   136.23 
-3.27   -4.00   133.55 
-3.19   -4.00   130.94 
-3.11   -4.00   128.40 
-3.03   -4.00   125.91 
-2.95   -4.00   123.50 
-2.87   -4.00   121.15 
-2.79   -4.00   118.86 
-2.71   -4.00   116.64 
-2.63   -4.00   114.49 
-2.55   -4.00   112.40 
-2.46   -4.00   110.37 
-2.38   -4.00   108.41 
-2.30   -4.00   106.52 
-2.22   -4.00   104.69 
-2.14   -4.00   102.93 
-2.06   -4.00   101.23 
-1.98   -4.00   99.60  
-1.90   -4.00   98.03  
-1.82   -4.00   96.53  
-1.74   -4.00   95.09  
-1.66   -4.00   93.72  
-1.58   -4.00   92.42  
-1.49   -4.00   91.17  
-1.41   -4.00   90.00  
-1.33   -4.00   88.89  
-1.25   -4.00   87.84  
-1.17   -4.00   86.86  
-1.09   -4.00   85.95  
-1.01   -4.00   85.10  
-0.93   -4.00   84.32  
-0.85   -4.00   83.60  
-0.77   -4.00   82.95  
-0.69   -4.00   82.36  
-0.61   -4.00   81.84  
-0.53   -4.00   81.38  
-0.44   -4.00   80.99  
-0.36   -4.00   80.66  
-0.28   -4.00   80.40  
-0.20   -4.00   80.20  
-0.12   -4.00   80.07  
-0.04   -4.00   80.01  
0.04    -4.00   80.01  
0.12    -4.00   80.07  
0.20    -4.00   80.20  
0.28    -4.00   80.40  
0.36    -4.00   80.66  
0.44    -4.00   80.99  
0.53    -4.00   81.38  
0.61    -4.00   81.84  
0.69    -4.00   82.36  
0.77    -4.00   82.95  
0.85    -4.00   83.60  
0.93    -4.00   84.32  
1.01    -4.00   85.10  
1.09    -4.00   85.95  
1.17    -4.00   86.86  
1.25    -4.00   87.84  
1.33    -4.00   88.89  
1.41    -4.00   90.00  
1.49    -4.00   91.17  
1.58    -4.00   92.42  
1.66    -4.00   93.72  
1.74    -4.00   95.09  
1.82    -4.00   96.53  
1.90    -4.00   98.03  
1.98    -4.00   99.60  
2.06    -4.00   101.23 
2.14    -4.00   102.93 
2.22    -4.00   104.69 
2.30    -4.00   106.52 
2.38    -4.00   108.41 
2.46    -4.00   110.37 
2.55    -4.00   112.40 
2.63    -4.00   114.49 
2.71    -4.00   116.64 
2.79    -4.00   118.86 
2.87    -4.00   121.15 
2.95    -4.00   123.50 
3.03    -4.00   125.91 
3.11    -4.00   128.40 
3.19    -4.00   130.94 
3.27    -4.00   133.55 
3.35    -4.00   136.23 
3.43    -4.00   138.97 
3.52    -4.00   141.78 
3.60    -4.00   144.65 
3.68    -4.00   147.59 
3.76    -4.00   150.60 
3.84    -4.00   153.67 
3.92    -4.00   156.80 
4.00    -4.00   160.00 
-4.00   -3.92   156.80 
-3.92   -3.92   153.60 
-3.84   -3.92   150.47 
-3.76   -3.92   147.40 
-3.68   -3.92   144.39 
-3.60   -3.92   141.45 
-3.52   -3.92   138.58 
-3.43   -3.92   135.77 
-3.35   -3.92   133.03 
-3.27   -3.92   130.35 
-3.19   -3.92   127.74 
-3.11   -3.92   125.20 
-3.03   -3.92   122.71 
-2.95   -3.92   120.30 
-2.87   -3.92   117.95 
-2.79   -3.92   115.66 
-2.71   -3.92   113.44 
-2.63   -3.92   111.29 
-2.55   -3.92   109.20 
-2.46   -3.92   107.17 
-2.38   -3.92   105.21 
-2.30   -3.92   103.32 
-2.22   -3.92   101.49 
-2.14   -3.92   99.73  
-2.06   -3.92   98.03  
-1.98   -3.92   96.40  
-1.90   -3.92   94.83  
-1.82   -3.92   93.33  
-1.74   -3.92   91.89  
-1.66   -3.92   90.52  
-1.58   -3.92   89.22  
-1.49   -3.92   87.97  
-1.41   -3.92   86.80  
-1.33   -3.92   85.69  
-1.25   -3.92   84.64  
-1.17   -3.92   83.66  
-1.09   -3.92   82.75  
-1.01   -3.92   81.90  
-0.93   -3.92   81.12  
-0.85   -3.92   80.40  
-0.77   -3.92   79.75  
-0.69   -3.92   79.16  
-0.61   -3.92   78.64  
-0.53   -3.92   78.18  
-0.44   -3.92   77.79  
-0.36   -3.92   77.46  
-0.28   -3.92   77.20  
-0.20   -3.92   77.00  
-0.12   -3.92   76.87  
-0.04   -3.92   76.81  
0.04    -3.92   76.81  
0.12    -3.92   76.87  
0.20    -3.92   77.00  
0.28    -3.92   77.20  
0.36    -3.92   77.46  
0.44    -3.92   77.79  
0.53    -3.92   78.18  
0.61    -3.92   78.64  
0.69    -3.92   79.16  
0.77    -3.92   79.75  
0.85    -3.92   80.40  
0.93    -3.92   81.12  
1.01    -3.92   81.90  
1.09    -3.92   82.75  
1.17    -3.92   83.66  
1.25    -3.92   84.64  
1.33    -3.92   85.69  
1.41    -3.92   86.80  
1.49    -3.92   87.97  
1.58    -3.92   89.22  
1.66    -3.92   90.52  
1.74    -3.92   91.89  
1.82    -3.92   93.33  
1.90    -3.92   94.83  
1.98    -3.92   96.40  
2.06    -3.92   98.03  
2.14    -3.92   99.73  
2.22    -3.92   101.49 
2.30    -3.92   103.32 
2.38    -3.92   105.21 
2.46    -3.92   107.17 
2.55    -3.92   109.20 
2.63    -3.92   111.29 
2.71    -3.92   113.44 
2.79    -3.92   115.66 
2.87    -3.92   117.95 
2.95    -3.92   120.30 
3.03    -3.92   122.71 
3.11    -3.92   125.20 
3.19    -3.92   127.74 
3.27    -3.92   130.35 
3.35    -3.92   133.03 
3.43    -3.92   135.77 
3.52    -3.92   138.58 
3.60    -3.92   141.45 
3.68    -3.92   144.39 
3.76    -3.92   147.40 
3.84    -3.92   150.47 
3.92    -3.92   153.60 
4.00    -3.92   156.80 
-4.00   -3.84   153.67 
-3.92   -3.84   150.47 
-3.84   -3.84   147.33 
-3.76   -3.84   144.26 
-3.68   -3.84   141.26 
-3.60   -3.84   138.32 
-3.52   -3.84   135.45 
-3.43   -3.84   132.64 
-3.35   -3.84   129.90 
-3.27   -3.84   127.22 
-3.19   -3.84   124.61 
-3.11   -3.84   122.06 
-3.03   -3.84   119.58 
-2.95   -3.84   117.16 
-2.87   -3.84   114.81 
-2.79   -3.84   112.53 
-2.71   -3.84   110.31 
-2.63   -3.84   108.15 
-2.55   -3.84   106.06 
-2.46   -3.84   104.04 
-2.38   -3.84   102.08 
-2.30   -3.84   100.19 
-2.22   -3.84   98.36  
-2.14   -3.84   96.59  
-2.06   -3.84   94.90  
-1.98   -3.84   93.26  
-1.90   -3.84   91.70  
-1.82   -3.84   90.19  
-1.74   -3.84   88.76  
-1.66   -3.84   87.39  
-1.58   -3.84   86.08  
-1.49   -3.84   84.84  
-1.41   -3.84   83.66  
-1.33   -3.84   82.55  
-1.25   -3.84   81.51  
-1.17   -3.84   80.53  
-1.09   -3.84   79.62  
-1.01   -3.84   78.77  
-0.93   -3.84   77.98  
-0.85   -3.84   77.27  
-0.77   -3.84   76.61  
-0.69   -3.84   76.02  
-0.61   -3.84   75.50  
-0.53   -3.84   75.05  
-0.44   -3.84   74.65  
-0.36   -3.84   74.33  
-0.28   -3.84   74.07  
-0.20   -3.84   73.87  
-0.12   -3.84   73.74  
-0.04   -3.84   73.67  
0.04    -3.84   73.67  
0.12    -3.84   73.74  
0.20    -3.84   73.87  
0.28    -3.84   74.07  
0.36    -3.84   74.33  
0.44    -3.84   74.65  
0.53    -3.84   75.05  
0.61    -3.84   75.50  
0.69    -3.84   76.02  
0.77    -3.84   76.61  
0.85    -3.84   77.27  
0.93    -3.84   77.98  
1.01    -3.84   78.77  
1.09    -3.84   79.62  
1.17    -3.84   80.53  
1.25    -3.84   81.51  
1.33    -3.84   82.55  
1.41    -3.84   83.66  
1.49    -3.84   84.84  
1.58    -3.84   86.08  
1.66    -3.84   87.39  
1.74    -3.84   88.76  
1.82    -3.84   90.19  
1.90    -3.84   91.70  
1.98    -3.84   93.26  
2.06    -3.84   94.90  
2.14    -3.84   96.59  
2.22    -3.84   98.36  
2.30    -3.84   100.19 
2.38    -3.84   102.08 
2.46    -3.84   104.04 
2.55    -3.84   106.06 
2.63    -3.84   108.15 
2.71    -3.84   110.31 
2.79    -3.84   112.53 
2.87    -3.84   114.81 
2.95    -3.84   117.16 
3.03    -3.84   119.58 
3.11    -3.84   122.06 
3.19    -3.84   124.61 
3.27    -3.84   127.22 
3.35    -3.84   129.90 
3.43    -3.84   132.64 
3.52    -3.84   135.45 
3.60    -3.84   138.32 
3.68    -3.84   141.26 
3.76    -3.84   144.26 
3.84    -3.84   147.33 
3.92    -3.84   150.47 
4.00    -3.84   153.67 
-4.00   -3.76   150.60 
-3.92   -3.76   147.40 
-3.84   -3.76   144.26 
-3.76   -3.76   141.19 
-3.68   -3.76   138.19 
-3.60   -3.76   135.25 
-3.52   -3.76   132.38 
-3.43   -3.76   129.57 
-3.35   -3.76   126.83 
-3.27   -3.76   124.15 
-3.19   -3.76   121.54 
-3.11   -3.76   118.99 
-3.03   -3.76   116.51 
-2.95   -3.76   114.09 
-2.87   -3.76   111.74 
-2.79   -3.76   109.46 
-2.71   -3.76   107.24 
-2.63   -3.76   105.08 
-2.55   -3.76   102.99 
-2.46   -3.76   100.97 
-2.38   -3.76   99.01  
-2.30   -3.76   97.12  
-2.22   -3.76   95.29  
-2.14   -3.76   93.53  
-2.06   -3.76   91.83  
-1.98   -3.76   90.19  
-1.90   -3.76   88.63  
-1.82   -3.76   87.13  
-1.74   -3.76   85.69  
-1.66   -3.76   84.32  
-1.58   -3.76   83.01  
-1.49   -3.76   81.77  
-1.41   -3.76   80.60  
-1.33   -3.76   79.49  
-1.25   -3.76   78.44  
-1.17   -3.76   77.46  
-1.09   -3.76   76.55  
-1.01   -3.76   75.70  
-0.93   -3.76   74.91  
-0.85   -3.76   74.20  
-0.77   -3.76   73.54  
-0.69   -3.76   72.96  
-0.61   -3.76   72.43  
-0.53   -3.76   71.98  
-0.44   -3.76   71.58  
-0.36   -3.76   71.26  
-0.28   -3.76   71.00  
-0.20   -3.76   70.80  
-0.12   -3.76   70.67  
-0.04   -3.76   70.61  
0.04    -3.76   70.61  
0.12    -3.76   70.67  
0.20    -3.76   70.80  
0.28    -3.76   71.00  
0.36    -3.76   71.26  
0.44    -3.76   71.58  
0.53    -3.76   71.98  
0.61    -3.76   72.43  
0.69    -3.76   72.96  
0.77    -3.76   73.54  
0.85    -3.76   74.20  
0.93    -3.76   74.91  
1.01    -3.76   75.70  
1.09    -3.76   76.55  
1.17    -3.76   77.46  
1.25    -3.76   78.44  
1.33    -3.76   79.49  
1.41    -3.76   80.60  
1.49    -3.76   81.77  
1.58    -3.76   83.01  
1.66    -3.76   84.32  
1.74    -3.76   85.69  
1.82    -3.76   87.13  
1.90    -3.76   88.63  
1.98    -3.76   90.19  
2.06    -3.76   91.83  
2.14    -3.76   93.53  
2.22    -3.76   95.29  
2.30    -3.76   97.12  
2.38    -3.76   99.01  
2.46    -3.76   100.97 
2.55    -3.76   102.99 
2.63    -3.76   105.08 
2.71    -3.76   107.24 
2.79    -3.76   109.46 
2.87    -3.76   111.74 
2.95    -3.76   114.09 
3.03    -3.76   116.51 
3.11    -3.76   118.99 
3.19    -3.76   121.54 
3.27    -3.76   124.15 
3.35    -3.76   126.83 
3.43    -3.76   129.57 
3.52    -3.76   132.38 
3.60    -3.76   135.25 
3.68    -3.76   138.19 
3.76    -3.76   141.19 
3.84    -3.76   144.26 
3.92    -3.76   147.40 
4.00    -3.76   150.60 
-4.00   -3.68   147.59 
-3.92   -3.68   144.39 
-3.84   -3.68   141.26 
-3.76   -3.68   138.19 
-3.68   -3.68   135.19 
-3.60   -3.68   132.25 
-3.52   -3.68   129.37 
-3.43   -3.68   126.57 
-3.35   -3.68   123.82 
-3.27   -3.68   121.15 
-3.19   -3.68   118.53 
-3.11   -3.68   115.99 
-3.03   -3.68   113.51 
-2.95   -3.68   111.09 
-2.87   -3.68   108.74 
-2.79   -3.68   106.45 
-2.71   -3.68   104.23 
-2.63   -3.68   102.08 
-2.55   -3.68   99.99  
-2.46   -3.68   97.97  
-2.38   -3.68   96.01  
-2.30   -3.68   94.11  
-2.22   -3.68   92.28  
-2.14   -3.68   90.52  
-2.06   -3.68   88.82  
-1.98   -3.68   87.19  
-1.90   -3.68   85.62  
-1.82   -3.68   84.12  
-1.74   -3.68   82.69  
-1.66   -3.68   81.31  
-1.58   -3.68   80.01  
-1.49   -3.68   78.77  
-1.41   -3.68   77.59  
-1.33   -3.68   76.48  
-1.25   -3.68   75.44  
-1.17   -3.68   74.46  
-1.09   -3.68   73.54  
-1.01   -3.68   72.69  
-0.93   -3.68   71.91  
-0.85   -3.68   71.19  
-0.77   -3.68   70.54  
-0.69   -3.68   69.95  
-0.61   -3.68   69.43  
-0.53   -3.68   68.97  
-0.44   -3.68   68.58  
-0.36   -3.68   68.25  
-0.28   -3.68   67.99  
-0.20   -3.68   67.80  
-0.12   -3.68   67.67  
-0.04   -3.68   67.60  
0.04    -3.68   67.60  
0.12    -3.68   67.67  
0.20    -3.68   67.80  
0.28    -3.68   67.99  
0.36    -3.68   68.25  
0.44    -3.68   68.58  
0.53    -3.68   68.97  
0.61    -3.68   69.43  
0.69    -3.68   69.95  
0.77    -3.68   70.54  
0.85    -3.68   71.19  
0.93    -3.68   71.91  
1.01    -3.68   72.69  
1.09    -3.68   73.54  
1.17    -3.68   74.46  
1.25    -3.68   75.44  
1.33    -3.68   76.48  
1.41    -3.68   77.59  
1.49    -3.68   78.77  
1.58    -3.68   80.01  
1.66    -3.68   81.31  
1.74    -3.68   82.69  
1.82    -3.68   84.12  
1.90    -3.68   85.62  
1.98    -3.68   87.19  
2.06    -3.68   88.82  
2.14    -3.68   90.52  
2.22    -3.68   92.28  
2.30    -3.68   94.11  
2.38    -3.68   96.01  
2.46    -3.68   97.97  
2.55    -3.68   99.99  
2.63    -3.68   102.08 
2.71    -3.68   104.23 
2.79    -3.68   106.45 
2.87    -3.68   108.74 
2.95    -3.68   111.09 
3.03    -3.68   113.51 
3.11    -3.68   115.99 
3.19    -3.68   118.53 
3.27    -3.68   121.15 
3.35    -3.68   123.82 
3.43    -3.68   126.57 
3.52    -3.68   129.37 
3.60    -3.68   132.25 
3.68    -3.68   135.19 
3.76    -3.68   138.19 
3.84    -3.68   141.26 
3.92    -3.68   144.39 
4.00    -3.68   147.59 
-4.00   -3.60   144.65 
-3.92   -3.60   141.45 
-3.84   -3.60   138.32 
-3.76   -3.60   135.25 
-3.68   -3.60   132.25 
-3.60   -3.60   129.31 
-3.52   -3.60   126.44 
-3.43   -3.60   123.63 
-3.35   -3.60   120.89 
-3.27   -3.60   118.21 
-3.19   -3.60   115.60 
-3.11   -3.60   113.05 
-3.03   -3.60   110.57 
-2.95   -3.60   108.15 
-2.87   -3.60   105.80 
-2.79   -3.60   103.52 
-2.71   -3.60   101.30 
-2.63   -3.60   99.14  
-2.55   -3.60   97.05  
-2.46   -3.60   95.03  
-2.38   -3.60   93.07  
-2.30   -3.60   91.17  
-2.22   -3.60   89.35  
-2.14   -3.60   87.58  
-2.06   -3.60   85.89  
-1.98   -3.60   84.25  
-1.90   -3.60   82.69  
-1.82   -3.60   81.18  
-1.74   -3.60   79.75  
-1.66   -3.60   78.38  
-1.58   -3.60   77.07  
-1.49   -3.60   75.83  
-1.41   -3.60   74.65  
-1.33   -3.60   73.54  
-1.25   -3.60   72.50  
-1.17   -3.60   71.52  
-1.09   -3.60   70.61  
-1.01   -3.60   69.76  
-0.93   -3.60   68.97  
-0.85   -3.60   68.25  
-0.77   -3.60   67.60  
-0.69   -3.60   67.01  
-0.61   -3.60   66.49  
-0.53   -3.60   66.03  
-0.44   -3.60   65.64  
-0.36   -3.60   65.32  
-0.28   -3.60   65.05  
-0.20   -3.60   64.86  
-0.12   -3.60   64.73  
-0.04   -3.60   64.66  
0.04    -3.60   64.66  
0.12    -3.60   64.73  
0.20    -3.60   64.86  
0.28    -3.60   65.05  
0.36    -3.60   65.32  
0.44    -3.60   65.64  
0.53    -3.60   66.03  
0.61    -3.60   66.49  
0.69    -3.60   67.01  
0.77    -3.60   67.60  
0.85    -3.60   68.25  
0.93    -3.60   68.97  
1.01    -3.60   69.76  
1.09    -3.60   70.61  
1.17    -3.60   71.52  
1.25    -3.60   72.50  
1.33    -3.60   73.54  
1.41    -3.60   74.65  
1.49    -3.60   75.83  
1.58    -3.60   77.07  
1.66    -3.60   78.38  
1.74    -3.60   79.75  
1.82    -3.60   81.18  
1.90    -3.60   82.69  
1.98    -3.60   84.25  
2.06    -3.60   85.89  
2.14    -3.60   87.58  
2.22    -3.60   89.35  
2.30    -3.60   91.17  
2.38    -3.60   93.07  
2.46    -3.60   95.03  
2.55    -3.60   97.05  
2.63    -3.60   99.14  
2.71    -3.60   101.30 
2.79    -3.60   103.52 
2.87    -3.60   105.80 
2.95    -3.60   108.15 
3.03    -3.60   110.57 
3.11    -3.60   113.05 
3.19    -3.60   115.60 
3.27    -3.60   118.21 
3.35    -3.60   120.89 
3.43    -3.60   123.63 
3.52    -3.60   126.44 
3.60    -3.60   129.31 
3.68    -3.60   132.25 
3.76    -3.60   135.25 
3.84    -3.60   138.32 
3.92    -3.60   141.45 
4.00    -3.60   144.65 
-4.00   -3.52   141.78 
-3.92   -3.52   138.58 
-3.84   -3.52   135.45 
-3.76   -3.52   132.38 
-3.68   -3.52   129.37 
-3.60   -3.52   126.44 
-3.52   -3.52   123.56 
-3.43   -3.52   120.76 
-3.35   -3.52   118.01 
-3.27   -3.52   115.34 
-3.19   -3.52   112.72 
-3.11   -3.52   110.18 
-3.03   -3.52   107.70 
-2.95   -3.52   105.28 
-2.87   -3.52   102.93 
-2.79   -3.52   100.64 
-2.71   -3.52   98.42  
-2.63   -3.52   96.27  
-2.55   -3.52   94.18  
-2.46   -3.52   92.15  
-2.38   -3.52   90.19  
-2.30   -3.52   88.30  
-2.22   -3.52   86.47  
-2.14   -3.52   84.71  
-2.06   -3.52   83.01  
-1.98   -3.52   81.38  
-1.90   -3.52   79.81  
-1.82   -3.52   78.31  
-1.74   -3.52   76.87  
-1.66   -3.52   75.50  
-1.58   -3.52   74.20  
-1.49   -3.52   72.96  
-1.41   -3.52   71.78  
-1.33   -3.52   70.67  
-1.25   -3.52   69.63  
-1.17   -3.52   68.65  
-1.09   -3.52   67.73  
-1.01   -3.52   66.88  
-0.93   -3.52   66.10  
-0.85   -3.52   65.38  
-0.77   -3.52   64.73  
-0.69   -3.52   64.14  
-0.61   -3.52   63.62  
-0.53   -3.52   63.16  
-0.44   -3.52   62.77  
-0.36   -3.52   62.44  
-0.28   -3.52   62.18  
-0.20   -3.52   61.99  
-0.12   -3.52   61.85  
-0.04   -3.52   61.79  
0.04    -3.52   61.79  
0.12    -3.52   61.85  
0.20    -3.52   61.99  
0.28    -3.52   62.18  
0.36    -3.52   62.44  
0.44    -3.52   62.77  
0.53    -3.52   63.16  
0.61    -3.52   63.62  
0.69    -3.52   64.14  
0.77    -3.52   64.73  
0.85    -3.52   65.38  
0.93    -3.52   66.10  
1.01    -3.52   66.88  
1.09    -3.52   67.73  
1.17    -3.52   68.65  
1.25    -3.52   69.63  
1.33    -3.52   70.67  
1.41    -3.52   71.78  
1.49    -3.52   72.96  
1.58    -3.52   74.20  
1.66    -3.52   75.50  
1.74    -3.52   76.87  
1.82    -3.52   78.31  
1.90    -3.52   79.81  
1.98    -3.52   81.38  
2.06    -3.52   83.01  
2.14    -3.52   84.71  
2.22    -3.52   86.47  
2.30    -3.52   88.30  
2.38    -3.52   90.19  
2.46    -3.52   92.15  
2.55    -3.52   94.18  
2.63    -3.52   96.27  
2.71    -3.52   98.42  
2.79    -3.52   100.64 
2.87    -3.52   102.93 
2.95    -3.52   105.28 
3.03    -3.52   107.70 
3.11    -3.52   110.18 
3.19    -3.52   112.72 
3.27    -3.52   115.34 
3.35    -3.52   118.01 
3.43    -3.52   120.76 
3.52    -3.52   123.56 
3.60    -3.52   126.44 
3.68    -3.52   129.37 
3.76    -3.52   132.38 
3.84    -3.52   135.45 
3.92    -3.52   138.58 
4.00    -3.52   141.78 
-4.00   -3.43   138.97 
-3.92   -3.43   135.77 
-3.84   -3.43   132.64 
-3.76   -3.43   129.57 
-3.68   -3.43   126.57 
-3.60   -3.43   123.63 
-3.52   -3.43   120.76 
-3.43   -3.43   117.95 
-3.35   -3.43   115.20 
-3.27   -3.43   112.53 
-3.19   -3.43   109.92 
-3.11   -3.43   107.37 
-3.03   -3.43   104.89 
-2.95   -3.43   102.47 
-2.87   -3.43   100.12 
-2.79   -3.43   97.83  
-2.71   -3.43   95.61  
-2.63   -3.43   93.46  
-2.55   -3.43   91.37  
-2.46   -3.43   89.35  
-2.38   -3.43   87.39  
-2.30   -3.43   85.49  
-2.22   -3.43   83.66  
-2.14   -3.43   81.90  
-2.06   -3.43   80.20  
-1.98   -3.43   78.57  
-1.90   -3.43   77.00  
-1.82   -3.43   75.50  
-1.74   -3.43   74.07  
-1.66   -3.43   72.69  
-1.58   -3.43   71.39  
-1.49   -3.43   70.15  
-1.41   -3.43   68.97  
-1.33   -3.43   67.86  
-1.25   -3.43   66.82  
-1.17   -3.43   65.84  
-1.09   -3.43   64.92  
-1.01   -3.43   64.08  
-0.93   -3.43   63.29  
-0.85   -3.43   62.57  
-0.77   -3.43   61.92  
-0.69   -3.43   61.33  
-0.61   -3.43   60.81  
-0.53   -3.43   60.35  
-0.44   -3.43   59.96  
-0.36   -3.43   59.63  
-0.28   -3.43   59.37  
-0.20   -3.43   59.18  
-0.12   -3.43   59.05  
-0.04   -3.43   58.98  
0.04    -3.43   58.98  
0.12    -3.43   59.05  
0.20    -3.43   59.18  
0.28    -3.43   59.37  
0.36    -3.43   59.63  
0.44    -3.43   59.96  
0.53    -3.43   60.35  
0.61    -3.43   60.81  
0.69    -3.43   61.33  
0.77    -3.43   61.92  
0.85    -3.43   62.57  
0.93    -3.43   63.29  
1.01    -3.43   64.08  
1.09    -3.43   64.92  
1.17    -3.43   65.84  
1.25    -3.43   66.82  
1.33    -3.43   67.86  
1.41    -3.43   68.97  
1.49    -3.43   70.15  
1.58    -3.43   71.39  
1.66    -3.43   72.69  
1.74    -3.43   74.07  
1.82    -3.43   75.50  
1.90    -3.43   77.00  
1.98    -3.43   78.57  
2.06    -3.43   80.20  
2.14    -3.43   81.90  
2.22    -3.43   83.66  
2.30    -3.43   85.49  
2.38    -3.43   87.39  
2.46    -3.43   89.35  
2.55    -3.43   91.37  
2.63    -3.43   93.46  
2.71    -3.43   95.61  
2.79    -3.43   97.83  
2.87    -3.43   100.12 
2.95    -3.43   102.47 
3.03    -3.43   104.89 
3.11    -3.43   107.37 
3.19    -3.43   109.92 
3.27    -3.43   112.53 
3.35    -3.43   115.20 
3.43    -3.43   117.95 
3.52    -3.43   120.76 
3.60    -3.43   123.63 
3.68    -3.43   126.57 
3.76    -3.43   129.57 
3.84    -3.43   132.64 
3.92    -3.43   135.77 
4.00    -3.43   138.97 
-4.00   -3.35   136.23 
-3.92   -3.35   133.03 
-3.84   -3.35   129.90 
-3.76   -3.35   126.83 
-3.68   -3.35   123.82 
-3.60   -3.35   120.89 
-3.52   -3.35   118.01 
-3.43   -3.35   115.20 
-3.35   -3.35   112.46 
-3.27   -3.35   109.78 
-3.19   -3.35   107.17 
-3.11   -3.35   104.63 
-3.03   -3.35   102.14 
-2.95   -3.35   99.73  
-2.87   -3.35   97.38  
-2.79   -3.35   95.09  
-2.71   -3.35   92.87  
-2.63   -3.35   90.72  
-2.55   -3.35   88.63  
-2.46   -3.35   86.60  
-2.38   -3.35   84.64  
-2.30   -3.35   82.75  
-2.22   -3.35   80.92  
-2.14   -3.35   79.16  
-2.06   -3.35   77.46  
-1.98   -3.35   75.83  
-1.90   -3.35   74.26  
-1.82   -3.35   72.76  
-1.74   -3.35   71.32  
-1.66   -3.35   69.95  
-1.58   -3.35   68.65  
-1.49   -3.35   67.41  
-1.41   -3.35   66.23  
-1.33   -3.35   65.12  
-1.25   -3.35   64.08  
-1.17   -3.35   63.10  
-1.09   -3.35   62.18  
-1.01   -3.35   61.33  
-0.93   -3.35   60.55  
-0.85   -3.35   59.83  
-0.77   -3.35   59.18  
-0.69   -3.35   58.59  
-0.61   -3.35   58.07  
-0.53   -3.35   57.61  
-0.44   -3.35   57.22  
-0.36   -3.35   56.89  
-0.28   -3.35   56.63  
-0.20   -3.35   56.44  
-0.12   -3.35   56.30  
-0.04   -3.35   56.24  
0.04    -3.35   56.24  
0.12    -3.35   56.30  
0.20    -3.35   56.44  
0.28    -3.35   56.63  
0.36    -3.35   56.89  
0.44    -3.35   57.22  
0.53    -3.35   57.61  
0.61    -3.35   58.07  
0.69    -3.35   58.59  
0.77    -3.35   59.18  
0.85    -3.35   59.83  
0.93    -3.35   60.55  
1.01    -3.35   61.33  
1.09    -3.35   62.18  
1.17    -3.35   63.10  
1.25    -3.35   64.08  
1.33    -3.35   65.12  
1.41    -3.35   66.23  
1.49    -3.35   67.41  
1.58    -3.35   68.65  
1.66    -3.35   69.95  
1.74    -3.35   71.32  
1.82    -3.35   72.76  
1.90    -3.35   74.26  
1.98    -3.35   75.83  
2.06    -3.35   77.46  
2.14    -3.35   79.16  
2.22    -3.35   80.92  
2.30    -3.35   82.75  
2.38    -3.35   84.64  
2.46    -3.35   86.60  
2.55    -3.35   88.63  
2.63    -3.35   90.72  
2.71    -3.35   92.87  
2.79    -3.35   95.09  
2.87    -3.35   97.38  
2.95    -3.35   99.73  
3.03    -3.35   102.14 
3.11    -3.35   104.63 
3.19    -3.35   107.17 
3.27    -3.35   109.78 
3.35    -3.35   112.46 
3.43    -3.35   115.20 
3.52    -3.35   118.01 
3.60    -3.35   120.89 
3.68    -3.35   123.82 
3.76    -3.35   126.83 
3.84    -3.35   129.90 
3.92    -3.35   133.03 
4.00    -3.35   136.23 
-4.00   -3.27   133.55 
-3.92   -3.27   130.35 
-3.84   -3.27   127.22 
-3.76   -3.27   124.15 
-3.68   -3.27   121.15 
-3.60   -3.27   118.21 
-3.52   -3.27   115.34 
-3.43   -3.27   112.53 
-3.35   -3.27   109.78 
-3.27   -3.27   107.11 
-3.19   -3.27   104.50 
-3.11   -3.27   101.95 
-3.03   -3.27   99.47  
-2.95   -3.27   97.05  
-2.87   -3.27   94.70  
-2.79   -3.27   92.42  
-2.71   -3.27   90.19  
-2.63   -3.27   88.04  
-2.55   -3.27   85.95  
-2.46   -3.27   83.93  
-2.38   -3.27   81.97  
-2.30   -3.27   80.07  
-2.22   -3.27   78.25  
-2.14   -3.27   76.48  
-2.06   -3.27   74.78  
-1.98   -3.27   73.15  
-1.90   -3.27   71.58  
-1.82   -3.27   70.08  
-1.74   -3.27   68.65  
-1.66   -3.27   67.27  
-1.58   -3.27   65.97  
-1.49   -3.27   64.73  
-1.41   -3.27   63.55  
-1.33   -3.27   62.44  
-1.25   -3.27   61.40  
-1.17   -3.27   60.42  
-1.09   -3.27   59.50  
-1.01   -3.27   58.66  
-0.93   -3.27   57.87  
-0.85   -3.27   57.15  
-0.77   -3.27   56.50  
-0.69   -3.27   55.91  
-0.61   -3.27   55.39  
-0.53   -3.27   54.93  
-0.44   -3.27   54.54  
-0.36   -3.27   54.21  
-0.28   -3.27   53.95  
-0.20   -3.27   53.76  
-0.12   -3.27   53.63  
-0.04   -3.27   53.56  
0.04    -3.27   53.56  
0.12    -3.27   53.63  
0.20    -3.27   53.76  
0.28    -3.27   53.95  
0.36    -3.27   54.21  
0.44    -3.27   54.54  
0.53    -3.27   54.93  
0.61    -3.27   55.39  
0.69    -3.27   55.91  
0.77    -3.27   56.50  
0.85    -3.27   57.15  
0.93    -3.27   57.87  
1.01    -3.27   58.66  
1.09    -3.27   59.50  
1.17    -3.27   60.42  
1.25    -3.27   61.40  
1.33    -3.27   62.44  
1.41    -3.27   63.55  
1.49    -3.27   64.73  
1.58    -3.27   65.97  
1.66    -3.27   67.27  
1.74    -3.27   68.65  
1.82    -3.27   70.08  
1.90    -3.27   71.58  
1.98    -3.27   73.15  
2.06    -3.27   74.78  
2.14    -3.27   76.48  
2.22    -3.27   78.25  
2.30    -3.27   80.07  
2.38    -3.27   81.97  
2.46    -3.27   83.93  
2.55    -3.27   85.95  
2.63    -3.27   88.04  
2.71    -3.27   90.19  
2.79    -3.27   92.42  
2.87    -3.27   94.70  
2.95    -3.27   97.05  
3.03    -3.27   99.47  
3.11    -3.27   101.95 
3.19    -3.27   104.50 
3.27    -3.27   107.11 
3.35    -3.27   109.78 
3.43    -3.27   112.53 
3.52    -3.27   115.34 
3.60    -3.27   118.21 
3.68    -3.27   121.15 
3.76    -3.27   124.15 
3.84    -3.27   127.22 
3.92    -3.27   130.35 
4.00    -3.27   133.55 
-4.00   -3.19   130.94 
-3.92   -3.19   127.74 
-3.84   -3.19   124.61 
-3.76   -3.19   121.54 
-3.68   -3.19   118.53 
-3.60   -3.19   115.60 
-3.52   -3.19   112.72 
-3.43   -3.19   109.92 
-3.35   -3.19   107.17 
-3.27   -3.19   104.50 
-3.19   -3.19   101.88 
-3.11   -3.19   99.34  
-3.03   -3.19   96.86  
-2.95   -3.19   94.44  
-2.87   -3.19   92.09  
-2.79   -3.19   89.80  
-2.71   -3.19   87.58  
-2.63   -3.19   85.43  
-2.55   -3.19   83.34  
-2.46   -3.19   81.31  
-2.38   -3.19   79.36  
-2.30   -3.19   77.46  
-2.22   -3.19   75.63  
-2.14   -3.19   73.87  
-2.06   -3.19   72.17  
-1.98   -3.19   70.54  
-1.90   -3.19   68.97  
-1.82   -3.19   67.47  
-1.74   -3.19   66.03  
-1.66   -3.19   64.66  
-1.58   -3.19   63.36  
-1.49   -3.19   62.12  
-1.41   -3.19   60.94  
-1.33   -3.19   59.83  
-1.25   -3.19   58.79  
-1.17   -3.19   57.81  
-1.09   -3.19   56.89  
-1.01   -3.19   56.04  
-0.93   -3.19   55.26  
-0.85   -3.19   54.54  
-0.77   -3.19   53.89  
-0.69   -3.19   53.30  
-0.61   -3.19   52.78  
-0.53   -3.19   52.32  
-0.44   -3.19   51.93  
-0.36   -3.19   51.60  
-0.28   -3.19   51.34  
-0.20   -3.19   51.15  
-0.12   -3.19   51.02  
-0.04   -3.19   50.95  
0.04    -3.19   50.95  
0.12    -3.19   51.02  
0.20    -3.19   51.15  
0.28    -3.19   51.34  
0.36    -3.19   51.60  
0.44    -3.19   51.93  
0.53    -3.19   52.32  
0.61    -3.19   52.78  
0.69    -3.19   53.30  
0.77    -3.19   53.89  
0.85    -3.19   54.54  
0.93    -3.19   55.26  
1.01    -3.19   56.04  
1.09    -3.19   56.89  
1.17    -3.19   57.81  
1.25    -3.19   58.79  
1.33    -3.19   59.83  
1.41    -3.19   60.94  
1.49    -3.19   62.12  
1.58    -3.19   63.36  
1.66    -3.19   64.66  
1.74    -3.19   66.03  
1.82    -3.19   67.47  
1.90    -3.19   68.97  
1.98    -3.19   70.54  
2.06    -3.19   72.17  
2.14    -3.19   73.87  
2.22    -3.19   75.63  
2.30    -3.19   77.46  
2.38    -3.19   79.36  
2.46    -3.19   81.31  
2.55    -3.19   83.34  
2.63    -3.19   85.43  
2.71    -3.19   87.58  
2.79    -3.19   89.80  
2.87    -3.19   92.09  
2.95    -3.19   94.44  
3.03    -3.19   96.86  
3.11    -3.19   99.34  
3.19    -3.19   101.88 
3.27    -3.19   104.50 
3.35    -3.19   107.17 
3.43    -3.19   109.92 
3.52    -3.19   112.72 
3.60    -3.19   115.60 
3.68    -3.19   118.53 
3.76    -3.19   121.54 
3.84    -3.19   124.61 
3.92    -3.19   127.74 
4.00    -3.19   130.94 
-4.00   -3.11   128.40 
-3.92   -3.11   125.20 
-3.84   -3.11   122.06 
-3.76   -3.11   118.99 
-3.68   -3.11   115.99 
-3.60   -3.11   113.05 
-3.52   -3.11   110.18 
-3.43   -3.11   107.37 
-3.35   -3.11   104.63 
-3.27   -3.11   101.95 
-3.19   -3.11   99.34  
-3.11   -3.11   96.79  
-3.03   -3.11   94.31  
-2.95   -3.11   91.89  
-2.87   -3.11   89.54  
-2.79   -3.11   87.26  
-2.71   -3.11   85.04  
-2.63   -3.11   82.88  
-2.55   -3.11   80.79  
-2.46   -3.11   78.77  
-2.38   -3.11   76.81  
-2.30   -3.11   74.91  
-2.22   -3.11   73.09  
-2.14   -3.11   71.32  
-2.06   -3.11   69.63  
-1.98   -3.11   67.99  
-1.90   -3.11   66.43  
-1.82   -3.11   64.92  
-1.74   -3.11   63.49  
-1.66   -3.11   62.12  
-1.58   -3.11   60.81  
-1.49   -3.11   59.57  
-1.41   -3.11   58.39  
-1.33   -3.11   57.28  
-1.25   -3.11   56.24  
-1.17   -3.11   55.26  
-1.09   -3.11   54.35  
-1.01   -3.11   53.50  
-0.93   -3.11   52.71  
-0.85   -3.11   51.99  
-0.77   -3.11   51.34  
-0.69   -3.11   50.75  
-0.61   -3.11   50.23  
-0.53   -3.11   49.77  
-0.44   -3.11   49.38  
-0.36   -3.11   49.06  
-0.28   -3.11   48.80  
-0.20   -3.11   48.60  
-0.12   -3.11   48.47  
-0.04   -3.11   48.40  
0.04    -3.11   48.40  
0.12    -3.11   48.47  
0.20    -3.11   48.60  
0.28    -3.11   48.80  
0.36    -3.11   49.06  
0.44    -3.11   49.38  
0.53    -3.11   49.77  
0.61    -3.11   50.23  
0.69    -3.11   50.75  
0.77    -3.11   51.34  
0.85    -3.11   51.99  
0.93    -3.11   52.71  
1.01    -3.11   53.50  
1.09    -3.11   54.35  
1.17    -3.11   55.26  
1.25    -3.11   56.24  
1.33    -3.11   57.28  
1.41    -3.11   58.39  
1.49    -3.11   59.57  
1.58    -3.11   60.81  
1.66    -3.11   62.12  
1.74    -3.11   63.49  
1.82    -3.11   64.92  
1.90    -3.11   66.43  
1.98    -3.11   67.99  
2.06    -3.11   69.63  
2.14    -3.11   71.32  
2.22    -3.11   73.09  
2.30    -3.11   74.91  
2.38    -3.11   76.81  
2.46    -3.11   78.77  
2.55    -3.11   80.79  
2.63    -3.11   82.88  
2.71    -3.11   85.04  
2.79    -3.11   87.26  
2.87    -3.11   89.54  
2.95    -3.11   91.89  
3.03    -3.11   94.31  
3.11    -3.11   96.79  
3.19    -3.11   99.34  
3.27    -3.11   101.95 
3.35    -3.11   104.63 
3.43    -3.11   107.37 
3.52    -3.11   110.18 
3.60    -3.11   113.05 
3.68    -3.11   115.99 
3.76    -3.11   118.99 
3.84    -3.11   122.06 
3.92    -3.11   125.20 
4.00    -3.11   128.40 
-4.00   -3.03   125.91 
-3.92   -3.03   122.71 
-3.84   -3.03   119.58 
-3.76   -3.03   116.51 
-3.68   -3.03   113.51 
-3.60   -3.03   110.57 
-3.52   -3.03   107.70 
-3.43   -3.03   104.89 
-3.35   -3.03   102.14 
-3.27   -3.03   99.47  
-3.19   -3.03   96.86  
-3.11   -3.03   94.31  
-3.03   -3.03   91.83  
-2.95   -3.03   89.41  
-2.87   -3.03   87.06  
-2.79   -3.03   84.78  
-2.71   -3.03   82.55  
-2.63   -3.03   80.40  
-2.55   -3.03   78.31  
-2.46   -3.03   76.29  
-2.38   -3.03   74.33  
-2.30   -3.03   72.43  
-2.22   -3.03   70.61  
-2.14   -3.03   68.84  
-2.06   -3.03   67.14  
-1.98   -3.03   65.51  
-1.90   -3.03   63.94  
-1.82   -3.03   62.44  
-1.74   -3.03   61.01  
-1.66   -3.03   59.63  
-1.58   -3.03   58.33  
-1.49   -3.03   57.09  
-1.41   -3.03   55.91  
-1.33   -3.03   54.80  
-1.25   -3.03   53.76  
-1.17   -3.03   52.78  
-1.09   -3.03   51.86  
-1.01   -3.03   51.02  
-0.93   -3.03   50.23  
-0.85   -3.03   49.51  
-0.77   -3.03   48.86  
-0.69   -3.03   48.27  
-0.61   -3.03   47.75  
-0.53   -3.03   47.29  
-0.44   -3.03   46.90  
-0.36   -3.03   46.57  
-0.28   -3.03   46.31  
-0.20   -3.03   46.12  
-0.12   -3.03   45.99  
-0.04   -3.03   45.92  
0.04    -3.03   45.92  
0.12    -3.03   45.99  
0.20    -3.03   46.12  
0.28    -3.03   46.31  
0.36    -3.03   46.57  
0.44    -3.03   46.90  
0.53    -3.03   47.29  
0.61    -3.03   47.75  
0.69    -3.03   48.27  
0.77    -3.03   48.86  
0.85    -3.03   49.51  
0.93    -3.03   50.23  
1.01    -3.03   51.02  
1.09    -3.03   51.86  
1.17    -3.03   52.78  
1.25    -3.03   53.76  
1.33    -3.03   54.80  
1.41    -3.03   55.91  
1.49    -3.03   57.09  
1.58    -3.03   58.33  
1.66    -3.03   59.63  
1.74    -3.03   61.01  
1.82    -3.03   62.44  
1.90    -3.03   63.94  
1.98    -3.03   65.51  
2.06    -3.03   67.14  
2.14    -3.03   68.84  
2.22    -3.03   70.61  
2.30    -3.03   72.43  
2.38    -3.03   74.33  
2.46    -3.03   76.29  
2.55    -3.03   78.31  
2.63    -3.03   80.40  
2.71    -3.03   82.55  
2.79    -3.03   84.78  
2.87    -3.03   87.06  
2.95    -3.03   89.41  
3.03    -3.03   91.83  
3.11    -3.03   94.31  
3.19    -3.03   96.86  
3.27    -3.03   99.47  
3.35    -3.03   102.14 
3.43    -3.03   104.89 
3.52    -3.03   107.70 
3.60    -3.03   110.57 
3.68    -3.03   113.51 
3.76    -3.03   116.51 
3.84    -3.03   119.58 
3.92    -3.03   122.71 
4.00    -3.03   125.91 
-4.00   -2.95   123.50 
-3.92   -2.95   120.30 
-3.84   -2.95   117.16 
-3.76   -2.95   114.09 
-3.68   -2.95   111.09 
-3.60   -2.95   108.15 
-3.52   -2.95   105.28 
-3.43   -2.95   102.47 
-3.35   -2.95   99.73  
-3.27   -2.95   97.05  
-3.19   -2.95   94.44  
-3.11   -2.95   91.89  
-3.03   -2.95   89.41  
-2.95   -2.95   87.00  
-2.87   -2.95   84.64  
-2.79   -2.95   82.36  
-2.71   -2.95   80.14  
-2.63   -2.95   77.98  
-2.55   -2.95   75.89  
-2.46   -2.95   73.87  
-2.38   -2.95   71.91  
-2.30   -2.95   70.02  
-2.22   -2.95   68.19  
-2.14   -2.95   66.43  
-2.06   -2.95   64.73  
-1.98   -2.95   63.10  
-1.90   -2.95   61.53  
-1.82   -2.95   60.03  
-1.74   -2.95   58.59  
-1.66   -2.95   57.22  
-1.58   -2.95   55.91  
-1.49   -2.95   54.67  
-1.41   -2.95   53.50  
-1.33   -2.95   52.39  
-1.25   -2.95   51.34  
-1.17   -2.95   50.36  
-1.09   -2.95   49.45  
-1.01   -2.95   48.60  
-0.93   -2.95   47.82  
-0.85   -2.95   47.10  
-0.77   -2.95   46.44  
-0.69   -2.95   45.86  
-0.61   -2.95   45.33  
-0.53   -2.95   44.88  
-0.44   -2.95   44.49  
-0.36   -2.95   44.16  
-0.28   -2.95   43.90  
-0.20   -2.95   43.70  
-0.12   -2.95   43.57  
-0.04   -2.95   43.51  
0.04    -2.95   43.51  
0.12    -2.95   43.57  
0.20    -2.95   43.70  
0.28    -2.95   43.90  
0.36    -2.95   44.16  
0.44    -2.95   44.49  
0.53    -2.95   44.88  
0.61    -2.95   45.33  
0.69    -2.95   45.86  
0.77    -2.95   46.44  
0.85    -2.95   47.10  
0.93    -2.95   47.82  
1.01    -2.95   48.60  
1.09    -2.95   49.45  
1.17    -2.95   50.36  
1.25    -2.95   51.34  
1.33    -2.95   52.39  
1.41    -2.95   53.50  
1.49    -2.95   54.67  
1.58    -2.95   55.91  
1.66    -2.95   57.22  
1.74    -2.95   58.59  
1.82    -2.95   60.03  
1.90    -2.95   61.53  
1.98    -2.95   63.10  
2.06    -2.95   64.73  
2.14    -2.95   66.43  
2.22    -2.95   68.19  
2.30    -2.95   70.02  
2.38    -2.95   71.91  
2.46    -2.95   73.87  
2.55    -2.95   75.89  
2.63    -2.95   77.98  
2.71    -2.95   80.14  
2.79    -2.95   82.36  
2.87    -2.95   84.64  
2.95    -2.95   87.00  
3.03    -2.95   89.41  
3.11    -2.95   91.89  
3.19    -2.95   94.44  
3.27    -2.95   97.05  
3.35    -2.95   99.73  
3.43    -2.95   102.47 
3.52    -2.95   105.28 
3.60    -2.95   108.15 
3.68    -2.95   111.09 
3.76    -2.95   114.09 
3.84    -2.95   117.16 
3.92    -2.95   120.30 
4.00    -2.95   123.50 
-4.00   -2.87   121.15 
-3.92   -2.87   117.95 
-3.84   -2.87   114.81 
-3.76   -2.87   111.74 
-3.68   -2.87   108.74 
-3.60   -2.87   105.80 
-3.52   -2.87   102.93 
-3.43   -2.87   100.12 
-3.35   -2.87   97.38  
-3.27   -2.87   94.70  
-3.19   -2.87   92.09  
-3.11   -2.87   89.54  
-3.03   -2.87   87.06  
-2.95   -2.87   84.64  
-2.87   -2.87   82.29  
-2.79   -2.87   80.01  
-2.71   -2.87   77.79  
-2.63   -2.87   75.63  
-2.55   -2.87   73.54  
-2.46   -2.87   71.52  
-2.38   -2.87   69.56  
-2.30   -2.87   67.67  
-2.22   -2.87   65.84  
-2.14   -2.87   64.08  
-2.06   -2.87   62.38  
-1.98   -2.87   60.74  
-1.90   -2.87   59.18  
-1.82   -2.87   57.68  
-1.74   -2.87   56.24  
-1.66   -2.87   54.87  
-1.58   -2.87   53.56  
-1.49   -2.87   52.32  
-1.41   -2.87   51.15  
-1.33   -2.87   50.04  
-1.25   -2.87   48.99  
-1.17   -2.87   48.01  
-1.09   -2.87   47.10  
-1.01   -2.87   46.25  
-0.93   -2.87   45.46  
-0.85   -2.87   44.75  
-0.77   -2.87   44.09  
-0.69   -2.87   43.51  
-0.61   -2.87   42.98  
-0.53   -2.87   42.53  
-0.44   -2.87   42.13  
-0.36   -2.87   41.81  
-0.28   -2.87   41.55  
-0.20   -2.87   41.35  
-0.12   -2.87   41.22  
-0.04   -2.87   41.15  
0.04    -2.87   41.15  
0.12    -2.87   41.22  
0.20    -2.87   41.35  
0.28    -2.87   41.55  
0.36    -2.87   41.81  
0.44    -2.87   42.13  
0.53    -2.87   42.53  
0.61    -2.87   42.98  
0.69    -2.87   43.51  
0.77    -2.87   44.09  
0.85    -2.87   44.75  
0.93    -2.87   45.46  
1.01    -2.87   46.25  
1.09    -2.87   47.10  
1.17    -2.87   48.01  
1.25    -2.87   48.99  
1.33    -2.87   50.04  
1.41    -2.87   51.15  
1.49    -2.87   52.32  
1.58    -2.87   53.56  
1.66    -2.87   54.87  
1.74    -2.87   56.24  
1.82    -2.87   57.68  
1.90    -2.87   59.18  
1.98    -2.87   60.74  
2.06    -2.87   62.38  
2.14    -2.87   64.08  
2.22    -2.87   65.84  
2.30    -2.87   67.67  
2.38    -2.87   69.56  
2.46    -2.87   71.52  
2.55    -2.87   73.54  
2.63    -2.87   75.63  
2.71    -2.87   77.79  
2.79    -2.87   80.01  
2.87    -2.87   82.29  
2.95    -2.87   84.64  
3.03    -2.87   87.06  
3.11    -2.87   89.54  
3.19    -2.87   92.09  
3.27    -2.87   94.70  
3.35    -2.87   97.38  
3.43    -2.87   100.12 
3.52    -2.87   102.93 
3.60    -2.87   105.80 
3.68    -2.87   108.74 
3.76    -2.87   111.74 
3.84    -2.87   114.81 
3.92    -2.87   117.95 
4.00    -2.87   121.15 
-4.00   -2.79   118.86 
-3.92   -2.79   115.66 
-3.84   -2.79   112.53 
-3.76   -2.79   109.46 
-3.68   -2.79   106.45 
-3.60   -2.79   103.52 
-3.52   -2.79   100.64 
-3.43   -2.79   97.83  
-3.35   -2.79   95.09  
-3.27   -2.79   92.42  
-3.19   -2.79   89.80  
-3.11   -2.79   87.26  
-3.03   -2.79   84.78  
-2.95   -2.79   82.36  
-2.87   -2.79   80.01  
-2.79   -2.79   77.72  
-2.71   -2.79   75.50  
-2.63   -2.79   73.35  
-2.55   -2.79   71.26  
-2.46   -2.79   69.23  
-2.38   -2.79   67.27  
-2.30   -2.79   65.38  
-2.22   -2.79   63.55  
-2.14   -2.79   61.79  
-2.06   -2.79   60.09  
-1.98   -2.79   58.46  
-1.90   -2.79   56.89  
-1.82   -2.79   55.39  
-1.74   -2.79   53.95  
-1.66   -2.79   52.58  
-1.58   -2.79   51.28  
-1.49   -2.79   50.04  
-1.41   -2.79   48.86  
-1.33   -2.79   47.75  
-1.25   -2.79   46.71  
-1.17   -2.79   45.73  
-1.09   -2.79   44.81  
-1.01   -2.79   43.96  
-0.93   -2.79   43.18  
-0.85   -2.79   42.46  
-0.77   -2.79   41.81  
-0.69   -2.79   41.22  
-0.61   -2.79   40.70  
-0.53   -2.79   40.24  
-0.44   -2.79   39.85  
-0.36   -2.79   39.52  
-0.28   -2.79   39.26  
-0.20   -2.79   39.07  
-0.12   -2.79   38.93  
-0.04   -2.79   38.87  
0.04    -2.79   38.87  
0.12    -2.79   38.93  
0.20    -2.79   39.07  
0.28    -2.79   39.26  
0.36    -2.79   39.52  
0.44    -2.79   39.85  
0.53    -2.79   40.24  
0.61    -2.79   40.70  
0.69    -2.79   41.22  
0.77    -2.79   41.81  
0.85    -2.79   42.46  
0.93    -2.79   43.18  
1.01    -2.79   43.96  
1.09    -2.79   44.81  
1.17    -2.79   45.73  
1.25    -2.79   46.71  
1.33    -2.79   47.75  
1.41    -2.79   48.86  
1.49    -2.79   50.04  
1.58    -2.79   51.28  
1.66    -2.79   52.58  
1.74    -2.79   53.95  
1.82    -2.79   55.39  
1.90    -2.79   56.89  
1.98    -2.79   58.46  
2.06    -2.79   60.09  
2.14    -2.79   61.79  
2.22    -2.79   63.55  
2.30    -2.79   65.38  
2.38    -2.79   67.27  
2.46    -2.79   69.23  
2.55    -2.79   71.26  
2.63    -2.79   73.35  
2.71    -2.79   75.50  
2.79    -2.79   77.72  
2.87    -2.79   80.01  
2.95    -2.79   82.36  
3.03    -2.79   84.78  
3.11    -2.79   87.26  
3.19    -2.79   89.80  
3.27    -2.79   92.42  
3.35    -2.79   95.09  
3.43    -2.79   97.83  
3.52    -2.79   100.64 
3.60    -2.79   103.52 
3.68    -2.79   106.45 
3.76    -2.79   109.46 
3.84    -2.79   112.53 
3.92    -2.79   115.66 
4.00    -2.79   118.86 
-4.00   -2.71   116.64 
-3.92   -2.71   113.44 
-3.84   -2.71   110.31 
-3.76   -2.71   107.24 
-3.68   -2.71   104.23 
-3.60   -2.71   101.30 
-3.52   -2.71   98.42  
-3.43   -2.71   95.61  
-3.35   -2.71   92.87  
-3.27   -2.71   90.19  
-3.19   -2.71   87.58  
-3.11   -2.71   85.04  
-3.03   -2.71   82.55  
-2.95   -2.71   80.14  
-2.87   -2.71   77.79  
-2.79   -2.71   75.50  
-2.71   -2.71   73.28  
-2.63   -2.71   71.13  
-2.55   -2.71   69.04  
-2.46   -2.71   67.01  
-2.38   -2.71   65.05  
-2.30   -2.71   63.16  
-2.22   -2.71   61.33  
-2.14   -2.71   59.57  
-2.06   -2.71   57.87  
-1.98   -2.71   56.24  
-1.90   -2.71   54.67  
-1.82   -2.71   53.17  
-1.74   -2.71   51.73  
-1.66   -2.71   50.36  
-1.58   -2.71   49.06  
-1.49   -2.71   47.82  
-1.41   -2.71   46.64  
-1.33   -2.71   45.53  
-1.25   -2.71   44.49  
-1.17   -2.71   43.51  
-1.09   -2.71   42.59  
-1.01   -2.71   41.74  
-0.93   -2.71   40.96  
-0.85   -2.71   40.24  
-0.77   -2.71   39.59  
-0.69   -2.71   39.00  
-0.61   -2.71   38.48  
-0.53   -2.71   38.02  
-0.44   -2.71   37.63  
-0.36   -2.71   37.30  
-0.28   -2.71   37.04  
-0.20   -2.71   36.85  
-0.12   -2.71   36.71  
-0.04   -2.71   36.65  
0.04    -2.71   36.65  
0.12    -2.71   36.71  
0.20    -2.71   36.85  
0.28    -2.71   37.04  
0.36    -2.71   37.30  
0.44    -2.71   37.63  
0.53    -2.71   38.02  
0.61    -2.71   38.48  
0.69    -2.71   39.00  
0.77    -2.71   39.59  
0.85    -2.71   40.24  
0.93    -2.71   40.96  
1.01    -2.71   41.74  
1.09    -2.71   42.59  
1.17    -2.71   43.51  
1.25    -2.71   44.49  
1.33    -2.71   45.53  
1.41    -2.71   46.64  
1.49    -2.71   47.82  
1.58    -2.71   49.06  
1.66    -2.71   50.36  
1.74    -2.71   51.73  
1.82    -2.71   53.17  
1.90    -2.71   54.67  
1.98    -2.71   56.24  
2.06    -2.71   57.87  
2.14    -2.71   59.57  
2.22    -2.71   61.33  
2.30    -2.71   63.16  
2.38    -2.71   65.05  
2.46    -2.71   67.01  
2.55    -2.71   69.04  
2.63    -2.71   71.13  
2.71    -2.71   73.28  
2.79    -2.71   75.50  
2.87    -2.71   77.79  
2.95    -2.71   80.14  
3.03    -2.71   82.55  
3.11    -2.71   85.04  
3.19    -2.71   87.58  
3.27    -2.71   90.19  
3.35    -2.71   92.87  
3.43    -2.71   95.61  
3.52    -2.71   98.42  
3.60    -2.71   101.30 
3.68    -2.71   104.23 
3.76    -2.71   107.24 
3.84    -2.71   110.31 
3.92    -2.71   113.44 
4.00    -2.71   116.64 
-4.00   -2.63   114.49 
-3.92   -2.63   111.29 
-3.84   -2.63   108.15 
-3.76   -2.63   105.08 
-3.68   -2.63   102.08 
-3.60   -2.63   99.14  
-3.52   -2.63   96.27  
-3.43   -2.63   93.46  
-3.35   -2.63   90.72  
-3.27   -2.63   88.04  
-3.19   -2.63   85.43  
-3.11   -2.63   82.88  
-3.03   -2.63   80.40  
-2.95   -2.63   77.98  
-2.87   -2.63   75.63  
-2.79   -2.63   73.35  
-2.71   -2.63   71.13  
-2.63   -2.63   68.97  
-2.55   -2.63   66.88  
-2.46   -2.63   64.86  
-2.38   -2.63   62.90  
-2.30   -2.63   61.01  
-2.22   -2.63   59.18  
-2.14   -2.63   57.41  
-2.06   -2.63   55.72  
-1.98   -2.63   54.08  
-1.90   -2.63   52.52  
-1.82   -2.63   51.02  
-1.74   -2.63   49.58  
-1.66   -2.63   48.21  
-1.58   -2.63   46.90  
-1.49   -2.63   45.66  
-1.41   -2.63   44.49  
-1.33   -2.63   43.38  
-1.25   -2.63   42.33  
-1.17   -2.63   41.35  
-1.09   -2.63   40.44  
-1.01   -2.63   39.59  
-0.93   -2.63   38.80  
-0.85   -2.63   38.09  
-0.77   -2.63   37.43  
-0.69   -2.63   36.85  
-0.61   -2.63   36.32  
-0.53   -2.63   35.87  
-0.44   -2.63   35.47  
-0.36   -2.63   35.15  
-0.28   -2.63   34.89  
-0.20   -2.63   34.69  
-0.12   -2.63   34.56  
-0.04   -2.63   34.49  
0.04    -2.63   34.49  
0.12    -2.63   34.56  
0.20    -2.63   34.69  
0.28    -2.63   34.89  
0.36    -2.63   35.15  
0.44    -2.63   35.47  
0.53    -2.63   35.87  
0.61    -2.63   36.32  
0.69    -2.63   36.85  
0.77    -2.63   37.43  
0.85    -2.63   38.09  
0.93    -2.63   38.80  
1.01    -2.63   39.59  
1.09    -2.63   40.44  
1.17    -2.63   41.35  
1.25    -2.63   42.33  
1.33    -2.63   43.38  
1.41    -2.63   44.49  
1.49    -2.63   45.66  
1.58    -2.63   46.90  
1.66    -2.63   48.21  
1.74    -2.63   49.58  
1.82    -2.63   51.02  
1.90    -2.63   52.52  
1.98    -2.63   54.08  
2.06    -2.63   55.72  
2.14    -2.63   57.41  
2.22    -2.63   59.18  
2.30    -2.63   61.01  
2.38    -2.63   62.90  
2.46    -2.63   64.86  
2.55    -2.63   66.88  
2.63    -2.63   68.97  
2.71    -2.63   71.13  
2.79    -2.63   73.35  
2.87    -2.63   75.63  
2.95    -2.63   77.98  
3.03    -2.63   80.40  
3.11    -2.63   82.88  
3.19    -2.63   85.43  
3.27    -2.63   88.04  
3.35    -2.63   90.72  
3.43    -2.63   93.46  
3.52    -2.63   96.27  
3.60    -2.63   99.14  
3.68    -2.63   102.08 
3.76    -2.63   105.08 
3.84    -2.63   108.15 
3.92    -2.63   111.29 
4.00    -2.63   114.49 
-4.00   -2.55   112.40 
-3.92   -2.55   109.20 
-3.84   -2.55   106.06 
-3.76   -2.55   102.99 
-3.68   -2.55   99.99  
-3.60   -2.55   97.05  
-3.52   -2.55   94.18  
-3.43   -2.55   91.37  
-3.35   -2.55   88.63  
-3.27   -2.55   85.95  
-3.19   -2.55   83.34  
-3.11   -2.55   80.79  
-3.03   -2.55   78.31  
-2.95   -2.55   75.89  
-2.87   -2.55   73.54  
-2.79   -2.55   71.26  
-2.71   -2.55   69.04  
-2.63   -2.55   66.88  
-2.55   -2.55   64.79  
-2.46   -2.55   62.77  
-2.38   -2.55   60.81  
-2.30   -2.55   58.92  
-2.22   -2.55   57.09  
-2.14   -2.55   55.32  
-2.06   -2.55   53.63  
-1.98   -2.55   51.99  
-1.90   -2.55   50.43  
-1.82   -2.55   48.93  
-1.74   -2.55   47.49  
-1.66   -2.55   46.12  
-1.58   -2.55   44.81  
-1.49   -2.55   43.57  
-1.41   -2.55   42.40  
-1.33   -2.55   41.29  
-1.25   -2.55   40.24  
-1.17   -2.55   39.26  
-1.09   -2.55   38.35  
-1.01   -2.55   37.50  
-0.93   -2.55   36.71  
-0.85   -2.55   36.00  
-0.77   -2.55   35.34  
-0.69   -2.55   34.76  
-0.61   -2.55   34.23  
-0.53   -2.55   33.78  
-0.44   -2.55   33.38  
-0.36   -2.55   33.06  
-0.28   -2.55   32.80  
-0.20   -2.55   32.60  
-0.12   -2.55   32.47  
-0.04   -2.55   32.40  
0.04    -2.55   32.40  
0.12    -2.55   32.47  
0.20    -2.55   32.60  
0.28    -2.55   32.80  
0.36    -2.55   33.06  
0.44    -2.55   33.38  
0.53    -2.55   33.78  
0.61    -2.55   34.23  
0.69    -2.55   34.76  
0.77    -2.55   35.34  
0.85    -2.55   36.00  
0.93    -2.55   36.71  
1.01    -2.55   37.50  
1.09    -2.55   38.35  
1.17    -2.55   39.26  
1.25    -2.55   40.24  
1.33    -2.55   41.29  
1.41    -2.55   42.40  
1.49    -2.55   43.57  
1.58    -2.55   44.81  
1.66    -2.55   46.12  
1.74    -2.55   47.49  
1.82    -2.55   48.93  
1.90    -2.55   50.43  
1.98    -2.55   51.99  
2.06    -2.55   53.63  
2.14    -2.55   55.32  
2.22    -2.55   57.09  
2.30    -2.55   58.92  
2.38    -2.55   60.81  
2.46    -2.55   62.77  
2.55    -2.55   64.79  
2.63    -2.55   66.88  
2.71    -2.55   69.04  
2.79    -2.55   71.26  
2.87    -2.55   73.54  
2.95    -2.55   75.89  
3.03    -2.55   78.31  
3.11    -2.55   80.79  
3.19    -2.55   83.34  
3.27    -2.55   85.95  
3.35    -2.55   88.63  
3.43    -2.55   91.37  
3.52    -2.55   94.18  
3.60    -2.55   97.05  
3.68    -2.55   99.99  
3.76    -2.55   102.99 
3.84    -2.55   106.06 
3.92    -2.55   109.20 
4.00    -2.55   112.40 
-4.00   -2.46   110.37 
-3.92   -2.46   107.17 
-3.84   -2.46   104.04 
-3.76   -2.46   100.97 
-3.68   -2.46   97.97  
-3.60   -2.46   95.03  
-3.52   -2.46   92.15  
-3.43   -2.46   89.35  
-3.35   -2.46   86.60  
-3.27   -2.46   83.93  
-3.19   -2.46   81.31  
-3.11   -2.46   78.77  
-3.03   -2.46   76.29  
-2.95   -2.46   73.87  
-2.87   -2.46   71.52  
-2.79   -2.46   69.23  
-2.71   -2.46   67.01  
-2.63   -2.46   64.86  
-2.55   -2.46   62.77  
-2.46   -2.46   60.74  
-2.38   -2.46   58.79  
-2.30   -2.46   56.89  
-2.22   -2.46   55.06  
-2.14   -2.46   53.30  
-2.06   -2.46   51.60  
-1.98   -2.46   49.97  
-1.90   -2.46   48.40  
-1.82   -2.46   46.90  
-1.74   -2.46   45.46  
-1.66   -2.46   44.09  
-1.58   -2.46   42.79  
-1.49   -2.46   41.55  
-1.41   -2.46   40.37  
-1.33   -2.46   39.26  
-1.25   -2.46   38.22  
-1.17   -2.46   37.24  
-1.09   -2.46   36.32  
-1.01   -2.46   35.47  
-0.93   -2.46   34.69  
-0.85   -2.46   33.97  
-0.77   -2.46   33.32  
-0.69   -2.46   32.73  
-0.61   -2.46   32.21  
-0.53   -2.46   31.75  
-0.44   -2.46   31.36  
-0.36   -2.46   31.03  
-0.28   -2.46   30.77  
-0.20   -2.46   30.58  
-0.12   -2.46   30.45  
-0.04   -2.46   30.38  
0.04    -2.46   30.38  
0.12    -2.46   30.45  
0.20    -2.46   30.58  
0.28    -2.46   30.77  
0.36    -2.46   31.03  
0.44    -2.46   31.36  
0.53    -2.46   31.75  
0.61    -2.46   32.21  
0.69    -2.46   32.73  
0.77    -2.46   33.32  
0.85    -2.46   33.97  
0.93    -2.46   34.69  
1.01    -2.46   35.47  
1.09    -2.46   36.32  
1.17    -2.46   37.24  
1.25    -2.46   38.22  
1.33    -2.46   39.26  
1.41    -2.46   40.37  
1.49    -2.46   41.55  
1.58    -2.46   42.79  
1.66    -2.46   44.09  
1.74    -2.46   45.46  
1.82    -2.46   46.90  
1.90    -2.46   48.40  
1.98    -2.46   49.97  
2.06    -2.46   51.60  
2.14    -2.46   53.30  
2.22    -2.46   55.06  
2.30    -2.46   56.89  
2.38    -2.46   58.79  
2.46    -2.46   60.74  
2.55    -2.46   62.77  
2.63    -2.46   64.86  
2.71    -2.46   67.01  
2.79    -2.46   69.23  
2.87    -2.46   71.52  
2.95    -2.46   73.87  
3.03    -2.46   76.29  
3.11    -2.46   78.77  
3.19    -2.46   81.31  
3.27    -2.46   83.93  
3.35    -2.46   86.60  
3.43    -2.46   89.35  
3.52    -2.46   92.15  
3.60    -2.46   95.03  
3.68    -2.46   97.97  
3.76    -2.46   100.97 
3.84    -2.46   104.04 
3.92    -2.46   107.17 
4.00    -2.46   110.37 
-4.00   -2.38   108.41 
-3.92   -2.38   105.21 
-3.84   -2.38   102.08 
-3.76   -2.38   99.01  
-3.68   -2.38   96.01  
-3.60   -2.38   93.07  
-3.52   -2.38   90.19  
-3.43   -2.38   87.39  
-3.35   -2.38   84.64  
-3.27   -2.38   81.97  
-3.19   -2.38   79.36  
-3.11   -2.38   76.81  
-3.03   -2.38   74.33  
-2.95   -2.38   71.91  
-2.87   -2.38   69.56  
-2.79   -2.38   67.27  
-2.71   -2.38   65.05  
-2.63   -2.38   62.90  
-2.55   -2.38   60.81  
-2.46   -2.38   58.79  
-2.38   -2.38   56.83  
-2.30   -2.38   54.93  
-2.22   -2.38   53.10  
-2.14   -2.38   51.34  
-2.06   -2.38   49.64  
-1.98   -2.38   48.01  
-1.90   -2.38   46.44  
-1.82   -2.38   44.94  
-1.74   -2.38   43.51  
-1.66   -2.38   42.13  
-1.58   -2.38   40.83  
-1.49   -2.38   39.59  
-1.41   -2.38   38.41  
-1.33   -2.38   37.30  
-1.25   -2.38   36.26  
-1.17   -2.38   35.28  
-1.09   -2.38   34.36  
-1.01   -2.38   33.51  
-0.93   -2.38   32.73  
-0.85   -2.38   32.01  
-0.77   -2.38   31.36  
-0.69   -2.38   30.77  
-0.61   -2.38   30.25  
-0.53   -2.38   29.79  
-0.44   -2.38   29.40  
-0.36   -2.38   29.07  
-0.28   -2.38   28.81  
-0.20   -2.38   28.62  
-0.12   -2.38   28.49  
-0.04   -2.38   28.42  
0.04    -2.38   28.42  
0.12    -2.38   28.49  
0.20    -2.38   28.62  
0.28    -2.38   28.81  
0.36    -2.38   29.07  
0.44    -2.38   29.40  
0.53    -2.38   29.79  
0.61    -2.38   30.25  
0.69    -2.38   30.77  
0.77    -2.38   31.36  
0.85    -2.38   32.01  
0.93    -2.38   32.73  
1.01    -2.38   33.51  
1.09    -2.38   34.36  
1.17    -2.38   35.28  
1.25    -2.38   36.26  
1.33    -2.38   37.30  
1.41    -2.38   38.41  
1.49    -2.38   39.59  
1.58    -2.38   40.83  
1.66    -2.38   42.13  
1.74    -2.38   43.51  
1.82    -2.38   44.94  
1.90    -2.38   46.44  
1.98    -2.38   48.01  
2.06    -2.38   49.64  
2.14    -2.38   51.34  
2.22    -2.38   53.10  
2.30    -2.38   54.93  
2.38    -2.38   56.83  
2.46    -2.38   58.79  
2.55    -2.38   60.81  
2.63    -2.38   62.90  
2.71    -2.38   65.05  
2.79    -2.38   67.27  
2.87    -2.38   69.56  
2.95    -2.38   71.91  
3.03    -2.38   74.33  
3.11    -2.38   76.81  
3.19    -2.38   79.36  
3.27    -2.38   81.97  
3.35    -2.38   84.64  
3.43    -2.38   87.39  
3.52    -2.38   90.19  
3.60    -2.38   93.07  
3.68    -2.38   96.01  
3.76    -2.38   99.01  
3.84    -2.38   102.08 
3.92    -2.38   105.21 
4.00    -2.38   108.41 
-4.00   -2.30   106.52 
-3.92   -2.30   103.32 
-3.84   -2.30   100.19 
-3.76   -2.30   97.12  
-3.68   -2.30   94.11  
-3.60   -2.30   91.17  
-3.52   -2.30   88.30  
-3.43   -2.30   85.49  
-3.35   -2.30   82.75  
-3.27   -2.30   80.07  
-3.19   -2.30   77.46  
-3.11   -2.30   74.91  
-3.03   -2.30   72.43  
-2.95   -2.30   70.02  
-2.87   -2.30   67.67  
-2.79   -2.30   65.38  
-2.71   -2.30   63.16  
-2.63   -2.30   61.01  
-2.55   -2.30   58.92  
-2.46   -2.30   56.89  
-2.38   -2.30   54.93  
-2.30   -2.30   53.04  
-2.22   -2.30   51.21  
-2.14   -2.30   49.45  
-2.06   -2.30   47.75  
-1.98   -2.30   46.12  
-1.90   -2.30   44.55  
-1.82   -2.30   43.05  
-1.74   -2.30   41.61  
-1.66   -2.30   40.24  
-1.58   -2.30   38.93  
-1.49   -2.30   37.69  
-1.41   -2.30   36.52  
-1.33   -2.30   35.41  
-1.25   -2.30   34.36  
-1.17   -2.30   33.38  
-1.09   -2.30   32.47  
-1.01   -2.30   31.62  
-0.93   -2.30   30.84  
-0.85   -2.30   30.12  
-0.77   -2.30   29.47  
-0.69   -2.30   28.88  
-0.61   -2.30   28.36  
-0.53   -2.30   27.90  
-0.44   -2.30   27.51  
-0.36   -2.30   27.18  
-0.28   -2.30   26.92  
-0.20   -2.30   26.72  
-0.12   -2.30   26.59  
-0.04   -2.30   26.53  
0.04    -2.30   26.53  
0.12    -2.30   26.59  
0.20    -2.30   26.72  
0.28    -2.30   26.92  
0.36    -2.30   27.18  
0.44    -2.30   27.51  
0.53    -2.30   27.90  
0.61    -2.30   28.36  
0.69    -2.30   28.88  
0.77    -2.30   29.47  
0.85    -2.30   30.12  
0.93    -2.30   30.84  
1.01    -2.30   31.62  
1.09    -2.30   32.47  
1.17    -2.30   33.38  
1.25    -2.30   34.36  
1.33    -2.30   35.41  
1.41    -2.30   36.52  
1.49    -2.30   37.69  
1.58    -2.30   38.93  
1.66    -2.30   40.24  
1.74    -2.30   41.61  
1.82    -2.30   43.05  
1.90    -2.30   44.55  
1.98    -2.30   46.12  
2.06    -2.30   47.75  
2.14    -2.30   49.45  
2.22    -2.30   51.21  
2.30    -2.30   53.04  
2.38    -2.30   54.93  
2.46    -2.30   56.89  
2.55    -2.30   58.92  
2.63    -2.30   61.01  
2.71    -2.30   63.16  
2.79    -2.30   65.38  
2.87    -2.30   67.67  
2.95    -2.30   70.02  
3.03    -2.30   72.43  
3.11    -2.30   74.91  
3.19    -2.30   77.46  
3.27    -2.30   80.07  
3.35    -2.30   82.75  
3.43    -2.30   85.49  
3.52    -2.30   88.30  
3.60    -2.30   91.17  
3.68    -2.30   94.11  
3.76    -2.30   97.12  
3.84    -2.30   100.19 
3.92    -2.30   103.32 
4.00    -2.30   106.52 
-4.00   -2.22   104.69 
-3.92   -2.22   101.49 
-3.84   -2.22   98.36  
-3.76   -2.22   95.29  
-3.68   -2.22   92.28  
-3.60   -2.22   89.35  
-3.52   -2.22   86.47  
-3.43   -2.22   83.66  
-3.35   -2.22   80.92  
-3.27   -2.22   78.25  
-3.19   -2.22   75.63  
-3.11   -2.22   73.09  
-3.03   -2.22   70.61  
-2.95   -2.22   68.19  
-2.87   -2.22   65.84  
-2.79   -2.22   63.55  
-2.71   -2.22   61.33  
-2.63   -2.22   59.18  
-2.55   -2.22   57.09  
-2.46   -2.22   55.06  
-2.38   -2.22   53.10  
-2.30   -2.22   51.21  
-2.22   -2.22   49.38  
-2.14   -2.22   47.62  
-2.06   -2.22   45.92  
-1.98   -2.22   44.29  
-1.90   -2.22   42.72  
-1.82   -2.22   41.22  
-1.74   -2.22   39.78  
-1.66   -2.22   38.41  
-1.58   -2.22   37.11  
-1.49   -2.22   35.87  
-1.41   -2.22   34.69  
-1.33   -2.22   33.58  
-1.25   -2.22   32.54  
-1.17   -2.22   31.56  
-1.09   -2.22   30.64  
-1.01   -2.22   29.79  
-0.93   -2.22   29.01  
-0.85   -2.22   28.29  
-0.77   -2.22   27.64  
-0.69   -2.22   27.05  
-0.61   -2.22   26.53  
-0.53   -2.22   26.07  
-0.44   -2.22   25.68  
-0.36   -2.22   25.35  
-0.28   -2.22   25.09  
-0.20   -2.22   24.90  
-0.12   -2.22   24.76  
-0.04   -2.22   24.70  
0.04    -2.22   24.70  
0.12    -2.22   24.76  
0.20    -2.22   24.90  
0.28    -2.22   25.09  
0.36    -2.22   25.35  
0.44    -2.22   25.68  
0.53    -2.22   26.07  
0.61    -2.22   26.53  
0.69    -2.22   27.05  
0.77    -2.22   27.64  
0.85    -2.22   28.29  
0.93    -2.22   29.01  
1.01    -2.22   29.79  
1.09    -2.22   30.64  
1.17    -2.22   31.56  
1.25    -2.22   32.54  
1.33    -2.22   33.58  
1.41    -2.22   34.69  
1.49    -2.22   35.87  
1.58    -2.22   37.11  
1.66    -2.22   38.41  
1.74    -2.22   39.78  
1.82    -2.22   41.22  
1.90    -2.22   42.72  
1.98    -2.22   44.29  
2.06    -2.22   45.92  
2.14    -2.22   47.62  
2.22    -2.22   49.38  
2.30    -2.22   51.21  
2.38    -2.22   53.10  
2.46    -2.22   55.06  
2.55    -2.22   57.09  
2.63    -2.22   59.18  
2.71    -2.22   61.33  
2.79    -2.22   63.55  
2.87    -2.22   65.84  
2.95    -2.22   68.19  
3.03    -2.22   70.61  
3.11    -2.22   73.09  
3.19    -2.22   75.63  
3.27    -2.22   78.25  
3.35    -2.22   80.92  
3.43    -2.22   83.66  
3.52    -2.22   86.47  
3.60    -2.22   89.35  
3.68    -2.22   92.28  
3.76    -2.22   95.29  
3.84    -2.22   98.36  
3.92    -2.22   101.49 
4.00    -2.22   104.69 
-4.00   -2.14   102.93 
-3.92   -2.14   99.73  
-3.84   -2.14   96.59  
-3.76   -2.14   93.53  
-3.68   -2.14   90.52  
-3.60   -2.14   87.58  
-3.52   -2.14   84.71  
-3.43   -2.14   81.90  
-3.35   -2.14   79.16  
-3.27   -2.14   76.48  
-3.19   -2.14   73.87  
-3.11   -2.14   71.32  
-3.03   -2.14   68.84  
-2.95   -2.14   66.43  
-2.87   -2.14   64.08  
-2.79   -2.14   61.79  
-2.71   -2.14   59.57  
-2.63   -2.14   57.41  
-2.55   -2.14   55.32  
-2.46   -2.14   53.30  
-2.38   -2.14   51.34  
-2.30   -2.14   49.45  
-2.22   -2.14   47.62  
-2.14   -2.14   45.86  
-2.06   -2.14   44.16  
-1.98   -2.14   42.53  
-1.90   -2.14   40.96  
-1.82   -2.14   39.46  
-1.74   -2.14   38.02  
-1.66   -2.14   36.65  
-1.58   -2.14   35.34  
-1.49   -2.14   34.10  
-1.41   -2.14   32.93  
-1.33   -2.14   31.82  
-1.25   -2.14   30.77  
-1.17   -2.14   29.79  
-1.09   -2.14   28.88  
-1.01   -2.14   28.03  
-0.93   -2.14   27.25  
-0.85   -2.14   26.53  
-0.77   -2.14   25.87  
-0.69   -2.14   25.29  
-0.61   -2.14   24.76  
-0.53   -2.14   24.31  
-0.44   -2.14   23.92  
-0.36   -2.14   23.59  
-0.28   -2.14   23.33  
-0.20   -2.14   23.13  
-0.12   -2.14   23.00  
-0.04   -2.14   22.94  
0.04    -2.14   22.94  
0.12    -2.14   23.00  
0.20    -2.14   23.13  
0.28    -2.14   23.33  
0.36    -2.14   23.59  
0.44    -2.14   23.92  
0.53    -2.14   24.31  
0.61    -2.14   24.76  
0.69    -2.14   25.29  
0.77    -2.14   25.87  
0.85    -2.14   26.53  
0.93    -2.14   27.25  
1.01    -2.14   28.03  
1.09    -2.14   28.88  
1.17    -2.14   29.79  
1.25    -2.14   30.77  
1.33    -2.14   31.82  
1.41    -2.14   32.93  
1.49    -2.14   34.10  
1.58    -2.14   35.34  
1.66    -2.14   36.65  
1.74    -2.14   38.02  
1.82    -2.14   39.46  
1.90    -2.14   40.96  
1.98    -2.14   42.53  
2.06    -2.14   44.16  
2.14    -2.14   45.86  
2.22    -2.14   47.62  
2.30    -2.14   49.45  
2.38    -2.14   51.34  
2.46    -2.14   53.30  
2.55    -2.14   55.32  
2.63    -2.14   57.41  
2.71    -2.14   59.57  
2.79    -2.14   61.79  
2.87    -2.14   64.08  
2.95    -2.14   66.43  
3.03    -2.14   68.84  
3.11    -2.14   71.32  
3.19    -2.14   73.87  
3.27    -2.14   76.48  
3.35    -2.14   79.16  
3.43    -2.14   81.90  
3.52    -2.14   84.71  
3.60    -2.14   87.58  
3.68    -2.14   90.52  
3.76    -2.14   93.53  
3.84    -2.14   96.59  
3.92    -2.14   99.73  
4.00    -2.14   102.93 
-4.00   -2.06   101.23 
-3.92   -2.06   98.03  
-3.84   -2.06   94.90  
-3.76   -2.06   91.83  
-3.68   -2.06   88.82  
-3.60   -2.06   85.89  
-3.52   -2.06   83.01  
-3.43   -2.06   80.20  
-3.35   -2.06   77.46  
-3.27   -2.06   74.78  
-3.19   -2.06   72.17  
-3.11   -2.06   69.63  
-3.03   -2.06   67.14  
-2.95   -2.06   64.73  
-2.87   -2.06   62.38  
-2.79   -2.06   60.09  
-2.71   -2.06   57.87  
-2.63   -2.06   55.72  
-2.55   -2.06   53.63  
-2.46   -2.06   51.60  
-2.38   -2.06   49.64  
-2.30   -2.06   47.75  
-2.22   -2.06   45.92  
-2.14   -2.06   44.16  
-2.06   -2.06   42.46  
-1.98   -2.06   40.83  
-1.90   -2.06   39.26  
-1.82   -2.06   37.76  
-1.74   -2.06   36.32  
-1.66   -2.06   34.95  
-1.58   -2.06   33.65  
-1.49   -2.06   32.40  
-1.41   -2.06   31.23  
-1.33   -2.06   30.12  
-1.25   -2.06   29.07  
-1.17   -2.06   28.10  
-1.09   -2.06   27.18  
-1.01   -2.06   26.33  
-0.93   -2.06   25.55  
-0.85   -2.06   24.83  
-0.77   -2.06   24.18  
-0.69   -2.06   23.59  
-0.61   -2.06   23.07  
-0.53   -2.06   22.61  
-0.44   -2.06   22.22  
-0.36   -2.06   21.89  
-0.28   -2.06   21.63  
-0.20   -2.06   21.43  
-0.12   -2.06   21.30  
-0.04   -2.06   21.24  
0.04    -2.06   21.24  
0.12    -2.06   21.30  
0.20    -2.06   21.43  
0.28    -2.06   21.63  
0.36    -2.06   21.89  
0.44    -2.06   22.22  
0.53    -2.06   22.61  
0.61    -2.06   23.07  
0.69    -2.06   23.59  
0.77    -2.06   24.18  
0.85    -2.06   24.83  
0.93    -2.06   25.55  
1.01    -2.06   26.33  
1.09    -2.06   27.18  
1.17    -2.06   28.10  
1.25    -2.06   29.07  
1.33    -2.06   30.12  
1.41    -2.06   31.23  
1.49    -2.06   32.40  
1.58    -2.06   33.65  
1.66    -2.06   34.95  
1.74    -2.06   36.32  
1.82    -2.06   37.76  
1.90    -2.06   39.26  
1.98    -2.06   40.83  
2.06    -2.06   42.46  
2.14    -2.06   44.16  
2.22    -2.06   45.92  
2.30    -2.06   47.75  
2.38    -2.06   49.64  
2.46    -2.06   51.60  
2.55    -2.06   53.63  
2.63    -2.06   55.72  
2.71    -2.06   57.87  
2.79    -2.06   60.09  
2.87    -2.06   62.38  
2.95    -2.06   64.73  
3.03    -2.06   67.14  
3.11    -2.06   69.63  
3.19    -2.06   72.17  
3.27    -2.06   74.78  
3.35    -2.06   77.46  
3.43    -2.06   80.20  
3.52    -2.06   83.01  
3.60    -2.06   85.89  
3.68    -2.06   88.82  
3.76    -2.06   91.83  
3.84    -2.06   94.90  
3.92    -2.06   98.03  
4.00    -2.06   101.23 
-4.00   -1.98   99.60  
-3.92   -1.98   96.40  
-3.84   -1.98   93.26  
-3.76   -1.98   90.19  
-3.68   -1.98   87.19  
-3.60   -1.98   84.25  
-3.52   -1.98   81.38  
-3.43   -1.98   78.57  
-3.35   -1.98   75.83  
-3.27   -1.98   73.15  
-3.19   -1.98   70.54  
-3.11   -1.98   67.99  
-3.03   -1.98   65.51  
-2.95   -1.98   63.10  
-2.87   -1.98   60.74  
-2.79   -1.98   58.46  
-2.71   -1.98   56.24  
-2.63   -1.98   54.08  
-2.55   -1.98   51.99  
-2.46   -1.98   49.97  
-2.38   -1.98   48.01  
-2.30   -1.98   46.12  
-2.22   -1.98   44.29  
-2.14   -1.98   42.53  
-2.06   -1.98   40.83  
-1.98   -1.98   39.20  
-1.90   -1.98   37.63  
-1.82   -1.98   36.13  
-1.74   -1.98   34.69  
-1.66   -1.98   33.32  
-1.58   -1.98   32.01  
-1.49   -1.98   30.77  
-1.41   -1.98   29.60  
-1.33   -1.98   28.49  
-1.25   -1.98   27.44  
-1.17   -1.98   26.46  
-1.09   -1.98   25.55  
-1.01   -1.98   24.70  
-0.93   -1.98   23.92  
-0.85   -1.98   23.20  
-0.77   -1.98   22.54  
-0.69   -1.98   21.96  
-0.61   -1.98   21.43  
-0.53   -1.98   20.98  
-0.44   -1.98   20.59  
-0.36   -1.98   20.26  
-0.28   -1.98   20.00  
-0.20   -1.98   19.80  
-0.12   -1.98   19.67  
-0.04   -1.98   19.61  
0.04    -1.98   19.61  
0.12    -1.98   19.67  
0.20    -1.98   19.80  
0.28    -1.98   20.00  
0.36    -1.98   20.26  
0.44    -1.98   20.59  
0.53    -1.98   20.98  
0.61    -1.98   21.43  
0.69    -1.98   21.96  
0.77    -1.98   22.54  
0.85    -1.98   23.20  
0.93    -1.98   23.92  
1.01    -1.98   24.70  
1.09    -1.98   25.55  
1.17    -1.98   26.46  
1.25    -1.98   27.44  
1.33    -1.98   28.49  
1.41    -1.98   29.60  
1.49    -1.98   30.77  
1.58    -1.98   32.01  
1.66    -1.98   33.32  
1.74    -1.98   34.69  
1.82    -1.98   36.13  
1.90    -1.98   37.63  
1.98    -1.98   39.20  
2.06    -1.98   40.83  
2.14    -1.98   42.53  
2.22    -1.98   44.29  
2.30    -1.98   46.12  
2.38    -1.98   48.01  
2.46    -1.98   49.97  
2.55    -1.98   51.99  
2.63    -1.98   54.08  
2.71    -1.98   56.24  
2.79    -1.98   58.46  
2.87    -1.98   60.74  
2.95    -1.98   63.10  
3.03    -1.98   65.51  
3.11    -1.98   67.99  
3.19    -1.98   70.54  
3.27    -1.98   73.15  
3.35    -1.98   75.83  
3.43    -1.98   78.57  
3.52    -1.98   81.38  
3.60    -1.98   84.25  
3.68    -1.98   87.19  
3.76    -1.98   90.19  
3.84    -1.98   93.26  
3.92    -1.98   96.40  
4.00    -1.98   99.60  
-4.00   -1.90   98.03  
-3.92   -1.90   94.83  
-3.84   -1.90   91.70  
-3.76   -1.90   88.63  
-3.68   -1.90   85.62  
-3.60   -1.90   82.69  
-3.52   -1.90   79.81  
-3.43   -1.90   77.00  
-3.35   -1.90   74.26  
-3.27   -1.90   71.58  
-3.19   -1.90   68.97  
-3.11   -1.90   66.43  
-3.03   -1.90   63.94  
-2.95   -1.90   61.53  
-2.87   -1.90   59.18  
-2.79   -1.90   56.89  
-2.71   -1.90   54.67  
-2.63   -1.90   52.52  
-2.55   -1.90   50.43  
-2.46   -1.90   48.40  
-2.38   -1.90   46.44  
-2.30   -1.90   44.55  
-2.22   -1.90   42.72  
-2.14   -1.90   40.96  
-2.06   -1.90   39.26  
-1.98   -1.90   37.63  
-1.90   -1.90   36.06  
-1.82   -1.90   34.56  
-1.74   -1.90   33.12  
-1.66   -1.90   31.75  
-1.58   -1.90   30.45  
-1.49   -1.90   29.21  
-1.41   -1.90   28.03  
-1.33   -1.90   26.92  
-1.25   -1.90   25.87  
-1.17   -1.90   24.90  
-1.09   -1.90   23.98  
-1.01   -1.90   23.13  
-0.93   -1.90   22.35  
-0.85   -1.90   21.63  
-0.77   -1.90   20.98  
-0.69   -1.90   20.39  
-0.61   -1.90   19.87  
-0.53   -1.90   19.41  
-0.44   -1.90   19.02  
-0.36   -1.90   18.69  
-0.28   -1.90   18.43  
-0.20   -1.90   18.23  
-0.12   -1.90   18.10  
-0.04   -1.90   18.04  
0.04    -1.90   18.04  
0.12    -1.90   18.10  
0.20    -1.90   18.23  
0.28    -1.90   18.43  
0.36    -1.90   18.69  
0.44    -1.90   19.02  
0.53    -1.90   19.41  
0.61    -1.90   19.87  
0.69    -1.90   20.39  
0.77    -1.90   20.98  
0.85    -1.90   21.63  
0.93    -1.90   22.35  
1.01    -1.90   23.13  
1.09    -1.90   23.98  
1.17    -1.90   24.90  
1.25    -1.90   25.87  
1.33    -1.90   26.92  
1.41    -1.90   28.03  
1.49    -1.90   29.21  
1.58    -1.90   30.45  
1.66    -1.90   31.75  
1.74    -1.90   33.12  
1.82    -1.90   34.56  
1.90    -1.90   36.06  
1.98    -1.90   37.63  
2.06    -1.90   39.26  
2.14    -1.90   40.96  
2.22    -1.90   42.72  
2.30    -1.90   44.55  
2.38    -1.90   46.44  
2.46    -1.90   48.40  
2.55    -1.90   50.43  
2.63    -1.90   52.52  
2.71    -1.90   54.67  
2.79    -1.90   56.89  
2.87    -1.90   59.18  
2.95    -1.90   61.53  
3.03    -1.90   63.94  
3.11    -1.90   66.43  
3.19    -1.90   68.97  
3.27    -1.90   71.58  
3.35    -1.90   74.26  
3.43    -1.90   77.00  
3.52    -1.90   79.81  
3.60    -1.90   82.69  
3.68    -1.90   85.62  
3.76    -1.90   88.63  
3.84    -1.90   91.70  
3.92    -1.90   94.83  
4.00    -1.90   98.03  
-4.00   -1.82   96.53  
-3.92   -1.82   93.33  
-3.84   -1.82   90.19  
-3.76   -1.82   87.13  
-3.68   -1.82   84.12  
-3.60   -1.82   81.18  
-3.52   -1.82   78.31  
-3.43   -1.82   75.50  
-3.35   -1.82   72.76  
-3.27   -1.82   70.08  
-3.19   -1.82   67.47  
-3.11   -1.82   64.92  
-3.03   -1.82   62.44  
-2.95   -1.82   60.03  
-2.87   -1.82   57.68  
-2.79   -1.82   55.39  
-2.71   -1.82   53.17  
-2.63   -1.82   51.02  
-2.55   -1.82   48.93  
-2.46   -1.82   46.90  
-2.38   -1.82   44.94  
-2.30   -1.82   43.05  
-2.22   -1.82   41.22  
-2.14   -1.82   39.46  
-2.06   -1.82   37.76  
-1.98   -1.82   36.13  
-1.90   -1.82   34.56  
-1.82   -1.82   33.06  
-1.74   -1.82   31.62  
-1.66   -1.82   30.25  
-1.58   -1.82   28.94  
-1.49   -1.82   27.70  
-1.41   -1.82   26.53  
-1.33   -1.82   25.42  
-1.25   -1.82   24.37  
-1.17   -1.82   23.39  
-1.09   -1.82   22.48  
-1.01   -1.82   21.63  
-0.93   -1.82   20.85  
-0.85   -1.82   20.13  
-0.77   -1.82   19.48  
-0.69   -1.82   18.89  
-0.61   -1.82   18.37  
-0.53   -1.82   17.91  
-0.44   -1.82   17.52  
-0.36   -1.82   17.19  
-0.28   -1.82   16.93  
-0.20   -1.82   16.73  
-0.12   -1.82   16.60  
-0.04   -1.82   16.54  
0.04    -1.82   16.54  
0.12    -1.82   16.60  
0.20    -1.82   16.73  
0.28    -1.82   16.93  
0.36    -1.82   17.19  
0.44    -1.82   17.52  
0.53    -1.82   17.91  
0.61    -1.82   18.37  
0.69    -1.82   18.89  
0.77    -1.82   19.48  
0.85    -1.82   20.13  
0.93    -1.82   20.85  
1.01    -1.82   21.63  
1.09    -1.82   22.48  
1.17    -1.82   23.39  
1.25    -1.82   24.37  
1.33    -1.82   25.42  
1.41    -1.82   26.53  
1.49    -1.82   27.70  
1.58    -1.82   28.94  
1.66    -1.82   30.25  
1.74    -1.82   31.62  
1.82    -1.82   33.06  
1.90    -1.82   34.56  
1.98    -1.82   36.13  
2.06    -1.82   37.76  
2.14    -1.82   39.46  
2.22    -1.82   41.22  
2.30    -1.82   43.05  
2.38    -1.82   44.94  
2.46    -1.82   46.90  
2.55    -1.82   48.93  
2.63    -1.82   51.02  
2.71    -1.82   53.17  
2.79    -1.82   55.39  
2.87    -1.82   57.68  
2.95    -1.82   60.03  
3.03    -1.82   62.44  
3.11    -1.82   64.92  
3.19    -1.82   67.47  
3.27    -1.82   70.08  
3.35    -1.82   72.76  
3.43    -1.82   75.50  
3.52    -1.82   78.31  
3.60    -1.82   81.18  
3.68    -1.82   84.12  
3.76    -1.82   87.13  
3.84    -1.82   90.19  
3.92    -1.82   93.33  
4.00    -1.82   96.53  
-4.00   -1.74   95.09  
-3.92   -1.74   91.89  
-3.84   -1.74   88.76  
-3.76   -1.74   85.69  
-3.68   -1.74   82.69  
-3.60   -1.74   79.75  
-3.52   -1.74   76.87  
-3.43   -1.74   74.07  
-3.35   -1.74   71.32  
-3.27   -1.74   68.65  
-3.19   -1.74   66.03  
-3.11   -1.74   63.49  
-3.03   -1.74   61.01  
-2.95   -1.74   58.59  
-2.87   -1.74   56.24  
-2.79   -1.74   53.95  
-2.71   -1.74   51.73  
-2.63   -1.74   49.58  
-2.55   -1.74   47.49  
-2.46   -1.74   45.46  
-2.38   -1.74   43.51  
-2.30   -1.74   41.61  
-2.22   -1.74   39.78  
-2.14   -1.74   38.02  
-2.06   -1.74   36.32  
-1.98   -1.74   34.69  
-1.90   -1.74   33.12  
-1.82   -1.74   31.62  
-1.74   -1.74   30.18  
-1.66   -1.74   28.81  
-1.58   -1.74   27.51  
-1.49   -1.74   26.27  
-1.41   -1.74   25.09  
-1.33   -1.74   23.98  
-1.25   -1.74   22.94  
-1.17   -1.74   21.96  
-1.09   -1.74   21.04  
-1.01   -1.74   20.19  
-0.93   -1.74   19.41  
-0.85   -1.74   18.69  
-0.77   -1.74   18.04  
-0.69   -1.74   17.45  
-0.61   -1.74   16.93  
-0.53   -1.74   16.47  
-0.44   -1.74   16.08  
-0.36   -1.74   15.75  
-0.28   -1.74   15.49  
-0.20   -1.74   15.30  
-0.12   -1.74   15.17  
-0.04   -1.74   15.10  
0.04    -1.74   15.10  
0.12    -1.74   15.17  
0.20    -1.74   15.30  
0.28    -1.74   15.49  
0.36    -1.74   15.75  
0.44    -1.74   16.08  
0.53    -1.74   16.47  
0.61    -1.74   16.93  
0.69    -1.74   17.45  
0.77    -1.74   18.04  
0.85    -1.74   18.69  
0.93    -1.74   19.41  
1.01    -1.74   20.19  
1.09    -1.74   21.04  
1.17    -1.74   21.96  
1.25    -1.74   22.94  
1.33    -1.74   23.98  
1.41    -1.74   25.09  
1.49    -1.74   26.27  
1.58    -1.74   27.51  
1.66    -1.74   28.81  
1.74    -1.74   30.18  
1.82    -1.74   31.62  
1.90    -1.74   33.12  
1.98    -1.74   34.69  
2.06    -1.74   36.32  
2.14    -1.74   38.02  
2.22    -1.74   39.78  
2.30    -1.74   41.61  
2.38    -1.74   43.51  
2.46    -1.74   45.46  
2.55    -1.74   47.49  
2.63    -1.74   49.58  
2.71    -1.74   51.73  
2.79    -1.74   53.95  
2.87    -1.74   56.24  
2.95    -1.74   58.59  
3.03    -1.74   61.01  
3.11    -1.74   63.49  
3.19    -1.74   66.03  
3.27    -1.74   68.65  
3.35    -1.74   71.32  
3.43    -1.74   74.07  
3.52    -1.74   76.87  
3.60    -1.74   79.75  
3.68    -1.74   82.69  
3.76    -1.74   85.69  
3.84    -1.74   88.76  
3.92    -1.74   91.89  
4.00    -1.74   95.09  
-4.00   -1.66   93.72  
-3.92   -1.66   90.52  
-3.84   -1.66   87.39  
-3.76   -1.66   84.32  
-3.68   -1.66   81.31  
-3.60   -1.66   78.38  
-3.52   -1.66   75.50  
-3.43   -1.66   72.69  
-3.35   -1.66   69.95  
-3.27   -1.66   67.27  
-3.19   -1.66   64.66  
-3.11   -1.66   62.12  
-3.03   -1.66   59.63  
-2.95   -1.66   57.22  
-2.87   -1.66   54.87  
-2.79   -1.66   52.58  
-2.71   -1.66   50.36  
-2.63   -1.66   48.21  
-2.55   -1.66   46.12  
-2.46   -1.66   44.09  
-2.38   -1.66   42.13  
-2.30   -1.66   40.24  
-2.22   -1.66   38.41  
-2.14   -1.66   36.65  
-2.06   -1.66   34.95  
-1.98   -1.66   33.32  
-1.90   -1.66   31.75  
-1.82   -1.66   30.25  
-1.74   -1.66   28.81  
-1.66   -1.66   27.44  
-1.58   -1.66   26.14  
-1.49   -1.66   24.90  
-1.41   -1.66   23.72  
-1.33   -1.66   22.61  
-1.25   -1.66   21.57  
-1.17   -1.66   20.59  
-1.09   -1.66   19.67  
-1.01   -1.66   18.82  
-0.93   -1.66   18.04  
-0.85   -1.66   17.32  
-0.77   -1.66   16.67  
-0.69   -1.66   16.08  
-0.61   -1.66   15.56  
-0.53   -1.66   15.10  
-0.44   -1.66   14.71  
-0.36   -1.66   14.38  
-0.28   -1.66   14.12  
-0.20   -1.66   13.93  
-0.12   -1.66   13.79  
-0.04   -1.66   13.73  
0.04    -1.66   13.73  
0.12    -1.66   13.79  
0.20    -1.66   13.93  
0.28    -1.66   14.12  
0.36    -1.66   14.38  
0.44    -1.66   14.71  
0.53    -1.66   15.10  
0.61    -1.66   15.56  
0.69    -1.66   16.08  
0.77    -1.66   16.67  
0.85    -1.66   17.32  
0.93    -1.66   18.04  
1.01    -1.66   18.82  
1.09    -1.66   19.67  
1.17    -1.66   20.59  
1.25    -1.66   21.57  
1.33    -1.66   22.61  
1.41    -1.66   23.72  
1.49    -1.66   24.90  
1.58    -1.66   26.14  
1.66    -1.66   27.44  
1.74    -1.66   28.81  
1.82    -1.66   30.25  
1.90    -1.66   31.75  
1.98    -1.66   33.32  
2.06    -1.66   34.95  
2.14    -1.66   36.65  
2.22    -1.66   38.41  
2.30    -1.66   40.24  
2.38    -1.66   42.13  
2.46    -1.66   44.09  
2.55    -1.66   46.12  
2.63    -1.66   48.21  
2.71    -1.66   50.36  
2.79    -1.66   52.58  
2.87    -1.66   54.87  
2.95    -1.66   57.22  
3.03    -1.66   59.63  
3.11    -1.66   62.12  
3.19    -1.66   64.66  
3.27    -1.66   67.27  
3.35    -1.66   69.95  
3.43    -1.66   72.69  
3.52    -1.66   75.50  
3.60    -1.66   78.38  
3.68    -1.66   81.31  
3.76    -1.66   84.32  
3.84    -1.66   87.39  
3.92    -1.66   90.52  
4.00    -1.66   93.72  
-4.00   -1.58   92.42  
-3.92   -1.58   89.22  
-3.84   -1.58   86.08  
-3.76   -1.58   83.01  
-3.68   -1.58   80.01  
-3.60   -1.58   77.07  
-3.52   -1.58   74.20  
-3.43   -1.58   71.39  
-3.35   -1.58   68.65  
-3.27   -1.58   65.97  
-3.19   -1.58   63.36  
-3.11   -1.58   60.81  
-3.03   -1.58   58.33  
-2.95   -1.58   55.91  
-2.87   -1.58   53.56  
-2.79   -1.58   51.28  
-2.71   -1.58   49.06  
-2.63   -1.58   46.90  
-2.55   -1.58   44.81  
-2.46   -1.58   42.79  
-2.38   -1.58   40.83  
-2.30   -1.58   38.93  
-2.22   -1.58   37.11  
-2.14   -1.58   35.34  
-2.06   -1.58   33.65  
-1.98   -1.58   32.01  
-1.90   -1.58   30.45  
-1.82   -1.58   28.94  
-1.74   -1.58   27.51  
-1.66   -1.58   26.14  
-1.58   -1.58   24.83  
-1.49   -1.58   23.59  
-1.41   -1.58   22.41  
-1.33   -1.58   21.30  
-1.25   -1.58   20.26  
-1.17   -1.58   19.28  
-1.09   -1.58   18.37  
-1.01   -1.58   17.52  
-0.93   -1.58   16.73  
-0.85   -1.58   16.01  
-0.77   -1.58   15.36  
-0.69   -1.58   14.77  
-0.61   -1.58   14.25  
-0.53   -1.58   13.79  
-0.44   -1.58   13.40  
-0.36   -1.58   13.08  
-0.28   -1.58   12.82  
-0.20   -1.58   12.62  
-0.12   -1.58   12.49  
-0.04   -1.58   12.42  
0.04    -1.58   12.42  
0.12    -1.58   12.49  
0.20    -1.58   12.62  
0.28    -1.58   12.82  
0.36    -1.58   13.08  
0.44    -1.58   13.40  
0.53    -1.58   13.79  
0.61    -1.58   14.25  
0.69    -1.58   14.77  
0.77    -1.58   15.36  
0.85    -1.58   16.01  
0.93    -1.58   16.73  
1.01    -1.58   17.52  
1.09    -1.58   18.37  
1.17    -1.58   19.28  
1.25    -1.58   20.26  
1.33    -1.58   21.30  
1.41    -1.58   22.41  
1.49    -1.58   23.59  
1.58    -1.58   24.83  
1.66    -1.58   26.14  
1.74    -1.58   27.51  
1.82    -1.58   28.94  
1.90    -1.58   30.45  
1.98    -1.58   32.01  
2.06    -1.58   33.65  
2.14    -1.58   35.34  
2.22    -1.58   37.11  
2.30    -1.58   38.93  
2.38    -1.58   40.83  
2.46    -1.58   42.79  
2.55    -1.58   44.81  
2.63    -1.58   46.90  
2.71    -1.58   49.06  
2.79    -1.58   51.28  
2.87    -1.58   53.56  
2.95    -1.58   55.91  
3.03    -1.58   58.33  
3.11    -1.58   60.81  
3.19    -1.58   63.36  
3.27    -1.58   65.97  
3.35    -1.58   68.65  
3.43    -1.58   71.39  
3.52    -1.58   74.20  
3.60    -1.58   77.07  
3.68    -1.58   80.01  
3.76    -1.58   83.01  
3.84    -1.58   86.08  
3.92    -1.58   89.22  
4.00    -1.58   92.42  
-4.00   -1.49   91.17  
-3.92   -1.49   87.97  
-3.84   -1.49   84.84  
-3.76   -1.49   81.77  
-3.68   -1.49   78.77  
-3.60   -1.49   75.83  
-3.52   -1.49   72.96  
-3.43   -1.49   70.15  
-3.35   -1.49   67.41  
-3.27   -1.49   64.73  
-3.19   -1.49   62.12  
-3.11   -1.49   59.57  
-3.03   -1.49   57.09  
-2.95   -1.49   54.67  
-2.87   -1.49   52.32  
-2.79   -1.49   50.04  
-2.71   -1.49   47.82  
-2.63   -1.49   45.66  
-2.55   -1.49   43.57  
-2.46   -1.49   41.55  
-2.38   -1.49   39.59  
-2.30   -1.49   37.69  
-2.22   -1.49   35.87  
-2.14   -1.49   34.10  
-2.06   -1.49   32.40  
-1.98   -1.49   30.77  
-1.90   -1.49   29.21  
-1.82   -1.49   27.70  
-1.74   -1.49   26.27  
-1.66   -1.49   24.90  
-1.58   -1.49   23.59  
-1.49   -1.49   22.35  
-1.41   -1.49   21.17  
-1.33   -1.49   20.06  
-1.25   -1.49   19.02  
-1.17   -1.49   18.04  
-1.09   -1.49   17.12  
-1.01   -1.49   16.28  
-0.93   -1.49   15.49  
-0.85   -1.49   14.77  
-0.77   -1.49   14.12  
-0.69   -1.49   13.53  
-0.61   -1.49   13.01  
-0.53   -1.49   12.55  
-0.44   -1.49   12.16  
-0.36   -1.49   11.84  
-0.28   -1.49   11.57  
-0.20   -1.49   11.38  
-0.12   -1.49   11.25  
-0.04   -1.49   11.18  
0.04    -1.49   11.18  
0.12    -1.49   11.25  
0.20    -1.49   11.38  
0.28    -1.49   11.57  
0.36    -1.49   11.84  
0.44    -1.49   12.16  
0.53    -1.49   12.55  
0.61    -1.49   13.01  
0.69    -1.49   13.53  
0.77    -1.49   14.12  
0.85    -1.49   14.77  
0.93    -1.49   15.49  
1.01    -1.49   16.28  
1.09    -1.49   17.12  
1.17    -1.49   18.04  
1.25    -1.49   19.02  
1.33    -1.49   20.06  
1.41    -1.49   21.17  
1.49    -1.49   22.35  
1.58    -1.49   23.59  
1.66    -1.49   24.90  
1.74    -1.49   26.27  
1.82    -1.49   27.70  
1.90    -1.49   29.21  
1.98    -1.49   30.77  
2.06    -1.49   32.40  
2.14    -1.49   34.10  
2.22    -1.49   35.87  
2.30    -1.49   37.69  
2.38    -1.49   39.59  
2.46    -1.49   41.55  
2.55    -1.49   43.57  
2.63    -1.49   45.66  
2.71    -1.49   47.82  
2.79    -1.49   50.04  
2.87    -1.49   52.32  
2.95    -1.49   54.67  
3.03    -1.49   57.09  
3.11    -1.49   59.57  
3.19    -1.49   62.12  
3.27    -1.49   64.73  
3.35    -1.49   67.41  
3.43    -1.49   70.15  
3.52    -1.49   72.96  
3.60    -1.49   75.83  
3.68    -1.49   78.77  
3.76    -1.49   81.77  
3.84    -1.49   84.84  
3.92    -1.49   87.97  
4.00    -1.49   91.17  
-4.00   -1.41   90.00  
-3.92   -1.41   86.80  
-3.84   -1.41   83.66  
-3.76   -1.41   80.60  
-3.68   -1.41   77.59  
-3.60   -1.41   74.65  
-3.52   -1.41   71.78  
-3.43   -1.41   68.97  
-3.35   -1.41   66.23  
-3.27   -1.41   63.55  
-3.19   -1.41   60.94  
-3.11   -1.41   58.39  
-3.03   -1.41   55.91  
-2.95   -1.41   53.50  
-2.87   -1.41   51.15  
-2.79   -1.41   48.86  
-2.71   -1.41   46.64  
-2.63   -1.41   44.49  
-2.55   -1.41   42.40  
-2.46   -1.41   40.37  
-2.38   -1.41   38.41  
-2.30   -1.41   36.52  
-2.22   -1.41   34.69  
-2.14   -1.41   32.93  
-2.06   -1.41   31.23  
-1.98   -1.41   29.60  
-1.90   -1.41   28.03  
-1.82   -1.41   26.53  
-1.74   -1.41   25.09  
-1.66   -1.41   23.72  
-1.58   -1.41   22.41  
-1.49   -1.41   21.17  
-1.41   -1.41   20.00  
-1.33   -1.41   18.89  
-1.25   -1.41   17.84  
-1.17   -1.41   16.86  
-1.09   -1.41   15.95  
-1.01   -1.41   15.10  
-0.93   -1.41   14.32  
-0.85   -1.41   13.60  
-0.77   -1.41   12.95  
-0.69   -1.41   12.36  
-0.61   -1.41   11.84  
-0.53   -1.41   11.38  
-0.44   -1.41   10.99  
-0.36   -1.41   10.66  
-0.28   -1.41   10.40  
-0.20   -1.41   10.20  
-0.12   -1.41   10.07  
-0.04   -1.41   10.01  
0.04    -1.41   10.01  
0.12    -1.41   10.07  
0.20    -1.41   10.20  
0.28    -1.41   10.40  
0.36    -1.41   10.66  
0.44    -1.41   10.99  
0.53    -1.41   11.38  
0.61    -1.41   11.84  
0.69    -1.41   12.36  
0.77    -1.41   12.95  
0.85    -1.41   13.60  
0.93    -1.41   14.32  
1.01    -1.41   15.10  
1.09    -1.41   15.95  
1.17    -1.41   16.86  
1.25    -1.41   17.84  
1.33    -1.41   18.89  
1.41    -1.41   20.00  
1.49    -1.41   21.17  
1.58    -1.41   22.41  
1.66    -1.41   23.72  
1.74    -1.41   25.09  
1.82    -1.41   26.53  
1.90    -1.41   28.03  
1.98    -1.41   29.60  
2.06    -1.41   31.23  
2.14    -1.41   32.93  
2.22    -1.41   34.69  
2.30    -1.41   36.52  
2.38    -1.41   38.41  
2.46    -1.41   40.37  
2.55    -1.41   42.40  
2.63    -1.41   44.49  
2.71    -1.41   46.64  
2.79    -1.41   48.86  
2.87    -1.41   51.15  
2.95    -1.41   53.50  
3.03    -1.41   55.91  
3.11    -1.41   58.39  
3.19    -1.41   60.94  
3.27    -1.41   63.55  
3.35    -1.41   66.23  
3.43    -1.41   68.97  
3.52    -1.41   71.78  
3.60    -1.41   74.65  
3.68    -1.41   77.59  
3.76    -1.41   80.60  
3.84    -1.41   83.66  
3.92    -1.41   86.80  
4.00    -1.41   90.00  
-4.00   -1.33   88.89  
-3.92   -1.33   85.69  
-3.84   -1.33   82.55  
-3.76   -1.33   79.49  
-3.68   -1.33   76.48  
-3.60   -1.33   73.54  
-3.52   -1.33   70.67  
-3.43   -1.33   67.86  
-3.35   -1.33   65.12  
-3.27   -1.33   62.44  
-3.19   -1.33   59.83  
-3.11   -1.33   57.28  
-3.03   -1.33   54.80  
-2.95   -1.33   52.39  
-2.87   -1.33   50.04  
-2.79   -1.33   47.75  
-2.71   -1.33   45.53  
-2.63   -1.33   43.38  
-2.55   -1.33   41.29  
-2.46   -1.33   39.26  
-2.38   -1.33   37.30  
-2.30   -1.33   35.41  
-2.22   -1.33   33.58  
-2.14   -1.33   31.82  
-2.06   -1.33   30.12  
-1.98   -1.33   28.49  
-1.90   -1.33   26.92  
-1.82   -1.33   25.42  
-1.74   -1.33   23.98  
-1.66   -1.33   22.61  
-1.58   -1.33   21.30  
-1.49   -1.33   20.06  
-1.41   -1.33   18.89  
-1.33   -1.33   17.78  
-1.25   -1.33   16.73  
-1.17   -1.33   15.75  
-1.09   -1.33   14.84  
-1.01   -1.33   13.99  
-0.93   -1.33   13.21  
-0.85   -1.33   12.49  
-0.77   -1.33   11.84  
-0.69   -1.33   11.25  
-0.61   -1.33   10.73  
-0.53   -1.33   10.27  
-0.44   -1.33   9.88   
-0.36   -1.33   9.55   
-0.28   -1.33   9.29   
-0.20   -1.33   9.09   
-0.12   -1.33   8.96   
-0.04   -1.33   8.90   
0.04    -1.33   8.90   
0.12    -1.33   8.96   
0.20    -1.33   9.09   
0.28    -1.33   9.29   
0.36    -1.33   9.55   
0.44    -1.33   9.88   
0.53    -1.33   10.27  
0.61    -1.33   10.73  
0.69    -1.33   11.25  
0.77    -1.33   11.84  
0.85    -1.33   12.49  
0.93    -1.33   13.21  
1.01    -1.33   13.99  
1.09    -1.33   14.84  
1.17    -1.33   15.75  
1.25    -1.33   16.73  
1.33    -1.33   17.78  
1.41    -1.33   18.89  
1.49    -1.33   20.06  
1.58    -1.33   21.30  
1.66    -1.33   22.61  
1.74    -1.33   23.98  
1.82    -1.33   25.42  
1.90    -1.33   26.92  
1.98    -1.33   28.49  
2.06    -1.33   30.12  
2.14    -1.33   31.82  
2.22    -1.33   33.58  
2.30    -1.33   35.41  
2.38    -1.33   37.30  
2.46    -1.33   39.26  
2.55    -1.33   41.29  
2.63    -1.33   43.38  
2.71    -1.33   45.53  
2.79    -1.33   47.75  
2.87    -1.33   50.04  
2.95    -1.33   52.39  
3.03    -1.33   54.80  
3.11    -1.33   57.28  
3.19    -1.33   59.83  
3.27    -1.33   62.44  
3.35    -1.33   65.12  
3.43    -1.33   67.86  
3.52    -1.33   70.67  
3.60    -1.33   73.54  
3.68    -1.33   76.48  
3.76    -1.33   79.49  
3.84    -1.33   82.55  
3.92    -1.33   85.69  
4.00    -1.33   88.89  
-4.00   -1.25   87.84  
-3.92   -1.25   84.64  
-3.84   -1.25   81.51  
-3.76   -1.25   78.44  
-3.68   -1.25   75.44  
-3.60   -1.25   72.50  
-3.52   -1.25   69.63  
-3.43   -1.25   66.82  
-3.35   -1.25   64.08  
-3.27   -1.25   61.40  
-3.19   -1.25   58.79  
-3.11   -1.25   56.24  
-3.03   -1.25   53.76  
-2.95   -1.25   51.34  
-2.87   -1.25   48.99  
-2.79   -1.25   46.71  
-2.71   -1.25   44.49  
-2.63   -1.25   42.33  
-2.55   -1.25   40.24  
-2.46   -1.25   38.22  
-2.38   -1.25   36.26  
-2.30   -1.25   34.36  
-2.22   -1.25   32.54  
-2.14   -1.25   30.77  
-2.06   -1.25   29.07  
-1.98   -1.25   27.44  
-1.90   -1.25   25.87  
-1.82   -1.25   24.37  
-1.74   -1.25   22.94  
-1.66   -1.25   21.57  
-1.58   -1.25   20.26  
-1.49   -1.25   19.02  
-1.41   -1.25   17.84  
-1.33   -1.25   16.73  
-1.25   -1.25   15.69  
-1.17   -1.25   14.71  
-1.09   -1.25   13.79  
-1.01   -1.25   12.95  
-0.93   -1.25   12.16  
-0.85   -1.25   11.44  
-0.77   -1.25   10.79  
-0.69   -1.25   10.20  
-0.61   -1.25   9.68   
-0.53   -1.25   9.22   
-0.44   -1.25   8.83   
-0.36   -1.25   8.51   
-0.28   -1.25   8.24   
-0.20   -1.25   8.05   
-0.12   -1.25   7.92   
-0.04   -1.25   7.85   
0.04    -1.25   7.85   
0.12    -1.25   7.92   
0.20    -1.25   8.05   
0.28    -1.25   8.24   
0.36    -1.25   8.51   
0.44    -1.25   8.83   
0.53    -1.25   9.22   
0.61    -1.25   9.68   
0.69    -1.25   10.20  
0.77    -1.25   10.79  
0.85    -1.25   11.44  
0.93    -1.25   12.16  
1.01    -1.25   12.95  
1.09    -1.25   13.79  
1.17    -1.25   14.71  
1.25    -1.25   15.69  
1.33    -1.25   16.73  
1.41    -1.25   17.84  
1.49    -1.25   19.02  
1.58    -1.25   20.26  
1.66    -1.25   21.57  
1.74    -1.25   22.94  
1.82    -1.25   24.37  
1.90    -1.25   25.87  
1.98    -1.25   27.44  
2.06    -1.25   29.07  
2.14    -1.25   30.77  
2.22    -1.25   32.54  
2.30    -1.25   34.36  
2.38    -1.25   36.26  
2.46    -1.25   38.22  
2.55    -1.25   40.24  
2.63    -1.25   42.33  
2.71    -1.25   44.49  
2.79    -1.25   46.71  
2.87    -1.25   48.99  
2.95    -1.25   51.34  
3.03    -1.25   53.76  
3.11    -1.25   56.24  
3.19    -1.25   58.79  
3.27    -1.25   61.40  
3.35    -1.25   64.08  
3.43    -1.25   66.82  
3.52    -1.25   69.63  
3.60    -1.25   72.50  
3.68    -1.25   75.44  
3.76    -1.25   78.44  
3.84    -1.25   81.51  
3.92    -1.25   84.64  
4.00    -1.25   87.84  
-4.00   -1.17   86.86  
-3.92   -1.17   83.66  
-3.84   -1.17   80.53  
-3.76   -1.17   77.46  
-3.68   -1.17   74.46  
-3.60   -1.17   71.52  
-3.52   -1.17   68.65  
-3.43   -1.17   65.84  
-3.35   -1.17   63.10  
-3.27   -1.17   60.42  
-3.19   -1.17   57.81  
-3.11   -1.17   55.26  
-3.03   -1.17   52.78  
-2.95   -1.17   50.36  
-2.87   -1.17   48.01  
-2.79   -1.17   45.73  
-2.71   -1.17   43.51  
-2.63   -1.17   41.35  
-2.55   -1.17   39.26  
-2.46   -1.17   37.24  
-2.38   -1.17   35.28  
-2.30   -1.17   33.38  
-2.22   -1.17   31.56  
-2.14   -1.17   29.79  
-2.06   -1.17   28.10  
-1.98   -1.17   26.46  
-1.90   -1.17   24.90  
-1.82   -1.17   23.39  
-1.74   -1.17   21.96  
-1.66   -1.17   20.59  
-1.58   -1.17   19.28  
-1.49   -1.17   18.04  
-1.41   -1.17   16.86  
-1.33   -1.17   15.75  
-1.25   -1.17   14.71  
-1.17   -1.17   13.73  
-1.09   -1.17   12.82  
-1.01   -1.17   11.97  
-0.93   -1.17   11.18  
-0.85   -1.17   10.46  
-0.77   -1.17   9.81   
-0.69   -1.17   9.22   
-0.61   -1.17   8.70   
-0.53   -1.17   8.24   
-0.44   -1.17   7.85   
-0.36   -1.17   7.53   
-0.28   -1.17   7.26   
-0.20   -1.17   7.07   
-0.12   -1.17   6.94   
-0.04   -1.17   6.87   
0.04    -1.17   6.87   
0.12    -1.17   6.94   
0.20    -1.17   7.07   
0.28    -1.17   7.26   
0.36    -1.17   7.53   
0.44    -1.17   7.85   
0.53    -1.17   8.24   
0.61    -1.17   8.70   
0.69    -1.17   9.22   
0.77    -1.17   9.81   
0.85    -1.17   10.46  
0.93    -1.17   11.18  
1.01    -1.17   11.97  
1.09    -1.17   12.82  
1.17    -1.17   13.73  
1.25    -1.17   14.71  
1.33    -1.17   15.75  
1.41    -1.17   16.86  
1.49    -1.17   18.04  
1.58    -1.17   19.28  
1.66    -1.17   20.59  
1.74    -1.17   21.96  
1.82    -1.17   23.39  
1.90    -1.17   24.90  
1.98    -1.17   26.46  
2.06    -1.17   28.10  
2.14    -1.17   29.79  
2.22    -1.17   31.56  
2.30    -1.17   33.38  
2.38    -1.17   35.28  
2.46    -1.17   37.24  
2.55    -1.17   39.26  
2.63    -1.17   41.35  
2.71    -1.17   43.51  
2.79    -1.17   45.73  
2.87    -1.17   48.01  
2.95    -1.17   50.36  
3.03    -1.17   52.78  
3.11    -1.17   55.26  
3.19    -1.17   57.81  
3.27    -1.17   60.42  
3.35    -1.17   63.10  
3.43    -1.17   65.84  
3.52    -1.17   68.65  
3.60    -1.17   71.52  
3.68    -1.17   74.46  
3.76    -1.17   77.46  
3.84    -1.17   80.53  
3.92    -1.17   83.66  
4.00    -1.17   86.86  
-4.00   -1.09   85.95  
-3.92   -1.09   82.75  
-3.84   -1.09   79.62  
-3.76   -1.09   76.55  
-3.68   -1.09   73.54  
-3.60   -1.09   70.61  
-3.52   -1.09   67.73  
-3.43   -1.09   64.92  
-3.35   -1.09   62.18  
-3.27   -1.09   59.50  
-3.19   -1.09   56.89  
-3.11   -1.09   54.35  
-3.03   -1.09   51.86  
-2.95   -1.09   49.45  
-2.87   -1.09   47.10  
-2.79   -1.09   44.81  
-2.71   -1.09   42.59  
-2.63   -1.09   40.44  
-2.55   -1.09   38.35  
-2.46   -1.09   36.32  
-2.38   -1.09   34.36  
-2.30   -1.09   32.47  
-2.22   -1.09   30.64  
-2.14   -1.09   28.88  
-2.06   -1.09   27.18  
-1.98   -1.09   25.55  
-1.90   -1.09   23.98  
-1.82   -1.09   22.48  
-1.74   -1.09   21.04  
-1.66   -1.09   19.67  
-1.58   -1.09   18.37  
-1.49   -1.09   17.12  
-1.41   -1.09   15.95  
-1.33   -1.09   14.84  
-1.25   -1.09   13.79  
-1.17   -1.09   12.82  
-1.09   -1.09   11.90  
-1.01   -1.09   11.05  
-0.93   -1.09   10.27  
-0.85   -1.09   9.55   
-0.77   -1.09   8.90   
-0.69   -1.09   8.31   
-0.61   -1.09   7.79   
-0.53   -1.09   7.33   
-0.44   -1.09   6.94   
-0.36   -1.09   6.61   
-0.28   -1.09   6.35   
-0.20   -1.09   6.15   
-0.12   -1.09   6.02   
-0.04   -1.09   5.96   
0.04    -1.09   5.96   
0.12    -1.09   6.02   
0.20    -1.09   6.15   
0.28    -1.09   6.35   
0.36    -1.09   6.61   
0.44    -1.09   6.94   
0.53    -1.09   7.33   
0.61    -1.09   7.79   
0.69    -1.09   8.31   
0.77    -1.09   8.90   
0.85    -1.09   9.55   
0.93    -1.09   10.27  
1.01    -1.09   11.05  
1.09    -1.09   11.90  
1.17    -1.09   12.82  
1.25    -1.09   13.79  
1.33    -1.09   14.84  
1.41    -1.09   15.95  
1.49    -1.09   17.12  
1.58    -1.09   18.37  
1.66    -1.09   19.67  
1.74    -1.09   21.04  
1.82    -1.09   22.48  
1.90    -1.09   23.98  
1.98    -1.09   25.55  
2.06    -1.09   27.18  
2.14    -1.09   28.88  
2.22    -1.09   30.64  
2.30    -1.09   32.47  
2.38    -1.09   34.36  
2.46    -1.09   36.32  
2.55    -1.09   38.35  
2.63    -1.09   40.44  
2.71    -1.09   42.59  
2.79    -1.09   44.81  
2.87    -1.09   47.10  
2.95    -1.09   49.45  
3.03    -1.09   51.86  
3.11    -1.09   54.35  
3.19    -1.09   56.89  
3.27    -1.09   59.50  
3.35    -1.09   62.18  
3.43    -1.09   64.92  
3.52    -1.09   67.73  
3.60    -1.09   70.61  
3.68    -1.09   73.54  
3.76    -1.09   76.55  
3.84    -1.09   79.62  
3.92    -1.09   82.75  
4.00    -1.09   85.95  
-4.00   -1.01   85.10  
-3.92   -1.01   81.90  
-3.84   -1.01   78.77  
-3.76   -1.01   75.70  
-3.68   -1.01   72.69  
-3.60   -1.01   69.76  
-3.52   -1.01   66.88  
-3.43   -1.01   64.08  
-3.35   -1.01   61.33  
-3.27   -1.01   58.66  
-3.19   -1.01   56.04  
-3.11   -1.01   53.50  
-3.03   -1.01   51.02  
-2.95   -1.01   48.60  
-2.87   -1.01   46.25  
-2.79   -1.01   43.96  
-2.71   -1.01   41.74  
-2.63   -1.01   39.59  
-2.55   -1.01   37.50  
-2.46   -1.01   35.47  
-2.38   -1.01   33.51  
-2.30   -1.01   31.62  
-2.22   -1.01   29.79  
-2.14   -1.01   28.03  
-2.06   -1.01   26.33  
-1.98   -1.01   24.70  
-1.90   -1.01   23.13  
-1.82   -1.01   21.63  
-1.74   -1.01   20.19  
-1.66   -1.01   18.82  
-1.58   -1.01   17.52  
-1.49   -1.01   16.28  
-1.41   -1.01   15.10  
-1.33   -1.01   13.99  
-1.25   -1.01   12.95  
-1.17   -1.01   11.97  
-1.09   -1.01   11.05  
-1.01   -1.01   10.20  
-0.93   -1.01   9.42   
-0.85   -1.01   8.70   
-0.77   -1.01   8.05   
-0.69   -1.01   7.46   
-0.61   -1.01   6.94   
-0.53   -1.01   6.48   
-0.44   -1.01   6.09   
-0.36   -1.01   5.76   
-0.28   -1.01   5.50   
-0.20   -1.01   5.31   
-0.12   -1.01   5.17   
-0.04   -1.01   5.11   
0.04    -1.01   5.11   
0.12    -1.01   5.17   
0.20    -1.01   5.31   
0.28    -1.01   5.50   
0.36    -1.01   5.76   
0.44    -1.01   6.09   
0.53    -1.01   6.48   
0.61    -1.01   6.94   
0.69    -1.01   7.46   
0.77    -1.01   8.05   
0.85    -1.01   8.70   
0.93    -1.01   9.42   
1.01    -1.01   10.20  
1.09    -1.01   11.05  
1.17    -1.01   11.97  
1.25    -1.01   12.95  
1.33    -1.01   13.99  
1.41    -1.01   15.10  
1.49    -1.01   16.28  
1.58    -1.01   17.52  
1.66    -1.01   18.82  
1.74    -1.01   20.19  
1.82    -1.01   21.63  
1.90    -1.01   23.13  
1.98    -1.01   24.70  
2.06    -1.01   26.33  
2.14    -1.01   28.03  
2.22    -1.01   29.79  
2.30    -1.01   31.62  
2.38    -1.01   33.51  
2.46    -1.01   35.47  
2.55    -1.01   37.50  
2.63    -1.01   39.59  
2.71    -1.01   41.74  
2.79    -1.01   43.96  
2.87    -1.01   46.25  
2.95    -1.01   48.60  
3.03    -1.01   51.02  
3.11    -1.01   53.50  
3.19    -1.01   56.04  
3.27    -1.01   58.66  
3.35    -1.01   61.33  
3.43    -1.01   64.08  
3.52    -1.01   66.88  
3.60    -1.01   69.76  
3.68    -1.01   72.69  
3.76    -1.01   75.70  
3.84    -1.01   78.77  
3.92    -1.01   81.90  
4.00    -1.01   85.10  
-4.00   -0.93   84.32  
-3.92   -0.93   81.12  
-3.84   -0.93   77.98  
-3.76   -0.93   74.91  
-3.68   -0.93   71.91  
-3.60   -0.93   68.97  
-3.52   -0.93   66.10  
-3.43   -0.93   63.29  
-3.35   -0.93   60.55  
-3.27   -0.93   57.87  
-3.19   -0.93   55.26  
-3.11   -0.93   52.71  
-3.03   -0.93   50.23  
-2.95   -0.93   47.82  
-2.87   -0.93   45.46  
-2.79   -0.93   43.18  
-2.71   -0.93   40.96  
-2.63   -0.93   38.80  
-2.55   -0.93   36.71  
-2.46   -0.93   34.69  
-2.38   -0.93   32.73  
-2.30   -0.93   30.84  
-2.22   -0.93   29.01  
-2.14   -0.93   27.25  
-2.06   -0.93   25.55  
-1.98   -0.93   23.92  
-1.90   -0.93   22.35  
-1.82   -0.93   20.85  
-1.74   -0.93   19.41  
-1.66   -0.93   18.04  
-1.58   -0.93   16.73  
-1.49   -0.93   15.49  
-1.41   -0.93   14.32  
-1.33   -0.93   13.21  
-1.25   -0.93   12.16  
-1.17   -0.93   11.18  
-1.09   -0.93   10.27  
-1.01   -0.93   9.42   
-0.93   -0.93   8.64   
-0.85   -0.93   7.92   
-0.77   -0.93   7.26   
-0.69   -0.93   6.68   
-0.61   -0.93   6.15   
-0.53   -0.93   5.70   
-0.44   -0.93   5.31   
-0.36   -0.93   4.98   
-0.28   -0.93   4.72   
-0.20   -0.93   4.52   
-0.12   -0.93   4.39   
-0.04   -0.93   4.33   
0.04    -0.93   4.33   
0.12    -0.93   4.39   
0.20    -0.93   4.52   
0.28    -0.93   4.72   
0.36    -0.93   4.98   
0.44    -0.93   5.31   
0.53    -0.93   5.70   
0.61    -0.93   6.15   
0.69    -0.93   6.68   
0.77    -0.93   7.26   
0.85    -0.93   7.92   
0.93    -0.93   8.64   
1.01    -0.93   9.42   
1.09    -0.93   10.27  
1.17    -0.93   11.18  
1.25    -0.93   12.16  
1.33    -0.93   13.21  
1.41    -0.93   14.32  
1.49    -0.93   15.49  
1.58    -0.93   16.73  
1.66    -0.93   18.04  
1.74    -0.93   19.41  
1.82    -0.93   20.85  
1.90    -0.93   22.35  
1.98    -0.93   23.92  
2.06    -0.93   25.55  
2.14    -0.93   27.25  
2.22    -0.93   29.01  
2.30    -0.93   30.84  
2.38    -0.93   32.73  
2.46    -0.93   34.69  
2.55    -0.93   36.71  
2.63    -0.93   38.80  
2.71    -0.93   40.96  
2.79    -0.93   43.18  
2.87    -0.93   45.46  
2.95    -0.93   47.82  
3.03    -0.93   50.23  
3.11    -0.93   52.71  
3.19    -0.93   55.26  
3.27    -0.93   57.87  
3.35    -0.93   60.55  
3.43    -0.93   63.29  
3.52    -0.93   66.10  
3.60    -0.93   68.97  
3.68    -0.93   71.91  
3.76    -0.93   74.91  
3.84    -0.93   77.98  
3.92    -0.93   81.12  
4.00    -0.93   84.32  
-4.00   -0.85   83.60  
-3.92   -0.85   80.40  
-3.84   -0.85   77.27  
-3.76   -0.85   74.20  
-3.68   -0.85   71.19  
-3.60   -0.85   68.25  
-3.52   -0.85   65.38  
-3.43   -0.85   62.57  
-3.35   -0.85   59.83  
-3.27   -0.85   57.15  
-3.19   -0.85   54.54  
-3.11   -0.85   51.99  
-3.03   -0.85   49.51  
-2.95   -0.85   47.10  
-2.87   -0.85   44.75  
-2.79   -0.85   42.46  
-2.71   -0.85   40.24  
-2.63   -0.85   38.09  
-2.55   -0.85   36.00  
-2.46   -0.85   33.97  
-2.38   -0.85   32.01  
-2.30   -0.85   30.12  
-2.22   -0.85   28.29  
-2.14   -0.85   26.53  
-2.06   -0.85   24.83  
-1.98   -0.85   23.20  
-1.90   -0.85   21.63  
-1.82   -0.85   20.13  
-1.74   -0.85   18.69  
-1.66   -0.85   17.32  
-1.58   -0.85   16.01  
-1.49   -0.85   14.77  
-1.41   -0.85   13.60  
-1.33   -0.85   12.49  
-1.25   -0.85   11.44  
-1.17   -0.85   10.46  
-1.09   -0.85   9.55   
-1.01   -0.85   8.70   
-0.93   -0.85   7.92   
-0.85   -0.85   7.20   
-0.77   -0.85   6.55   
-0.69   -0.85   5.96   
-0.61   -0.85   5.44   
-0.53   -0.85   4.98   
-0.44   -0.85   4.59   
-0.36   -0.85   4.26   
-0.28   -0.85   4.00   
-0.20   -0.85   3.80   
-0.12   -0.85   3.67   
-0.04   -0.85   3.61   
0.04    -0.85   3.61   
0.12    -0.85   3.67   
0.20    -0.85   3.80   
0.28    -0.85   4.00   
0.36    -0.85   4.26   
0.44    -0.85   4.59   
0.53    -0.85   4.98   
0.61    -0.85   5.44   
0.69    -0.85   5.96   
0.77    -0.85   6.55   
0.85    -0.85   7.20   
0.93    -0.85   7.92   
1.01    -0.85   8.70   
1.09    -0.85   9.55   
1.17    -0.85   10.46  
1.25    -0.85   11.44  
1.33    -0.85   12.49  
1.41    -0.85   13.60  
1.49    -0.85   14.77  
1.58    -0.85   16.01  
1.66    -0.85   17.32  
1.74    -0.85   18.69  
1.82    -0.85   20.13  
1.90    -0.85   21.63  
1.98    -0.85   23.20  
2.06    -0.85   24.83  
2.14    -0.85   26.53  
2.22    -0.85   28.29  
2.30    -0.85   30.12  
2.38    -0.85   32.01  
2.46    -0.85   33.97  
2.55    -0.85   36.00  
2.63    -0.85   38.09  
2.71    -0.85   40.24  
2.79    -0.85   42.46  
2.87    -0.85   44.75  
2.95    -0.85   47.10  
3.03    -0.85   49.51  
3.11    -0.85   51.99  
3.19    -0.85   54.54  
3.27    -0.85   57.15  
3.35    -0.85   59.83  
3.43    -0.85   62.57  
3.52    -0.85   65.38  
3.60    -0.85   68.25  
3.68    -0.85   71.19  
3.76    -0.85   74.20  
3.84    -0.85   77.27  
3.92    -0.85   80.40  
4.00    -0.85   83.60  
-4.00   -0.77   82.95  
-3.92   -0.77   79.75  
-3.84   -0.77   76.61  
-3.76   -0.77   73.54  
-3.68   -0.77   70.54  
-3.60   -0.77   67.60  
-3.52   -0.77   64.73  
-3.43   -0.77   61.92  
-3.35   -0.77   59.18  
-3.27   -0.77   56.50  
-3.19   -0.77   53.89  
-3.11   -0.77   51.34  
-3.03   -0.77   48.86  
-2.95   -0.77   46.44  
-2.87   -0.77   44.09  
-2.79   -0.77   41.81  
-2.71   -0.77   39.59  
-2.63   -0.77   37.43  
-2.55   -0.77   35.34  
-2.46   -0.77   33.32  
-2.38   -0.77   31.36  
-2.30   -0.77   29.47  
-2.22   -0.77   27.64  
-2.14   -0.77   25.87  
-2.06   -0.77   24.18  
-1.98   -0.77   22.54  
-1.90   -0.77   20.98  
-1.82   -0.77   19.48  
-1.74   -0.77   18.04  
-1.66   -0.77   16.67  
-1.58   -0.77   15.36  
-1.49   -0.77   14.12  
-1.41   -0.77   12.95  
-1.33   -0.77   11.84  
-1.25   -0.77   10.79  
-1.17   -0.77   9.81   
-1.09   -0.77   8.90   
-1.01   -0.77   8.05   
-0.93   -0.77   7.26   
-0.85   -0.77   6.55   
-0.77   -0.77   5.89   
-0.69   -0.77   5.31   
-0.61   -0.77   4.78   
-0.53   -0.77   4.33   
-0.44   -0.77   3.93   
-0.36   -0.77   3.61   
-0.28   -0.77   3.35   
-0.20   -0.77   3.15   
-0.12   -0.77   3.02   
-0.04   -0.77   2.95   
0.04    -0.77   2.95   
0.12    -0.77   3.02   
0.20    -0.77   3.15   
0.28    -0.77   3.35   
0.36    -0.77   3.61   
0.44    -0.77   3.93   
0.53    -0.77   4.33   
0.61    -0.77   4.78   
0.69    -0.77   5.31   
0.77    -0.77   5.89   
0.85    -0.77   6.55   
0.93    -0.77   7.26   
1.01    -0.77   8.05   
1.09    -0.77   8.90   
1.17    -0.77   9.81   
1.25    -0.77   10.79  
1.33    -0.77   11.84  
1.41    -0.77   12.95  
1.49    -0.77   14.12  
1.58    -0.77   15.36  
1.66    -0.77   16.67  
1.74    -0.77   18.04  
1.82    -0.77   19.48  
1.90    -0.77   20.98  
1.98    -0.77   22.54  
2.06    -0.77   24.18  
2.14    -0.77   25.87  
2.22    -0.77   27.64  
2.30    -0.77   29.47  
2.38    -0.77   31.36  
2.46    -0.77   33.32  
2.55    -0.77   35.34  
2.63    -0.77   37.43  
2.71    -0.77   39.59  
2.79    -0.77   41.81  
2.87    -0.77   44.09  
2.95    -0.77   46.44  
3.03    -0.77   48.86  
3.11    -0.77   51.34  
3.19    -0.77   53.89  
3.27    -0.77   56.50  
3.35    -0.77   59.18  
3.43    -0.77   61.92  
3.52    -0.77   64.73  
3.60    -0.77   67.60  
3.68    -0.77   70.54  
3.76    -0.77   73.54  
3.84    -0.77   76.61  
3.92    -0.77   79.75  
4.00    -0.77   82.95  
-4.00   -0.69   82.36  
-3.92   -0.69   79.16  
-3.84   -0.69   76.02  
-3.76   -0.69   72.96  
-3.68   -0.69   69.95  
-3.60   -0.69   67.01  
-3.52   -0.69   64.14  
-3.43   -0.69   61.33  
-3.35   -0.69   58.59  
-3.27   -0.69   55.91  
-3.19   -0.69   53.30  
-3.11   -0.69   50.75  
-3.03   -0.69   48.27  
-2.95   -0.69   45.86  
-2.87   -0.69   43.51  
-2.79   -0.69   41.22  
-2.71   -0.69   39.00  
-2.63   -0.69   36.85  
-2.55   -0.69   34.76  
-2.46   -0.69   32.73  
-2.38   -0.69   30.77  
-2.30   -0.69   28.88  
-2.22   -0.69   27.05  
-2.14   -0.69   25.29  
-2.06   -0.69   23.59  
-1.98   -0.69   21.96  
-1.90   -0.69   20.39  
-1.82   -0.69   18.89  
-1.74   -0.69   17.45  
-1.66   -0.69   16.08  
-1.58   -0.69   14.77  
-1.49   -0.69   13.53  
-1.41   -0.69   12.36  
-1.33   -0.69   11.25  
-1.25   -0.69   10.20  
-1.17   -0.69   9.22   
-1.09   -0.69   8.31   
-1.01   -0.69   7.46   
-0.93   -0.69   6.68   
-0.85   -0.69   5.96   
-0.77   -0.69   5.31   
-0.69   -0.69   4.72   
-0.61   -0.69   4.20   
-0.53   -0.69   3.74   
-0.44   -0.69   3.35   
-0.36   -0.69   3.02   
-0.28   -0.69   2.76   
-0.20   -0.69   2.56   
-0.12   -0.69   2.43   
-0.04   -0.69   2.37   
0.04    -0.69   2.37   
0.12    -0.69   2.43   
0.20    -0.69   2.56   
0.28    -0.69   2.76   
0.36    -0.69   3.02   
0.44    -0.69   3.35   
0.53    -0.69   3.74   
0.61    -0.69   4.20   
0.69    -0.69   4.72   
0.77    -0.69   5.31   
0.85    -0.69   5.96   
0.93    -0.69   6.68   
1.01    -0.69   7.46   
1.09    -0.69   8.31   
1.17    -0.69   9.22   
1.25    -0.69   10.20  
1.33    -0.69   11.25  
1.41    -0.69   12.36  
1.49    -0.69   13.53  
1.58    -0.69   14.77  
1.66    -0.69   16.08  
1.74    -0.69   17.45  
1.82    -0.69   18.89  
1.90    -0.69   20.39  
1.98    -0.69   21.96  
2.06    -0.69   23.59  
2.14    -0.69   25.29  
2.22    -0.69   27.05  
2.30    -0.69   28.88  
2.38    -0.69   30.77  
2.46    -0.69   32.73  
2.55    -0.69   34.76  
2.63    -0.69   36.85  
2.71    -0.69   39.00  
2.79    -0.69   41.22  
2.87    -0.69   43.51  
2.95    -0.69   45.86  
3.03    -0.69   48.27  
3.11    -0.69   50.75  
3.19    -0.69   53.30  
3.27    -0.69   55.91  
3.35    -0.69   58.59  
3.43    -0.69   61.33  
3.52    -0.69   64.14  
3.60    -0.69   67.01  
3.68    -0.69   69.95  
3.76    -0.69   72.96  
3.84    -0.69   76.02  
3.92    -0.69   79.16  
4.00    -0.69   82.36  
-4.00   -0.61   81.84  
-3.92   -0.61   78.64  
-3.84   -0.61   75.50  
-3.76   -0.61   72.43  
-3.68   -0.61   69.43  
-3.60   -0.61   66.49  
-3.52   -0.61   63.62  
-3.43   -0.61   60.81  
-3.35   -0.61   58.07  
-3.27   -0.61   55.39  
-3.19   -0.61   52.78  
-3.11   -0.61   50.23  
-3.03   -0.61   47.75  
-2.95   -0.61   45.33  
-2.87   -0.61   42.98  
-2.79   -0.61   40.70  
-2.71   -0.61   38.48  
-2.63   -0.61   36.32  
-2.55   -0.61   34.23  
-2.46   -0.61   32.21  
-2.38   -0.61   30.25  
-2.30   -0.61   28.36  
-2.22   -0.61   26.53  
-2.14   -0.61   24.76  
-2.06   -0.61   23.07  
-1.98   -0.61   21.43  
-1.90   -0.61   19.87  
-1.82   -0.61   18.37  
-1.74   -0.61   16.93  
-1.66   -0.61   15.56  
-1.58   -0.61   14.25  
-1.49   -0.61   13.01  
-1.41   -0.61   11.84  
-1.33   -0.61   10.73  
-1.25   -0.61   9.68   
-1.17   -0.61   8.70   
-1.09   -0.61   7.79   
-1.01   -0.61   6.94   
-0.93   -0.61   6.15   
-0.85   -0.61   5.44   
-0.77   -0.61   4.78   
-0.69   -0.61   4.20   
-0.61   -0.61   3.67   
-0.53   -0.61   3.22   
-0.44   -0.61   2.82   
-0.36   -0.61   2.50   
-0.28   -0.61   2.24   
-0.20   -0.61   2.04   
-0.12   -0.61   1.91   
-0.04   -0.61   1.84   
0.04    -0.61   1.84   
0.12    -0.61   1.91   
0.20    -0.61   2.04   
0.28    -0.61   2.24   
0.36    -0.61   2.50   
0.44    -0.61   2.82   
0.53    -0.61   3.22   
0.61    -0.61   3.67   
0.69    -0.61   4.20   
0.77    -0.61   4.78   
0.85    -0.61   5.44   
0.93    -0.61   6.15   
1.01    -0.61   6.94   
1.09    -0.61   7.79   
1.17    -0.61   8.70   
1.25    -0.61   9.68   
1.33    -0.61   10.73  
1.41    -0.61   11.84  
1.49    -0.61   13.01  
1.58    -0.61   14.25  
1.66    -0.61   15.56  
1.74    -0.61   16.93  
1.82    -0.61   18.37  
1.90    -0.61   19.87  
1.98    -0.61   21.43  
2.06    -0.61   23.07  
2.14    -0.61   24.76  
2.22    -0.61   26.53  
2.30    -0.61   28.36  
2.38    -0.61   30.25  
2.46    -0.61   32.21  
2.55    -0.61   34.23  
2.63    -0.61   36.32  
2.71    -0.61   38.48  
2.79    -0.61   40.70  
2.87    -0.61   42.98  
2.95    -0.61   45.33  
3.03    -0.61   47.75  
3.11    -0.61   50.23  
3.19    -0.61   52.78  
3.27    -0.61   55.39  
3.35    -0.61   58.07  
3.43    -0.61   60.81  
3.52    -0.61   63.62  
3.60    -0.61   66.49  
3.68    -0.61   69.43  
3.76    -0.61   72.43  
3.84    -0.61   75.50  
3.92    -0.61   78.64  
4.00    -0.61   81.84  
-4.00   -0.53   81.38  
-3.92   -0.53   78.18  
-3.84   -0.53   75.05  
-3.76   -0.53   71.98  
-3.68   -0.53   68.97  
-3.60   -0.53   66.03  
-3.52   -0.53   63.16  
-3.43   -0.53   60.35  
-3.35   -0.53   57.61  
-3.27   -0.53   54.93  
-3.19   -0.53   52.32  
-3.11   -0.53   49.77  
-3.03   -0.53   47.29  
-2.95   -0.53   44.88  
-2.87   -0.53   42.53  
-2.79   -0.53   40.24  
-2.71   -0.53   38.02  
-2.63   -0.53   35.87  
-2.55   -0.53   33.78  
-2.46   -0.53   31.75  
-2.38   -0.53   29.79  
-2.30   -0.53   27.90  
-2.22   -0.53   26.07  
-2.14   -0.53   24.31  
-2.06   -0.53   22.61  
-1.98   -0.53   20.98  
-1.90   -0.53   19.41  
-1.82   -0.53   17.91  
-1.74   -0.53   16.47  
-1.66   -0.53   15.10  
-1.58   -0.53   13.79  
-1.49   -0.53   12.55  
-1.41   -0.53   11.38  
-1.33   -0.53   10.27  
-1.25   -0.53   9.22   
-1.17   -0.53   8.24   
-1.09   -0.53   7.33   
-1.01   -0.53   6.48   
-0.93   -0.53   5.70   
-0.85   -0.53   4.98   
-0.77   -0.53   4.33   
-0.69   -0.53   3.74   
-0.61   -0.53   3.22   
-0.53   -0.53   2.76   
-0.44   -0.53   2.37   
-0.36   -0.53   2.04   
-0.28   -0.53   1.78   
-0.20   -0.53   1.58   
-0.12   -0.53   1.45   
-0.04   -0.53   1.39   
0.04    -0.53   1.39   
0.12    -0.53   1.45   
0.20    -0.53   1.58   
0.28    -0.53   1.78   
0.36    -0.53   2.04   
0.44    -0.53   2.37   
0.53    -0.53   2.76   
0.61    -0.53   3.22   
0.69    -0.53   3.74   
0.77    -0.53   4.33   
0.85    -0.53   4.98   
0.93    -0.53   5.70   
1.01    -0.53   6.48   
1.09    -0.53   7.33   
1.17    -0.53   8.24   
1.25    -0.53   9.22   
1.33    -0.53   10.27  
1.41    -0.53   11.38  
1.49    -0.53   12.55  
1.58    -0.53   13.79  
1.66    -0.53   15.10  
1.74    -0.53   16.47  
1.82    -0.53   17.91  
1.90    -0.53   19.41  
1.98    -0.53   20.98  
2.06    -0.53   22.61  
2.14    -0.53   24.31  
2.22    -0.53   26.07  
2.30    -0.53   27.90  
2.38    -0.53   29.79  
2.46    -0.53   31.75  
2.55    -0.53   33.78  
2.63    -0.53   35.87  
2.71    -0.53   38.02  
2.79    -0.53   40.24  
2.87    -0.53   42.53  
2.95    -0.53   44.88  
3.03    -0.53   47.29  
3.11    -0.53   49.77  
3.19    -0.53   52.32  
3.27    -0.53   54.93  
3.35    -0.53   57.61  
3.43    -0.53   60.35  
3.52    -0.53   63.16  
3.60    -0.53   66.03  
3.68    -0.53   68.97  
3.76    -0.53   71.98  
3.84    -0.53   75.05  
3.92    -0.53   78.18  
4.00    -0.53   81.38  
-4.00   -0.44   80.99  
-3.92   -0.44   77.79  
-3.84   -0.44   74.65  
-3.76   -0.44   71.58  
-3.68   -0.44   68.58  
-3.60   -0.44   65.64  
-3.52   -0.44   62.77  
-3.43   -0.44   59.96  
-3.35   -0.44   57.22  
-3.27   -0.44   54.54  
-3.19   -0.44   51.93  
-3.11   -0.44   49.38  
-3.03   -0.44   46.90  
-2.95   -0.44   44.49  
-2.87   -0.44   42.13  
-2.79   -0.44   39.85  
-2.71   -0.44   37.63  
-2.63   -0.44   35.47  
-2.55   -0.44   33.38  
-2.46   -0.44   31.36  
-2.38   -0.44   29.40  
-2.30   -0.44   27.51  
-2.22   -0.44   25.68  
-2.14   -0.44   23.92  
-2.06   -0.44   22.22  
-1.98   -0.44   20.59  
-1.90   -0.44   19.02  
-1.82   -0.44   17.52  
-1.74   -0.44   16.08  
-1.66   -0.44   14.71  
-1.58   -0.44   13.40  
-1.49   -0.44   12.16  
-1.41   -0.44   10.99  
-1.33   -0.44   9.88   
-1.25   -0.44   8.83   
-1.17   -0.44   7.85   
-1.09   -0.44   6.94   
-1.01   -0.44   6.09   
-0.93   -0.44   5.31   
-0.85   -0.44   4.59   
-0.77   -0.44   3.93   
-0.69   -0.44   3.35   
-0.61   -0.44   2.82   
-0.53   -0.44   2.37   
-0.44   -0.44   1.98   
-0.36   -0.44   1.65   
-0.28   -0.44   1.39   
-0.20   -0.44   1.19   
-0.12   -0.44   1.06   
-0.04   -0.44   1.00   
0.04    -0.44   1.00   
0.12    -0.44   1.06   
0.20    -0.44   1.19   
0.28    -0.44   1.39   
0.36    -0.44   1.65   
0.44    -0.44   1.98   
0.53    -0.44   2.37   
0.61    -0.44   2.82   
0.69    -0.44   3.35   
0.77    -0.44   3.93   
0.85    -0.44   4.59   
0.93    -0.44   5.31   
1.01    -0.44   6.09   
1.09    -0.44   6.94   
1.17    -0.44   7.85   
1.25    -0.44   8.83   
1.33    -0.44   9.88   
1.41    -0.44   10.99  
1.49    -0.44   12.16  
1.58    -0.44   13.40  
1.66    -0.44   14.71  
1.74    -0.44   16.08  
1.82    -0.44   17.52  
1.90    -0.44   19.02  
1.98    -0.44   20.59  
2.06    -0.44   22.22  
2.14    -0.44   23.92  
2.22    -0.44   25.68  
2.30    -0.44   27.51  
2.38    -0.44   29.40  
2.46    -0.44   31.36  
2.55    -0.44   33.38  
2.63    -0.44   35.47  
2.71    -0.44   37.63  
2.79    -0.44   39.85  
2.87    -0.44   42.13  
2.95    -0.44   44.49  
3.03    -0.44   46.90  
3.11    -0.44   49.38  
3.19    -0.44   51.93  
3.27    -0.44   54.54  
3.35    -0.44   57.22  
3.43    -0.44   59.96  
3.52    -0.44   62.77  
3.60    -0.44   65.64  
3.68    -0.44   68.58  
3.76    -0.44   71.58  
3.84    -0.44   74.65  
3.92    -0.44   77.79  
4.00    -0.44   80.99  
-4.00   -0.36   80.66  
-3.92   -0.36   77.46  
-3.84   -0.36   74.33  
-3.76   -0.36   71.26  
-3.68   -0.36   68.25  
-3.60   -0.36   65.32  
-3.52   -0.36   62.44  
-3.43   -0.36   59.63  
-3.35   -0.36   56.89  
-3.27   -0.36   54.21  
-3.19   -0.36   51.60  
-3.11   -0.36   49.06  
-3.03   -0.36   46.57  
-2.95   -0.36   44.16  
-2.87   -0.36   41.81  
-2.79   -0.36   39.52  
-2.71   -0.36   37.30  
-2.63   -0.36   35.15  
-2.55   -0.36   33.06  
-2.46   -0.36   31.03  
-2.38   -0.36   29.07  
-2.30   -0.36   27.18  
-2.22   -0.36   25.35  
-2.14   -0.36   23.59  
-2.06   -0.36   21.89  
-1.98   -0.36   20.26  
-1.90   -0.36   18.69  
-1.82   -0.36   17.19  
-1.74   -0.36   15.75  
-1.66   -0.36   14.38  
-1.58   -0.36   13.08  
-1.49   -0.36   11.84  
-1.41   -0.36   10.66  
-1.33   -0.36   9.55   
-1.25   -0.36   8.51   
-1.17   -0.36   7.53   
-1.09   -0.36   6.61   
-1.01   -0.36   5.76   
-0.93   -0.36   4.98   
-0.85   -0.36   4.26   
-0.77   -0.36   3.61   
-0.69   -0.36   3.02   
-0.61   -0.36   2.50   
-0.53   -0.36   2.04   
-0.44   -0.36   1.65   
-0.36   -0.36   1.32   
-0.28   -0.36   1.06   
-0.20   -0.36   0.87   
-0.12   -0.36   0.73   
-0.04   -0.36   0.67   
0.04    -0.36   0.67   
0.12    -0.36   0.73   
0.20    -0.36   0.87   
0.28    -0.36   1.06   
0.36    -0.36   1.32   
0.44    -0.36   1.65   
0.53    -0.36   2.04   
0.61    -0.36   2.50   
0.69    -0.36   3.02   
0.77    -0.36   3.61   
0.85    -0.36   4.26   
0.93    -0.36   4.98   
1.01    -0.36   5.76   
1.09    -0.36   6.61   
1.17    -0.36   7.53   
1.25    -0.36   8.51   
1.33    -0.36   9.55   
1.41    -0.36   10.66  
1.49    -0.36   11.84  
1.58    -0.36   13.08  
1.66    -0.36   14.38  
1.74    -0.36   15.75  
1.82    -0.36   17.19  
1.90    -0.36   18.69  
1.98    -0.36   20.26  
2.06    -0.36   21.89  
2.14    -0.36   23.59  
2.22    -0.36   25.35  
2.30    -0.36   27.18  
2.38    -0.36   29.07  
2.46    -0.36   31.03  
2.55    -0.36   33.06  
2.63    -0.36   35.15  
2.71    -0.36   37.30  
2.79    -0.36   39.52  
2.87    -0.36   41.81  
2.95    -0.36   44.16  
3.03    -0.36   46.57  
3.11    -0.36   49.06  
3.19    -0.36   51.60  
3.27    -0.36   54.21  
3.35    -0.36   56.89  
3.43    -0.36   59.63  
3.52    -0.36   62.44  
3.60    -0.36   65.32  
3.68    -0.36   68.25  
3.76    -0.36   71.26  
3.84    -0.36   74.33  
3.92    -0.36   77.46  
4.00    -0.36   80.66  
-4.00   -0.28   80.40  
-3.92   -0.28   77.20  
-3.84   -0.28   74.07  
-3.76   -0.28   71.00  
-3.68   -0.28   67.99  
-3.60   -0.28   65.05  
-3.52   -0.28   62.18  
-3.43   -0.28   59.37  
-3.35   -0.28   56.63  
-3.27   -0.28   53.95  
-3.19   -0.28   51.34  
-3.11   -0.28   48.80  
-3.03   -0.28   46.31  
-2.95   -0.28   43.90  
-2.87   -0.28   41.55  
-2.79   -0.28   39.26  
-2.71   -0.28   37.04  
-2.63   -0.28   34.89  
-2.55   -0.28   32.80  
-2.46   -0.28   30.77  
-2.38   -0.28   28.81  
-2.30   -0.28   26.92  
-2.22   -0.28   25.09  
-2.14   -0.28   23.33  
-2.06   -0.28   21.63  
-1.98   -0.28   20.00  
-1.90   -0.28   18.43  
-1.82   -0.28   16.93  
-1.74   -0.28   15.49  
-1.66   -0.28   14.12  
-1.58   -0.28   12.82  
-1.49   -0.28   11.57  
-1.41   -0.28   10.40  
-1.33   -0.28   9.29   
-1.25   -0.28   8.24   
-1.17   -0.28   7.26   
-1.09   -0.28   6.35   
-1.01   -0.28   5.50   
-0.93   -0.28   4.72   
-0.85   -0.28   4.00   
-0.77   -0.28   3.35   
-0.69   -0.28   2.76   
-0.61   -0.28   2.24   
-0.53   -0.28   1.78   
-0.44   -0.28   1.39   
-0.36   -0.28   1.06   
-0.28   -0.28   0.80   
-0.20   -0.28   0.60   
-0.12   -0.28   0.47   
-0.04   -0.28   0.41   
0.04    -0.28   0.41   
0.12    -0.28   0.47   
0.20    -0.28   0.60   
0.28    -0.28   0.80   
0.36    -0.28   1.06   
0.44    -0.28   1.39   
0.53    -0.28   1.78   
0.61    -0.28   2.24   
0.69    -0.28   2.76   
0.77    -0.28   3.35   
0.85    -0.28   4.00   
0.93    -0.28   4.72   
1.01    -0.28   5.50   
1.09    -0.28   6.35   
1.17    -0.28   7.26   
1.25    -0.28   8.24   
1.33    -0.28   9.29   
1.41    -0.28   10.40  
1.49    -0.28   11.57  
1.58    -0.28   12.82  
1.66    -0.28   14.12  
1.74    -0.28   15.49  
1.82    -0.28   16.93  
1.90    -0.28   18.43  
1.98    -0.28   20.00  
2.06    -0.28   21.63  
2.14    -0.28   23.33  
2.22    -0.28   25.09  
2.30    -0.28   26.92  
2.38    -0.28   28.81  
2.46    -0.28   30.77  
2.55    -0.28   32.80  
2.63    -0.28   34.89  
2.71    -0.28   37.04  
2.79    -0.28   39.26  
2.87    -0.28   41.55  
2.95    -0.28   43.90  
3.03    -0.28   46.31  
3.11    -0.28   48.80  
3.19    -0.28   51.34  
3.27    -0.28   53.95  
3.35    -0.28   56.63  
3.43    -0.28   59.37  
3.52    -0.28   62.18  
3.60    -0.28   65.05  
3.68    -0.28   67.99  
3.76    -0.28   71.00  
3.84    -0.28   74.07  
3.92    -0.28   77.20  
4.00    -0.28   80.40  
-4.00   -0.20   80.20  
-3.92   -0.20   77.00  
-3.84   -0.20   73.87  
-3.76   -0.20   70.80  
-3.68   -0.20   67.80  
-3.60   -0.20   64.86  
-3.52   -0.20   61.99  
-3.43   -0.20   59.18  
-3.35   -0.20   56.44  
-3.27   -0.20   53.76  
-3.19   -0.20   51.15  
-3.11   -0.20   48.60  
-3.03   -0.20   46.12  
-2.95   -0.20   43.70  
-2.87   -0.20   41.35  
-2.79   -0.20   39.07  
-2.71   -0.20   36.85  
-2.63   -0.20   34.69  
-2.55   -0.20   32.60  
-2.46   -0.20   30.58  
-2.38   -0.20   28.62  
-2.30   -0.20   26.72  
-2.22   -0.20   24.90  
-2.14   -0.20   23.13  
-2.06   -0.20   21.43  
-1.98   -0.20   19.80  
-1.90   -0.20   18.23  
-1.82   -0.20   16.73  
-1.74   -0.20   15.30  
-1.66   -0.20   13.93  
-1.58   -0.20   12.62  
-1.49   -0.20   11.38  
-1.41   -0.20   10.20  
-1.33   -0.20   9.09   
-1.25   -0.20   8.05   
-1.17   -0.20   7.07   
-1.09   -0.20   6.15   
-1.01   -0.20   5.31   
-0.93   -0.20   4.52   
-0.85   -0.20   3.80   
-0.77   -0.20   3.15   
-0.69   -0.20   2.56   
-0.61   -0.20   2.04   
-0.53   -0.20   1.58   
-0.44   -0.20   1.19   
-0.36   -0.20   0.87   
-0.28   -0.20   0.60   
-0.20   -0.20   0.41   
-0.12   -0.20   0.28   
-0.04   -0.20   0.21   
0.04    -0.20   0.21   
0.12    -0.20   0.28   
0.20    -0.20   0.41   
0.28    -0.20   0.60   
0.36    -0.20   0.87   
0.44    -0.20   1.19   
0.53    -0.20   1.58   
0.61    -0.20   2.04   
0.69    -0.20   2.56   
0.77    -0.20   3.15   
0.85    -0.20   3.80   
0.93    -0.20   4.52   
1.01    -0.20   5.31   
1.09    -0.20   6.15   
1.17    -0.20   7.07   
1.25    -0.20   8.05   
1.33    -0.20   9.09   
1.41    -0.20   10.20  
1.49    -0.20   11.38  
1.58    -0.20   12.62  
1.66    -0.20   13.93  
1.74    -0.20   15.30  
1.82    -0.20   16.73  
1.90    -0.20   18.23  
1.98    -0.20   19.80  
2.06    -0.20   21.43  
2.14    -0.20   23.13  
2.22    -0.20   24.90  
2.30    -0.20   26.72  
2.38    -0.20   28.62  
2.46    -0.20   30.58  
2.55    -0.20   32.60  
2.63    -0.20   34.69  
2.71    -0.20   36.85  
2.79    -0.20   39.07  
2.87    -0.20   41.35  
2.95    -0.20   43.70  
3.03    -0.20   46.12  
3.11    -0.20   48.60  
3.19    -0.20   51.15  
3.27    -0.20   53.76  
3.35    -0.20   56.44  
3.43    -0.20   59.18  
3.52    -0.20   61.99  
3.60    -0.20   64.86  
3.68    -0.20   67.80  
3.76    -0.20   70.80  
3.84    -0.20   73.87  
3.92    -0.20   77.00  
4.00    -0.20   80.20  
-4.00   -0.12   80.07  
-3.92   -0.12   76.87  
-3.84   -0.12   73.74  
-3.76   -0.12   70.67  
-3.68   -0.12   67.67  
-3.60   -0.12   64.73  
-3.52   -0.12   61.85  
-3.43   -0.12   59.05  
-3.35   -0.12   56.30  
-3.27   -0.12   53.63  
-3.19   -0.12   51.02  
-3.11   -0.12   48.47  
-3.03   -0.12   45.99  
-2.95   -0.12   43.57  
-2.87   -0.12   41.22  
-2.79   -0.12   38.93  
-2.71   -0.12   36.71  
-2.63   -0.12   34.56  
-2.55   -0.12   32.47  
-2.46   -0.12   30.45  
-2.38   -0.12   28.49  
-2.30   -0.12   26.59  
-2.22   -0.12   24.76  
-2.14   -0.12   23.00  
-2.06   -0.12   21.30  
-1.98   -0.12   19.67  
-1.90   -0.12   18.10  
-1.82   -0.12   16.60  
-1.74   -0.12   15.17  
-1.66   -0.12   13.79  
-1.58   -0.12   12.49  
-1.49   -0.12   11.25  
-1.41   -0.12   10.07  
-1.33   -0.12   8.96   
-1.25   -0.12   7.92   
-1.17   -0.12   6.94   
-1.09   -0.12   6.02   
-1.01   -0.12   5.17   
-0.93   -0.12   4.39   
-0.85   -0.12   3.67   
-0.77   -0.12   3.02   
-0.69   -0.12   2.43   
-0.61   -0.12   1.91   
-0.53   -0.12   1.45   
-0.44   -0.12   1.06   
-0.36   -0.12   0.73   
-0.28   -0.12   0.47   
-0.20   -0.12   0.28   
-0.12   -0.12   0.15   
-0.04   -0.12   0.08   
0.04    -0.12   0.08   
0.12    -0.12   0.15   
0.20    -0.12   0.28   
0.28    -0.12   0.47   
0.36    -0.12   0.73   
0.44    -0.12   1.06   
0.53    -0.12   1.45   
0.61    -0.12   1.91   
0.69    -0.12   2.43   
0.77    -0.12   3.02   
0.85    -0.12   3.67   
0.93    -0.12   4.39   
1.01    -0.12   5.17   
1.09    -0.12   6.02   
1.17    -0.12   6.94   
1.25    -0.12   7.92   
1.33    -0.12   8.96   
1.41    -0.12   10.07  
1.49    -0.12   11.25  
1.58    -0.12   12.49  
1.66    -0.12   13.79  
1.74    -0.12   15.17  
1.82    -0.12   16.60  
1.90    -0.12   18.10  
1.98    -0.12   19.67  
2.06    -0.12   21.30  
2.14    -0.12   23.00  
2.22    -0.12   24.76  
2.30    -0.12   26.59  
2.38    -0.12   28.49  
2.46    -0.12   30.45  
2.55    -0.12   32.47  
2.63    -0.12   34.56  
2.71    -0.12   36.71  
2.79    -0.12   38.93  
2.87    -0.12   41.22  
2.95    -0.12   43.57  
3.03    -0.12   45.99  
3.11    -0.12   48.47  
3.19    -0.12   51.02  
3.27    -0.12   53.63  
3.35    -0.12   56.30  
3.43    -0.12   59.05  
3.52    -0.12   61.85  
3.60    -0.12   64.73  
3.68    -0.12   67.67  
3.76    -0.12   70.67  
3.84    -0.12   73.74  
3.92    -0.12   76.87  
4.00    -0.12   80.07  
-4.00   -0.04   80.01  
-3.92   -0.04   76.81  
-3.84   -0.04   73.67  
-3.76   -0.04   70.61  
-3.68   -0.04   67.60  
-3.60   -0.04   64.66  
-3.52   -0.04   61.79  
-3.43   -0.04   58.98  
-3.35   -0.04   56.24  
-3.27   -0.04   53.56  
-3.19   -0.04   50.95  
-3.11   -0.04   48.40  
-3.03   -0.04   45.92  
-2.95   -0.04   43.51  
-2.87   -0.04   41.15  
-2.79   -0.04   38.87  
-2.71   -0.04   36.65  
-2.63   -0.04   34.49  
-2.55   -0.04   32.40  
-2.46   -0.04   30.38  
-2.38   -0.04   28.42  
-2.30   -0.04   26.53  
-2.22   -0.04   24.70  
-2.14   -0.04   22.94  
-2.06   -0.04   21.24  
-1.98   -0.04   19.61  
-1.90   -0.04   18.04  
-1.82   -0.04   16.54  
-1.74   -0.04   15.10  
-1.66   -0.04   13.73  
-1.58   -0.04   12.42  
-1.49   -0.04   11.18  
-1.41   -0.04   10.01  
-1.33   -0.04   8.90   
-1.25   -0.04   7.85   
-1.17   -0.04   6.87   
-1.09   -0.04   5.96   
-1.01   -0.04   5.11   
-0.93   -0.04   4.33   
-0.85   -0.04   3.61   
-0.77   -0.04   2.95   
-0.69   -0.04   2.37   
-0.61   -0.04   1.84   
-0.53   -0.04   1.39   
-0.44   -0.04   1.00   
-0.36   -0.04   0.67   
-0.28   -0.04   0.41   
-0.20   -0.04   0.21   
-0.12   -0.04   0.08   
-0.04   -0.04   0.02   
0.04    -0.04   0.02   
0.12    -0.04   0.08   
0.20    -0.04   0.21   
0.28    -0.04   0.41   
0.36    -0.04   0.67   
0.44    -0.04   1.00   
0.53    -0.04   1.39   
0.61    -0.04   1.84   
0.69    -0.04   2.37   
0.77    -0.04   2.95   
0.85    -0.04   3.61   
0.93    -0.04   4.33   
1.01    -0.04   5.11   
1.09    -0.04   5.96   
1.17    -0.04   6.87   
1.25    -0.04   7.85   
1.33    -0.04   8.90   
1.41    -0.04   10.01  
1.49    -0.04   11.18  
1.58    -0.04   12.42  
1.66    -0.04   13.73  
1.74    -0.04   15.10  
1.82    -0.04   16.54  
1.90    -0.04   18.04  
1.98    -0.04   19.61  
2.06    -0.04   21.24  
2.14    -0.04   22.94  
2.22    -0.04   24.70  
2.30    -0.04   26.53  
2.38    -0.04   28.42  
2.46    -0.04   30.38  
2.55    -0.04   32.40  
2.63    -0.04   34.49  
2.71    -0.04   36.65  
2.79    -0.04   38.87  
2.87    -0.04   41.15  
2.95    -0.04   43.51  
3.03    -0.04   45.92  
3.11    -0.04   48.40  
3.19    -0.04   50.95  
3.27    -0.04   53.56  
3.35    -0.04   56.24  
3.43    -0.04   58.98  
3.52    -0.04   61.79  
3.60    -0.04   64.66  
3.68    -0.04   67.60  
3.76    -0.04   70.61  
3.84    -0.04   73.67  
3.92    -0.04   76.81  
4.00    -0.04   80.01  
-4.00   0.04    80.01  
-3.92   0.04    76.81  
-3.84   0.04    73.67  
-3.76   0.04    70.61  
-3.68   0.04    67.60  
-3.60   0.04    64.66  
-3.52   0.04    61.79  
-3.43   0.04    58.98  
-3.35   0.04    56.24  
-3.27   0.04    53.56  
-3.19   0.04    50.95  
-3.11   0.04    48.40  
-3.03   0.04    45.92  
-2.95   0.04    43.51  
-2.87   0.04    41.15  
-2.79   0.04    38.87  
-2.71   0.04    36.65  
-2.63   0.04    34.49  
-2.55   0.04    32.40  
-2.46   0.04    30.38  
-2.38   0.04    28.42  
-2.30   0.04    26.53  
-2.22   0.04    24.70  
-2.14   0.04    22.94  
-2.06   0.04    21.24  
-1.98   0.04    19.61  
-1.90   0.04    18.04  
-1.82   0.04    16.54  
-1.74   0.04    15.10  
-1.66   0.04    13.73  
-1.58   0.04    12.42  
-1.49   0.04    11.18  
-1.41   0.04    10.01  
-1.33   0.04    8.90   
-1.25   0.04    7.85   
-1.17   0.04    6.87   
-1.09   0.04    5.96   
-1.01   0.04    5.11   
-0.93   0.04    4.33   
-0.85   0.04    3.61   
-0.77   0.04    2.95   
-0.69   0.04    2.37   
-0.61   0.04    1.84   
-0.53   0.04    1.39   
-0.44   0.04    1.00   
-0.36   0.04    0.67   
-0.28   0.04    0.41   
-0.20   0.04    0.21   
-0.12   0.04    0.08   
-0.04   0.04    0.02   
0.04    0.04    0.02   
0.12    0.04    0.08   
0.20    0.04    0.21   
0.28    0.04    0.41   
0.36    0.04    0.67   
0.44    0.04    1.00   
0.53    0.04    1.39   
0.61    0.04    1.84   
0.69    0.04    2.37   
0.77    0.04    2.95   
0.85    0.04    3.61   
0.93    0.04    4.33   
1.01    0.04    5.11   
1.09    0.04    5.96   
1.17    0.04    6.87   
1.25    0.04    7.85   
1.33    0.04    8.90   
1.41    0.04    10.01  
1.49    0.04    11.18  
1.58    0.04    12.42  
1.66    0.04    13.73  
1.74    0.04    15.10  
1.82    0.04    16.54  
1.90    0.04    18.04  
1.98    0.04    19.61  
2.06    0.04    21.24  
2.14    0.04    22.94  
2.22    0.04    24.70  
2.30    0.04    26.53  
2.38    0.04    28.42  
2.46    0.04    30.38  
2.55    0.04    32.40  
2.63    0.04    34.49  
2.71    0.04    36.65  
2.79    0.04    38.87  
2.87    0.04    41.15  
2.95    0.04    43.51  
3.03    0.04    45.92  
3.11    0.04    48.40  
3.19    0.04    50.95  
3.27    0.04    53.56  
3.35    0.04    56.24  
3.43    0.04    58.98  
3.52    0.04    61.79  
3.60    0.04    64.66  
3.68    0.04    67.60  
3.76    0.04    70.61  
3.84    0.04    73.67  
3.92    0.04    76.81  
4.00    0.04    80.01  
-4.00   0.12    80.07  
-3.92   0.12    76.87  
-3.84   0.12    73.74  
-3.76   0.12    70.67  
-3.68   0.12    67.67  
-3.60   0.12    64.73  
-3.52   0.12    61.85  
-3.43   0.12    59.05  
-3.35   0.12    56.30  
-3.27   0.12    53.63  
-3.19   0.12    51.02  
-3.11   0.12    48.47  
-3.03   0.12    45.99  
-2.95   0.12    43.57  
-2.87   0.12    41.22  
-2.79   0.12    38.93  
-2.71   0.12    36.71  
-2.63   0.12    34.56  
-2.55   0.12    32.47  
-2.46   0.12    30.45  
-2.38   0.12    28.49  
-2.30   0.12    26.59  
-2.22   0.12    24.76  
-2.14   0.12    23.00  
-2.06   0.12    21.30  
-1.98   0.12    19.67  
-1.90   0.12    18.10  
-1.82   0.12    16.60  
-1.74   0.12    15.17  
-1.66   0.12    13.79  
-1.58   0.12    12.49  
-1.49   0.12    11.25  
-1.41   0.12    10.07  
-1.33   0.12    8.96   
-1.25   0.12    7.92   
-1.17   0.12    6.94   
-1.09   0.12    6.02   
-1.01   0.12    5.17   
-0.93   0.12    4.39   
-0.85   0.12    3.67   
-0.77   0.12    3.02   
-0.69   0.12    2.43   
-0.61   0.12    1.91   
-0.53   0.12    1.45   
-0.44   0.12    1.06   
-0.36   0.12    0.73   
-0.28   0.12    0.47   
-0.20   0.12    0.28   
-0.12   0.12    0.15   
-0.04   0.12    0.08   
0.04    0.12    0.08   
0.12    0.12    0.15   
0.20    0.12    0.28   
0.28    0.12    0.47   
0.36    0.12    0.73   
0.44    0.12    1.06   
0.53    0.12    1.45   
0.61    0.12    1.91   
0.69    0.12    2.43   
0.77    0.12    3.02   
0.85    0.12    3.67   
0.93    0.12    4.39   
1.01    0.12    5.17   
1.09    0.12    6.02   
1.17    0.12    6.94   
1.25    0.12    7.92   
1.33    0.12    8.96   
1.41    0.12    10.07  
1.49    0.12    11.25  
1.58    0.12    12.49  
1.66    0.12    13.79  
1.74    0.12    15.17  
1.82    0.12    16.60  
1.90    0.12    18.10  
1.98    0.12    19.67  
2.06    0.12    21.30  
2.14    0.12    23.00  
2.22    0.12    24.76  
2.30    0.12    26.59  
2.38    0.12    28.49  
2.46    0.12    30.45  
2.55    0.12    32.47  
2.63    0.12    34.56  
2.71    0.12    36.71  
2.79    0.12    38.93  
2.87    0.12    41.22  
2.95    0.12    43.57  
3.03    0.12    45.99  
3.11    0.12    48.47  
3.19    0.12    51.02  
3.27    0.12    53.63  
3.35    0.12    56.30  
3.43    0.12    59.05  
3.52    0.12    61.85  
3.60    0.12    64.73  
3.68    0.12    67.67  
3.76    0.12    70.67  
3.84    0.12    73.74  
3.92    0.12    76.87  
4.00    0.12    80.07  
-4.00   0.20    80.20  
-3.92   0.20    77.00  
-3.84   0.20    73.87  
-3.76   0.20    70.80  
-3.68   0.20    67.80  
-3.60   0.20    64.86  
-3.52   0.20    61.99  
-3.43   0.20    59.18  
-3.35   0.20    56.44  
-3.27   0.20    53.76  
-3.19   0.20    51.15  
-3.11   0.20    48.60  
-3.03   0.20    46.12  
-2.95   0.20    43.70  
-2.87   0.20    41.35  
-2.79   0.20    39.07  
-2.71   0.20    36.85  
-2.63   0.20    34.69  
-2.55   0.20    32.60  
-2.46   0.20    30.58  
-2.38   0.20    28.62  
-2.30   0.20    26.72  
-2.22   0.20    24.90  
-2.14   0.20    23.13  
-2.06   0.20    21.43  
-1.98   0.20    19.80  
-1.90   0.20    18.23  
-1.82   0.20    16.73  
-1.74   0.20    15.30  
-1.66   0.20    13.93  
-1.58   0.20    12.62  
-1.49   0.20    11.38  
-1.41   0.20    10.20  
-1.33   0.20    9.09   
-1.25   0.20    8.05   
-1.17   0.20    7.07   
-1.09   0.20    6.15   
-1.01   0.20    5.31   
-0.93   0.20    4.52   
-0.85   0.20    3.80   
-0.77   0.20    3.15   
-0.69   0.20    2.56   
-0.61   0.20    2.04   
-0.53   0.20    1.58   
-0.44   0.20    1.19   
-0.36   0.20    0.87   
-0.28   0.20    0.60   
-0.20   0.20    0.41   
-0.12   0.20    0.28   
-0.04   0.20    0.21   
0.04    0.20    0.21   
0.12    0.20    0.28   
0.20    0.20    0.41   
0.28    0.20    0.60   
0.36    0.20    0.87   
0.44    0.20    1.19   
0.53    0.20    1.58   
0.61    0.20    2.04   
0.69    0.20    2.56   
0.77    0.20    3.15   
0.85    0.20    3.80   
0.93    0.20    4.52   
1.01    0.20    5.31   
1.09    0.20    6.15   
1.17    0.20    7.07   
1.25    0.20    8.05   
1.33    0.20    9.09   
1.41    0.20    10.20  
1.49    0.20    11.38  
1.58    0.20    12.62  
1.66    0.20    13.93  
1.74    0.20    15.30  
1.82    0.20    16.73  
1.90    0.20    18.23  
1.98    0.20    19.80  
2.06    0.20    21.43  
2.14    0.20    23.13  
2.22    0.20    24.90  
2.30    0.20    26.72  
2.38    0.20    28.62  
2.46    0.20    30.58  
2.55    0.20    32.60  
2.63    0.20    34.69  
2.71    0.20    36.85  
2.79    0.20    39.07  
2.87    0.20    41.35  
2.95    0.20    43.70  
3.03    0.20    46.12  
3.11    0.20    48.60  
3.19    0.20    51.15  
3.27    0.20    53.76  
3.35    0.20    56.44  
3.43    0.20    59.18  
3.52    0.20    61.99  
3.60    0.20    64.86  
3.68    0.20    67.80  
3.76    0.20    70.80  
3.84    0.20    73.87  
3.92    0.20    77.00  
4.00    0.20    80.20  
-4.00   0.28    80.40  
-3.92   0.28    77.20  
-3.84   0.28    74.07  
-3.76   0.28    71.00  
-3.68   0.28    67.99  
-3.60   0.28    65.05  
-3.52   0.28    62.18  
-3.43   0.28    59.37  
-3.35   0.28    56.63  
-3.27   0.28    53.95  
-3.19   0.28    51.34  
-3.11   0.28    48.80  
-3.03   0.28    46.31  
-2.95   0.28    43.90  
-2.87   0.28    41.55  
-2.79   0.28    39.26  
-2.71   0.28    37.04  
-2.63   0.28    34.89  
-2.55   0.28    32.80  
-2.46   0.28    30.77  
-2.38   0.28    28.81  
-2.30   0.28    26.92  
-2.22   0.28    25.09  
-2.14   0.28    23.33  
-2.06   0.28    21.63  
-1.98   0.28    20.00  
-1.90   0.28    18.43  
-1.82   0.28    16.93  
-1.74   0.28    15.49  
-1.66   0.28    14.12  
-1.58   0.28    12.82  
-1.49   0.28    11.57  
-1.41   0.28    10.40  
-1.33   0.28    9.29   
-1.25   0.28    8.24   
-1.17   0.28    7.26   
-1.09   0.28    6.35   
-1.01   0.28    5.50   
-0.93   0.28    4.72   
-0.85   0.28    4.00   
-0.77   0.28    3.35   
-0.69   0.28    2.76   
-0.61   0.28    2.24   
-0.53   0.28    1.78   
-0.44   0.28    1.39   
-0.36   0.28    1.06   
-0.28   0.28    0.80   
-0.20   0.28    0.60   
-0.12   0.28    0.47   
-0.04   0.28    0.41   
0.04    0.28    0.41   
0.12    0.28    0.47   
0.20    0.28    0.60   
0.28    0.28    0.80   
0.36    0.28    1.06   
0.44    0.28    1.39   
0.53    0.28    1.78   
0.61    0.28    2.24   
0.69    0.28    2.76   
0.77    0.28    3.35   
0.85    0.28    4.00   
0.93    0.28    4.72   
1.01    0.28    5.50   
1.09    0.28    6.35   
1.17    0.28    7.26   
1.25    0.28    8.24   
1.33    0.28    9.29   
1.41    0.28    10.40  
1.49    0.28    11.57  
1.58    0.28    12.82  
1.66    0.28    14.12  
1.74    0.28    15.49  
1.82    0.28    16.93  
1.90    0.28    18.43  
1.98    0.28    20.00  
2.06    0.28    21.63  
2.14    0.28    23.33  
2.22    0.28    25.09  
2.30    0.28    26.92  
2.38    0.28    28.81  
2.46    0.28    30.77  
2.55    0.28    32.80  
2.63    0.28    34.89  
2.71    0.28    37.04  
2.79    0.28    39.26  
2.87    0.28    41.55  
2.95    0.28    43.90  
3.03    0.28    46.31  
3.11    0.28    48.80  
3.19    0.28    51.34  
3.27    0.28    53.95  
3.35    0.28    56.63  
3.43    0.28    59.37  
3.52    0.28    62.18  
3.60    0.28    65.05  
3.68    0.28    67.99  
3.76    0.28    71.00  
3.84    0.28    74.07  
3.92    0.28    77.20  
4.00    0.28    80.40  
-4.00   0.36    80.66  
-3.92   0.36    77.46  
-3.84   0.36    74.33  
-3.76   0.36    71.26  
-3.68   0.36    68.25  
-3.60   0.36    65.32  
-3.52   0.36    62.44  
-3.43   0.36    59.63  
-3.35   0.36    56.89  
-3.27   0.36    54.21  
-3.19   0.36    51.60  
-3.11   0.36    49.06  
-3.03   0.36    46.57  
-2.95   0.36    44.16  
-2.87   0.36    41.81  
-2.79   0.36    39.52  
-2.71   0.36    37.30  
-2.63   0.36    35.15  
-2.55   0.36    33.06  
-2.46   0.36    31.03  
-2.38   0.36    29.07  
-2.30   0.36    27.18  
-2.22   0.36    25.35  
-2.14   0.36    23.59  
-2.06   0.36    21.89  
-1.98   0.36    20.26  
-1.90   0.36    18.69  
-1.82   0.36    17.19  
-1.74   0.36    15.75  
-1.66   0.36    14.38  
-1.58   0.36    13.08  
-1.49   0.36    11.84  
-1.41   0.36    10.66  
-1.33   0.36    9.55   
-1.25   0.36    8.51   
-1.17   0.36    7.53   
-1.09   0.36    6.61   
-1.01   0.36    5.76   
-0.93   0.36    4.98   
-0.85   0.36    4.26   
-0.77   0.36    3.61   
-0.69   0.36    3.02   
-0.61   0.36    2.50   
-0.53   0.36    2.04   
-0.44   0.36    1.65   
-0.36   0.36    1.32   
-0.28   0.36    1.06   
-0.20   0.36    0.87   
-0.12   0.36    0.73   
-0.04   0.36    0.67   
0.04    0.36    0.67   
0.12    0.36    0.73   
0.20    0.36    0.87   
0.28    0.36    1.06   
0.36    0.36    1.32   
0.44    0.36    1.65   
0.53    0.36    2.04   
0.61    0.36    2.50   
0.69    0.36    3.02   
0.77    0.36    3.61   
0.85    0.36    4.26   
0.93    0.36    4.98   
1.01    0.36    5.76   
1.09    0.36    6.61   
1.17    0.36    7.53   
1.25    0.36    8.51   
1.33    0.36    9.55   
1.41    0.36    10.66  
1.49    0.36    11.84  
1.58    0.36    13.08  
1.66    0.36    14.38  
1.74    0.36    15.75  
1.82    0.36    17.19  
1.90    0.36    18.69  
1.98    0.36    20.26  
2.06    0.36    21.89  
2.14    0.36    23.59  
2.22    0.36    25.35  
2.30    0.36    27.18  
2.38    0.36    29.07  
2.46    0.36    31.03  
2.55    0.36    33.06  
2.63    0.36    35.15  
2.71    0.36    37.30  
2.79    0.36    39.52  
2.87    0.36    41.81  
2.95    0.36    44.16  
3.03    0.36    46.57  
3.11    0.36    49.06  
3.19    0.36    51.60  
3.27    0.36    54.21  
3.35    0.36    56.89  
3.43    0.36    59.63  
3.52    0.36    62.44  
3.60    0.36    65.32  
3.68    0.36    68.25  
3.76    0.36    71.26  
3.84    0.36    74.33  
3.92    0.36    77.46  
4.00    0.36    80.66  
-4.00   0.44    80.99  
-3.92   0.44    77.79  
-3.84   0.44    74.65  
-3.76   0.44    71.58  
-3.68   0.44    68.58  
-3.60   0.44    65.64  
-3.52   0.44    62.77  
-3.43   0.44    59.96  
-3.35   0.44    57.22  
-3.27   0.44    54.54  
-3.19   0.44    51.93  
-3.11   0.44    49.38  
-3.03   0.44    46.90  
-2.95   0.44    44.49  
-2.87   0.44    42.13  
-2.79   0.44    39.85  
-2.71   0.44    37.63  
-2.63   0.44    35.47  
-2.55   0.44    33.38  
-2.46   0.44    31.36  
-2.38   0.44    29.40  
-2.30   0.44    27.51  
-2.22   0.44    25.68  
-2.14   0.44    23.92  
-2.06   0.44    22.22  
-1.98   0.44    20.59  
-1.90   0.44    19.02  
-1.82   0.44    17.52  
-1.74   0.44    16.08  
-1.66   0.44    14.71  
-1.58   0.44    13.40  
-1.49   0.44    12.16  
-1.41   0.44    10.99  
-1.33   0.44    9.88   
-1.25   0.44    8.83   
-1.17   0.44    7.85   
-1.09   0.44    6.94   
-1.01   0.44    6.09   
-0.93   0.44    5.31   
-0.85   0.44    4.59   
-0.77   0.44    3.93   
-0.69   0.44    3.35   
-0.61   0.44    2.82   
-0.53   0.44    2.37   
-0.44   0.44    1.98   
-0.36   0.44    1.65   
-0.28   0.44    1.39   
-0.20   0.44    1.19   
-0.12   0.44    1.06   
-0.04   0.44    1.00   
0.04    0.44    1.00   
0.12    0.44    1.06   
0.20    0.44    1.19   
0.28    0.44    1.39   
0.36    0.44    1.65   
0.44    0.44    1.98   
0.53    0.44    2.37   
0.61    0.44    2.82   
0.69    0.44    3.35   
0.77    0.44    3.93   
0.85    0.44    4.59   
0.93    0.44    5.31   
1.01    0.44    6.09   
1.09    0.44    6.94   
1.17    0.44    7.85   
1.25    0.44    8.83   
1.33    0.44    9.88   
1.41    0.44    10.99  
1.49    0.44    12.16  
1.58    0.44    13.40  
1.66    0.44    14.71  
1.74    0.44    16.08  
1.82    0.44    17.52  
1.90    0.44    19.02  
1.98    0.44    20.59  
2.06    0.44    22.22  
2.14    0.44    23.92  
2.22    0.44    25.68  
2.30    0.44    27.51  
2.38    0.44    29.40  
2.46    0.44    31.36  
2.55    0.44    33.38  
2.63    0.44    35.47  
2.71    0.44    37.63  
2.79    0.44    39.85  
2.87    0.44    42.13  
2.95    0.44    44.49  
3.03    0.44    46.90  
3.11    0.44    49.38  
3.19    0.44    51.93  
3.27    0.44    54.54  
3.35    0.44    57.22  
3.43    0.44    59.96  
3.52    0.44    62.77  
3.60    0.44    65.64  
3.68    0.44    68.58  
3.76    0.44    71.58  
3.84    0.44    74.65  
3.92    0.44    77.79  
4.00    0.44    80.99  
-4.00   0.53    81.38  
-3.92   0.53    78.18  
-3.84   0.53    75.05  
-3.76   0.53    71.98  
-3.68   0.53    68.97  
-3.60   0.53    66.03  
-3.52   0.53    63.16  
-3.43   0.53    60.35  
-3.35   0.53    57.61  
-3.27   0.53    54.93  
-3.19   0.53    52.32  
-3.11   0.53    49.77  
-3.03   0.53    47.29  
-2.95   0.53    44.88  
-2.87   0.53    42.53  
-2.79   0.53    40.24  
-2.71   0.53    38.02  
-2.63   0.53    35.87  
-2.55   0.53    33.78  
-2.46   0.53    31.75  
-2.38   0.53    29.79  
-2.30   0.53    27.90  
-2.22   0.53    26.07  
-2.14   0.53    24.31  
-2.06   0.53    22.61  
-1.98   0.53    20.98  
-1.90   0.53    19.41  
-1.82   0.53    17.91  
-1.74   0.53    16.47  
-1.66   0.53    15.10  
-1.58   0.53    13.79  
-1.49   0.53    12.55  
-1.41   0.53    11.38  
-1.33   0.53    10.27  
-1.25   0.53    9.22   
-1.17   0.53    8.24   
-1.09   0.53    7.33   
-1.01   0.53    6.48   
-0.93   0.53    5.70   
-0.85   0.53    4.98   
-0.77   0.53    4.33   
-0.69   0.53    3.74   
-0.61   0.53    3.22   
-0.53   0.53    2.76   
-0.44   0.53    2.37   
-0.36   0.53    2.04   
-0.28   0.53    1.78   
-0.20   0.53    1.58   
-0.12   0.53    1.45   
-0.04   0.53    1.39   
0.04    0.53    1.39   
0.12    0.53    1.45   
0.20    0.53    1.58   
0.28    0.53    1.78   
0.36    0.53    2.04   
0.44    0.53    2.37   
0.53    0.53    2.76   
0.61    0.53    3.22   
0.69    0.53    3.74   
0.77    0.53    4.33   
0.85    0.53    4.98   
0.93    0.53    5.70   
1.01    0.53    6.48   
1.09    0.53    7.33   
1.17    0.53    8.24   
1.25    0.53    9.22   
1.33    0.53    10.27  
1.41    0.53    11.38  
1.49    0.53    12.55  
1.58    0.53    13.79  
1.66    0.53    15.10  
1.74    0.53    16.47  
1.82    0.53    17.91  
1.90    0.53    19.41  
1.98    0.53    20.98  
2.06    0.53    22.61  
2.14    0.53    24.31  
2.22    0.53    26.07  
2.30    0.53    27.90  
2.38    0.53    29.79  
2.46    0.53    31.75  
2.55    0.53    33.78  
2.63    0.53    35.87  
2.71    0.53    38.02  
2.79    0.53    40.24  
2.87    0.53    42.53  
2.95    0.53    44.88  
3.03    0.53    47.29  
3.11    0.53    49.77  
3.19    0.53    52.32  
3.27    0.53    54.93  
3.35    0.53    57.61  
3.43    0.53    60.35  
3.52    0.53    63.16  
3.60    0.53    66.03  
3.68    0.53    68.97  
3.76    0.53    71.98  
3.84    0.53    75.05  
3.92    0.53    78.18  
4.00    0.53    81.38  
-4.00   0.61    81.84  
-3.92   0.61    78.64  
-3.84   0.61    75.50  
-3.76   0.61    72.43  
-3.68   0.61    69.43  
-3.60   0.61    66.49  
-3.52   0.61    63.62  
-3.43   0.61    60.81  
-3.35   0.61    58.07  
-3.27   0.61    55.39  
-3.19   0.61    52.78  
-3.11   0.61    50.23  
-3.03   0.61    47.75  
-2.95   0.61    45.33  
-2.87   0.61    42.98  
-2.79   0.61    40.70  
-2.71   0.61    38.48  
-2.63   0.61    36.32  
-2.55   0.61    34.23  
-2.46   0.61    32.21  
-2.38   0.61    30.25  
-2.30   0.61    28.36  
-2.22   0.61    26.53  
-2.14   0.61    24.76  
-2.06   0.61    23.07  
-1.98   0.61    21.43  
-1.90   0.61    19.87  
-1.82   0.61    18.37  
-1.74   0.61    16.93  
-1.66   0.61    15.56  
-1.58   0.61    14.25  
-1.49   0.61    13.01  
-1.41   0.61    11.84  
-1.33   0.61    10.73  
-1.25   0.61    9.68   
-1.17   0.61    8.70   
-1.09   0.61    7.79   
-1.01   0.61    6.94   
-0.93   0.61    6.15   
-0.85   0.61    5.44   
-0.77   0.61    4.78   
-0.69   0.61    4.20   
-0.61   0.61    3.67   
-0.53   0.61    3.22   
-0.44   0.61    2.82   
-0.36   0.61    2.50   
-0.28   0.61    2.24   
-0.20   0.61    2.04   
-0.12   0.61    1.91   
-0.04   0.61    1.84   
0.04    0.61    1.84   
0.12    0.61    1.91   
0.20    0.61    2.04   
0.28    0.61    2.24   
0.36    0.61    2.50   
0.44    0.61    2.82   
0.53    0.61    3.22   
0.61    0.61    3.67   
0.69    0.61    4.20   
0.77    0.61    4.78   
0.85    0.61    5.44   
0.93    0.61    6.15   
1.01    0.61    6.94   
1.09    0.61    7.79   
1.17    0.61    8.70   
1.25    0.61    9.68   
1.33    0.61    10.73  
1.41    0.61    11.84  
1.49    0.61    13.01  
1.58    0.61    14.25  
1.66    0.61    15.56  
1.74    0.61    16.93  
1.82    0.61    18.37  
1.90    0.61    19.87  
1.98    0.61    21.43  
2.06    0.61    23.07  
2.14    0.61    24.76  
2.22    0.61    26.53  
2.30    0.61    28.36  
2.38    0.61    30.25  
2.46    0.61    32.21  
2.55    0.61    34.23  
2.63    0.61    36.32  
2.71    0.61    38.48  
2.79    0.61    40.70  
2.87    0.61    42.98  
2.95    0.61    45.33  
3.03    0.61    47.75  
3.11    0.61    50.23  
3.19    0.61    52.78  
3.27    0.61    55.39  
3.35    0.61    58.07  
3.43    0.61    60.81  
3.52    0.61    63.62  
3.60    0.61    66.49  
3.68    0.61    69.43  
3.76    0.61    72.43  
3.84    0.61    75.50  
3.92    0.61    78.64  
4.00    0.61    81.84  
-4.00   0.69    82.36  
-3.92   0.69    79.16  
-3.84   0.69    76.02  
-3.76   0.69    72.96  
-3.68   0.69    69.95  
-3.60   0.69    67.01  
-3.52   0.69    64.14  
-3.43   0.69    61.33  
-3.35   0.69    58.59  
-3.27   0.69    55.91  
-3.19   0.69    53.30  
-3.11   0.69    50.75  
-3.03   0.69    48.27  
-2.95   0.69    45.86  
-2.87   0.69    43.51  
-2.79   0.69    41.22  
-2.71   0.69    39.00  
-2.63   0.69    36.85  
-2.55   0.69    34.76  
-2.46   0.69    32.73  
-2.38   0.69    30.77  
-2.30   0.69    28.88  
-2.22   0.69    27.05  
-2.14   0.69    25.29  
-2.06   0.69    23.59  
-1.98   0.69    21.96  
-1.90   0.69    20.39  
-1.82   0.69    18.89  
-1.74   0.69    17.45  
-1.66   0.69    16.08  
-1.58   0.69    14.77  
-1.49   0.69    13.53  
-1.41   0.69    12.36  
-1.33   0.69    11.25  
-1.25   0.69    10.20  
-1.17   0.69    9.22   
-1.09   0.69    8.31   
-1.01   0.69    7.46   
-0.93   0.69    6.68   
-0.85   0.69    5.96   
-0.77   0.69    5.31   
-0.69   0.69    4.72   
-0.61   0.69    4.20   
-0.53   0.69    3.74   
-0.44   0.69    3.35   
-0.36   0.69    3.02   
-0.28   0.69    2.76   
-0.20   0.69    2.56   
-0.12   0.69    2.43   
-0.04   0.69    2.37   
0.04    0.69    2.37   
0.12    0.69    2.43   
0.20    0.69    2.56   
0.28    0.69    2.76   
0.36    0.69    3.02   
0.44    0.69    3.35   
0.53    0.69    3.74   
0.61    0.69    4.20   
0.69    0.69    4.72   
0.77    0.69    5.31   
0.85    0.69    5.96   
0.93    0.69    6.68   
1.01    0.69    7.46   
1.09    0.69    8.31   
1.17    0.69    9.22   
1.25    0.69    10.20  
1.33    0.69    11.25  
1.41    0.69    12.36  
1.49    0.69    13.53  
1.58    0.69    14.77  
1.66    0.69    16.08  
1.74    0.69    17.45  
1.82    0.69    18.89  
1.90    0.69    20.39  
1.98    0.69    21.96  
2.06    0.69    23.59  
2.14    0.69    25.29  
2.22    0.69    27.05  
2.30    0.69    28.88  
2.38    0.69    30.77  
2.46    0.69    32.73  
2.55    0.69    34.76  
2.63    0.69    36.85  
2.71    0.69    39.00  
2.79    0.69    41.22  
2.87    0.69    43.51  
2.95    0.69    45.86  
3.03    0.69    48.27  
3.11    0.69    50.75  
3.19    0.69    53.30  
3.27    0.69    55.91  
3.35    0.69    58.59  
3.43    0.69    61.33  
3.52    0.69    64.14  
3.60    0.69    67.01  
3.68    0.69    69.95  
3.76    0.69    72.96  
3.84    0.69    76.02  
3.92    0.69    79.16  
4.00    0.69    82.36  
-4.00   0.77    82.95  
-3.92   0.77    79.75  
-3.84   0.77    76.61  
-3.76   0.77    73.54  
-3.68   0.77    70.54  
-3.60   0.77    67.60  
-3.52   0.77    64.73  
-3.43   0.77    61.92  
-3.35   0.77    59.18  
-3.27   0.77    56.50  
-3.19   0.77    53.89  
-3.11   0.77    51.34  
-3.03   0.77    48.86  
-2.95   0.77    46.44  
-2.87   0.77    44.09  
-2.79   0.77    41.81  
-2.71   0.77    39.59  
-2.63   0.77    37.43  
-2.55   0.77    35.34  
-2.46   0.77    33.32  
-2.38   0.77    31.36  
-2.30   0.77    29.47  
-2.22   0.77    27.64  
-2.14   0.77    25.87  
-2.06   0.77    24.18  
-1.98   0.77    22.54  
-1.90   0.77    20.98  
-1.82   0.77    19.48  
-1.74   0.77    18.04  
-1.66   0.77    16.67  
-1.58   0.77    15.36  
-1.49   0.77    14.12  
-1.41   0.77    12.95  
-1.33   0.77    11.84  
-1.25   0.77    10.79  
-1.17   0.77    9.81   
-1.09   0.77    8.90   
-1.01   0.77    8.05   
-0.93   0.77    7.26   
-0.85   0.77    6.55   
-0.77   0.77    5.89   
-0.69   0.77    5.31   
-0.61   0.77    4.78   
-0.53   0.77    4.33   
-0.44   0.77    3.93   
-0.36   0.77    3.61   
-0.28   0.77    3.35   
-0.20   0.77    3.15   
-0.12   0.77    3.02   
-0.04   0.77    2.95   
0.04    0.77    2.95   
0.12    0.77    3.02   
0.20    0.77    3.15   
0.28    0.77    3.35   
0.36    0.77    3.61   
0.44    0.77    3.93   
0.53    0.77    4.33   
0.61    0.77    4.78   
0.69    0.77    5.31   
0.77    0.77    5.89   
0.85    0.77    6.55   
0.93    0.77    7.26   
1.01    0.77    8.05   
1.09    0.77    8.90   
1.17    0.77    9.81   
1.25    0.77    10.79  
1.33    0.77    11.84  
1.41    0.77    12.95  
1.49    0.77    14.12  
1.58    0.77    15.36  
1.66    0.77    16.67  
1.74    0.77    18.04  
1.82    0.77    19.48  
1.90    0.77    20.98  
1.98    0.77    22.54  
2.06    0.77    24.18  
2.14    0.77    25.87  
2.22    0.77    27.64  
2.30    0.77    29.47  
2.38    0.77    31.36  
2.46    0.77    33.32  
2.55    0.77    35.34  
2.63    0.77    37.43  
2.71    0.77    39.59  
2.79    0.77    41.81  
2.87    0.77    44.09  
2.95    0.77    46.44  
3.03    0.77    48.86  
3.11    0.77    51.34  
3.19    0.77    53.89  
3.27    0.77    56.50  
3.35    0.77    59.18  
3.43    0.77    61.92  
3.52    0.77    64.73  
3.60    0.77    67.60  
3.68    0.77    70.54  
3.76    0.77    73.54  
3.84    0.77    76.61  
3.92    0.77    79.75  
4.00    0.77    82.95  
-4.00   0.85    83.60  
-3.92   0.85    80.40  
-3.84   0.85    77.27  
-3.76   0.85    74.20  
-3.68   0.85    71.19  
-3.60   0.85    68.25  
-3.52   0.85    65.38  
-3.43   0.85    62.57  
-3.35   0.85    59.83  
-3.27   0.85    57.15  
-3.19   0.85    54.54  
-3.11   0.85    51.99  
-3.03   0.85    49.51  
-2.95   0.85    47.10  
-2.87   0.85    44.75  
-2.79   0.85    42.46  
-2.71   0.85    40.24  
-2.63   0.85    38.09  
-2.55   0.85    36.00  
-2.46   0.85    33.97  
-2.38   0.85    32.01  
-2.30   0.85    30.12  
-2.22   0.85    28.29  
-2.14   0.85    26.53  
-2.06   0.85    24.83  
-1.98   0.85    23.20  
-1.90   0.85    21.63  
-1.82   0.85    20.13  
-1.74   0.85    18.69  
-1.66   0.85    17.32  
-1.58   0.85    16.01  
-1.49   0.85    14.77  
-1.41   0.85    13.60  
-1.33   0.85    12.49  
-1.25   0.85    11.44  
-1.17   0.85    10.46  
-1.09   0.85    9.55   
-1.01   0.85    8.70   
-0.93   0.85    7.92   
-0.85   0.85    7.20   
-0.77   0.85    6.55   
-0.69   0.85    5.96   
-0.61   0.85    5.44   
-0.53   0.85    4.98   
-0.44   0.85    4.59   
-0.36   0.85    4.26   
-0.28   0.85    4.00   
-0.20   0.85    3.80   
-0.12   0.85    3.67   
-0.04   0.85    3.61   
0.04    0.85    3.61   
0.12    0.85    3.67   
0.20    0.85    3.80   
0.28    0.85    4.00   
0.36    0.85    4.26   
0.44    0.85    4.59   
0.53    0.85    4.98   
0.61    0.85    5.44   
0.69    0.85    5.96   
0.77    0.85    6.55   
0.85    0.85    7.20   
0.93    0.85    7.92   
1.01    0.85    8.70   
1.09    0.85    9.55   
1.17    0.85    10.46  
1.25    0.85    11.44  
1.33    0.85    12.49  
1.41    0.85    13.60  
1.49    0.85    14.77  
1.58    0.85    16.01  
1.66    0.85    17.32  
1.74    0.85    18.69  
1.82    0.85    20.13  
1.90    0.85    21.63  
1.98    0.85    23.20  
2.06    0.85    24.83  
2.14    0.85    26.53  
2.22    0.85    28.29  
2.30    0.85    30.12  
2.38    0.85    32.01  
2.46    0.85    33.97  
2.55    0.85    36.00  
2.63    0.85    38.09  
2.71    0.85    40.24  
2.79    0.85    42.46  
2.87    0.85    44.75  
2.95    0.85    47.10  
3.03    0.85    49.51  
3.11    0.85    51.99  
3.19    0.85    54.54  
3.27    0.85    57.15  
3.35    0.85    59.83  
3.43    0.85    62.57  
3.52    0.85    65.38  
3.60    0.85    68.25  
3.68    0.85    71.19  
3.76    0.85    74.20  
3.84    0.85    77.27  
3.92    0.85    80.40  
4.00    0.85    83.60  
-4.00   0.93    84.32  
-3.92   0.93    81.12  
-3.84   0.93    77.98  
-3.76   0.93    74.91  
-3.68   0.93    71.91  
-3.60   0.93    68.97  
-3.52   0.93    66.10  
-3.43   0.93    63.29  
-3.35   0.93    60.55  
-3.27   0.93    57.87  
-3.19   0.93    55.26  
-3.11   0.93    52.71  
-3.03   0.93    50.23  
-2.95   0.93    47.82  
-2.87   0.93    45.46  
-2.79   0.93    43.18  
-2.71   0.93    40.96  
-2.63   0.93    38.80  
-2.55   0.93    36.71  
-2.46   0.93    34.69  
-2.38   0.93    32.73  
-2.30   0.93    30.84  
-2.22   0.93    29.01  
-2.14   0.93    27.25  
-2.06   0.93    25.55  
-1.98   0.93    23.92  
-1.90   0.93    22.35  
-1.82   0.93    20.85  
-1.74   0.93    19.41  
-1.66   0.93    18.04  
-1.58   0.93    16.73  
-1.49   0.93    15.49  
-1.41   0.93    14.32  
-1.33   0.93    13.21  
-1.25   0.93    12.16  
-1.17   0.93    11.18  
-1.09   0.93    10.27  
-1.01   0.93    9.42   
-0.93   0.93    8.64   
-0.85   0.93    7.92   
-0.77   0.93    7.26   
-0.69   0.93    6.68   
-0.61   0.93    6.15   
-0.53   0.93    5.70   
-0.44   0.93    5.31   
-0.36   0.93    4.98   
-0.28   0.93    4.72   
-0.20   0.93    4.52   
-0.12   0.93    4.39   
-0.04   0.93    4.33   
0.04    0.93    4.33   
0.12    0.93    4.39   
0.20    0.93    4.52   
0.28    0.93    4.72   
0.36    0.93    4.98   
0.44    0.93    5.31   
0.53    0.93    5.70   
0.61    0.93    6.15   
0.69    0.93    6.68   
0.77    0.93    7.26   
0.85    0.93    7.92   
0.93    0.93    8.64   
1.01    0.93    9.42   
1.09    0.93    10.27  
1.17    0.93    11.18  
1.25    0.93    12.16  
1.33    0.93    13.21  
1.41    0.93    14.32  
1.49    0.93    15.49  
1.58    0.93    16.73  
1.66    0.93    18.04  
1.74    0.93    19.41  
1.82    0.93    20.85  
1.90    0.93    22.35  
1.98    0.93    23.92  
2.06    0.93    25.55  
2.14    0.93    27.25  
2.22    0.93    29.01  
2.30    0.93    30.84  
2.38    0.93    32.73  
2.46    0.93    34.69  
2.55    0.93    36.71  
2.63    0.93    38.80  
2.71    0.93    40.96  
2.79    0.93    43.18  
2.87    0.93    45.46  
2.95    0.93    47.82  
3.03    0.93    50.23  
3.11    0.93    52.71  
3.19    0.93    55.26  
3.27    0.93    57.87  
3.35    0.93    60.55  
3.43    0.93    63.29  
3.52    0.93    66.10  
3.60    0.93    68.97  
3.68    0.93    71.91  
3.76    0.93    74.91  
3.84    0.93    77.98  
3.92    0.93    81.12  
4.00    0.93    84.32  
-4.00   1.01    85.10  
-3.92   1.01    81.90  
-3.84   1.01    78.77  
-3.76   1.01    75.70  
-3.68   1.01    72.69  
-3.60   1.01    69.76  
-3.52   1.01    66.88  
-3.43   1.01    64.08  
-3.35   1.01    61.33  
-3.27   1.01    58.66  
-3.19   1.01    56.04  
-3.11   1.01    53.50  
-3.03   1.01    51.02  
-2.95   1.01    48.60  
-2.87   1.01    46.25  
-2.79   1.01    43.96  
-2.71   1.01    41.74  
-2.63   1.01    39.59  
-2.55   1.01    37.50  
-2.46   1.01    35.47  
-2.38   1.01    33.51  
-2.30   1.01    31.62  
-2.22   1.01    29.79  
-2.14   1.01    28.03  
-2.06   1.01    26.33  
-1.98   1.01    24.70  
-1.90   1.01    23.13  
-1.82   1.01    21.63  
-1.74   1.01    20.19  
-1.66   1.01    18.82  
-1.58   1.01    17.52  
-1.49   1.01    16.28  
-1.41   1.01    15.10  
-1.33   1.01    13.99  
-1.25   1.01    12.95  
-1.17   1.01    11.97  
-1.09   1.01    11.05  
-1.01   1.01    10.20  
-0.93   1.01    9.42   
-0.85   1.01    8.70   
-0.77   1.01    8.05   
-0.69   1.01    7.46   
-0.61   1.01    6.94   
-0.53   1.01    6.48   
-0.44   1.01    6.09   
-0.36   1.01    5.76   
-0.28   1.01    5.50   
-0.20   1.01    5.31   
-0.12   1.01    5.17   
-0.04   1.01    5.11   
0.04    1.01    5.11   
0.12    1.01    5.17   
0.20    1.01    5.31   
0.28    1.01    5.50   
0.36    1.01    5.76   
0.44    1.01    6.09   
0.53    1.01    6.48   
0.61    1.01    6.94   
0.69    1.01    7.46   
0.77    1.01    8.05   
0.85    1.01    8.70   
0.93    1.01    9.42   
1.01    1.01    10.20  
1.09    1.01    11.05  
1.17    1.01    11.97  
1.25    1.01    12.95  
1.33    1.01    13.99  
1.41    1.01    15.10  
1.49    1.01    16.28  
1.58    1.01    17.52  
1.66    1.01    18.82  
1.74    1.01    20.19  
1.82    1.01    21.63  
1.90    1.01    23.13  
1.98    1.01    24.70  
2.06    1.01    26.33  
2.14    1.01    28.03  
2.22    1.01    29.79  
2.30    1.01    31.62  
2.38    1.01    33.51  
2.46    1.01    35.47  
2.55    1.01    37.50  
2.63    1.01    39.59  
2.71    1.01    41.74  
2.79    1.01    43.96  
2.87    1.01    46.25  
2.95    1.01    48.60  
3.03    1.01    51.02  
3.11    1.01    53.50  
3.19    1.01    56.04  
3.27    1.01    58.66  
3.35    1.01    61.33  
3.43    1.01    64.08  
3.52    1.01    66.88  
3.60    1.01    69.76  
3.68    1.01    72.69  
3.76    1.01    75.70  
3.84    1.01    78.77  
3.92    1.01    81.90  
4.00    1.01    85.10  
-4.00   1.09    85.95  
-3.92   1.09    82.75  
-3.84   1.09    79.62  
-3.76   1.09    76.55  
-3.68   1.09    73.54  
-3.60   1.09    70.61  
-3.52   1.09    67.73  
-3.43   1.09    64.92  
-3.35   1.09    62.18  
-3.27   1.09    59.50  
-3.19   1.09    56.89  
-3.11   1.09    54.35  
-3.03   1.09    51.86  
-2.95   1.09    49.45  
-2.87   1.09    47.10  
-2.79   1.09    44.81  
-2.71   1.09    42.59  
-2.63   1.09    40.44  
-2.55   1.09    38.35  
-2.46   1.09    36.32  
-2.38   1.09    34.36  
-2.30   1.09    32.47  
-2.22   1.09    30.64  
-2.14   1.09    28.88  
-2.06   1.09    27.18  
-1.98   1.09    25.55  
-1.90   1.09    23.98  
-1.82   1.09    22.48  
-1.74   1.09    21.04  
-1.66   1.09    19.67  
-1.58   1.09    18.37  
-1.49   1.09    17.12  
-1.41   1.09    15.95  
-1.33   1.09    14.84  
-1.25   1.09    13.79  
-1.17   1.09    12.82  
-1.09   1.09    11.90  
-1.01   1.09    11.05  
-0.93   1.09    10.27  
-0.85   1.09    9.55   
-0.77   1.09    8.90   
-0.69   1.09    8.31   
-0.61   1.09    7.79   
-0.53   1.09    7.33   
-0.44   1.09    6.94   
-0.36   1.09    6.61   
-0.28   1.09    6.35   
-0.20   1.09    6.15   
-0.12   1.09    6.02   
-0.04   1.09    5.96   
0.04    1.09    5.96   
0.12    1.09    6.02   
0.20    1.09    6.15   
0.28    1.09    6.35   
0.36    1.09    6.61   
0.44    1.09    6.94   
0.53    1.09    7.33   
0.61    1.09    7.79   
0.69    1.09    8.31   
0.77    1.09    8.90   
0.85    1.09    9.55   
0.93    1.09    10.27  
1.01    1.09    11.05  
1.09    1.09    11.90  
1.17    1.09    12.82  
1.25    1.09    13.79  
1.33    1.09    14.84  
1.41    1.09    15.95  
1.49    1.09    17.12  
1.58    1.09    18.37  
1.66    1.09    19.67  
1.74    1.09    21.04  
1.82    1.09    22.48  
1.90    1.09    23.98  
1.98    1.09    25.55  
2.06    1.09    27.18  
2.14    1.09    28.88  
2.22    1.09    30.64  
2.30    1.09    32.47  
2.38    1.09    34.36  
2.46    1.09    36.32  
2.55    1.09    38.35  
2.63    1.09    40.44  
2.71    1.09    42.59  
2.79    1.09    44.81  
2.87    1.09    47.10  
2.95    1.09    49.45  
3.03    1.09    51.86  
3.11    1.09    54.35  
3.19    1.09    56.89  
3.27    1.09    59.50  
3.35    1.09    62.18  
3.43    1.09    64.92  
3.52    1.09    67.73  
3.60    1.09    70.61  
3.68    1.09    73.54  
3.76    1.09    76.55  
3.84    1.09    79.62  
3.92    1.09    82.75  
4.00    1.09    85.95  
-4.00   1.17    86.86  
-3.92   1.17    83.66  
-3.84   1.17    80.53  
-3.76   1.17    77.46  
-3.68   1.17    74.46  
-3.60   1.17    71.52  
-3.52   1.17    68.65  
-3.43   1.17    65.84  
-3.35   1.17    63.10  
-3.27   1.17    60.42  
-3.19   1.17    57.81  
-3.11   1.17    55.26  
-3.03   1.17    52.78  
-2.95   1.17    50.36  
-2.87   1.17    48.01  
-2.79   1.17    45.73  
-2.71   1.17    43.51  
-2.63   1.17    41.35  
-2.55   1.17    39.26  
-2.46   1.17    37.24  
-2.38   1.17    35.28  
-2.30   1.17    33.38  
-2.22   1.17    31.56  
-2.14   1.17    29.79  
-2.06   1.17    28.10  
-1.98   1.17    26.46  
-1.90   1.17    24.90  
-1.82   1.17    23.39  
-1.74   1.17    21.96  
-1.66   1.17    20.59  
-1.58   1.17    19.28  
-1.49   1.17    18.04  
-1.41   1.17    16.86  
-1.33   1.17    15.75  
-1.25   1.17    14.71  
-1.17   1.17    13.73  
-1.09   1.17    12.82  
-1.01   1.17    11.97  
-0.93   1.17    11.18  
-0.85   1.17    10.46  
-0.77   1.17    9.81   
-0.69   1.17    9.22   
-0.61   1.17    8.70   
-0.53   1.17    8.24   
-0.44   1.17    7.85   
-0.36   1.17    7.53   
-0.28   1.17    7.26   
-0.20   1.17    7.07   
-0.12   1.17    6.94   
-0.04   1.17    6.87   
0.04    1.17    6.87   
0.12    1.17    6.94   
0.20    1.17    7.07   
0.28    1.17    7.26   
0.36    1.17    7.53   
0.44    1.17    7.85   
0.53    1.17    8.24   
0.61    1.17    8.70   
0.69    1.17    9.22   
0.77    1.17    9.81   
0.85    1.17    10.46  
0.93    1.17    11.18  
1.01    1.17    11.97  
1.09    1.17    12.82  
1.17    1.17    13.73  
1.25    1.17    14.71  
1.33    1.17    15.75  
1.41    1.17    16.86  
1.49    1.17    18.04  
1.58    1.17    19.28  
1.66    1.17    20.59  
1.74    1.17    21.96  
1.82    1.17    23.39  
1.90    1.17    24.90  
1.98    1.17    26.46  
2.06    1.17    28.10  
2.14    1.17    29.79  
2.22    1.17    31.56  
2.30    1.17    33.38  
2.38    1.17    35.28  
2.46    1.17    37.24  
2.55    1.17    39.26  
2.63    1.17    41.35  
2.71    1.17    43.51  
2.79    1.17    45.73  
2.87    1.17    48.01  
2.95    1.17    50.36  
3.03    1.17    52.78  
3.11    1.17    55.26  
3.19    1.17    57.81  
3.27    1.17    60.42  
3.35    1.17    63.10  
3.43    1.17    65.84  
3.52    1.17    68.65  
3.60    1.17    71.52  
3.68    1.17    74.46  
3.76    1.17    77.46  
3.84    1.17    80.53  
3.92    1.17    83.66  
4.00    1.17    86.86  
-4.00   1.25    87.84  
-3.92   1.25    84.64  
-3.84   1.25    81.51  
-3.76   1.25    78.44  
-3.68   1.25    75.44  
-3.60   1.25    72.50  
-3.52   1.25    69.63  
-3.43   1.25    66.82  
-3.35   1.25    64.08  
-3.27   1.25    61.40  
-3.19   1.25    58.79  
-3.11   1.25    56.24  
-3.03   1.25    53.76  
-2.95   1.25    51.34  
-2.87   1.25    48.99  
-2.79   1.25    46.71  
-2.71   1.25    44.49  
-2.63   1.25    42.33  
-2.55   1.25    40.24  
-2.46   1.25    38.22  
-2.38   1.25    36.26  
-2.30   1.25    34.36  
-2.22   1.25    32.54  
-2.14   1.25    30.77  
-2.06   1.25    29.07  
-1.98   1.25    27.44  
-1.90   1.25    25.87  
-1.82   1.25    24.37  
-1.74   1.25    22.94  
-1.66   1.25    21.57  
-1.58   1.25    20.26  
-1.49   1.25    19.02  
-1.41   1.25    17.84  
-1.33   1.25    16.73  
-1.25   1.25    15.69  
-1.17   1.25    14.71  
-1.09   1.25    13.79  
-1.01   1.25    12.95  
-0.93   1.25    12.16  
-0.85   1.25    11.44  
-0.77   1.25    10.79  
-0.69   1.25    10.20  
-0.61   1.25    9.68   
-0.53   1.25    9.22   
-0.44   1.25    8.83   
-0.36   1.25    8.51   
-0.28   1.25    8.24   
-0.20   1.25    8.05   
-0.12   1.25    7.92   
-0.04   1.25    7.85   
0.04    1.25    7.85   
0.12    1.25    7.92   
0.20    1.25    8.05   
0.28    1.25    8.24   
0.36    1.25    8.51   
0.44    1.25    8.83   
0.53    1.25    9.22   
0.61    1.25    9.68   
0.69    1.25    10.20  
0.77    1.25    10.79  
0.85    1.25    11.44  
0.93    1.25    12.16  
1.01    1.25    12.95  
1.09    1.25    13.79  
1.17    1.25    14.71  
1.25    1.25    15.69  
1.33    1.25    16.73  
1.41    1.25    17.84  
1.49    1.25    19.02  
1.58    1.25    20.26  
1.66    1.25    21.57  
1.74    1.25    22.94  
1.82    1.25    24.37  
1.90    1.25    25.87  
1.98    1.25    27.44  
2.06    1.25    29.07  
2.14    1.25    30.77  
2.22    1.25    32.54  
2.30    1.25    34.36  
2.38    1.25    36.26  
2.46    1.25    38.22  
2.55    1.25    40.24  
2.63    1.25    42.33  
2.71    1.25    44.49  
2.79    1.25    46.71  
2.87    1.25    48.99  
2.95    1.25    51.34  
3.03    1.25    53.76  
3.11    1.25    56.24  
3.19    1.25    58.79  
3.27    1.25    61.40  
3.35    1.25    64.08  
3.43    1.25    66.82  
3.52    1.25    69.63  
3.60    1.25    72.50  
3.68    1.25    75.44  
3.76    1.25    78.44  
3.84    1.25    81.51  
3.92    1.25    84.64  
4.00    1.25    87.84  
-4.00   1.33    88.89  
-3.92   1.33    85.69  
-3.84   1.33    82.55  
-3.76   1.33    79.49  
-3.68   1.33    76.48  
-3.60   1.33    73.54  
-3.52   1.33    70.67  
-3.43   1.33    67.86  
-3.35   1.33    65.12  
-3.27   1.33    62.44  
-3.19   1.33    59.83  
-3.11   1.33    57.28  
-3.03   1.33    54.80  
-2.95   1.33    52.39  
-2.87   1.33    50.04  
-2.79   1.33    47.75  
-2.71   1.33    45.53  
-2.63   1.33    43.38  
-2.55   1.33    41.29  
-2.46   1.33    39.26  
-2.38   1.33    37.30  
-2.30   1.33    35.41  
-2.22   1.33    33.58  
-2.14   1.33    31.82  
-2.06   1.33    30.12  
-1.98   1.33    28.49  
-1.90   1.33    26.92  
-1.82   1.33    25.42  
-1.74   1.33    23.98  
-1.66   1.33    22.61  
-1.58   1.33    21.30  
-1.49   1.33    20.06  
-1.41   1.33    18.89  
-1.33   1.33    17.78  
-1.25   1.33    16.73  
-1.17   1.33    15.75  
-1.09   1.33    14.84  
-1.01   1.33    13.99  
-0.93   1.33    13.21  
-0.85   1.33    12.49  
-0.77   1.33    11.84  
-0.69   1.33    11.25  
-0.61   1.33    10.73  
-0.53   1.33    10.27  
-0.44   1.33    9.88   
-0.36   1.33    9.55   
-0.28   1.33    9.29   
-0.20   1.33    9.09   
-0.12   1.33    8.96   
-0.04   1.33    8.90   
0.04    1.33    8.90   
0.12    1.33    8.96   
0.20    1.33    9.09   
0.28    1.33    9.29   
0.36    1.33    9.55   
0.44    1.33    9.88   
0.53    1.33    10.27  
0.61    1.33    10.73  
0.69    1.33    11.25  
0.77    1.33    11.84  
0.85    1.33    12.49  
0.93    1.33    13.21  
1.01    1.33    13.99  
1.09    1.33    14.84  
1.17    1.33    15.75  
1.25    1.33    16.73  
1.33    1.33    17.78  
1.41    1.33    18.89  
1.49    1.33    20.06  
1.58    1.33    21.30  
1.66    1.33    22.61  
1.74    1.33    23.98  
1.82    1.33    25.42  
1.90    1.33    26.92  
1.98    1.33    28.49  
2.06    1.33    30.12  
2.14    1.33    31.82  
2.22    1.33    33.58  
2.30    1.33    35.41  
2.38    1.33    37.30  
2.46    1.33    39.26  
2.55    1.33    41.29  
2.63    1.33    43.38  
2.71    1.33    45.53  
2.79    1.33    47.75  
2.87    1.33    50.04  
2.95    1.33    52.39  
3.03    1.33    54.80  
3.11    1.33    57.28  
3.19    1.33    59.83  
3.27    1.33    62.44  
3.35    1.33    65.12  
3.43    1.33    67.86  
3.52    1.33    70.67  
3.60    1.33    73.54  
3.68    1.33    76.48  
3.76    1.33    79.49  
3.84    1.33    82.55  
3.92    1.33    85.69  
4.00    1.33    88.89  
-4.00   1.41    90.00  
-3.92   1.41    86.80  
-3.84   1.41    83.66  
-3.76   1.41    80.60  
-3.68   1.41    77.59  
-3.60   1.41    74.65  
-3.52   1.41    71.78  
-3.43   1.41    68.97  
-3.35   1.41    66.23  
-3.27   1.41    63.55  
-3.19   1.41    60.94  
-3.11   1.41    58.39  
-3.03   1.41    55.91  
-2.95   1.41    53.50  
-2.87   1.41    51.15  
-2.79   1.41    48.86  
-2.71   1.41    46.64  
-2.63   1.41    44.49  
-2.55   1.41    42.40  
-2.46   1.41    40.37  
-2.38   1.41    38.41  
-2.30   1.41    36.52  
-2.22   1.41    34.69  
-2.14   1.41    32.93  
-2.06   1.41    31.23  
-1.98   1.41    29.60  
-1.90   1.41    28.03  
-1.82   1.41    26.53  
-1.74   1.41    25.09  
-1.66   1.41    23.72  
-1.58   1.41    22.41  
-1.49   1.41    21.17  
-1.41   1.41    20.00  
-1.33   1.41    18.89  
-1.25   1.41    17.84  
-1.17   1.41    16.86  
-1.09   1.41    15.95  
-1.01   1.41    15.10  
-0.93   1.41    14.32  
-0.85   1.41    13.60  
-0.77   1.41    12.95  
-0.69   1.41    12.36  
-0.61   1.41    11.84  
-0.53   1.41    11.38  
-0.44   1.41    10.99  
-0.36   1.41    10.66  
-0.28   1.41    10.40  
-0.20   1.41    10.20  
-0.12   1.41    10.07  
-0.04   1.41    10.01  
0.04    1.41    10.01  
0.12    1.41    10.07  
0.20    1.41    10.20  
0.28    1.41    10.40  
0.36    1.41    10.66  
0.44    1.41    10.99  
0.53    1.41    11.38  
0.61    1.41    11.84  
0.69    1.41    12.36  
0.77    1.41    12.95  
0.85    1.41    13.60  
0.93    1.41    14.32  
1.01    1.41    15.10  
1.09    1.41    15.95  
1.17    1.41    16.86  
1.25    1.41    17.84  
1.33    1.41    18.89  
1.41    1.41    20.00  
1.49    1.41    21.17  
1.58    1.41    22.41  
1.66    1.41    23.72  
1.74    1.41    25.09  
1.82    1.41    26.53  
1.90    1.41    28.03  
1.98    1.41    29.60  
2.06    1.41    31.23  
2.14    1.41    32.93  
2.22    1.41    34.69  
2.30    1.41    36.52  
2.38    1.41    38.41  
2.46    1.41    40.37  
2.55    1.41    42.40  
2.63    1.41    44.49  
2.71    1.41    46.64  
2.79    1.41    48.86  
2.87    1.41    51.15  
2.95    1.41    53.50  
3.03    1.41    55.91  
3.11    1.41    58.39  
3.19    1.41    60.94  
3.27    1.41    63.55  
3.35    1.41    66.23  
3.43    1.41    68.97  
3.52    1.41    71.78  
3.60    1.41    74.65  
3.68    1.41    77.59  
3.76    1.41    80.60  
3.84    1.41    83.66  
3.92    1.41    86.80  
4.00    1.41    90.00  
-4.00   1.49    91.17  
-3.92   1.49    87.97  
-3.84   1.49    84.84  
-3.76   1.49    81.77  
-3.68   1.49    78.77  
-3.60   1.49    75.83  
-3.52   1.49    72.96  
-3.43   1.49    70.15  
-3.35   1.49    67.41  
-3.27   1.49    64.73  
-3.19   1.49    62.12  
-3.11   1.49    59.57  
-3.03   1.49    57.09  
-2.95   1.49    54.67  
-2.87   1.49    52.32  
-2.79   1.49    50.04  
-2.71   1.49    47.82  
-2.63   1.49    45.66  
-2.55   1.49    43.57  
-2.46   1.49    41.55  
-2.38   1.49    39.59  
-2.30   1.49    37.69  
-2.22   1.49    35.87  
-2.14   1.49    34.10  
-2.06   1.49    32.40  
-1.98   1.49    30.77  
-1.90   1.49    29.21  
-1.82   1.49    27.70  
-1.74   1.49    26.27  
-1.66   1.49    24.90  
-1.58   1.49    23.59  
-1.49   1.49    22.35  
-1.41   1.49    21.17  
-1.33   1.49    20.06  
-1.25   1.49    19.02  
-1.17   1.49    18.04  
-1.09   1.49    17.12  
-1.01   1.49    16.28  
-0.93   1.49    15.49  
-0.85   1.49    14.77  
-0.77   1.49    14.12  
-0.69   1.49    13.53  
-0.61   1.49    13.01  
-0.53   1.49    12.55  
-0.44   1.49    12.16  
-0.36   1.49    11.84  
-0.28   1.49    11.57  
-0.20   1.49    11.38  
-0.12   1.49    11.25  
-0.04   1.49    11.18  
0.04    1.49    11.18  
0.12    1.49    11.25  
0.20    1.49    11.38  
0.28    1.49    11.57  
0.36    1.49    11.84  
0.44    1.49    12.16  
0.53    1.49    12.55  
0.61    1.49    13.01  
0.69    1.49    13.53  
0.77    1.49    14.12  
0.85    1.49    14.77  
0.93    1.49    15.49  
1.01    1.49    16.28  
1.09    1.49    17.12  
1.17    1.49    18.04  
1.25    1.49    19.02  
1.33    1.49    20.06  
1.41    1.49    21.17  
1.49    1.49    22.35  
1.58    1.49    23.59  
1.66    1.49    24.90  
1.74    1.49    26.27  
1.82    1.49    27.70  
1.90    1.49    29.21  
1.98    1.49    30.77  
2.06    1.49    32.40  
2.14    1.49    34.10  
2.22    1.49    35.87  
2.30    1.49    37.69  
2.38    1.49    39.59  
2.46    1.49    41.55  
2.55    1.49    43.57  
2.63    1.49    45.66  
2.71    1.49    47.82  
2.79    1.49    50.04  
2.87    1.49    52.32  
2.95    1.49    54.67  
3.03    1.49    57.09  
3.11    1.49    59.57  
3.19    1.49    62.12  
3.27    1.49    64.73  
3.35    1.49    67.41  
3.43    1.49    70.15  
3.52    1.49    72.96  
3.60    1.49    75.83  
3.68    1.49    78.77  
3.76    1.49    81.77  
3.84    1.49    84.84  
3.92    1.49    87.97  
4.00    1.49    91.17  
-4.00   1.58    92.42  
-3.92   1.58    89.22  
-3.84   1.58    86.08  
-3.76   1.58    83.01  
-3.68   1.58    80.01  
-3.60   1.58    77.07  
-3.52   1.58    74.20  
-3.43   1.58    71.39  
-3.35   1.58    68.65  
-3.27   1.58    65.97  
-3.19   1.58    63.36  
-3.11   1.58    60.81  
-3.03   1.58    58.33  
-2.95   1.58    55.91  
-2.87   1.58    53.56  
-2.79   1.58    51.28  
-2.71   1.58    49.06  
-2.63   1.58    46.90  
-2.55   1.58    44.81  
-2.46   1.58    42.79  
-2.38   1.58    40.83  
-2.30   1.58    38.93  
-2.22   1.58    37.11  
-2.14   1.58    35.34  
-2.06   1.58    33.65  
-1.98   1.58    32.01  
-1.90   1.58    30.45  
-1.82   1.58    28.94  
-1.74   1.58    27.51  
-1.66   1.58    26.14  
-1.58   1.58    24.83  
-1.49   1.58    23.59  
-1.41   1.58    22.41  
-1.33   1.58    21.30  
-1.25   1.58    20.26  
-1.17   1.58    19.28  
-1.09   1.58    18.37  
-1.01   1.58    17.52  
-0.93   1.58    16.73  
-0.85   1.58    16.01  
-0.77   1.58    15.36  
-0.69   1.58    14.77  
-0.61   1.58    14.25  
-0.53   1.58    13.79  
-0.44   1.58    13.40  
-0.36   1.58    13.08  
-0.28   1.58    12.82  
-0.20   1.58    12.62  
-0.12   1.58    12.49  
-0.04   1.58    12.42  
0.04    1.58    12.42  
0.12    1.58    12.49  
0.20    1.58    12.62  
0.28    1.58    12.82  
0.36    1.58    13.08  
0.44    1.58    13.40  
0.53    1.58    13.79  
0.61    1.58    14.25  
0.69    1.58    14.77  
0.77    1.58    15.36  
0.85    1.58    16.01  
0.93    1.58    16.73  
1.01    1.58    17.52  
1.09    1.58    18.37  
1.17    1.58    19.28  
1.25    1.58    20.26  
1.33    1.58    21.30  
1.41    1.58    22.41  
1.49    1.58    23.59  
1.58    1.58    24.83  
1.66    1.58    26.14  
1.74    1.58    27.51  
1.82    1.58    28.94  
1.90    1.58    30.45  
1.98    1.58    32.01  
2.06    1.58    33.65  
2.14    1.58    35.34  
2.22    1.58    37.11  
2.30    1.58    38.93  
2.38    1.58    40.83  
2.46    1.58    42.79  
2.55    1.58    44.81  
2.63    1.58    46.90  
2.71    1.58    49.06  
2.79    1.58    51.28  
2.87    1.58    53.56  
2.95    1.58    55.91  
3.03    1.58    58.33  
3.11    1.58    60.81  
3.19    1.58    63.36  
3.27    1.58    65.97  
3.35    1.58    68.65  
3.43    1.58    71.39  
3.52    1.58    74.20  
3.60    1.58    77.07  
3.68    1.58    80.01  
3.76    1.58    83.01  
3.84    1.58    86.08  
3.92    1.58    89.22  
4.00    1.58    92.42  
-4.00   1.66    93.72  
-3.92   1.66    90.52  
-3.84   1.66    87.39  
-3.76   1.66    84.32  
-3.68   1.66    81.31  
-3.60   1.66    78.38  
-3.52   1.66    75.50  
-3.43   1.66    72.69  
-3.35   1.66    69.95  
-3.27   1.66    67.27  
-3.19   1.66    64.66  
-3.11   1.66    62.12  
-3.03   1.66    59.63  
-2.95   1.66    57.22  
-2.87   1.66    54.87  
-2.79   1.66    52.58  
-2.71   1.66    50.36  
-2.63   1.66    48.21  
-2.55   1.66    46.12  
-2.46   1.66    44.09  
-2.38   1.66    42.13  
-2.30   1.66    40.24  
-2.22   1.66    38.41  
-2.14   1.66    36.65  
-2.06   1.66    34.95  
-1.98   1.66    33.32  
-1.90   1.66    31.75  
-1.82   1.66    30.25  
-1.74   1.66    28.81  
-1.66   1.66    27.44  
-1.58   1.66    26.14  
-1.49   1.66    24.90  
-1.41   1.66    23.72  
-1.33   1.66    22.61  
-1.25   1.66    21.57  
-1.17   1.66    20.59  
-1.09   1.66    19.67  
-1.01   1.66    18.82  
-0.93   1.66    18.04  
-0.85   1.66    17.32  
-0.77   1.66    16.67  
-0.69   1.66    16.08  
-0.61   1.66    15.56  
-0.53   1.66    15.10  
-0.44   1.66    14.71  
-0.36   1.66    14.38  
-0.28   1.66    14.12  
-0.20   1.66    13.93  
-0.12   1.66    13.79  
-0.04   1.66    13.73  
0.04    1.66    13.73  
0.12    1.66    13.79  
0.20    1.66    13.93  
0.28    1.66    14.12  
0.36    1.66    14.38  
0.44    1.66    14.71  
0.53    1.66    15.10  
0.61    1.66    15.56  
0.69    1.66    16.08  
0.77    1.66    16.67  
0.85    1.66    17.32  
0.93    1.66    18.04  
1.01    1.66    18.82  
1.09    1.66    19.67  
1.17    1.66    20.59  
1.25    1.66    21.57  
1.33    1.66    22.61  
1.41    1.66    23.72  
1.49    1.66    24.90  
1.58    1.66    26.14  
1.66    1.66    27.44  
1.74    1.66    28.81  
1.82    1.66    30.25  
1.90    1.66    31.75  
1.98    1.66    33.32  
2.06    1.66    34.95  
2.14    1.66    36.65  
2.22    1.66    38.41  
2.30    1.66    40.24  
2.38    1.66    42.13  
2.46    1.66    44.09  
2.55    1.66    46.12  
2.63    1.66    48.21  
2.71    1.66    50.36  
2.79    1.66    52.58  
2.87    1.66    54.87  
2.95    1.66    57.22  
3.03    1.66    59.63  
3.11    1.66    62.12  
3.19    1.66    64.66  
3.27    1.66    67.27  
3.35    1.66    69.95  
3.43    1.66    72.69  
3.52    1.66    75.50  
3.60    1.66    78.38  
3.68    1.66    81.31  
3.76    1.66    84.32  
3.84    1.66    87.39  
3.92    1.66    90.52  
4.00    1.66    93.72  
-4.00   1.74    95.09  
-3.92   1.74    91.89  
-3.84   1.74    88.76  
-3.76   1.74    85.69  
-3.68   1.74    82.69  
-3.60   1.74    79.75  
-3.52   1.74    76.87  
-3.43   1.74    74.07  
-3.35   1.74    71.32  
-3.27   1.74    68.65  
-3.19   1.74    66.03  
-3.11   1.74    63.49  
-3.03   1.74    61.01  
-2.95   1.74    58.59  
-2.87   1.74    56.24  
-2.79   1.74    53.95  
-2.71   1.74    51.73  
-2.63   1.74    49.58  
-2.55   1.74    47.49  
-2.46   1.74    45.46  
-2.38   1.74    43.51  
-2.30   1.74    41.61  
-2.22   1.74    39.78  
-2.14   1.74    38.02  
-2.06   1.74    36.32  
-1.98   1.74    34.69  
-1.90   1.74    33.12  
-1.82   1.74    31.62  
-1.74   1.74    30.18  
-1.66   1.74    28.81  
-1.58   1.74    27.51  
-1.49   1.74    26.27  
-1.41   1.74    25.09  
-1.33   1.74    23.98  
-1.25   1.74    22.94  
-1.17   1.74    21.96  
-1.09   1.74    21.04  
-1.01   1.74    20.19  
-0.93   1.74    19.41  
-0.85   1.74    18.69  
-0.77   1.74    18.04  
-0.69   1.74    17.45  
-0.61   1.74    16.93  
-0.53   1.74    16.47  
-0.44   1.74    16.08  
-0.36   1.74    15.75  
-0.28   1.74    15.49  
-0.20   1.74    15.30  
-0.12   1.74    15.17  
-0.04   1.74    15.10  
0.04    1.74    15.10  
0.12    1.74    15.17  
0.20    1.74    15.30  
0.28    1.74    15.49  
0.36    1.74    15.75  
0.44    1.74    16.08  
0.53    1.74    16.47  
0.61    1.74    16.93  
0.69    1.74    17.45  
0.77    1.74    18.04  
0.85    1.74    18.69  
0.93    1.74    19.41  
1.01    1.74    20.19  
1.09    1.74    21.04  
1.17    1.74    21.96  
1.25    1.74    22.94  
1.33    1.74    23.98  
1.41    1.74    25.09  
1.49    1.74    26.27  
1.58    1.74    27.51  
1.66    1.74    28.81  
1.74    1.74    30.18  
1.82    1.74    31.62  
1.90    1.74    33.12  
1.98    1.74    34.69  
2.06    1.74    36.32  
2.14    1.74    38.02  
2.22    1.74    39.78  
2.30    1.74    41.61  
2.38    1.74    43.51  
2.46    1.74    45.46  
2.55    1.74    47.49  
2.63    1.74    49.58  
2.71    1.74    51.73  
2.79    1.74    53.95  
2.87    1.74    56.24  
2.95    1.74    58.59  
3.03    1.74    61.01  
3.11    1.74    63.49  
3.19    1.74    66.03  
3.27    1.74    68.65  
3.35    1.74    71.32  
3.43    1.74    74.07  
3.52    1.74    76.87  
3.60    1.74    79.75  
3.68    1.74    82.69  
3.76    1.74    85.69  
3.84    1.74    88.76  
3.92    1.74    91.89  
4.00    1.74    95.09  
-4.00   1.82    96.53  
-3.92   1.82    93.33  
-3.84   1.82    90.19  
-3.76   1.82    87.13  
-3.68   1.82    84.12  
-3.60   1.82    81.18  
-3.52   1.82    78.31  
-3.43   1.82    75.50  
-3.35   1.82    72.76  
-3.27   1.82    70.08  
-3.19   1.82    67.47  
-3.11   1.82    64.92  
-3.03   1.82    62.44  
-2.95   1.82    60.03  
-2.87   1.82    57.68  
-2.79   1.82    55.39  
-2.71   1.82    53.17  
-2.63   1.82    51.02  
-2.55   1.82    48.93  
-2.46   1.82    46.90  
-2.38   1.82    44.94  
-2.30   1.82    43.05  
-2.22   1.82    41.22  
-2.14   1.82    39.46  
-2.06   1.82    37.76  
-1.98   1.82    36.13  
-1.90   1.82    34.56  
-1.82   1.82    33.06  
-1.74   1.82    31.62  
-1.66   1.82    30.25  
-1.58   1.82    28.94  
-1.49   1.82    27.70  
-1.41   1.82    26.53  
-1.33   1.82    25.42  
-1.25   1.82    24.37  
-1.17   1.82    23.39  
-1.09   1.82    22.48  
-1.01   1.82    21.63  
-0.93   1.82    20.85  
-0.85   1.82    20.13  
-0.77   1.82    19.48  
-0.69   1.82    18.89  
-0.61   1.82    18.37  
-0.53   1.82    17.91  
-0.44   1.82    17.52  
-0.36   1.82    17.19  
-0.28   1.82    16.93  
-0.20   1.82    16.73  
-0.12   1.82    16.60  
-0.04   1.82    16.54  
0.04    1.82    16.54  
0.12    1.82    16.60  
0.20    1.82    16.73  
0.28    1.82    16.93  
0.36    1.82    17.19  
0.44    1.82    17.52  
0.53    1.82    17.91  
0.61    1.82    18.37  
0.69    1.82    18.89  
0.77    1.82    19.48  
0.85    1.82    20.13  
0.93    1.82    20.85  
1.01    1.82    21.63  
1.09    1.82    22.48  
1.17    1.82    23.39  
1.25    1.82    24.37  
1.33    1.82    25.42  
1.41    1.82    26.53  
1.49    1.82    27.70  
1.58    1.82    28.94  
1.66    1.82    30.25  
1.74    1.82    31.62  
1.82    1.82    33.06  
1.90    1.82    34.56  
1.98    1.82    36.13  
2.06    1.82    37.76  
2.14    1.82    39.46  
2.22    1.82    41.22  
2.30    1.82    43.05  
2.38    1.82    44.94  
2.46    1.82    46.90  
2.55    1.82    48.93  
2.63    1.82    51.02  
2.71    1.82    53.17  
2.79    1.82    55.39  
2.87    1.82    57.68  
2.95    1.82    60.03  
3.03    1.82    62.44  
3.11    1.82    64.92  
3.19    1.82    67.47  
3.27    1.82    70.08  
3.35    1.82    72.76  
3.43    1.82    75.50  
3.52    1.82    78.31  
3.60    1.82    81.18  
3.68    1.82    84.12  
3.76    1.82    87.13  
3.84    1.82    90.19  
3.92    1.82    93.33  
4.00    1.82    96.53  
-4.00   1.90    98.03  
-3.92   1.90    94.83  
-3.84   1.90    91.70  
-3.76   1.90    88.63  
-3.68   1.90    85.62  
-3.60   1.90    82.69  
-3.52   1.90    79.81  
-3.43   1.90    77.00  
-3.35   1.90    74.26  
-3.27   1.90    71.58  
-3.19   1.90    68.97  
-3.11   1.90    66.43  
-3.03   1.90    63.94  
-2.95   1.90    61.53  
-2.87   1.90    59.18  
-2.79   1.90    56.89  
-2.71   1.90    54.67  
-2.63   1.90    52.52  
-2.55   1.90    50.43  
-2.46   1.90    48.40  
-2.38   1.90    46.44  
-2.30   1.90    44.55  
-2.22   1.90    42.72  
-2.14   1.90    40.96  
-2.06   1.90    39.26  
-1.98   1.90    37.63  
-1.90   1.90    36.06  
-1.82   1.90    34.56  
-1.74   1.90    33.12  
-1.66   1.90    31.75  
-1.58   1.90    30.45  
-1.49   1.90    29.21  
-1.41   1.90    28.03  
-1.33   1.90    26.92  
-1.25   1.90    25.87  
-1.17   1.90    24.90  
-1.09   1.90    23.98  
-1.01   1.90    23.13  
-0.93   1.90    22.35  
-0.85   1.90    21.63  
-0.77   1.90    20.98  
-0.69   1.90    20.39  
-0.61   1.90    19.87  
-0.53   1.90    19.41  
-0.44   1.90    19.02  
-0.36   1.90    18.69  
-0.28   1.90    18.43  
-0.20   1.90    18.23  
-0.12   1.90    18.10  
-0.04   1.90    18.04  
0.04    1.90    18.04  
0.12    1.90    18.10  
0.20    1.90    18.23  
0.28    1.90    18.43  
0.36    1.90    18.69  
0.44    1.90    19.02  
0.53    1.90    19.41  
0.61    1.90    19.87  
0.69    1.90    20.39  
0.77    1.90    20.98  
0.85    1.90    21.63  
0.93    1.90    22.35  
1.01    1.90    23.13  
1.09    1.90    23.98  
1.17    1.90    24.90  
1.25    1.90    25.87  
1.33    1.90    26.92  
1.41    1.90    28.03  
1.49    1.90    29.21  
1.58    1.90    30.45  
1.66    1.90    31.75  
1.74    1.90    33.12  
1.82    1.90    34.56  
1.90    1.90    36.06  
1.98    1.90    37.63  
2.06    1.90    39.26  
2.14    1.90    40.96  
2.22    1.90    42.72  
2.30    1.90    44.55  
2.38    1.90    46.44  
2.46    1.90    48.40  
2.55    1.90    50.43  
2.63    1.90    52.52  
2.71    1.90    54.67  
2.79    1.90    56.89  
2.87    1.90    59.18  
2.95    1.90    61.53  
3.03    1.90    63.94  
3.11    1.90    66.43  
3.19    1.90    68.97  
3.27    1.90    71.58  
3.35    1.90    74.26  
3.43    1.90    77.00  
3.52    1.90    79.81  
3.60    1.90    82.69  
3.68    1.90    85.62  
3.76    1.90    88.63  
3.84    1.90    91.70  
3.92    1.90    94.83  
4.00    1.90    98.03  
-4.00   1.98    99.60  
-3.92   1.98    96.40  
-3.84   1.98    93.26  
-3.76   1.98    90.19  
-3.68   1.98    87.19  
-3.60   1.98    84.25  
-3.52   1.98    81.38  
-3.43   1.98    78.57  
-3.35   1.98    75.83  
-3.27   1.98    73.15  
-3.19   1.98    70.54  
-3.11   1.98    67.99  
-3.03   1.98    65.51  
-2.95   1.98    63.10  
-2.87   1.98    60.74  
-2.79   1.98    58.46  
-2.71   1.98    56.24  
-2.63   1.98    54.08  
-2.55   1.98    51.99  
-2.46   1.98    49.97  
-2.38   1.98    48.01  
-2.30   1.98    46.12  
-2.22   1.98    44.29  
-2.14   1.98    42.53  
-2.06   1.98    40.83  
-1.98   1.98    39.20  
-1.90   1.98    37.63  
-1.82   1.98    36.13  
-1.74   1.98    34.69  
-1.66   1.98    33.32  
-1.58   1.98    32.01  
-1.49   1.98    30.77  
-1.41   1.98    29.60  
-1.33   1.98    28.49  
-1.25   1.98    27.44  
-1.17   1.98    26.46  
-1.09   1.98    25.55  
-1.01   1.98    24.70  
-0.93   1.98    23.92  
-0.85   1.98    23.20  
-0.77   1.98    22.54  
-0.69   1.98    21.96  
-0.61   1.98    21.43  
-0.53   1.98    20.98  
-0.44   1.98    20.59  
-0.36   1.98    20.26  
-0.28   1.98    20.00  
-0.20   1.98    19.80  
-0.12   1.98    19.67  
-0.04   1.98    19.61  
0.04    1.98    19.61  
0.12    1.98    19.67  
0.20    1.98    19.80  
0.28    1.98    20.00  
0.36    1.98    20.26  
0.44    1.98    20.59  
0.53    1.98    20.98  
0.61    1.98    21.43  
0.69    1.98    21.96  
0.77    1.98    22.54  
0.85    1.98    23.20  
0.93    1.98    23.92  
1.01    1.98    24.70  
1.09    1.98    25.55  
1.17    1.98    26.46  
1.25    1.98    27.44  
1.33    1.98    28.49  
1.41    1.98    29.60  
1.49    1.98    30.77  
1.58    1.98    32.01  
1.66    1.98    33.32  
1.74    1.98    34.69  
1.82    1.98    36.13  
1.90    1.98    37.63  
1.98    1.98    39.20  
2.06    1.98    40.83  
2.14    1.98    42.53  
2.22    1.98    44.29  
2.30    1.98    46.12  
2.38    1.98    48.01  
2.46    1.98    49.97  
2.55    1.98    51.99  
2.63    1.98    54.08  
2.71    1.98    56.24  
2.79    1.98    58.46  
2.87    1.98    60.74  
2.95    1.98    63.10  
3.03    1.98    65.51  
3.11    1.98    67.99  
3.19    1.98    70.54  
3.27    1.98    73.15  
3.35    1.98    75.83  
3.43    1.98    78.57  
3.52    1.98    81.38  
3.60    1.98    84.25  
3.68    1.98    87.19  
3.76    1.98    90.19  
3.84    1.98    93.26  
3.92    1.98    96.40  
4.00    1.98    99.60  
-4.00   2.06    101.23 
-3.92   2.06    98.03  
-3.84   2.06    94.90  
-3.76   2.06    91.83  
-3.68   2.06    88.82  
-3.60   2.06    85.89  
-3.52   2.06    83.01  
-3.43   2.06    80.20  
-3.35   2.06    77.46  
-3.27   2.06    74.78  
-3.19   2.06    72.17  
-3.11   2.06    69.63  
-3.03   2.06    67.14  
-2.95   2.06    64.73  
-2.87   2.06    62.38  
-2.79   2.06    60.09  
-2.71   2.06    57.87  
-2.63   2.06    55.72  
-2.55   2.06    53.63  
-2.46   2.06    51.60  
-2.38   2.06    49.64  
-2.30   2.06    47.75  
-2.22   2.06    45.92  
-2.14   2.06    44.16  
-2.06   2.06    42.46  
-1.98   2.06    40.83  
-1.90   2.06    39.26  
-1.82   2.06    37.76  
-1.74   2.06    36.32  
-1.66   2.06    34.95  
-1.58   2.06    33.65  
-1.49   2.06    32.40  
-1.41   2.06    31.23  
-1.33   2.06    30.12  
-1.25   2.06    29.07  
-1.17   2.06    28.10  
-1.09   2.06    27.18  
-1.01   2.06    26.33  
-0.93   2.06    25.55  
-0.85   2.06    24.83  
-0.77   2.06    24.18  
-0.69   2.06    23.59  
-0.61   2.06    23.07  
-0.53   2.06    22.61  
-0.44   2.06    22.22  
-0.36   2.06    21.89  
-0.28   2.06    21.63  
-0.20   2.06    21.43  
-0.12   2.06    21.30  
-0.04   2.06    21.24  
0.04    2.06    21.24  
0.12    2.06    21.30  
0.20    2.06    21.43  
0.28    2.06    21.63  
0.36    2.06    21.89  
0.44    2.06    22.22  
0.53    2.06    22.61  
0.61    2.06    23.07  
0.69    2.06    23.59  
0.77    2.06    24.18  
0.85    2.06    24.83  
0.93    2.06    25.55  
1.01    2.06    26.33  
1.09    2.06    27.18  
1.17    2.06    28.10  
1.25    2.06    29.07  
1.33    2.06    30.12  
1.41    2.06    31.23  
1.49    2.06    32.40  
1.58    2.06    33.65  
1.66    2.06    34.95  
1.74    2.06    36.32  
1.82    2.06    37.76  
1.90    2.06    39.26  
1.98    2.06    40.83  
2.06    2.06    42.46  
2.14    2.06    44.16  
2.22    2.06    45.92  
2.30    2.06    47.75  
2.38    2.06    49.64  
2.46    2.06    51.60  
2.55    2.06    53.63  
2.63    2.06    55.72  
2.71    2.06    57.87  
2.79    2.06    60.09  
2.87    2.06    62.38  
2.95    2.06    64.73  
3.03    2.06    67.14  
3.11    2.06    69.63  
3.19    2.06    72.17  
3.27    2.06    74.78  
3.35    2.06    77.46  
3.43    2.06    80.20  
3.52    2.06    83.01  
3.60    2.06    85.89  
3.68    2.06    88.82  
3.76    2.06    91.83  
3.84    2.06    94.90  
3.92    2.06    98.03  
4.00    2.06    101.23 
-4.00   2.14    102.93 
-3.92   2.14    99.73  
-3.84   2.14    96.59  
-3.76   2.14    93.53  
-3.68   2.14    90.52  
-3.60   2.14    87.58  
-3.52   2.14    84.71  
-3.43   2.14    81.90  
-3.35   2.14    79.16  
-3.27   2.14    76.48  
-3.19   2.14    73.87  
-3.11   2.14    71.32  
-3.03   2.14    68.84  
-2.95   2.14    66.43  
-2.87   2.14    64.08  
-2.79   2.14    61.79  
-2.71   2.14    59.57  
-2.63   2.14    57.41  
-2.55   2.14    55.32  
-2.46   2.14    53.30  
-2.38   2.14    51.34  
-2.30   2.14    49.45  
-2.22   2.14    47.62  
-2.14   2.14    45.86  
-2.06   2.14    44.16  
-1.98   2.14    42.53  
-1.90   2.14    40.96  
-1.82   2.14    39.46  
-1.74   2.14    38.02  
-1.66   2.14    36.65  
-1.58   2.14    35.34  
-1.49   2.14    34.10  
-1.41   2.14    32.93  
-1.33   2.14    31.82  
-1.25   2.14    30.77  
-1.17   2.14    29.79  
-1.09   2.14    28.88  
-1.01   2.14    28.03  
-0.93   2.14    27.25  
-0.85   2.14    26.53  
-0.77   2.14    25.87  
-0.69   2.14    25.29  
-0.61   2.14    24.76  
-0.53   2.14    24.31  
-0.44   2.14    23.92  
-0.36   2.14    23.59  
-0.28   2.14    23.33  
-0.20   2.14    23.13  
-0.12   2.14    23.00  
-0.04   2.14    22.94  
0.04    2.14    22.94  
0.12    2.14    23.00  
0.20    2.14    23.13  
0.28    2.14    23.33  
0.36    2.14    23.59  
0.44    2.14    23.92  
0.53    2.14    24.31  
0.61    2.14    24.76  
0.69    2.14    25.29  
0.77    2.14    25.87  
0.85    2.14    26.53  
0.93    2.14    27.25  
1.01    2.14    28.03  
1.09    2.14    28.88  
1.17    2.14    29.79  
1.25    2.14    30.77  
1.33    2.14    31.82  
1.41    2.14    32.93  
1.49    2.14    34.10  
1.58    2.14    35.34  
1.66    2.14    36.65  
1.74    2.14    38.02  
1.82    2.14    39.46  
1.90    2.14    40.96  
1.98    2.14    42.53  
2.06    2.14    44.16  
2.14    2.14    45.86  
2.22    2.14    47.62  
2.30    2.14    49.45  
2.38    2.14    51.34  
2.46    2.14    53.30  
2.55    2.14    55.32  
2.63    2.14    57.41  
2.71    2.14    59.57  
2.79    2.14    61.79  
2.87    2.14    64.08  
2.95    2.14    66.43  
3.03    2.14    68.84  
3.11    2.14    71.32  
3.19    2.14    73.87  
3.27    2.14    76.48  
3.35    2.14    79.16  
3.43    2.14    81.90  
3.52    2.14    84.71  
3.60    2.14    87.58  
3.68    2.14    90.52  
3.76    2.14    93.53  
3.84    2.14    96.59  
3.92    2.14    99.73  
4.00    2.14    102.93 
-4.00   2.22    104.69 
-3.92   2.22    101.49 
-3.84   2.22    98.36  
-3.76   2.22    95.29  
-3.68   2.22    92.28  
-3.60   2.22    89.35  
-3.52   2.22    86.47  
-3.43   2.22    83.66  
-3.35   2.22    80.92  
-3.27   2.22    78.25  
-3.19   2.22    75.63  
-3.11   2.22    73.09  
-3.03   2.22    70.61  
-2.95   2.22    68.19  
-2.87   2.22    65.84  
-2.79   2.22    63.55  
-2.71   2.22    61.33  
-2.63   2.22    59.18  
-2.55   2.22    57.09  
-2.46   2.22    55.06  
-2.38   2.22    53.10  
-2.30   2.22    51.21  
-2.22   2.22    49.38  
-2.14   2.22    47.62  
-2.06   2.22    45.92  
-1.98   2.22    44.29  
-1.90   2.22    42.72  
-1.82   2.22    41.22  
-1.74   2.22    39.78  
-1.66   2.22    38.41  
-1.58   2.22    37.11  
-1.49   2.22    35.87  
-1.41   2.22    34.69  
-1.33   2.22    33.58  
-1.25   2.22    32.54  
-1.17   2.22    31.56  
-1.09   2.22    30.64  
-1.01   2.22    29.79  
-0.93   2.22    29.01  
-0.85   2.22    28.29  
-0.77   2.22    27.64  
-0.69   2.22    27.05  
-0.61   2.22    26.53  
-0.53   2.22    26.07  
-0.44   2.22    25.68  
-0.36   2.22    25.35  
-0.28   2.22    25.09  
-0.20   2.22    24.90  
-0.12   2.22    24.76  
-0.04   2.22    24.70  
0.04    2.22    24.70  
0.12    2.22    24.76  
0.20    2.22    24.90  
0.28    2.22    25.09  
0.36    2.22    25.35  
0.44    2.22    25.68  
0.53    2.22    26.07  
0.61    2.22    26.53  
0.69    2.22    27.05  
0.77    2.22    27.64  
0.85    2.22    28.29  
0.93    2.22    29.01  
1.01    2.22    29.79  
1.09    2.22    30.64  
1.17    2.22    31.56  
1.25    2.22    32.54  
1.33    2.22    33.58  
1.41    2.22    34.69  
1.49    2.22    35.87  
1.58    2.22    37.11  
1.66    2.22    38.41  
1.74    2.22    39.78  
1.82    2.22    41.22  
1.90    2.22    42.72  
1.98    2.22    44.29  
2.06    2.22    45.92  
2.14    2.22    47.62  
2.22    2.22    49.38  
2.30    2.22    51.21  
2.38    2.22    53.10  
2.46    2.22    55.06  
2.55    2.22    57.09  
2.63    2.22    59.18  
2.71    2.22    61.33  
2.79    2.22    63.55  
2.87    2.22    65.84  
2.95    2.22    68.19  
3.03    2.22    70.61  
3.11    2.22    73.09  
3.19    2.22    75.63  
3.27    2.22    78.25  
3.35    2.22    80.92  
3.43    2.22    83.66  
3.52    2.22    86.47  
3.60    2.22    89.35  
3.68    2.22    92.28  
3.76    2.22    95.29  
3.84    2.22    98.36  
3.92    2.22    101.49 
4.00    2.22    104.69 
-4.00   2.30    106.52 
-3.92   2.30    103.32 
-3.84   2.30    100.19 
-3.76   2.30    97.12  
-3.68   2.30    94.11  
-3.60   2.30    91.17  
-3.52   2.30    88.30  
-3.43   2.30    85.49  
-3.35   2.30    82.75  
-3.27   2.30    80.07  
-3.19   2.30    77.46  
-3.11   2.30    74.91  
-3.03   2.30    72.43  
-2.95   2.30    70.02  
-2.87   2.30    67.67  
-2.79   2.30    65.38  
-2.71   2.30    63.16  
-2.63   2.30    61.01  
-2.55   2.30    58.92  
-2.46   2.30    56.89  
-2.38   2.30    54.93  
-2.30   2.30    53.04  
-2.22   2.30    51.21  
-2.14   2.30    49.45  
-2.06   2.30    47.75  
-1.98   2.30    46.12  
-1.90   2.30    44.55  
-1.82   2.30    43.05  
-1.74   2.30    41.61  
-1.66   2.30    40.24  
-1.58   2.30    38.93  
-1.49   2.30    37.69  
-1.41   2.30    36.52  
-1.33   2.30    35.41  
-1.25   2.30    34.36  
-1.17   2.30    33.38  
-1.09   2.30    32.47  
-1.01   2.30    31.62  
-0.93   2.30    30.84  
-0.85   2.30    30.12  
-0.77   2.30    29.47  
-0.69   2.30    28.88  
-0.61   2.30    28.36  
-0.53   2.30    27.90  
-0.44   2.30    27.51  
-0.36   2.30    27.18  
-0.28   2.30    26.92  
-0.20   2.30    26.72  
-0.12   2.30    26.59  
-0.04   2.30    26.53  
0.04    2.30    26.53  
0.12    2.30    26.59  
0.20    2.30    26.72  
0.28    2.30    26.92  
0.36    2.30    27.18  
0.44    2.30    27.51  
0.53    2.30    27.90  
0.61    2.30    28.36  
0.69    2.30    28.88  
0.77    2.30    29.47  
0.85    2.30    30.12  
0.93    2.30    30.84  
1.01    2.30    31.62  
1.09    2.30    32.47  
1.17    2.30    33.38  
1.25    2.30    34.36  
1.33    2.30    35.41  
1.41    2.30    36.52  
1.49    2.30    37.69  
1.58    2.30    38.93  
1.66    2.30    40.24  
1.74    2.30    41.61  
1.82    2.30    43.05  
1.90    2.30    44.55  
1.98    2.30    46.12  
2.06    2.30    47.75  
2.14    2.30    49.45  
2.22    2.30    51.21  
2.30    2.30    53.04  
2.38    2.30    54.93  
2.46    2.30    56.89  
2.55    2.30    58.92  
2.63    2.30    61.01  
2.71    2.30    63.16  
2.79    2.30    65.38  
2.87    2.30    67.67  
2.95    2.30    70.02  
3.03    2.30    72.43  
3.11    2.30    74.91  
3.19    2.30    77.46  
3.27    2.30    80.07  
3.35    2.30    82.75  
3.43    2.30    85.49  
3.52    2.30    88.30  
3.60    2.30    91.17  
3.68    2.30    94.11  
3.76    2.30    97.12  
3.84    2.30    100.19 
3.92    2.30    103.32 
4.00    2.30    106.52 
-4.00   2.38    108.41 
-3.92   2.38    105.21 
-3.84   2.38    102.08 
-3.76   2.38    99.01  
-3.68   2.38    96.01  
-3.60   2.38    93.07  
-3.52   2.38    90.19  
-3.43   2.38    87.39  
-3.35   2.38    84.64  
-3.27   2.38    81.97  
-3.19   2.38    79.36  
-3.11   2.38    76.81  
-3.03   2.38    74.33  
-2.95   2.38    71.91  
-2.87   2.38    69.56  
-2.79   2.38    67.27  
-2.71   2.38    65.05  
-2.63   2.38    62.90  
-2.55   2.38    60.81  
-2.46   2.38    58.79  
-2.38   2.38    56.83  
-2.30   2.38    54.93  
-2.22   2.38    53.10  
-2.14   2.38    51.34  
-2.06   2.38    49.64  
-1.98   2.38    48.01  
-1.90   2.38    46.44  
-1.82   2.38    44.94  
-1.74   2.38    43.51  
-1.66   2.38    42.13  
-1.58   2.38    40.83  
-1.49   2.38    39.59  
-1.41   2.38    38.41  
-1.33   2.38    37.30  
-1.25   2.38    36.26  
-1.17   2.38    35.28  
-1.09   2.38    34.36  
-1.01   2.38    33.51  
-0.93   2.38    32.73  
-0.85   2.38    32.01  
-0.77   2.38    31.36  
-0.69   2.38    30.77  
-0.61   2.38    30.25  
-0.53   2.38    29.79  
-0.44   2.38    29.40  
-0.36   2.38    29.07  
-0.28   2.38    28.81  
-0.20   2.38    28.62  
-0.12   2.38    28.49  
-0.04   2.38    28.42  
0.04    2.38    28.42  
0.12    2.38    28.49  
0.20    2.38    28.62  
0.28    2.38    28.81  
0.36    2.38    29.07  
0.44    2.38    29.40  
0.53    2.38    29.79  
0.61    2.38    30.25  
0.69    2.38    30.77  
0.77    2.38    31.36  
0.85    2.38    32.01  
0.93    2.38    32.73  
1.01    2.38    33.51  
1.09    2.38    34.36  
1.17    2.38    35.28  
1.25    2.38    36.26  
1.33    2.38    37.30  
1.41    2.38    38.41  
1.49    2.38    39.59  
1.58    2.38    40.83  
1.66    2.38    42.13  
1.74    2.38    43.51  
1.82    2.38    44.94  
1.90    2.38    46.44  
1.98    2.38    48.01  
2.06    2.38    49.64  
2.14    2.38    51.34  
2.22    2.38    53.10  
2.30    2.38    54.93  
2.38    2.38    56.83  
2.46    2.38    58.79  
2.55    2.38    60.81  
2.63    2.38    62.90  
2.71    2.38    65.05  
2.79    2.38    67.27  
2.87    2.38    69.56  
2.95    2.38    71.91  
3.03    2.38    74.33  
3.11    2.38    76.81  
3.19    2.38    79.36  
3.27    2.38    81.97  
3.35    2.38    84.64  
3.43    2.38    87.39  
3.52    2.38    90.19  
3.60    2.38    93.07  
3.68    2.38    96.01  
3.76    2.38    99.01  
3.84    2.38    102.08 
3.92    2.38    105.21 
4.00    2.38    108.41 
-4.00   2.46    110.37 
-3.92   2.46    107.17 
-3.84   2.46    104.04 
-3.76   2.46    100.97 
-3.68   2.46    97.97  
-3.60   2.46    95.03  
-3.52   2.46    92.15  
-3.43   2.46    89.35  
-3.35   2.46    86.60  
-3.27   2.46    83.93  
-3.19   2.46    81.31  
-3.11   2.46    78.77  
-3.03   2.46    76.29  
-2.95   2.46    73.87  
-2.87   2.46    71.52  
-2.79   2.46    69.23  
-2.71   2.46    67.01  
-2.63   2.46    64.86  
-2.55   2.46    62.77  
-2.46   2.46    60.74  
-2.38   2.46    58.79  
-2.30   2.46    56.89  
-2.22   2.46    55.06  
-2.14   2.46    53.30  
-2.06   2.46    51.60  
-1.98   2.46    49.97  
-1.90   2.46    48.40  
-1.82   2.46    46.90  
-1.74   2.46    45.46  
-1.66   2.46    44.09  
-1.58   2.46    42.79  
-1.49   2.46    41.55  
-1.41   2.46    40.37  
-1.33   2.46    39.26  
-1.25   2.46    38.22  
-1.17   2.46    37.24  
-1.09   2.46    36.32  
-1.01   2.46    35.47  
-0.93   2.46    34.69  
-0.85   2.46    33.97  
-0.77   2.46    33.32  
-0.69   2.46    32.73  
-0.61   2.46    32.21  
-0.53   2.46    31.75  
-0.44   2.46    31.36  
-0.36   2.46    31.03  
-0.28   2.46    30.77  
-0.20   2.46    30.58  
-0.12   2.46    30.45  
-0.04   2.46    30.38  
0.04    2.46    30.38  
0.12    2.46    30.45  
0.20    2.46    30.58  
0.28    2.46    30.77  
0.36    2.46    31.03  
0.44    2.46    31.36  
0.53    2.46    31.75  
0.61    2.46    32.21  
0.69    2.46    32.73  
0.77    2.46    33.32  
0.85    2.46    33.97  
0.93    2.46    34.69  
1.01    2.46    35.47  
1.09    2.46    36.32  
1.17    2.46    37.24  
1.25    2.46    38.22  
1.33    2.46    39.26  
1.41    2.46    40.37  
1.49    2.46    41.55  
1.58    2.46    42.79  
1.66    2.46    44.09  
1.74    2.46    45.46  
1.82    2.46    46.90  
1.90    2.46    48.40  
1.98    2.46    49.97  
2.06    2.46    51.60  
2.14    2.46    53.30  
2.22    2.46    55.06  
2.30    2.46    56.89  
2.38    2.46    58.79  
2.46    2.46    60.74  
2.55    2.46    62.77  
2.63    2.46    64.86  
2.71    2.46    67.01  
2.79    2.46    69.23  
2.87    2.46    71.52  
2.95    2.46    73.87  
3.03    2.46    76.29  
3.11    2.46    78.77  
3.19    2.46    81.31  
3.27    2.46    83.93  
3.35    2.46    86.60  
3.43    2.46    89.35  
3.52    2.46    92.15  
3.60    2.46    95.03  
3.68    2.46    97.97  
3.76    2.46    100.97 
3.84    2.46    104.04 
3.92    2.46    107.17 
4.00    2.46    110.37 
-4.00   2.55    112.40 
-3.92   2.55    109.20 
-3.84   2.55    106.06 
-3.76   2.55    102.99 
-3.68   2.55    99.99  
-3.60   2.55    97.05  
-3.52   2.55    94.18  
-3.43   2.55    91.37  
-3.35   2.55    88.63  
-3.27   2.55    85.95  
-3.19   2.55    83.34  
-3.11   2.55    80.79  
-3.03   2.55    78.31  
-2.95   2.55    75.89  
-2.87   2.55    73.54  
-2.79   2.55    71.26  
-2.71   2.55    69.04  
-2.63   2.55    66.88  
-2.55   2.55    64.79  
-2.46   2.55    62.77  
-2.38   2.55    60.81  
-2.30   2.55    58.92  
-2.22   2.55    57.09  
-2.14   2.55    55.32  
-2.06   2.55    53.63  
-1.98   2.55    51.99  
-1.90   2.55    50.43  
-1.82   2.55    48.93  
-1.74   2.55    47.49  
-1.66   2.55    46.12  
-1.58   2.55    44.81  
-1.49   2.55    43.57  
-1.41   2.55    42.40  
-1.33   2.55    41.29  
-1.25   2.55    40.24  
-1.17   2.55    39.26  
-1.09   2.55    38.35  
-1.01   2.55    37.50  
-0.93   2.55    36.71  
-0.85   2.55    36.00  
-0.77   2.55    35.34  
-0.69   2.55    34.76  
-0.61   2.55    34.23  
-0.53   2.55    33.78  
-0.44   2.55    33.38  
-0.36   2.55    33.06  
-0.28   2.55    32.80  
-0.20   2.55    32.60  
-0.12   2.55    32.47  
-0.04   2.55    32.40  
0.04    2.55    32.40  
0.12    2.55    32.47  
0.20    2.55    32.60  
0.28    2.55    32.80  
0.36    2.55    33.06  
0.44    2.55    33.38  
0.53    2.55    33.78  
0.61    2.55    34.23  
0.69    2.55    34.76  
0.77    2.55    35.34  
0.85    2.55    36.00  
0.93    2.55    36.71  
1.01    2.55    37.50  
1.09    2.55    38.35  
1.17    2.55    39.26  
1.25    2.55    40.24  
1.33    2.55    41.29  
1.41    2.55    42.40  
1.49    2.55    43.57  
1.58    2.55    44.81  
1.66    2.55    46.12  
1.74    2.55    47.49  
1.82    2.55    48.93  
1.90    2.55    50.43  
1.98    2.55    51.99  
2.06    2.55    53.63  
2.14    2.55    55.32  
2.22    2.55    57.09  
2.30    2.55    58.92  
2.38    2.55    60.81  
2.46    2.55    62.77  
2.55    2.55    64.79  
2.63    2.55    66.88  
2.71    2.55    69.04  
2.79    2.55    71.26  
2.87    2.55    73.54  
2.95    2.55    75.89  
3.03    2.55    78.31  
3.11    2.55    80.79  
3.19    2.55    83.34  
3.27    2.55    85.95  
3.35    2.55    88.63  
3.43    2.55    91.37  
3.52    2.55    94.18  
3.60    2.55    97.05  
3.68    2.55    99.99  
3.76    2.55    102.99 
3.84    2.55    106.06 
3.92    2.55    109.20 
4.00    2.55    112.40 
-4.00   2.63    114.49 
-3.92   2.63    111.29 
-3.84   2.63    108.15 
-3.76   2.63    105.08 
-3.68   2.63    102.08 
-3.60   2.63    99.14  
-3.52   2.63    96.27  
-3.43   2.63    93.46  
-3.35   2.63    90.72  
-3.27   2.63    88.04  
-3.19   2.63    85.43  
-3.11   2.63    82.88  
-3.03   2.63    80.40  
-2.95   2.63    77.98  
-2.87   2.63    75.63  
-2.79   2.63    73.35  
-2.71   2.63    71.13  
-2.63   2.63    68.97  
-2.55   2.63    66.88  
-2.46   2.63    64.86  
-2.38   2.63    62.90  
-2.30   2.63    61.01  
-2.22   2.63    59.18  
-2.14   2.63    57.41  
-2.06   2.63    55.72  
-1.98   2.63    54.08  
-1.90   2.63    52.52  
-1.82   2.63    51.02  
-1.74   2.63    49.58  
-1.66   2.63    48.21  
-1.58   2.63    46.90  
-1.49   2.63    45.66  
-1.41   2.63    44.49  
-1.33   2.63    43.38  
-1.25   2.63    42.33  
-1.17   2.63    41.35  
-1.09   2.63    40.44  
-1.01   2.63    39.59  
-0.93   2.63    38.80  
-0.85   2.63    38.09  
-0.77   2.63    37.43  
-0.69   2.63    36.85  
-0.61   2.63    36.32  
-0.53   2.63    35.87  
-0.44   2.63    35.47  
-0.36   2.63    35.15  
-0.28   2.63    34.89  
-0.20   2.63    34.69  
-0.12   2.63    34.56  
-0.04   2.63    34.49  
0.04    2.63    34.49  
0.12    2.63    34.56  
0.20    2.63    34.69  
0.28    2.63    34.89  
0.36    2.63    35.15  
0.44    2.63    35.47  
0.53    2.63    35.87  
0.61    2.63    36.32  
0.69    2.63    36.85  
0.77    2.63    37.43  
0.85    2.63    38.09  
0.93    2.63    38.80  
1.01    2.63    39.59  
1.09    2.63    40.44  
1.17    2.63    41.35  
1.25    2.63    42.33  
1.33    2.63    43.38  
1.41    2.63    44.49  
1.49    2.63    45.66  
1.58    2.63    46.90  
1.66    2.63    48.21  
1.74    2.63    49.58  
1.82    2.63    51.02  
1.90    2.63    52.52  
1.98    2.63    54.08  
2.06    2.63    55.72  
2.14    2.63    57.41  
2.22    2.63    59.18  
2.30    2.63    61.01  
2.38    2.63    62.90  
2.46    2.63    64.86  
2.55    2.63    66.88  
2.63    2.63    68.97  
2.71    2.63    71.13  
2.79    2.63    73.35  
2.87    2.63    75.63  
2.95    2.63    77.98  
3.03    2.63    80.40  
3.11    2.63    82.88  
3.19    2.63    85.43  
3.27    2.63    88.04  
3.35    2.63    90.72  
3.43    2.63    93.46  
3.52    2.63    96.27  
3.60    2.63    99.14  
3.68    2.63    102.08 
3.76    2.63    105.08 
3.84    2.63    108.15 
3.92    2.63    111.29 
4.00    2.63    114.49 
-4.00   2.71    116.64 
-3.92   2.71    113.44 
-3.84   2.71    110.31 
-3.76   2.71    107.24 
-3.68   2.71    104.23 
-3.60   2.71    101.30 
-3.52   2.71    98.42  
-3.43   2.71    95.61  
-3.35   2.71    92.87  
-3.27   2.71    90.19  
-3.19   2.71    87.58  
-3.11   2.71    85.04  
-3.03   2.71    82.55  
-2.95   2.71    80.14  
-2.87   2.71    77.79  
-2.79   2.71    75.50  
-2.71   2.71    73.28  
-2.63   2.71    71.13  
-2.55   2.71    69.04  
-2.46   2.71    67.01  
-2.38   2.71    65.05  
-2.30   2.71    63.16  
-2.22   2.71    61.33  
-2.14   2.71    59.57  
-2.06   2.71    57.87  
-1.98   2.71    56.24  
-1.90   2.71    54.67  
-1.82   2.71    53.17  
-1.74   2.71    51.73  
-1.66   2.71    50.36  
-1.58   2.71    49.06  
-1.49   2.71    47.82  
-1.41   2.71    46.64  
-1.33   2.71    45.53  
-1.25   2.71    44.49  
-1.17   2.71    43.51  
-1.09   2.71    42.59  
-1.01   2.71    41.74  
-0.93   2.71    40.96  
-0.85   2.71    40.24  
-0.77   2.71    39.59  
-0.69   2.71    39.00  
-0.61   2.71    38.48  
-0.53   2.71    38.02  
-0.44   2.71    37.63  
-0.36   2.71    37.30  
-0.28   2.71    37.04  
-0.20   2.71    36.85  
-0.12   2.71    36.71  
-0.04   2.71    36.65  
0.04    2.71    36.65  
0.12    2.71    36.71  
0.20    2.71    36.85  
0.28    2.71    37.04  
0.36    2.71    37.30  
0.44    2.71    37.63  
0.53    2.71    38.02  
0.61    2.71    38.48  
0.69    2.71    39.00  
0.77    2.71    39.59  
0.85    2.71    40.24  
0.93    2.71    40.96  
1.01    2.71    41.74  
1.09    2.71    42.59  
1.17    2.71    43.51  
1.25    2.71    44.49  
1.33    2.71    45.53  
1.41    2.71    46.64  
1.49    2.71    47.82  
1.58    2.71    49.06  
1.66    2.71    50.36  
1.74    2.71    51.73  
1.82    2.71    53.17  
1.90    2.71    54.67  
1.98    2.71    56.24  
2.06    2.71    57.87  
2.14    2.71    59.57  
2.22    2.71    61.33  
2.30    2.71    63.16  
2.38    2.71    65.05  
2.46    2.71    67.01  
2.55    2.71    69.04  
2.63    2.71    71.13  
2.71    2.71    73.28  
2.79    2.71    75.50  
2.87    2.71    77.79  
2.95    2.71    80.14  
3.03    2.71    82.55  
3.11    2.71    85.04  
3.19    2.71    87.58  
3.27    2.71    90.19  
3.35    2.71    92.87  
3.43    2.71    95.61  
3.52    2.71    98.42  
3.60    2.71    101.30 
3.68    2.71    104.23 
3.76    2.71    107.24 
3.84    2.71    110.31 
3.92    2.71    113.44 
4.00    2.71    116.64 
-4.00   2.79    118.86 
-3.92   2.79    115.66 
-3.84   2.79    112.53 
-3.76   2.79    109.46 
-3.68   2.79    106.45 
-3.60   2.79    103.52 
-3.52   2.79    100.64 
-3.43   2.79    97.83  
-3.35   2.79    95.09  
-3.27   2.79    92.42  
-3.19   2.79    89.80  
-3.11   2.79    87.26  
-3.03   2.79    84.78  
-2.95   2.79    82.36  
-2.87   2.79    80.01  
-2.79   2.79    77.72  
-2.71   2.79    75.50  
-2.63   2.79    73.35  
-2.55   2.79    71.26  
-2.46   2.79    69.23  
-2.38   2.79    67.27  
-2.30   2.79    65.38  
-2.22   2.79    63.55  
-2.14   2.79    61.79  
-2.06   2.79    60.09  
-1.98   2.79    58.46  
-1.90   2.79    56.89  
-1.82   2.79    55.39  
-1.74   2.79    53.95  
-1.66   2.79    52.58  
-1.58   2.79    51.28  
-1.49   2.79    50.04  
-1.41   2.79    48.86  
-1.33   2.79    47.75  
-1.25   2.79    46.71  
-1.17   2.79    45.73  
-1.09   2.79    44.81  
-1.01   2.79    43.96  
-0.93   2.79    43.18  
-0.85   2.79    42.46  
-0.77   2.79    41.81  
-0.69   2.79    41.22  
-0.61   2.79    40.70  
-0.53   2.79    40.24  
-0.44   2.79    39.85  
-0.36   2.79    39.52  
-0.28   2.79    39.26  
-0.20   2.79    39.07  
-0.12   2.79    38.93  
-0.04   2.79    38.87  
0.04    2.79    38.87  
0.12    2.79    38.93  
0.20    2.79    39.07  
0.28    2.79    39.26  
0.36    2.79    39.52  
0.44    2.79    39.85  
0.53    2.79    40.24  
0.61    2.79    40.70  
0.69    2.79    41.22  
0.77    2.79    41.81  
0.85    2.79    42.46  
0.93    2.79    43.18  
1.01    2.79    43.96  
1.09    2.79    44.81  
1.17    2.79    45.73  
1.25    2.79    46.71  
1.33    2.79    47.75  
1.41    2.79    48.86  
1.49    2.79    50.04  
1.58    2.79    51.28  
1.66    2.79    52.58  
1.74    2.79    53.95  
1.82    2.79    55.39  
1.90    2.79    56.89  
1.98    2.79    58.46  
2.06    2.79    60.09  
2.14    2.79    61.79  
2.22    2.79    63.55  
2.30    2.79    65.38  
2.38    2.79    67.27  
2.46    2.79    69.23  
2.55    2.79    71.26  
2.63    2.79    73.35  
2.71    2.79    75.50  
2.79    2.79    77.72  
2.87    2.79    80.01  
2.95    2.79    82.36  
3.03    2.79    84.78  
3.11    2.79    87.26  
3.19    2.79    89.80  
3.27    2.79    92.42  
3.35    2.79    95.09  
3.43    2.79    97.83  
3.52    2.79    100.64 
3.60    2.79    103.52 
3.68    2.79    106.45 
3.76    2.79    109.46 
3.84    2.79    112.53 
3.92    2.79    115.66 
4.00    2.79    118.86 
-4.00   2.87    121.15 
-3.92   2.87    117.95 
-3.84   2.87    114.81 
-3.76   2.87    111.74 
-3.68   2.87    108.74 
-3.60   2.87    105.80 
-3.52   2.87    102.93 
-3.43   2.87    100.12 
-3.35   2.87    97.38  
-3.27   2.87    94.70  
-3.19   2.87    92.09  
-3.11   2.87    89.54  
-3.03   2.87    87.06  
-2.95   2.87    84.64  
-2.87   2.87    82.29  
-2.79   2.87    80.01  
-2.71   2.87    77.79  
-2.63   2.87    75.63  
-2.55   2.87    73.54  
-2.46   2.87    71.52  
-2.38   2.87    69.56  
-2.30   2.87    67.67  
-2.22   2.87    65.84  
-2.14   2.87    64.08  
-2.06   2.87    62.38  
-1.98   2.87    60.74  
-1.90   2.87    59.18  
-1.82   2.87    57.68  
-1.74   2.87    56.24  
-1.66   2.87    54.87  
-1.58   2.87    53.56  
-1.49   2.87    52.32  
-1.41   2.87    51.15  
-1.33   2.87    50.04  
-1.25   2.87    48.99  
-1.17   2.87    48.01  
-1.09   2.87    47.10  
-1.01   2.87    46.25  
-0.93   2.87    45.46  
-0.85   2.87    44.75  
-0.77   2.87    44.09  
-0.69   2.87    43.51  
-0.61   2.87    42.98  
-0.53   2.87    42.53  
-0.44   2.87    42.13  
-0.36   2.87    41.81  
-0.28   2.87    41.55  
-0.20   2.87    41.35  
-0.12   2.87    41.22  
-0.04   2.87    41.15  
0.04    2.87    41.15  
0.12    2.87    41.22  
0.20    2.87    41.35  
0.28    2.87    41.55  
0.36    2.87    41.81  
0.44    2.87    42.13  
0.53    2.87    42.53  
0.61    2.87    42.98  
0.69    2.87    43.51  
0.77    2.87    44.09  
0.85    2.87    44.75  
0.93    2.87    45.46  
1.01    2.87    46.25  
1.09    2.87    47.10  
1.17    2.87    48.01  
1.25    2.87    48.99  
1.33    2.87    50.04  
1.41    2.87    51.15  
1.49    2.87    52.32  
1.58    2.87    53.56  
1.66    2.87    54.87  
1.74    2.87    56.24  
1.82    2.87    57.68  
1.90    2.87    59.18  
1.98    2.87    60.74  
2.06    2.87    62.38  
2.14    2.87    64.08  
2.22    2.87    65.84  
2.30    2.87    67.67  
2.38    2.87    69.56  
2.46    2.87    71.52  
2.55    2.87    73.54  
2.63    2.87    75.63  
2.71    2.87    77.79  
2.79    2.87    80.01  
2.87    2.87    82.29  
2.95    2.87    84.64  
3.03    2.87    87.06  
3.11    2.87    89.54  
3.19    2.87    92.09  
3.27    2.87    94.70  
3.35    2.87    97.38  
3.43    2.87    100.12 
3.52    2.87    102.93 
3.60    2.87    105.80 
3.68    2.87    108.74 
3.76    2.87    111.74 
3.84    2.87    114.81 
3.92    2.87    117.95 
4.00    2.87    121.15 
-4.00   2.95    123.50 
-3.92   2.95    120.30 
-3.84   2.95    117.16 
-3.76   2.95    114.09 
-3.68   2.95    111.09 
-3.60   2.95    108.15 
-3.52   2.95    105.28 
-3.43   2.95    102.47 
-3.35   2.95    99.73  
-3.27   2.95    97.05  
-3.19   2.95    94.44  
-3.11   2.95    91.89  
-3.03   2.95    89.41  
-2.95   2.95    87.00  
-2.87   2.95    84.64  
-2.79   2.95    82.36  
-2.71   2.95    80.14  
-2.63   2.95    77.98  
-2.55   2.95    75.89  
-2.46   2.95    73.87  
-2.38   2.95    71.91  
-2.30   2.95    70.02  
-2.22   2.95    68.19  
-2.14   2.95    66.43  
-2.06   2.95    64.73  
-1.98   2.95    63.10  
-1.90   2.95    61.53  
-1.82   2.95    60.03  
-1.74   2.95    58.59  
-1.66   2.95    57.22  
-1.58   2.95    55.91  
-1.49   2.95    54.67  
-1.41   2.95    53.50  
-1.33   2.95    52.39  
-1.25   2.95    51.34  
-1.17   2.95    50.36  
-1.09   2.95    49.45  
-1.01   2.95    48.60  
-0.93   2.95    47.82  
-0.85   2.95    47.10  
-0.77   2.95    46.44  
-0.69   2.95    45.86  
-0.61   2.95    45.33  
-0.53   2.95    44.88  
-0.44   2.95    44.49  
-0.36   2.95    44.16  
-0.28   2.95    43.90  
-0.20   2.95    43.70  
-0.12   2.95    43.57  
-0.04   2.95    43.51  
0.04    2.95    43.51  
0.12    2.95    43.57  
0.20    2.95    43.70  
0.28    2.95    43.90  
0.36    2.95    44.16  
0.44    2.95    44.49  
0.53    2.95    44.88  
0.61    2.95    45.33  
0.69    2.95    45.86  
0.77    2.95    46.44  
0.85    2.95    47.10  
0.93    2.95    47.82  
1.01    2.95    48.60  
1.09    2.95    49.45  
1.17    2.95    50.36  
1.25    2.95    51.34  
1.33    2.95    52.39  
1.41    2.95    53.50  
1.49    2.95    54.67  
1.58    2.95    55.91  
1.66    2.95    57.22  
1.74    2.95    58.59  
1.82    2.95    60.03  
1.90    2.95    61.53  
1.98    2.95    63.10  
2.06    2.95    64.73  
2.14    2.95    66.43  
2.22    2.95    68.19  
2.30    2.95    70.02  
2.38    2.95    71.91  
2.46    2.95    73.87  
2.55    2.95    75.89  
2.63    2.95    77.98  
2.71    2.95    80.14  
2.79    2.95    82.36  
2.87    2.95    84.64  
2.95    2.95    87.00  
3.03    2.95    89.41  
3.11    2.95    91.89  
3.19    2.95    94.44  
3.27    2.95    97.05  
3.35    2.95    99.73  
3.43    2.95    102.47 
3.52    2.95    105.28 
3.60    2.95    108.15 
3.68    2.95    111.09 
3.76    2.95    114.09 
3.84    2.95    117.16 
3.92    2.95    120.30 
4.00    2.95    123.50 
-4.00   3.03    125.91 
-3.92   3.03    122.71 
-3.84   3.03    119.58 
-3.76   3.03    116.51 
-3.68   3.03    113.51 
-3.60   3.03    110.57 
-3.52   3.03    107.70 
-3.43   3.03    104.89 
-3.35   3.03    102.14 
-3.27   3.03    99.47  
-3.19   3.03    96.86  
-3.11   3.03    94.31  
-3.03   3.03    91.83  
-2.95   3.03    89.41  
-2.87   3.03    87.06  
-2.79   3.03    84.78  
-2.71   3.03    82.55  
-2.63   3.03    80.40  
-2.55   3.03    78.31  
-2.46   3.03    76.29  
-2.38   3.03    74.33  
-2.30   3.03    72.43  
-2.22   3.03    70.61  
-2.14   3.03    68.84  
-2.06   3.03    67.14  
-1.98   3.03    65.51  
-1.90   3.03    63.94  
-1.82   3.03    62.44  
-1.74   3.03    61.01  
-1.66   3.03    59.63  
-1.58   3.03    58.33  
-1.49   3.03    57.09  
-1.41   3.03    55.91  
-1.33   3.03    54.80  
-1.25   3.03    53.76  
-1.17   3.03    52.78  
-1.09   3.03    51.86  
-1.01   3.03    51.02  
-0.93   3.03    50.23  
-0.85   3.03    49.51  
-0.77   3.03    48.86  
-0.69   3.03    48.27  
-0.61   3.03    47.75  
-0.53   3.03    47.29  
-0.44   3.03    46.90  
-0.36   3.03    46.57  
-0.28   3.03    46.31  
-0.20   3.03    46.12  
-0.12   3.03    45.99  
-0.04   3.03    45.92  
0.04    3.03    45.92  
0.12    3.03    45.99  
0.20    3.03    46.12  
0.28    3.03    46.31  
0.36    3.03    46.57  
0.44    3.03    46.90  
0.53    3.03    47.29  
0.61    3.03    47.75  
0.69    3.03    48.27  
0.77    3.03    48.86  
0.85    3.03    49.51  
0.93    3.03    50.23  
1.01    3.03    51.02  
1.09    3.03    51.86  
1.17    3.03    52.78  
1.25    3.03    53.76  
1.33    3.03    54.80  
1.41    3.03    55.91  
1.49    3.03    57.09  
1.58    3.03    58.33  
1.66    3.03    59.63  
1.74    3.03    61.01  
1.82    3.03    62.44  
1.90    3.03    63.94  
1.98    3.03    65.51  
2.06    3.03    67.14  
2.14    3.03    68.84  
2.22    3.03    70.61  
2.30    3.03    72.43  
2.38    3.03    74.33  
2.46    3.03    76.29  
2.55    3.03    78.31  
2.63    3.03    80.40  
2.71    3.03    82.55  
2.79    3.03    84.78  
2.87    3.03    87.06  
2.95    3.03    89.41  
3.03    3.03    91.83  
3.11    3.03    94.31  
3.19    3.03    96.86  
3.27    3.03    99.47  
3.35    3.03    102.14 
3.43    3.03    104.89 
3.52    3.03    107.70 
3.60    3.03    110.57 
3.68    3.03    113.51 
3.76    3.03    116.51 
3.84    3.03    119.58 
3.92    3.03    122.71 
4.00    3.03    125.91 
-4.00   3.11    128.40 
-3.92   3.11    125.20 
-3.84   3.11    122.06 
-3.76   3.11    118.99 
-3.68   3.11    115.99 
-3.60   3.11    113.05 
-3.52   3.11    110.18 
-3.43   3.11    107.37 
-3.35   3.11    104.63 
-3.27   3.11    101.95 
-3.19   3.11    99.34  
-3.11   3.11    96.79  
-3.03   3.11    94.31  
-2.95   3.11    91.89  
-2.87   3.11    89.54  
-2.79   3.11    87.26  
-2.71   3.11    85.04  
-2.63   3.11    82.88  
-2.55   3.11    80.79  
-2.46   3.11    78.77  
-2.38   3.11    76.81  
-2.30   3.11    74.91  
-2.22   3.11    73.09  
-2.14   3.11    71.32  
-2.06   3.11    69.63  
-1.98   3.11    67.99  
-1.90   3.11    66.43  
-1.82   3.11    64.92  
-1.74   3.11    63.49  
-1.66   3.11    62.12  
-1.58   3.11    60.81  
-1.49   3.11    59.57  
-1.41   3.11    58.39  
-1.33   3.11    57.28  
-1.25   3.11    56.24  
-1.17   3.11    55.26  
-1.09   3.11    54.35  
-1.01   3.11    53.50  
-0.93   3.11    52.71  
-0.85   3.11    51.99  
-0.77   3.11    51.34  
-0.69   3.11    50.75  
-0.61   3.11    50.23  
-0.53   3.11    49.77  
-0.44   3.11    49.38  
-0.36   3.11    49.06  
-0.28   3.11    48.80  
-0.20   3.11    48.60  
-0.12   3.11    48.47  
-0.04   3.11    48.40  
0.04    3.11    48.40  
0.12    3.11    48.47  
0.20    3.11    48.60  
0.28    3.11    48.80  
0.36    3.11    49.06  
0.44    3.11    49.38  
0.53    3.11    49.77  
0.61    3.11    50.23  
0.69    3.11    50.75  
0.77    3.11    51.34  
0.85    3.11    51.99  
0.93    3.11    52.71  
1.01    3.11    53.50  
1.09    3.11    54.35  
1.17    3.11    55.26  
1.25    3.11    56.24  
1.33    3.11    57.28  
1.41    3.11    58.39  
1.49    3.11    59.57  
1.58    3.11    60.81  
1.66    3.11    62.12  
1.74    3.11    63.49  
1.82    3.11    64.92  
1.90    3.11    66.43  
1.98    3.11    67.99  
2.06    3.11    69.63  
2.14    3.11    71.32  
2.22    3.11    73.09  
2.30    3.11    74.91  
2.38    3.11    76.81  
2.46    3.11    78.77  
2.55    3.11    80.79  
2.63    3.11    82.88  
2.71    3.11    85.04  
2.79    3.11    87.26  
2.87    3.11    89.54  
2.95    3.11    91.89  
3.03    3.11    94.31  
3.11    3.11    96.79  
3.19    3.11    99.34  
3.27    3.11    101.95 
3.35    3.11    104.63 
3.43    3.11    107.37 
3.52    3.11    110.18 
3.60    3.11    113.05 
3.68    3.11    115.99 
3.76    3.11    118.99 
3.84    3.11    122.06 
3.92    3.11    125.20 
4.00    3.11    128.40 
-4.00   3.19    130.94 
-3.92   3.19    127.74 
-3.84   3.19    124.61 
-3.76   3.19    121.54 
-3.68   3.19    118.53 
-3.60   3.19    115.60 
-3.52   3.19    112.72 
-3.43   3.19    109.92 
-3.35   3.19    107.17 
-3.27   3.19    104.50 
-3.19   3.19    101.88 
-3.11   3.19    99.34  
-3.03   3.19    96.86  
-2.95   3.19    94.44  
-2.87   3.19    92.09  
-2.79   3.19    89.80  
-2.71   3.19    87.58  
-2.63   3.19    85.43  
-2.55   3.19    83.34  
-2.46   3.19    81.31  
-2.38   3.19    79.36  
-2.30   3.19    77.46  
-2.22   3.19    75.63  
-2.14   3.19    73.87  
-2.06   3.19    72.17  
-1.98   3.19    70.54  
-1.90   3.19    68.97  
-1.82   3.19    67.47  
-1.74   3.19    66.03  
-1.66   3.19    64.66  
-1.58   3.19    63.36  
-1.49   3.19    62.12  
-1.41   3.19    60.94  
-1.33   3.19    59.83  
-1.25   3.19    58.79  
-1.17   3.19    57.81  
-1.09   3.19    56.89  
-1.01   3.19    56.04  
-0.93   3.19    55.26  
-0.85   3.19    54.54  
-0.77   3.19    53.89  
-0.69   3.19    53.30  
-0.61   3.19    52.78  
-0.53   3.19    52.32  
-0.44   3.19    51.93  
-0.36   3.19    51.60  
-0.28   3.19    51.34  
-0.20   3.19    51.15  
-0.12   3.19    51.02  
-0.04   3.19    50.95  
0.04    3.19    50.95  
0.12    3.19    51.02  
0.20    3.19    51.15  
0.28    3.19    51.34  
0.36    3.19    51.60  
0.44    3.19    51.93  
0.53    3.19    52.32  
0.61    3.19    52.78  
0.69    3.19    53.30  
0.77    3.19    53.89  
0.85    3.19    54.54  
0.93    3.19    55.26  
1.01    3.19    56.04  
1.09    3.19    56.89  
1.17    3.19    57.81  
1.25    3.19    58.79  
1.33    3.19    59.83  
1.41    3.19    60.94  
1.49    3.19    62.12  
1.58    3.19    63.36  
1.66    3.19    64.66  
1.74    3.19    66.03  
1.82    3.19    67.47  
1.90    3.19    68.97  
1.98    3.19    70.54  
2.06    3.19    72.17  
2.14    3.19    73.87  
2.22    3.19    75.63  
2.30    3.19    77.46  
2.38    3.19    79.36  
2.46    3.19    81.31  
2.55    3.19    83.34  
2.63    3.19    85.43  
2.71    3.19    87.58  
2.79    3.19    89.80  
2.87    3.19    92.09  
2.95    3.19    94.44  
3.03    3.19    96.86  
3.11    3.19    99.34  
3.19    3.19    101.88 
3.27    3.19    104.50 
3.35    3.19    107.17 
3.43    3.19    109.92 
3.52    3.19    112.72 
3.60    3.19    115.60 
3.68    3.19    118.53 
3.76    3.19    121.54 
3.84    3.19    124.61 
3.92    3.19    127.74 
4.00    3.19    130.94 
-4.00   3.27    133.55 
-3.92   3.27    130.35 
-3.84   3.27    127.22 
-3.76   3.27    124.15 
-3.68   3.27    121.15 
-3.60   3.27    118.21 
-3.52   3.27    115.34 
-3.43   3.27    112.53 
-3.35   3.27    109.78 
-3.27   3.27    107.11 
-3.19   3.27    104.50 
-3.11   3.27    101.95 
-3.03   3.27    99.47  
-2.95   3.27    97.05  
-2.87   3.27    94.70  
-2.79   3.27    92.42  
-2.71   3.27    90.19  
-2.63   3.27    88.04  
-2.55   3.27    85.95  
-2.46   3.27    83.93  
-2.38   3.27    81.97  
-2.30   3.27    80.07  
-2.22   3.27    78.25  
-2.14   3.27    76.48  
-2.06   3.27    74.78  
-1.98   3.27    73.15  
-1.90   3.27    71.58  
-1.82   3.27    70.08  
-1.74   3.27    68.65  
-1.66   3.27    67.27  
-1.58   3.27    65.97  
-1.49   3.27    64.73  
-1.41   3.27    63.55  
-1.33   3.27    62.44  
-1.25   3.27    61.40  
-1.17   3.27    60.42  
-1.09   3.27    59.50  
-1.01   3.27    58.66  
-0.93   3.27    57.87  
-0.85   3.27    57.15  
-0.77   3.27    56.50  
-0.69   3.27    55.91  
-0.61   3.27    55.39  
-0.53   3.27    54.93  
-0.44   3.27    54.54  
-0.36   3.27    54.21  
-0.28   3.27    53.95  
-0.20   3.27    53.76  
-0.12   3.27    53.63  
-0.04   3.27    53.56  
0.04    3.27    53.56  
0.12    3.27    53.63  
0.20    3.27    53.76  
0.28    3.27    53.95  
0.36    3.27    54.21  
0.44    3.27    54.54  
0.53    3.27    54.93  
0.61    3.27    55.39  
0.69    3.27    55.91  
0.77    3.27    56.50  
0.85    3.27    57.15  
0.93    3.27    57.87  
1.01    3.27    58.66  
1.09    3.27    59.50  
1.17    3.27    60.42  
1.25    3.27    61.40  
1.33    3.27    62.44  
1.41    3.27    63.55  
1.49    3.27    64.73  
1.58    3.27    65.97  
1.66    3.27    67.27  
1.74    3.27    68.65  
1.82    3.27    70.08  
1.90    3.27    71.58  
1.98    3.27    73.15  
2.06    3.27    74.78  
2.14    3.27    76.48  
2.22    3.27    78.25  
2.30    3.27    80.07  
2.38    3.27    81.97  
2.46    3.27    83.93  
2.55    3.27    85.95  
2.63    3.27    88.04  
2.71    3.27    90.19  
2.79    3.27    92.42  
2.87    3.27    94.70  
2.95    3.27    97.05  
3.03    3.27    99.47  
3.11    3.27    101.95 
3.19    3.27    104.50 
3.27    3.27    107.11 
3.35    3.27    109.78 
3.43    3.27    112.53 
3.52    3.27    115.34 
3.60    3.27    118.21 
3.68    3.27    121.15 
3.76    3.27    124.15 
3.84    3.27    127.22 
3.92    3.27    130.35 
4.00    3.27    133.55 
-4.00   3.35    136.23 
-3.92   3.35    133.03 
-3.84   3.35    129.90 
-3.76   3.35    126.83 
-3.68   3.35    123.82 
-3.60   3.35    120.89 
-3.52   3.35    118.01 
-3.43   3.35    115.20 
-3.35   3.35    112.46 
-3.27   3.35    109.78 
-3.19   3.35    107.17 
-3.11   3.35    104.63 
-3.03   3.35    102.14 
-2.95   3.35    99.73  
-2.87   3.35    97.38  
-2.79   3.35    95.09  
-2.71   3.35    92.87  
-2.63   3.35    90.72  
-2.55   3.35    88.63  
-2.46   3.35    86.60  
-2.38   3.35    84.64  
-2.30   3.35    82.75  
-2.22   3.35    80.92  
-2.14   3.35    79.16  
-2.06   3.35    77.46  
-1.98   3.35    75.83  
-1.90   3.35    74.26  
-1.82   3.35    72.76  
-1.74   3.35    71.32  
-1.66   3.35    69.95  
-1.58   3.35    68.65  
-1.49   3.35    67.41  
-1.41   3.35    66.23  
-1.33   3.35    65.12  
-1.25   3.35    64.08  
-1.17   3.35    63.10  
-1.09   3.35    62.18  
-1.01   3.35    61.33  
-0.93   3.35    60.55  
-0.85   3.35    59.83  
-0.77   3.35    59.18  
-0.69   3.35    58.59  
-0.61   3.35    58.07  
-0.53   3.35    57.61  
-0.44   3.35    57.22  
-0.36   3.35    56.89  
-0.28   3.35    56.63  
-0.20   3.35    56.44  
-0.12   3.35    56.30  
-0.04   3.35    56.24  
0.04    3.35    56.24  
0.12    3.35    56.30  
0.20    3.35    56.44  
0.28    3.35    56.63  
0.36    3.35    56.89  
0.44    3.35    57.22  
0.53    3.35    57.61  
0.61    3.35    58.07  
0.69    3.35    58.59  
0.77    3.35    59.18  
0.85    3.35    59.83  
0.93    3.35    60.55  
1.01    3.35    61.33  
1.09    3.35    62.18  
1.17    3.35    63.10  
1.25    3.35    64.08  
1.33    3.35    65.12  
1.41    3.35    66.23  
1.49    3.35    67.41  
1.58    3.35    68.65  
1.66    3.35    69.95  
1.74    3.35    71.32  
1.82    3.35    72.76  
1.90    3.35    74.26  
1.98    3.35    75.83  
2.06    3.35    77.46  
2.14    3.35    79.16  
2.22    3.35    80.92  
2.30    3.35    82.75  
2.38    3.35    84.64  
2.46    3.35    86.60  
2.55    3.35    88.63  
2.63    3.35    90.72  
2.71    3.35    92.87  
2.79    3.35    95.09  
2.87    3.35    97.38  
2.95    3.35    99.73  
3.03    3.35    102.14 
3.11    3.35    104.63 
3.19    3.35    107.17 
3.27    3.35    109.78 
3.35    3.35    112.46 
3.43    3.35    115.20 
3.52    3.35    118.01 
3.60    3.35    120.89 
3.68    3.35    123.82 
3.76    3.35    126.83 
3.84    3.35    129.90 
3.92    3.35    133.03 
4.00    3.35    136.23 
-4.00   3.43    138.97 
-3.92   3.43    135.77 
-3.84   3.43    132.64 
-3.76   3.43    129.57 
-3.68   3.43    126.57 
-3.60   3.43    123.63 
-3.52   3.43    120.76 
-3.43   3.43    117.95 
-3.35   3.43    115.20 
-3.27   3.43    112.53 
-3.19   3.43    109.92 
-3.11   3.43    107.37 
-3.03   3.43    104.89 
-2.95   3.43    102.47 
-2.87   3.43    100.12 
-2.79   3.43    97.83  
-2.71   3.43    95.61  
-2.63   3.43    93.46  
-2.55   3.43    91.37  
-2.46   3.43    89.35  
-2.38   3.43    87.39  
-2.30   3.43    85.49  
-2.22   3.43    83.66  
-2.14   3.43    81.90  
-2.06   3.43    80.20  
-1.98   3.43    78.57  
-1.90   3.43    77.00  
-1.82   3.43    75.50  
-1.74   3.43    74.07  
-1.66   3.43    72.69  
-1.58   3.43    71.39  
-1.49   3.43    70.15  
-1.41   3.43    68.97  
-1.33   3.43    67.86  
-1.25   3.43    66.82  
-1.17   3.43    65.84  
-1.09   3.43    64.92  
-1.01   3.43    64.08  
-0.93   3.43    63.29  
-0.85   3.43    62.57  
-0.77   3.43    61.92  
-0.69   3.43    61.33  
-0.61   3.43    60.81  
-0.53   3.43    60.35  
-0.44   3.43    59.96  
-0.36   3.43    59.63  
-0.28   3.43    59.37  
-0.20   3.43    59.18  
-0.12   3.43    59.05  
-0.04   3.43    58.98  
0.04    3.43    58.98  
0.12    3.43    59.05  
0.20    3.43    59.18  
0.28    3.43    59.37  
0.36    3.43    59.63  
0.44    3.43    59.96  
0.53    3.43    60.35  
0.61    3.43    60.81  
0.69    3.43    61.33  
0.77    3.43    61.92  
0.85    3.43    62.57  
0.93    3.43    63.29  
1.01    3.43    64.08  
1.09    3.43    64.92  
1.17    3.43    65.84  
1.25    3.43    66.82  
1.33    3.43    67.86  
1.41    3.43    68.97  
1.49    3.43    70.15  
1.58    3.43    71.39  
1.66    3.43    72.69  
1.74    3.43    74.07  
1.82    3.43    75.50  
1.90    3.43    77.00  
1.98    3.43    78.57  
2.06    3.43    80.20  
2.14    3.43    81.90  
2.22    3.43    83.66  
2.30    3.43    85.49  
2.38    3.43    87.39  
2.46    3.43    89.35  
2.55    3.43    91.37  
2.63    3.43    93.46  
2.71    3.43    95.61  
2.79    3.43    97.83  
2.87    3.43    100.12 
2.95    3.43    102.47 
3.03    3.43    104.89 
3.11    3.43    107.37 
3.19    3.43    109.92 
3.27    3.43    112.53 
3.35    3.43    115.20 
3.43    3.43    117.95 
3.52    3.43    120.76 
3.60    3.43    123.63 
3.68    3.43    126.57 
3.76    3.43    129.57 
3.84    3.43    132.64 
3.92    3.43    135.77 
4.00    3.43    138.97 
-4.00   3.52    141.78 
-3.92   3.52    138.58 
-3.84   3.52    135.45 
-3.76   3.52    132.38 
-3.68   3.52    129.37 
-3.60   3.52    126.44 
-3.52   3.52    123.56 
-3.43   3.52    120.76 
-3.35   3.52    118.01 
-3.27   3.52    115.34 
-3.19   3.52    112.72 
-3.11   3.52    110.18 
-3.03   3.52    107.70 
-2.95   3.52    105.28 
-2.87   3.52    102.93 
-2.79   3.52    100.64 
-2.71   3.52    98.42  
-2.63   3.52    96.27  
-2.55   3.52    94.18  
-2.46   3.52    92.15  
-2.38   3.52    90.19  
-2.30   3.52    88.30  
-2.22   3.52    86.47  
-2.14   3.52    84.71  
-2.06   3.52    83.01  
-1.98   3.52    81.38  
-1.90   3.52    79.81  
-1.82   3.52    78.31  
-1.74   3.52    76.87  
-1.66   3.52    75.50  
-1.58   3.52    74.20  
-1.49   3.52    72.96  
-1.41   3.52    71.78  
-1.33   3.52    70.67  
-1.25   3.52    69.63  
-1.17   3.52    68.65  
-1.09   3.52    67.73  
-1.01   3.52    66.88  
-0.93   3.52    66.10  
-0.85   3.52    65.38  
-0.77   3.52    64.73  
-0.69   3.52    64.14  
-0.61   3.52    63.62  
-0.53   3.52    63.16  
-0.44   3.52    62.77  
-0.36   3.52    62.44  
-0.28   3.52    62.18  
-0.20   3.52    61.99  
-0.12   3.52    61.85  
-0.04   3.52    61.79  
0.04    3.52    61.79  
0.12    3.52    61.85  
0.20    3.52    61.99  
0.28    3.52    62.18  
0.36    3.52    62.44  
0.44    3.52    62.77  
0.53    3.52    63.16  
0.61    3.52    63.62  
0.69    3.52    64.14  
0.77    3.52    64.73  
0.85    3.52    65.38  
0.93    3.52    66.10  
1.01    3.52    66.88  
1.09    3.52    67.73  
1.17    3.52    68.65  
1.25    3.52    69.63  
1.33    3.52    70.67  
1.41    3.52    71.78  
1.49    3.52    72.96  
1.58    3.52    74.20  
1.66    3.52    75.50  
1.74    3.52    76.87  
1.82    3.52    78.31  
1.90    3.52    79.81  
1.98    3.52    81.38  
2.06    3.52    83.01  
2.14    3.52    84.71  
2.22    3.52    86.47  
2.30    3.52    88.30  
2.38    3.52    90.19  
2.46    3.52    92.15  
2.55    3.52    94.18  
2.63    3.52    96.27  
2.71    3.52    98.42  
2.79    3.52    100.64 
2.87    3.52    102.93 
2.95    3.52    105.28 
3.03    3.52    107.70 
3.11    3.52    110.18 
3.19    3.52    112.72 
3.27    3.52    115.34 
3.35    3.52    118.01 
3.43    3.52    120.76 
3.52    3.52    123.56 
3.60    3.52    126.44 
3.68    3.52    129.37 
3.76    3.52    132.38 
3.84    3.52    135.45 
3.92    3.52    138.58 
4.00    3.52    141.78 
-4.00   3.60    144.65 
-3.92   3.60    141.45 
-3.84   3.60    138.32 
-3.76   3.60    135.25 
-3.68   3.60    132.25 
-3.60   3.60    129.31 
-3.52   3.60    126.44 
-3.43   3.60    123.63 
-3.35   3.60    120.89 
-3.27   3.60    118.21 
-3.19   3.60    115.60 
-3.11   3.60    113.05 
-3.03   3.60    110.57 
-2.95   3.60    108.15 
-2.87   3.60    105.80 
-2.79   3.60    103.52 
-2.71   3.60    101.30 
-2.63   3.60    99.14  
-2.55   3.60    97.05  
-2.46   3.60    95.03  
-2.38   3.60    93.07  
-2.30   3.60    91.17  
-2.22   3.60    89.35  
-2.14   3.60    87.58  
-2.06   3.60    85.89  
-1.98   3.60    84.25  
-1.90   3.60    82.69  
-1.82   3.60    81.18  
-1.74   3.60    79.75  
-1.66   3.60    78.38  
-1.58   3.60    77.07  
-1.49   3.60    75.83  
-1.41   3.60    74.65  
-1.33   3.60    73.54  
-1.25   3.60    72.50  
-1.17   3.60    71.52  
-1.09   3.60    70.61  
-1.01   3.60    69.76  
-0.93   3.60    68.97  
-0.85   3.60    68.25  
-0.77   3.60    67.60  
-0.69   3.60    67.01  
-0.61   3.60    66.49  
-0.53   3.60    66.03  
-0.44   3.60    65.64  
-0.36   3.60    65.32  
-0.28   3.60    65.05  
-0.20   3.60    64.86  
-0.12   3.60    64.73  
-0.04   3.60    64.66  
0.04    3.60    64.66  
0.12    3.60    64.73  
0.20    3.60    64.86  
0.28    3.60    65.05  
0.36    3.60    65.32  
0.44    3.60    65.64  
0.53    3.60    66.03  
0.61    3.60    66.49  
0.69    3.60    67.01  
0.77    3.60    67.60  
0.85    3.60    68.25  
0.93    3.60    68.97  
1.01    3.60    69.76  
1.09    3.60    70.61  
1.17    3.60    71.52  
1.25    3.60    72.50  
1.33    3.60    73.54  
1.41    3.60    74.65  
1.49    3.60    75.83  
1.58    3.60    77.07  
1.66    3.60    78.38  
1.74    3.60    79.75  
1.82    3.60    81.18  
1.90    3.60    82.69  
1.98    3.60    84.25  
2.06    3.60    85.89  
2.14    3.60    87.58  
2.22    3.60    89.35  
2.30    3.60    91.17  
2.38    3.60    93.07  
2.46    3.60    95.03  
2.55    3.60    97.05  
2.63    3.60    99.14  
2.71    3.60    101.30 
2.79    3.60    103.52 
2.87    3.60    105.80 
2.95    3.60    108.15 
3.03    3.60    110.57 
3.11    3.60    113.05 
3.19    3.60    115.60 
3.27    3.60    118.21 
3.35    3.60    120.89 
3.43    3.60    123.63 
3.52    3.60    126.44 
3.60    3.60    129.31 
3.68    3.60    132.25 
3.76    3.60    135.25 
3.84    3.60    138.32 
3.92    3.60    141.45 
4.00    3.60    144.65 
-4.00   3.68    147.59 
-3.92   3.68    144.39 
-3.84   3.68    141.26 
-3.76   3.68    138.19 
-3.68   3.68    135.19 
-3.60   3.68    132.25 
-3.52   3.68    129.37 
-3.43   3.68    126.57 
-3.35   3.68    123.82 
-3.27   3.68    121.15 
-3.19   3.68    118.53 
-3.11   3.68    115.99 
-3.03   3.68    113.51 
-2.95   3.68    111.09 
-2.87   3.68    108.74 
-2.79   3.68    106.45 
-2.71   3.68    104.23 
-2.63   3.68    102.08 
-2.55   3.68    99.99  
-2.46   3.68    97.97  
-2.38   3.68    96.01  
-2.30   3.68    94.11  
-2.22   3.68    92.28  
-2.14   3.68    90.52  
-2.06   3.68    88.82  
-1.98   3.68    87.19  
-1.90   3.68    85.62  
-1.82   3.68    84.12  
-1.74   3.68    82.69  
-1.66   3.68    81.31  
-1.58   3.68    80.01  
-1.49   3.68    78.77  
-1.41   3.68    77.59  
-1.33   3.68    76.48  
-1.25   3.68    75.44  
-1.17   3.68    74.46  
-1.09   3.68    73.54  
-1.01   3.68    72.69  
-0.93   3.68    71.91  
-0.85   3.68    71.19  
-0.77   3.68    70.54  
-0.69   3.68    69.95  
-0.61   3.68    69.43  
-0.53   3.68    68.97  
-0.44   3.68    68.58  
-0.36   3.68    68.25  
-0.28   3.68    67.99  
-0.20   3.68    67.80  
-0.12   3.68    67.67  
-0.04   3.68    67.60  
0.04    3.68    67.60  
0.12    3.68    67.67  
0.20    3.68    67.80  
0.28    3.68    67.99  
0.36    3.68    68.25  
0.44    3.68    68.58  
0.53    3.68    68.97  
0.61    3.68    69.43  
0.69    3.68    69.95  
0.77    3.68    70.54  
0.85    3.68    71.19  
0.93    3.68    71.91  
1.01    3.68    72.69  
1.09    3.68    73.54  
1.17    3.68    74.46  
1.25    3.68    75.44  
1.33    3.68    76.48  
1.41    3.68    77.59  
1.49    3.68    78.77  
1.58    3.68    80.01  
1.66    3.68    81.31  
1.74    3.68    82.69  
1.82    3.68    84.12  
1.90    3.68    85.62  
1.98    3.68    87.19  
2.06    3.68    88.82  
2.14    3.68    90.52  
2.22    3.68    92.28  
2.30    3.68    94.11  
2.38    3.68    96.01  
2.46    3.68    97.97  
2.55    3.68    99.99  
2.63    3.68    102.08 
2.71    3.68    104.23 
2.79    3.68    106.45 
2.87    3.68    108.74 
2.95    3.68    111.09 
3.03    3.68    113.51 
3.11    3.68    115.99 
3.19    3.68    118.53 
3.27    3.68    121.15 
3.35    3.68    123.82 
3.43    3.68    126.57 
3.52    3.68    129.37 
3.60    3.68    132.25 
3.68    3.68    135.19 
3.76    3.68    138.19 
3.84    3.68    141.26 
3.92    3.68    144.39 
4.00    3.68    147.59 
-4.00   3.76    150.60 
-3.92   3.76    147.40 
-3.84   3.76    144.26 
-3.76   3.76    141.19 
-3.68   3.76    138.19 
-3.60   3.76    135.25 
-3.52   3.76    132.38 
-3.43   3.76    129.57 
-3.35   3.76    126.83 
-3.27   3.76    124.15 
-3.19   3.76    121.54 
-3.11   3.76    118.99 
-3.03   3.76    116.51 
-2.95   3.76    114.09 
-2.87   3.76    111.74 
-2.79   3.76    109.46 
-2.71   3.76    107.24 
-2.63   3.76    105.08 
-2.55   3.76    102.99 
-2.46   3.76    100.97 
-2.38   3.76    99.01  
-2.30   3.76    97.12  
-2.22   3.76    95.29  
-2.14   3.76    93.53  
-2.06   3.76    91.83  
-1.98   3.76    90.19  
-1.90   3.76    88.63  
-1.82   3.76    87.13  
-1.74   3.76    85.69  
-1.66   3.76    84.32  
-1.58   3.76    83.01  
-1.49   3.76    81.77  
-1.41   3.76    80.60  
-1.33   3.76    79.49  
-1.25   3.76    78.44  
-1.17   3.76    77.46  
-1.09   3.76    76.55  
-1.01   3.76    75.70  
-0.93   3.76    74.91  
-0.85   3.76    74.20  
-0.77   3.76    73.54  
-0.69   3.76    72.96  
-0.61   3.76    72.43  
-0.53   3.76    71.98  
-0.44   3.76    71.58  
-0.36   3.76    71.26  
-0.28   3.76    71.00  
-0.20   3.76    70.80  
-0.12   3.76    70.67  
-0.04   3.76    70.61  
0.04    3.76    70.61  
0.12    3.76    70.67  
0.20    3.76    70.80  
0.28    3.76    71.00  
0.36    3.76    71.26  
0.44    3.76    71.58  
0.53    3.76    71.98  
0.61    3.76    72.43  
0.69    3.76    72.96  
0.77    3.76    73.54  
0.85    3.76    74.20  
0.93    3.76    74.91  
1.01    3.76    75.70  
1.09    3.76    76.55  
1.17    3.76    77.46  
1.25    3.76    78.44  
1.33    3.76    79.49  
1.41    3.76    80.60  
1.49    3.76    81.77  
1.58    3.76    83.01  
1.66    3.76    84.32  
1.74    3.76    85.69  
1.82    3.76    87.13  
1.90    3.76    88.63  
1.98    3.76    90.19  
2.06    3.76    91.83  
2.14    3.76    93.53  
2.22    3.76    95.29  
2.30    3.76    97.12  
2.38    3.76    99.01  
2.46    3.76    100.97 
2.55    3.76    102.99 
2.63    3.76    105.08 
2.71    3.76    107.24 
2.79    3.76    109.46 
2.87    3.76    111.74 
2.95    3.76    114.09 
3.03    3.76    116.51 
3.11    3.76    118.99 
3.19    3.76    121.54 
3.27    3.76    124.15 
3.35    3.76    126.83 
3.43    3.76    129.57 
3.52    3.76    132.38 
3.60    3.76    135.25 
3.68    3.76    138.19 
3.76    3.76    141.19 
3.84    3.76    144.26 
3.92    3.76    147.40 
4.00    3.76    150.60 
-4.00   3.84    153.67 
-3.92   3.84    150.47 
-3.84   3.84    147.33 
-3.76   3.84    144.26 
-3.68   3.84    141.26 
-3.60   3.84    138.32 
-3.52   3.84    135.45 
-3.43   3.84    132.64 
-3.35   3.84    129.90 
-3.27   3.84    127.22 
-3.19   3.84    124.61 
-3.11   3.84    122.06 
-3.03   3.84    119.58 
-2.95   3.84    117.16 
-2.87   3.84    114.81 
-2.79   3.84    112.53 
-2.71   3.84    110.31 
-2.63   3.84    108.15 
-2.55   3.84    106.06 
-2.46   3.84    104.04 
-2.38   3.84    102.08 
-2.30   3.84    100.19 
-2.22   3.84    98.36  
-2.14   3.84    96.59  
-2.06   3.84    94.90  
-1.98   3.84    93.26  
-1.90   3.84    91.70  
-1.82   3.84    90.19  
-1.74   3.84    88.76  
-1.66   3.84    87.39  
-1.58   3.84    86.08  
-1.49   3.84    84.84  
-1.41   3.84    83.66  
-1.33   3.84    82.55  
-1.25   3.84    81.51  
-1.17   3.84    80.53  
-1.09   3.84    79.62  
-1.01   3.84    78.77  
-0.93   3.84    77.98  
-0.85   3.84    77.27  
-0.77   3.84    76.61  
-0.69   3.84    76.02  
-0.61   3.84    75.50  
-0.53   3.84    75.05  
-0.44   3.84    74.65  
-0.36   3.84    74.33  
-0.28   3.84    74.07  
-0.20   3.84    73.87  
-0.12   3.84    73.74  
-0.04   3.84    73.67  
0.04    3.84    73.67  
0.12    3.84    73.74  
0.20    3.84    73.87  
0.28    3.84    74.07  
0.36    3.84    74.33  
0.44    3.84    74.65  
0.53    3.84    75.05  
0.61    3.84    75.50  
0.69    3.84    76.02  
0.77    3.84    76.61  
0.85    3.84    77.27  
0.93    3.84    77.98  
1.01    3.84    78.77  
1.09    3.84    79.62  
1.17    3.84    80.53  
1.25    3.84    81.51  
1.33    3.84    82.55  
1.41    3.84    83.66  
1.49    3.84    84.84  
1.58    3.84    86.08  
1.66    3.84    87.39  
1.74    3.84    88.76  
1.82    3.84    90.19  
1.90    3.84    91.70  
1.98    3.84    93.26  
2.06    3.84    94.90  
2.14    3.84    96.59  
2.22    3.84    98.36  
2.30    3.84    100.19 
2.38    3.84    102.08 
2.46    3.84    104.04 
2.55    3.84    106.06 
2.63    3.84    108.15 
2.71    3.84    110.31 
2.79    3.84    112.53 
2.87    3.84    114.81 
2.95    3.84    117.16 
3.03    3.84    119.58 
3.11    3.84    122.06 
3.19    3.84    124.61 
3.27    3.84    127.22 
3.35    3.84    129.90 
3.43    3.84    132.64 
3.52    3.84    135.45 
3.60    3.84    138.32 
3.68    3.84    141.26 
3.76    3.84    144.26 
3.84    3.84    147.33 
3.92    3.84    150.47 
4.00    3.84    153.67 
-4.00   3.92    156.80 
-3.92   3.92    153.60 
-3.84   3.92    150.47 
-3.76   3.92    147.40 
-3.68   3.92    144.39 
-3.60   3.92    141.45 
-3.52   3.92    138.58 
-3.43   3.92    135.77 
-3.35   3.92    133.03 
-3.27   3.92    130.35 
-3.19   3.92    127.74 
-3.11   3.92    125.20 
-3.03   3.92    122.71 
-2.95   3.92    120.30 
-2.87   3.92    117.95 
-2.79   3.92    115.66 
-2.71   3.92    113.44 
-2.63   3.92    111.29 
-2.55   3.92    109.20 
-2.46   3.92    107.17 
-2.38   3.92    105.21 
-2.30   3.92    103.32 
-2.22   3.92    101.49 
-2.14   3.92    99.73  
-2.06   3.92    98.03  
-1.98   3.92    96.40  
-1.90   3.92    94.83  
-1.82   3.92    93.33  
-1.74   3.92    91.89  
-1.66   3.92    90.52  
-1.58   3.92    89.22  
-1.49   3.92    87.97  
-1.41   3.92    86.80  
-1.33   3.92    85.69  
-1.25   3.92    84.64  
-1.17   3.92    83.66  
-1.09   3.92    82.75  
-1.01   3.92    81.90  
-0.93   3.92    81.12  
-0.85   3.92    80.40  
-0.77   3.92    79.75  
-0.69   3.92    79.16  
-0.61   3.92    78.64  
-0.53   3.92    78.18  
-0.44   3.92    77.79  
-0.36   3.92    77.46  
-0.28   3.92    77.20  
-0.20   3.92    77.00  
-0.12   3.92    76.87  
-0.04   3.92    76.81  
0.04    3.92    76.81  
0.12    3.92    76.87  
0.20    3.92    77.00  
0.28    3.92    77.20  
0.36    3.92    77.46  
0.44    3.92    77.79  
0.53    3.92    78.18  
0.61    3.92    78.64  
0.69    3.92    79.16  
0.77    3.92    79.75  
0.85    3.92    80.40  
0.93    3.92    81.12  
1.01    3.92    81.90  
1.09    3.92    82.75  
1.17    3.92    83.66  
1.25    3.92    84.64  
1.33    3.92    85.69  
1.41    3.92    86.80  
1.49    3.92    87.97  
1.58    3.92    89.22  
1.66    3.92    90.52  
1.74    3.92    91.89  
1.82    3.92    93.33  
1.90    3.92    94.83  
1.98    3.92    96.40  
2.06    3.92    98.03  
2.14    3.92    99.73  
2.22    3.92    101.49 
2.30    3.92    103.32 
2.38    3.92    105.21 
2.46    3.92    107.17 
2.55    3.92    109.20 
2.63    3.92    111.29 
2.71    3.92    113.44 
2.79    3.92    115.66 
2.87    3.92    117.95 
2.95    3.92    120.30 
3.03    3.92    122.71 
3.11    3.92    125.20 
3.19    3.92    127.74 
3.27    3.92    130.35 
3.35    3.92    133.03 
3.43    3.92    135.77 
3.52    3.92    138.58 
3.60    3.92    141.45 
3.68    3.92    144.39 
3.76    3.92    147.40 
3.84    3.92    150.47 
3.92    3.92    153.60 
4.00    3.92    156.80 
-4.00   4.00    160.00 
-3.92   4.00    156.80 
-3.84   4.00    153.67 
-3.76   4.00    150.60 
-3.68   4.00    147.59 
-3.60   4.00    144.65 
-3.52   4.00    141.78 
-3.43   4.00    138.97 
-3.35   4.00    136.23 
-3.27   4.00    133.55 
-3.19   4.00    130.94 
-3.11   4.00    128.40 
-3.03   4.00    125.91 
-2.95   4.00    123.50 
-2.87   4.00    121.15 
-2.79   4.00    118.86 
-2.71   4.00    116.64 
-2.63   4.00    114.49 
-2.55   4.00    112.40 
-2.46   4.00    110.37 
-2.38   4.00    108.41 
-2.30   4.00    106.52 
-2.22   4.00    104.69 
-2.14   4.00    102.93 
-2.06   4.00    101.23 
-1.98   4.00    99.60  
-1.90   4.00    98.03  
-1.82   4.00    96.53  
-1.74   4.00    95.09  
-1.66   4.00    93.72  
-1.58   4.00    92.42  
-1.49   4.00    91.17  
-1.41   4.00    90.00  
-1.33   4.00    88.89  
-1.25   4.00    87.84  
-1.17   4.00    86.86  
-1.09   4.00    85.95  
-1.01   4.00    85.10  
-0.93   4.00    84.32  
-0.85   4.00    83.60  
-0.77   4.00    82.95  
-0.69   4.00    82.36  
-0.61   4.00    81.84  
-0.53   4.00    81.38  
-0.44   4.00    80.99  
-0.36   4.00    80.66  
-0.28   4.00    80.40  
-0.20   4.00    80.20  
-0.12   4.00    80.07  
-0.04   4.00    80.01  
0.04    4.00    80.01  
0.12    4.00    80.07  
0.20    4.00    80.20  
0.28    4.00    80.40  
0.36    4.00    80.66  
0.44    4.00    80.99  
0.53    4.00    81.38  
0.61    4.00    81.84  
0.69    4.00    82.36  
0.77    4.00    82.95  
0.85    4.00    83.60  
0.93    4.00    84.32  
1.01    4.00    85.10  
1.09    4.00    85.95  
1.17    4.00    86.86  
1.25    4.00    87.84  
1.33    4.00    88.89  
1.41    4.00    90.00  
1.49    4.00    91.17  
1.58    4.00    92.42  
1.66    4.00    93.72  
1.74    4.00    95.09  
1.82    4.00    96.53  
1.90    4.00    98.03  
1.98    4.00    99.60  
2.06    4.00    101.23 
2.14    4.00    102.93 
2.22    4.00    104.69 
2.30    4.00    106.52 
2.38    4.00    108.41 
2.46    4.00    110.37 
2.55    4.00    112.40 
2.63    4.00    114.49 
2.71    4.00    116.64 
2.79    4.00    118.86 
2.87    4.00    121.15 
2.95    4.00    123.50 
3.03    4.00    125.91 
3.11    4.00    128.40 
3.19    4.00    130.94 
3.27    4.00    133.55 
3.35    4.00    136.23 
3.43    4.00    138.97 
3.52    4.00    141.78 
3.60    4.00    144.65 
3.68    4.00    147.59 
3.76    4.00    150.60 
3.84    4.00    153.67 
3.92    4.00    156.80 
4.00    4.00    160.00 
